{
    "19": {
        "8": {
            "sn": "09001",
            "brief": "给、往、向、到、归属于"
        },
        "1": {
            "sn": "00410",
            "brief": "上帝、神明、能力、力量"
        },
        "2": {
            "sn": "05945",
            "brief": "形容词：高的；名词：至高者"
        },
        "3": {
            "sn": "00834",
            "brief": "不必翻译"
        },
        "5": {
            "sn": "06862",
            "brief": "I. 狭窄的；II. 患难、困境；III. 敌人"
        },
        "6": {
            "sn": "03027",
            "brief": "手、边、力量、权势"
        },
        "7": {
            "sn": "05414",
            "brief": "使、给"
        },
        "9": {
            "sn": "04643",
            "brief": "十分之一"
        },
        "10": {
            "sn": "03605",
            "brief": "全部、整个、各"
        },
        "0": {
            "sn": "01288",
            "brief": "Qal 祝福，Pu‘al 被赞美、受崇敬"
        },
        "4": {
            "sn": "04042",
            "brief": "交付"
        },
        "literal": "…至高的上帝是应当称颂的！」(…处填入下行)把你的敌人交在你手里的他就把所有的十分之一给他。"
    },
    "20": {
        "6": {
            "sn": "09001",
            "brief": "给、往、向、到、归属于"
        },
        "10": {
            "sn": "09001",
            "brief": "给、往、向、到、归属于"
        },
        "0": {
            "sn": "00559",
            "brief": "说"
        },
        "1": {
            "sn": "04428",
            "brief": "王"
        },
        "2": {
            "sn": "05467",
            "brief": "所多玛"
        },
        "3": {
            "sn": "00413",
            "brief": "对、向、往"
        },
        "4": {
            "sn": "00087",
            "brief": "亚伯兰"
        },
        "5": {
            "sn": "05414",
            "brief": "使、给"
        },
        "7": {
            "sn": "05315",
            "brief": "生命、人"
        },
        "8": {
            "sn": "07399",
            "brief": "所拥有的、财产"
        },
        "9": {
            "sn": "03947",
            "brief": "取、娶、拿"
        },
        "literal": "所多玛王对亚伯兰说：「把人还给我，财物你自己拿去吧！」"
    },
    "23": {
        "literal": "但是我以外，仆人所吃掉的，以及与我同行的人，…所应得的分， (…处填入下行)亚乃、以实各、和幔利就让他们取他们的分吧。」",
        "0": {
            "sn": "01107",
            "brief": "除了…之外"
        },
        "1": {
            "sn": "07535",
            "brief": "只是"
        },
        "2": {
            "sn": "00834",
            "brief": "不必翻译"
        },
        "3": {
            "sn": "00398",
            "brief": "吃、吞吃"
        },
        "4": {
            "sn": "05288",
            "brief": "男孩、少年、年轻人、仆人"
        },
        "6": {
            "sn": "00376",
            "brief": "各人、人、男人、丈夫"
        },
        "7": {
            "sn": "00834",
            "brief": "不必翻译"
        },
        "8": {
            "sn": "01980",
            "brief": "行走、去"
        },
        "9": {
            "sn": "00854",
            "brief": "不必翻译"
        },
        "10": {
            "sn": "06063",
            "brief": "亚乃"
        },
        "11": {
            "sn": "00812",
            "brief": "以实各"
        },
        "12": {
            "sn": "04471",
            "brief": "幔利"
        },
        "13": {
            "sn": "01992",
            "brief": "他们"
        },
        "14": {
            "sn": "03947",
            "brief": "取、娶、拿"
        },
        "16": {
            "sn": "09014",
            "brief": "关闭的意思"
        },
        "5": {
            "sn": "02506",
            "brief": "分、部分"
        },
        "15": {
            "sn": "02506",
            "brief": "分、部分"
        }
    },
    "2": {
        "literal": "这些(王)都在西订谷会合；它就是盐海。",
        "0": {
            "sn": "03605",
            "brief": "全部、整个、各"
        },
        "1": {
            "sn": "00428",
            "brief": "这些"
        },
        "2": {
            "sn": "02266",
            "brief": "联合、结盟"
        },
        "3": {
            "sn": "00413",
            "brief": "对、向、往"
        },
        "4": {
            "sn": "06010",
            "brief": "山谷"
        },
        "5": {
            "sn": "07708",
            "brief": "西订"
        },
        "6": {
            "sn": "01931",
            "brief": "他"
        },
        "7": {
            "sn": "03220",
            "brief": "海、西方"
        },
        "8": {
            "sn": "04417",
            "brief": "盐"
        }
    },
    "1": {
        "0": {
            "sn": "06213",
            "brief": "做"
        },
        "1": {
            "sn": "04421",
            "brief": "战争、打仗"
        },
        "2": {
            "sn": "00854",
            "brief": "与、跟"
        },
        "3": {
            "sn": "01298",
            "brief": "比拉"
        },
        "4": {
            "sn": "04428",
            "brief": "王"
        },
        "5": {
            "sn": "05467",
            "brief": "所多玛"
        },
        "6": {
            "sn": "00854",
            "brief": "与、跟"
        },
        "7": {
            "sn": "01306",
            "brief": "比沙"
        },
        "8": {
            "sn": "04428",
            "brief": "王"
        },
        "9": {
            "sn": "06017",
            "brief": "蛾摩拉"
        },
        "10": {
            "sn": "08134",
            "brief": "示纳"
        },
        "11": {
            "sn": "04428",
            "brief": "王"
        },
        "12": {
            "sn": "00126",
            "brief": "押玛"
        },
        "13": {
            "sn": "08038",
            "brief": "善以别"
        },
        "14": {
            "sn": "04428",
            "brief": "王"
        },
        "15": {
            "sn": "06636",
            "brief": "洗扁"
        },
        "16": {
            "sn": "04428",
            "brief": "王"
        },
        "17": {
            "sn": "01106",
            "brief": "比拉"
        },
        "18": {
            "sn": "01931",
            "brief": "他、她"
        },
        "19": {
            "sn": "06820",
            "brief": "琐珥"
        },
        "literal": "他们和所多玛王比拉、…打仗。(…处填入下三行)蛾摩拉王比沙、押玛王示纳、和洗扁王善以别和比拉王 (它就是琐珥)"
    },
    "3": {
        "literal": "他们已经事奉基大老玛十二年，到十三年就背叛了。",
        "0": {
            "sn": "08147",
            "brief": "数目的「二」"
        },
        "1": {
            "sn": "06240",
            "brief": "数目的「十」"
        },
        "2": {
            "sn": "08141",
            "brief": "年"
        },
        "3": {
            "sn": "05647",
            "brief": "工作、服事"
        },
        "4": {
            "sn": "00853",
            "brief": "不必翻译"
        },
        "5": {
            "sn": "03540",
            "brief": "基大老玛"
        },
        "6": {
            "sn": "07969",
            "brief": "数目的「三」"
        },
        "7": {
            "sn": "06240",
            "brief": "数目的「十」"
        },
        "8": {
            "sn": "08141",
            "brief": "年"
        },
        "9": {
            "sn": "04775",
            "brief": "背叛"
        }
    },
    "4": {
        "literal": "十四年，基大老玛和同盟的王都来，在亚特律•加宁击败了利乏音人，在哈麦(击败了)苏西人，在沙微•基列亭(击败了)以米人，",
        "0": {
            "sn": "00702",
            "brief": "数目的「四」"
        },
        "1": {
            "sn": "06240",
            "brief": "数目的「十」"
        },
        "2": {
            "sn": "08141",
            "brief": "年"
        },
        "3": {
            "sn": "00935",
            "brief": "来、进入、临到、发生"
        },
        "4": {
            "sn": "03540",
            "brief": "基大老玛"
        },
        "5": {
            "sn": "04428",
            "brief": "王"
        },
        "6": {
            "sn": "00834",
            "brief": "不必翻译"
        },
        "7": {
            "sn": "00854",
            "brief": "与、跟"
        },
        "9": {
            "sn": "00853",
            "brief": "不必翻译"
        },
        "10": {
            "sn": "07497",
            "brief": "巨人、利乏音"
        },
        "11": {
            "sn": "06255",
            "brief": "亚特律•加宁"
        },
        "12": {
            "sn": "06255",
            "brief": "亚特律•加宁"
        },
        "13": {
            "sn": "00853",
            "brief": "不必翻译"
        },
        "14": {
            "sn": "02104",
            "brief": "苏西人"
        },
        "15": {
            "sn": "01990",
            "brief": "哈麦"
        },
        "16": {
            "sn": "00853",
            "brief": "不必翻译"
        },
        "17": {
            "sn": "00368",
            "brief": "以米人"
        },
        "18": {
            "sn": "07741",
            "brief": "沙微•基列亭"
        },
        "19": {
            "sn": "07741",
            "brief": "沙微•基列亭"
        },
        "8": {
            "sn": "05221",
            "brief": "Hif‘il 击打、击杀"
        }
    },
    "5": {
        "0": {
            "sn": "00853",
            "brief": "不必翻译"
        },
        "1": {
            "sn": "02752",
            "brief": "何利人"
        },
        "2": {
            "sn": "02022",
            "brief": "山"
        },
        "3": {
            "sn": "08165",
            "brief": "西珥"
        },
        "4": {
            "sn": "05704",
            "brief": "直到、甚至"
        },
        "5": {
            "sn": "00364",
            "brief": "伊勒•巴兰"
        },
        "6": {
            "sn": "00364",
            "brief": "伊勒•巴兰"
        },
        "7": {
            "sn": "00834",
            "brief": "不必翻译"
        },
        "8": {
            "sn": "05921",
            "brief": "在…上面"
        },
        "9": {
            "sn": "04057",
            "brief": "旷野"
        },
        "literal": "在西珥他们的山(击败了)何利人，一直到靠近旷野的伊勒•巴兰。"
    },
    "6": {
        "literal": "他们转回，来到安•密巴，就是加低斯，击败了亚玛力全地的人，以及住在哈洗逊•他玛的亚摩利人。",
        "1": {
            "sn": "00935",
            "brief": "来、进入、临到、发生"
        },
        "2": {
            "sn": "00413",
            "brief": "对、向、往"
        },
        "3": {
            "sn": "05880",
            "brief": "安密巴"
        },
        "4": {
            "sn": "05880",
            "brief": "安密巴"
        },
        "5": {
            "sn": "01931",
            "brief": "他"
        },
        "6": {
            "sn": "06946",
            "brief": "加低斯"
        },
        "8": {
            "sn": "00853",
            "brief": "不必翻译"
        },
        "9": {
            "sn": "03605",
            "brief": "全部、整个、各"
        },
        "10": {
            "sn": "07704",
            "brief": "田地"
        },
        "11": {
            "sn": "06003",
            "brief": "亚玛力"
        },
        "12": {
            "sn": "01571",
            "brief": "也"
        },
        "13": {
            "sn": "00853",
            "brief": "不必翻译"
        },
        "14": {
            "sn": "00567",
            "brief": "亚摩利人"
        },
        "15": {
            "sn": "03427",
            "brief": "居住、坐、停留"
        },
        "16": {
            "sn": "02688",
            "brief": "哈洗逊•他玛"
        },
        "17": {
            "sn": "02688",
            "brief": "哈洗逊•他玛"
        },
        "0": {
            "sn": "07725",
            "brief": "Qal 回复、回转、重复，Po‘lel 带回、复兴、更新，Hif‘il 回报、报告、带回"
        },
        "7": {
            "sn": "05221",
            "brief": "Hif‘il 击打、击杀"
        }
    },
    "8": {
        "0": {
            "sn": "00854",
            "brief": "与、跟"
        },
        "1": {
            "sn": "03540",
            "brief": "基大老玛"
        },
        "2": {
            "sn": "04428",
            "brief": "王"
        },
        "3": {
            "sn": "05867",
            "brief": "以拦"
        },
        "4": {
            "sn": "08413",
            "brief": "提达"
        },
        "5": {
            "sn": "04428",
            "brief": "王"
        },
        "6": {
            "sn": "01471",
            "brief": "戈印"
        },
        "7": {
            "sn": "00569",
            "brief": "暗拉非"
        },
        "8": {
            "sn": "04428",
            "brief": "王"
        },
        "9": {
            "sn": "08152",
            "brief": "示拿"
        },
        "10": {
            "sn": "00746",
            "brief": "亚略"
        },
        "11": {
            "sn": "04428",
            "brief": "王"
        },
        "12": {
            "sn": "00495",
            "brief": "以拉撒"
        },
        "13": {
            "sn": "00702",
            "brief": "数目的「四」"
        },
        "14": {
            "sn": "04428",
            "brief": "王"
        },
        "15": {
            "sn": "00854",
            "brief": "与、跟"
        },
        "16": {
            "sn": "02568",
            "brief": "数目的「五」"
        },
        "literal": "就是与以拦王基大老玛、戈印王提达、示拿王暗拉非、以拉撒王亚略(交战)；是四王与五(王交战)。"
    },
    "10": {
        "0": {
            "sn": "03947",
            "brief": "取、娶、拿"
        },
        "1": {
            "sn": "00853",
            "brief": "不必翻译"
        },
        "2": {
            "sn": "03605",
            "brief": "全部、整个、各"
        },
        "3": {
            "sn": "07399",
            "brief": "所拥有的、财产"
        },
        "4": {
            "sn": "05467",
            "brief": "所多玛"
        },
        "5": {
            "sn": "06017",
            "brief": "蛾摩拉"
        },
        "6": {
            "sn": "00853",
            "brief": "不必翻译"
        },
        "7": {
            "sn": "03605",
            "brief": "全部、整个、各"
        },
        "8": {
            "sn": "00400",
            "brief": "食物"
        },
        "9": {
            "sn": "01980",
            "brief": "去、来"
        },
        "literal": "他们(指四王)取了所多玛和蛾摩拉所有的财物，并一切的粮食，就走了。"
    },
    "9": {
        "literal": "西订谷有许多坑，石漆坑。所多玛王和蛾摩拉王逃跑，他们掉在那里，其余的人都往山上逃跑。",
        "0": {
            "sn": "06010",
            "brief": "山谷"
        },
        "1": {
            "sn": "07708",
            "brief": "西订"
        },
        "2": {
            "sn": "00875",
            "brief": "井、坑"
        },
        "3": {
            "sn": "00875",
            "brief": "井、坑"
        },
        "4": {
            "sn": "02564",
            "brief": "黏泥、树脂、柏油、沥青"
        },
        "5": {
            "sn": "05127",
            "brief": "逃走"
        },
        "6": {
            "sn": "04428",
            "brief": "王"
        },
        "7": {
            "sn": "05467",
            "brief": "所多玛"
        },
        "8": {
            "sn": "06017",
            "brief": "蛾摩拉"
        },
        "9": {
            "sn": "05307",
            "brief": "跌落、跌倒、使签落在..."
        },
        "10": {
            "sn": "08033",
            "brief": "那里"
        },
        "11": {
            "sn": "07604",
            "brief": "剩下"
        },
        "12": {
            "sn": "02022",
            "brief": "山"
        },
        "13": {
            "sn": "05127",
            "brief": "逃奔、逃走"
        }
    },
    "7": {
        "0": {
            "sn": "03318",
            "brief": "出去"
        },
        "1": {
            "sn": "04428",
            "brief": "王"
        },
        "2": {
            "sn": "05467",
            "brief": "所多玛"
        },
        "3": {
            "sn": "04428",
            "brief": "王"
        },
        "4": {
            "sn": "06017",
            "brief": "蛾摩拉"
        },
        "5": {
            "sn": "04428",
            "brief": "王"
        },
        "6": {
            "sn": "00126",
            "brief": "押玛"
        },
        "7": {
            "sn": "04428",
            "brief": "王"
        },
        "8": {
            "sn": "06636",
            "brief": "洗扁"
        },
        "9": {
            "sn": "04428",
            "brief": "王"
        },
        "10": {
            "sn": "01106",
            "brief": "比拉"
        },
        "11": {
            "sn": "01931",
            "brief": "他、她"
        },
        "12": {
            "sn": "06820",
            "brief": "琐珥"
        },
        "13": {
            "sn": "06186",
            "brief": "摆设、安排、预备"
        },
        "14": {
            "sn": "00854",
            "brief": "与、跟"
        },
        "15": {
            "sn": "04421",
            "brief": "战争、打仗"
        },
        "16": {
            "sn": "06010",
            "brief": "山谷"
        },
        "17": {
            "sn": "07708",
            "brief": "西订"
        },
        "literal": "于是所多玛王、蛾摩拉王、…都出来， (…处填入以下二行) 押玛王、洗扁王和比拉王 (比拉就是琐珥)在西订谷摆阵，与他们交战，"
    },
    "13": {
        "6": {
            "sn": "00853",
            "brief": "不必翻译"
        },
        "1": {
            "sn": "00087",
            "brief": "亚伯兰"
        },
        "2": {
            "sn": "03588",
            "brief": "因为、不必翻译"
        },
        "3": {
            "sn": "07617",
            "brief": "掳掠、俘虏"
        },
        "4": {
            "sn": "00251",
            "brief": "兄弟"
        },
        "7": {
            "sn": "02593",
            "brief": "受教育的、锻炼过的仆人"
        },
        "8": {
            "sn": "03211",
            "brief": "出生"
        },
        "9": {
            "sn": "01004",
            "brief": "殿、房子、家"
        },
        "10": {
            "sn": "08083",
            "brief": "数目的「八」"
        },
        "11": {
            "sn": "06240",
            "brief": "数目的「十」"
        },
        "12": {
            "sn": "07969",
            "brief": "数目的「三」"
        },
        "13": {
            "sn": "03967",
            "brief": "数目的「一百」"
        },
        "14": {
            "sn": "07291",
            "brief": "追赶"
        },
        "15": {
            "sn": "05704",
            "brief": "直到、甚至"
        },
        "16": {
            "sn": "01835",
            "brief": "但"
        },
        "0": {
            "sn": "08085",
            "brief": "Qal 听、听从，Hif‘il 说明、使…听"
        },
        "5": {
            "sn": "07324",
            "brief": "倒空"
        },
        "literal": "亚伯兰听见他的亲人被掳去，就使他家里的精练壮丁…全都出动(…处填入下行)三百一十八人去追，直到但，"
    },
    "11": {
        "0": {
            "sn": "03947",
            "brief": "取、娶、拿"
        },
        "1": {
            "sn": "00853",
            "brief": "不必翻译"
        },
        "2": {
            "sn": "03876",
            "brief": "罗得"
        },
        "3": {
            "sn": "00853",
            "brief": "不必翻译"
        },
        "4": {
            "sn": "07399",
            "brief": "所拥有的、财产"
        },
        "5": {
            "sn": "01121",
            "brief": "儿子、孙子、后裔、成员"
        },
        "6": {
            "sn": "00251",
            "brief": "兄弟"
        },
        "7": {
            "sn": "00087",
            "brief": "亚伯兰"
        },
        "8": {
            "sn": "01980",
            "brief": "去、来"
        },
        "9": {
            "sn": "01931",
            "brief": "他"
        },
        "10": {
            "sn": "03427",
            "brief": "居住、坐、停留"
        },
        "11": {
            "sn": "05467",
            "brief": "所多玛"
        },
        "literal": "又取了…罗得和他的财物，(…处填入下行)亚伯兰兄弟的儿子就走了；(当时)他住在所多玛。"
    },
    "12": {
        "literal": "有一个逃脱的人前来告诉希伯来人亚伯兰，他正住在亚摩利人幔利的橡树那里；他(指幔利)是以实各的兄弟，也是亚乃的兄弟，他们(指以实各和亚乃)是与亚伯兰结盟的人。",
        "0": {
            "sn": "00935",
            "brief": "来、进入、临到、发生"
        },
        "1": {
            "sn": "06412",
            "brief": "逃脱的人、难民"
        },
        "3": {
            "sn": "00087",
            "brief": "亚伯兰"
        },
        "4": {
            "sn": "05680",
            "brief": "希伯来人"
        },
        "5": {
            "sn": "01931",
            "brief": "他"
        },
        "6": {
            "sn": "07931",
            "brief": "居住"
        },
        "7": {
            "sn": "00436",
            "brief": "橡树"
        },
        "8": {
            "sn": "04471",
            "brief": "幔利"
        },
        "9": {
            "sn": "00567",
            "brief": "亚摩利人"
        },
        "10": {
            "sn": "00251",
            "brief": "兄弟"
        },
        "11": {
            "sn": "00812",
            "brief": "以实各"
        },
        "12": {
            "sn": "00251",
            "brief": "兄弟"
        },
        "13": {
            "sn": "06063",
            "brief": "亚乃"
        },
        "14": {
            "sn": "01992",
            "brief": "他们"
        },
        "15": {
            "sn": "01167",
            "brief": "拥有者、主人、丈夫"
        },
        "16": {
            "sn": "01285",
            "brief": "约"
        },
        "17": {
            "sn": "00087",
            "brief": "亚伯兰"
        },
        "2": {
            "sn": "05046",
            "brief": "Hif‘il 告诉、宣布、声明、通知"
        }
    },
    "14": {
        "0": {
            "sn": "02505",
            "brief": "分开、分配"
        },
        "1": {
            "sn": "05921",
            "brief": "在…上面"
        },
        "2": {
            "sn": "03915",
            "brief": "夜晚"
        },
        "3": {
            "sn": "01931",
            "brief": "他"
        },
        "4": {
            "sn": "05650",
            "brief": "仆人、奴隶"
        },
        "6": {
            "sn": "07291",
            "brief": "追赶"
        },
        "7": {
            "sn": "05704",
            "brief": "直到、甚至"
        },
        "8": {
            "sn": "02327",
            "brief": "何把"
        },
        "9": {
            "sn": "00834",
            "brief": "不必翻译"
        },
        "10": {
            "sn": "08040",
            "brief": "左边、左手、北边"
        },
        "11": {
            "sn": "01834",
            "brief": "大马士革"
        },
        "5": {
            "sn": "05221",
            "brief": "Hif‘il 击打、击杀"
        },
        "literal": "便在夜间，自己同仆人分队击败他们，追赶他们，直到大马色北边的何把，"
    },
    "16": {
        "16": {
            "sn": "07740",
            "brief": "沙微"
        },
        "0": {
            "sn": "03318",
            "brief": "出去"
        },
        "1": {
            "sn": "04428",
            "brief": "王"
        },
        "2": {
            "sn": "05467",
            "brief": "所多玛"
        },
        "3": {
            "sn": "07125",
            "brief": "迎接、遇见、偶然相遇"
        },
        "4": {
            "sn": "00310",
            "brief": "后面、跟着、接着"
        },
        "7": {
            "sn": "00853",
            "brief": "不必翻译"
        },
        "8": {
            "sn": "03540",
            "brief": "基大老玛"
        },
        "9": {
            "sn": "03540",
            "brief": "基大老玛"
        },
        "10": {
            "sn": "00853",
            "brief": "不必翻译"
        },
        "5": {
            "sn": "07725",
            "brief": "Qal 回复、回转、重复，Po‘lel 带回、复兴、更新，Hif‘il 回报、报告、带回"
        },
        "11": {
            "sn": "04428",
            "brief": "王"
        },
        "12": {
            "sn": "00834",
            "brief": "不必翻译"
        },
        "13": {
            "sn": "00854",
            "brief": "与、跟"
        },
        "14": {
            "sn": "00413",
            "brief": "对、向、往"
        },
        "15": {
            "sn": "06010",
            "brief": "山谷"
        },
        "17": {
            "sn": "01931",
            "brief": "他"
        },
        "18": {
            "sn": "06010",
            "brief": "山谷"
        },
        "19": {
            "sn": "04428",
            "brief": "王"
        },
        "6": {
            "sn": "05221",
            "brief": "Hif‘il 击打、击杀"
        },
        "literal": "所多玛王…出来迎接他，(…处填入以下三行)在他(指亚伯兰)击败…回来以后，(…处填入以下行)基大•老玛和与他同盟的王就在沙微谷，就是王谷"
    },
    "15": {
        "1": {
            "sn": "00853",
            "brief": "不必翻译"
        },
        "2": {
            "sn": "03605",
            "brief": "全部、整个、各"
        },
        "3": {
            "sn": "07399",
            "brief": "所拥有的、财产"
        },
        "4": {
            "sn": "01571",
            "brief": "也"
        },
        "5": {
            "sn": "00853",
            "brief": "不必翻译"
        },
        "6": {
            "sn": "03876",
            "brief": "罗得"
        },
        "7": {
            "sn": "00251",
            "brief": "兄弟、亲戚"
        },
        "8": {
            "sn": "07399",
            "brief": "所拥有的、财产"
        },
        "10": {
            "sn": "01571",
            "brief": "也"
        },
        "11": {
            "sn": "00853",
            "brief": "不必翻译"
        },
        "12": {
            "sn": "00802",
            "brief": "女人、妻子"
        },
        "13": {
            "sn": "00853",
            "brief": "不必翻译"
        },
        "14": {
            "sn": "05971",
            "brief": "百姓、国民"
        },
        "0": {
            "sn": "07725",
            "brief": "Qal 回复、回转、重复，Po‘lel 带回、复兴、更新，Hif‘il 回报、报告、带回"
        },
        "9": {
            "sn": "07725",
            "brief": "Qal 回复、回转、重复，Po‘lel 带回、复兴、更新，Hif‘il 回报、报告、带回"
        },
        "literal": "他把被掳掠的一切财物夺回来，连他亲人罗得和他的财物…也都夺回来。(…处填入下行)以及妇女、人民，"
    },
    "17": {
        "literal": "撒冷王麦基•洗德也带着饼和酒出来，他是至高上帝的祭司。",
        "0": {
            "sn": "04442",
            "brief": "麦基•洗德"
        },
        "1": {
            "sn": "04442",
            "brief": "麦基•洗德"
        },
        "2": {
            "sn": "04428",
            "brief": "王"
        },
        "3": {
            "sn": "08004",
            "brief": "撒冷"
        },
        "5": {
            "sn": "03899",
            "brief": "面包、食物"
        },
        "6": {
            "sn": "03196",
            "brief": "酒"
        },
        "7": {
            "sn": "01931",
            "brief": "他"
        },
        "8": {
            "sn": "03548",
            "brief": "祭司"
        },
        "9": {
            "sn": "00410",
            "brief": "上帝、神明、能力、力量"
        },
        "10": {
            "sn": "05945",
            "brief": "形容词：高的；名词：至高者"
        },
        "4": {
            "sn": "03318",
            "brief": "出去"
        }
    },
    "22": {
        "0": {
            "sn": "00518",
            "brief": "如果"
        },
        "1": {
            "sn": "02339",
            "brief": "线"
        },
        "2": {
            "sn": "05704",
            "brief": "直到、甚至"
        },
        "3": {
            "sn": "08288",
            "brief": "鞋带"
        },
        "4": {
            "sn": "05275",
            "brief": "鞋"
        },
        "5": {
            "sn": "00518",
            "brief": "如果"
        },
        "6": {
            "sn": "03947",
            "brief": "取、娶、拿"
        },
        "7": {
            "sn": "03605",
            "brief": "全部、整个、各"
        },
        "8": {
            "sn": "00834",
            "brief": "不必翻译"
        },
        "9": {
            "sn": "09001",
            "brief": "给、往、向、到、归属于"
        },
        "11": {
            "sn": "00559",
            "brief": "说"
        },
        "12": {
            "sn": "00589",
            "brief": "我"
        },
        "14": {
            "sn": "00853",
            "brief": "不必翻译"
        },
        "15": {
            "sn": "00087",
            "brief": "亚伯兰"
        },
        "10": {
            "sn": "03808",
            "brief": "不"
        },
        "13": {
            "sn": "06238",
            "brief": "富有"
        },
        "literal": "就是一根线、一根鞋带，凡是你的东西，我如果拿了，(就受诅咒，)免得你说：『我使亚伯兰富足！』"
    },
    "21": {
        "5": {
            "sn": "07311",
            "brief": "高举、抬高"
        },
        "0": {
            "sn": "00559",
            "brief": "说"
        },
        "1": {
            "sn": "00087",
            "brief": "亚伯兰"
        },
        "2": {
            "sn": "00413",
            "brief": "对、向、往"
        },
        "3": {
            "sn": "04428",
            "brief": "王"
        },
        "4": {
            "sn": "05467",
            "brief": "所多玛"
        },
        "6": {
            "sn": "03027",
            "brief": "手、边、力量、权势"
        },
        "7": {
            "sn": "00413",
            "brief": "对、向、往"
        },
        "8": {
            "sn": "03068",
            "brief": "上帝的名字「雅威」，犹太人尊称为「上主」"
        },
        "9": {
            "sn": "00410",
            "brief": "上帝、神明、能力、力量"
        },
        "10": {
            "sn": "05945",
            "brief": "形容词：高的；名词：至高者"
        },
        "11": {
            "sn": "07069",
            "brief": "购买、取得、持有、创造"
        },
        "12": {
            "sn": "08064",
            "brief": "天"
        },
        "13": {
            "sn": "00776",
            "brief": "地、邦国、疆界"
        },
        "literal": "亚伯兰对所多玛王说：「我向雅威…高举我的手(意思是起誓)： (…处填入下行)―至高的上帝、天和地的创造者"
    },
    "18": {
        "literal": "他为亚伯兰祝福，说：「愿亚伯兰蒙…赐福！(…处填入下行)至高的上帝、天和地的创造者",
        "1": {
            "sn": "00559",
            "brief": "说"
        },
        "2": {
            "sn": "01288",
            "brief": "祝福、赐服"
        },
        "3": {
            "sn": "00087",
            "brief": "亚伯兰"
        },
        "4": {
            "sn": "00410",
            "brief": "上帝、神明、能力、力量"
        },
        "5": {
            "sn": "05945",
            "brief": "形容词：高的；名词：至高者"
        },
        "6": {
            "sn": "07069",
            "brief": "购买、取得、持有、创造"
        },
        "7": {
            "sn": "08064",
            "brief": "天"
        },
        "8": {
            "sn": "00776",
            "brief": "地、邦国、疆界"
        },
        "0": {
            "sn": "01288",
            "brief": "祝福、赐服"
        }
    },
    "0": {
        "literal": "当暗拉非作示拿王，…的日子，(…处填入以下二行)亚略作以拉撒王，基大老玛作以拦王，而提达作戈印王",
        "0": {
            "sn": "01961",
            "brief": "是、成为、临到"
        },
        "2": {
            "sn": "00569",
            "brief": "暗拉非"
        },
        "3": {
            "sn": "04428",
            "brief": "王"
        },
        "4": {
            "sn": "08152",
            "brief": "示拿"
        },
        "5": {
            "sn": "00746",
            "brief": "亚略"
        },
        "6": {
            "sn": "04428",
            "brief": "王"
        },
        "7": {
            "sn": "00495",
            "brief": "以拉撒"
        },
        "8": {
            "sn": "03540",
            "brief": "基大老玛"
        },
        "9": {
            "sn": "04428",
            "brief": "王"
        },
        "10": {
            "sn": "05867",
            "brief": "以拦"
        },
        "11": {
            "sn": "08413",
            "brief": "提达"
        },
        "12": {
            "sn": "04428",
            "brief": "王"
        },
        "13": {
            "sn": "01471",
            "brief": "戈印"
        },
        "1": {
            "sn": "03117",
            "brief": "日子、时候"
        }
    }
}