{
    "0": {
        "5": {
            "sn": "09001",
            "brief": "给、往、向、到、归属于"
        },
        "6": {
            "sn": "09001",
            "brief": "给、往、向、到、归属于"
        },
        "0": {
            "sn": "08297",
            "brief": "撒莱"
        },
        "1": {
            "sn": "00802",
            "brief": "女人、妻子"
        },
        "2": {
            "sn": "00087",
            "brief": "亚伯兰"
        },
        "4": {
            "sn": "03205",
            "brief": "生出、出生"
        },
        "7": {
            "sn": "08198",
            "brief": "婢女"
        },
        "8": {
            "sn": "04713",
            "brief": "埃及人"
        },
        "9": {
            "sn": "08034",
            "brief": "名字"
        },
        "10": {
            "sn": "01904",
            "brief": "夏甲"
        },
        "3": {
            "sn": "03808",
            "brief": "不"
        },
        "literal": "亚伯兰的妻子撒莱没有为他生产，她有一个埃及使女，她的名字叫夏甲。"
    },
    "8": {
        "1": {
            "sn": "09001",
            "brief": "给、往、向、到、归属于"
        },
        "0": {
            "sn": "00559",
            "brief": "说"
        },
        "2": {
            "sn": "04397",
            "brief": "使者"
        },
        "3": {
            "sn": "03068",
            "brief": "上帝的名字「雅威」，犹太人尊称为「上主」"
        },
        "5": {
            "sn": "00413",
            "brief": "对、向、往"
        },
        "6": {
            "sn": "01404",
            "brief": "女主人"
        },
        "8": {
            "sn": "08478",
            "brief": "1. 名词：位置、地方；2. 介系词：在…之下；3. 介系词：代替、因为"
        },
        "9": {
            "sn": "03027",
            "brief": "手、边、力量、权势"
        },
        "7": {
            "sn": "06031",
            "brief": "I. 回答，II. 忙，III. 使受苦、使低微，IV. 唱歌 (I, IV 的 SN 为 6030. II, III 的 SN 为 6031)"
        },
        "4": {
            "sn": "07725",
            "brief": "Qal 回复、回转、重复，Po‘lel 带回、复兴、更新，Hif‘il 回报、报告、带回"
        },
        "literal": "雅威的使者对她说：「回到你的女主人那里，服在她的手下。」"
    },
    "9": {
        "1": {
            "sn": "09001",
            "brief": "给、往、向、到、归属于"
        },
        "0": {
            "sn": "00559",
            "brief": "说"
        },
        "2": {
            "sn": "04397",
            "brief": "使者"
        },
        "3": {
            "sn": "03068",
            "brief": "上帝的名字「雅威」，犹太人尊称为「上主」"
        },
        "6": {
            "sn": "00853",
            "brief": "不必翻译"
        },
        "7": {
            "sn": "02233",
            "brief": "后裔"
        },
        "9": {
            "sn": "05608",
            "brief": "1. 动词：述说、计算；2. 名词：文士、书记"
        },
        "10": {
            "sn": "07230",
            "brief": "多"
        },
        "8": {
            "sn": "03808",
            "brief": "不"
        },
        "4": {
            "sn": "07235",
            "brief": "多、变多"
        },
        "5": {
            "sn": "07235",
            "brief": "多、变多"
        },
        "literal": "雅威的使者又对她说：「我必使你的后裔极其繁多，多到不可胜数。」"
    },
    "1": {
        "0": {
            "sn": "00559",
            "brief": "说"
        },
        "1": {
            "sn": "08297",
            "brief": "撒莱"
        },
        "2": {
            "sn": "00413",
            "brief": "对、向、往"
        },
        "3": {
            "sn": "00087",
            "brief": "亚伯兰"
        },
        "4": {
            "sn": "02009",
            "brief": "看哪"
        },
        "5": {
            "sn": "04994",
            "brief": "作为鼓励语的一部份"
        },
        "6": {
            "sn": "06113",
            "brief": "保留、限制、关闭"
        },
        "7": {
            "sn": "03068",
            "brief": "上帝的名字「雅威」，犹太人尊称为「上主」"
        },
        "literal": "撒莱对亚伯兰说：「瞧！雅威使我不能生育，你来和我的使女同房，或者我可以因她被建立。」亚伯兰听从了撒莱的声音(意思是话)。",
        "8": {
            "sn": "03205",
            "brief": "生出、出生"
        },
        "9": {
            "sn": "00935",
            "brief": "来、进入、临到、发生"
        },
        "10": {
            "sn": "04994",
            "brief": "作为鼓励语的一部份"
        },
        "11": {
            "sn": "00413",
            "brief": "对、向、往"
        },
        "12": {
            "sn": "08198",
            "brief": "婢女"
        },
        "13": {
            "sn": "00194",
            "brief": "或者、或许"
        },
        "14": {
            "sn": "01129",
            "brief": "建造"
        },
        "15": {
            "sn": "04480",
            "brief": "从、出、离"
        },
        "17": {
            "sn": "00087",
            "brief": "亚伯兰"
        },
        "18": {
            "sn": "06963",
            "brief": "声音"
        },
        "19": {
            "sn": "08297",
            "brief": "撒莱"
        },
        "16": {
            "sn": "08085",
            "brief": "Qal 听、听从，Hif‘il 说明、使…听"
        }
    },
    "2": {
        "0": {
            "sn": "03947",
            "brief": "取、娶、拿"
        },
        "1": {
            "sn": "08297",
            "brief": "撒莱"
        },
        "2": {
            "sn": "00802",
            "brief": "女人、妻子"
        },
        "3": {
            "sn": "00087",
            "brief": "亚伯兰"
        },
        "4": {
            "sn": "00853",
            "brief": "不必翻译"
        },
        "5": {
            "sn": "01904",
            "brief": "夏甲"
        },
        "6": {
            "sn": "04713",
            "brief": "埃及人"
        },
        "7": {
            "sn": "08198",
            "brief": "婢女"
        },
        "8": {
            "sn": "07093",
            "brief": "结尾、尾端"
        },
        "9": {
            "sn": "06235",
            "brief": "数目的「十」"
        },
        "10": {
            "sn": "08141",
            "brief": "年"
        },
        "11": {
            "sn": "03427",
            "brief": "居住、坐、停留"
        },
        "12": {
            "sn": "00087",
            "brief": "亚伯兰"
        },
        "13": {
            "sn": "00776",
            "brief": "地、邦国、疆界"
        },
        "14": {
            "sn": "03667",
            "brief": "商人、迦南"
        },
        "15": {
            "sn": "05414",
            "brief": "给"
        },
        "16": {
            "sn": "00853",
            "brief": "不必翻译"
        },
        "17": {
            "sn": "00087",
            "brief": "亚伯兰"
        },
        "18": {
            "sn": "00376",
            "brief": "各人、人、男人、丈夫"
        },
        "19": {
            "sn": "09001",
            "brief": "给、往、向、到、归属于"
        },
        "20": {
            "sn": "00802",
            "brief": "女人、妻子"
        },
        "literal": "于是亚伯兰的妻子撒莱取她的使女埃及人夏甲，…(这是)亚伯兰在迦南住满了十年(的事)。(…处填入下行)把她(指夏甲)给了她(指撒莱)的丈夫亚伯兰为妻，"
    },
    "3": {
        "0": {
            "sn": "00935",
            "brief": "来、进入、临到、发生"
        },
        "1": {
            "sn": "00413",
            "brief": "对、向、往"
        },
        "2": {
            "sn": "01904",
            "brief": "夏甲"
        },
        "3": {
            "sn": "02029",
            "brief": "怀孕"
        },
        "5": {
            "sn": "03588",
            "brief": "因为、不必翻译"
        },
        "6": {
            "sn": "02029",
            "brief": "怀孕"
        },
        "8": {
            "sn": "01404",
            "brief": "女主人"
        },
        "9": {
            "sn": "05869",
            "brief": "眼目、眼睛"
        },
        "4": {
            "sn": "07200",
            "brief": "Qal 看见、看顾、察觉，Nif‘al 显现，Hif‘il 显明"
        },
        "literal": "亚伯兰与夏甲同房，她就怀了孕；她见自己有孕，她的女主人在她眼中就变得很轻。",
        "7": {
            "sn": "07043",
            "brief": "Qal 是轻的，Nif‘al 是容易的，Pi‘el 诅咒"
        }
    },
    "6": {
        "10": {
            "sn": "07793",
            "brief": "书珥"
        },
        "0": {
            "sn": "04672",
            "brief": "寻找、追上、获得、发现"
        },
        "1": {
            "sn": "04397",
            "brief": "使者"
        },
        "2": {
            "sn": "03068",
            "brief": "上帝的名字「雅威」，犹太人尊称为「上主」"
        },
        "3": {
            "sn": "05921",
            "brief": "在…上面"
        },
        "4": {
            "sn": "05869",
            "brief": "I. 眼睛，II. 泉水"
        },
        "5": {
            "sn": "04325",
            "brief": "水"
        },
        "6": {
            "sn": "04057",
            "brief": "旷野"
        },
        "7": {
            "sn": "05921",
            "brief": "在…上面"
        },
        "8": {
            "sn": "05869",
            "brief": "I. 眼睛，II. 泉水"
        },
        "9": {
            "sn": "01870",
            "brief": "道路、行为、方向、方法"
        },
        "literal": "雅威的使者…发现了她。(…处填入下二行)在旷野的水泉旁，就是书珥路上的水泉旁"
    },
    "4": {
        "0": {
            "sn": "00559",
            "brief": "说"
        },
        "1": {
            "sn": "08297",
            "brief": "撒莱"
        },
        "2": {
            "sn": "00413",
            "brief": "对、向、往"
        },
        "3": {
            "sn": "00087",
            "brief": "亚伯兰"
        },
        "4": {
            "sn": "02555",
            "brief": "暴力、残忍、不公"
        },
        "5": {
            "sn": "05921",
            "brief": "在…上面"
        },
        "6": {
            "sn": "00595",
            "brief": "我"
        },
        "7": {
            "sn": "05414",
            "brief": "给"
        },
        "8": {
            "sn": "08198",
            "brief": "婢女"
        },
        "9": {
            "sn": "02436",
            "brief": "胸怀"
        },
        "11": {
            "sn": "03588",
            "brief": "因为、不必翻译"
        },
        "12": {
            "sn": "02029",
            "brief": "怀孕"
        },
        "14": {
            "sn": "05869",
            "brief": "眼目、眼睛"
        },
        "15": {
            "sn": "08199",
            "brief": "断定是非、审判、辩白、处罚"
        },
        "16": {
            "sn": "03068",
            "brief": "上帝的名字「雅威」，犹太人尊称为「上主」"
        },
        "17": {
            "sn": "00996",
            "brief": "在…之间"
        },
        "18": {
            "sn": "00996",
            "brief": "在…之间"
        },
        "10": {
            "sn": "07200",
            "brief": "Qal 看见、看顾、察觉，Nif‘al 显现，Hif‘il 显明"
        },
        "13": {
            "sn": "07043",
            "brief": "Qal 是轻的，Nif‘al 是容易的，Pi‘el 诅咒"
        },
        "literal": "撒莱对亚伯兰说：「我(所受)的委屈在你身上，我把我的使女放在你怀中，她见自己有了孕，我在她眼中就变得很轻。愿雅威在你和我之间评断。」"
    },
    "10": {
        "literal": "并说：「看哪，你有了身孕，会生一个儿子，可以给他起名叫以实玛利，因为雅威听见了你的苦情。",
        "0": {
            "sn": "00559",
            "brief": "说"
        },
        "1": {
            "sn": "09001",
            "brief": "给、往、向、到、归属于"
        },
        "2": {
            "sn": "04397",
            "brief": "使者"
        },
        "3": {
            "sn": "03068",
            "brief": "上帝的名字「雅威」，犹太人尊称为「上主」"
        },
        "4": {
            "sn": "02009",
            "brief": "看哪"
        },
        "5": {
            "sn": "02030",
            "brief": "怀孕的"
        },
        "6": {
            "sn": "03205",
            "brief": "生出、出生"
        },
        "7": {
            "sn": "01121",
            "brief": "儿子、孙子、后裔、成员"
        },
        "8": {
            "sn": "07121",
            "brief": "喊叫、召集、称呼、求告、朗读"
        },
        "9": {
            "sn": "08034",
            "brief": "名字"
        },
        "10": {
            "sn": "03458",
            "brief": "以实玛利"
        },
        "11": {
            "sn": "03588",
            "brief": "因为、不必翻译"
        },
        "13": {
            "sn": "03068",
            "brief": "上帝的名字「雅威」，犹太人尊称为「上主」"
        },
        "14": {
            "sn": "00413",
            "brief": "对、向、往"
        },
        "15": {
            "sn": "06040",
            "brief": "苦难、困苦、穷乏"
        },
        "12": {
            "sn": "08085",
            "brief": "Qal 听、听从，Hif‘il 说明、使…听"
        }
    },
    "5": {
        "0": {
            "sn": "00559",
            "brief": "说"
        },
        "1": {
            "sn": "00087",
            "brief": "亚伯兰"
        },
        "2": {
            "sn": "00413",
            "brief": "对、向、往"
        },
        "3": {
            "sn": "08297",
            "brief": "撒莱"
        },
        "4": {
            "sn": "02009",
            "brief": "看哪"
        },
        "5": {
            "sn": "08198",
            "brief": "婢女"
        },
        "6": {
            "sn": "03027",
            "brief": "手、边、力量、权势"
        },
        "7": {
            "sn": "06213",
            "brief": "做"
        },
        "8": {
            "sn": "09001",
            "brief": "给、往、向、到、归属于"
        },
        "10": {
            "sn": "05869",
            "brief": "眼目、眼睛"
        },
        "12": {
            "sn": "08297",
            "brief": "撒莱"
        },
        "14": {
            "sn": "06440",
            "brief": "脸"
        },
        "9": {
            "sn": "02896",
            "brief": "名词：良善、美好、福乐；形容词：良善的、美好的"
        },
        "11": {
            "sn": "06031",
            "brief": "I. 回答，II. 忙，III. 使受苦、使低微，IV. 唱歌 (I, IV 的 SN 为 6030. II, III 的 SN 为 6031)"
        },
        "13": {
            "sn": "01272",
            "brief": "穿越、逃跑、赶快"
        },
        "literal": "亚伯兰对撒莱说：「瞧！婢女在你手下，你可以按着你眼中看为好的对待她。」撒莱苦待她，她就从她(指撒莱)面前逃走了。"
    },
    "7": {
        "0": {
            "sn": "00559",
            "brief": "说"
        },
        "1": {
            "sn": "01904",
            "brief": "夏甲"
        },
        "2": {
            "sn": "08198",
            "brief": "婢女"
        },
        "3": {
            "sn": "08297",
            "brief": "撒莱"
        },
        "4": {
            "sn": "00335",
            "brief": "哪里"
        },
        "5": {
            "sn": "02088",
            "brief": "这个"
        },
        "6": {
            "sn": "00935",
            "brief": "来、进入、临到、发生"
        },
        "7": {
            "sn": "00575",
            "brief": "哪里、到何时"
        },
        "8": {
            "sn": "01980",
            "brief": "来、去"
        },
        "9": {
            "sn": "00559",
            "brief": "说"
        },
        "10": {
            "sn": "06440",
            "brief": "脸"
        },
        "11": {
            "sn": "08297",
            "brief": "撒莱"
        },
        "12": {
            "sn": "01404",
            "brief": "女主人"
        },
        "13": {
            "sn": "00595",
            "brief": "我"
        },
        "14": {
            "sn": "01272",
            "brief": "穿越、逃跑、赶快"
        },
        "literal": "对她说：「撒莱的婢女夏甲，你从哪里来？要往哪里去？」她说：「我从我的女主人撒莱面前逃出来。」"
    },
    "11": {
        "literal": "他为人必像野驴；他的手要攻打人，人的手也要攻打他，他必住在众弟兄的对面。」",
        "0": {
            "sn": "01931",
            "brief": "他"
        },
        "1": {
            "sn": "01961",
            "brief": "是、成为、临到"
        },
        "2": {
            "sn": "06501",
            "brief": "野驴"
        },
        "3": {
            "sn": "00120",
            "brief": "人"
        },
        "4": {
            "sn": "03027",
            "brief": "手、边、力量、权势"
        },
        "5": {
            "sn": "03605",
            "brief": "全部、整个、各"
        },
        "6": {
            "sn": "03027",
            "brief": "手、边、力量、权势"
        },
        "7": {
            "sn": "03605",
            "brief": "全部、整个、各"
        },
        "8": {
            "sn": "09002",
            "brief": "在、用、藉着、与、敌对"
        },
        "9": {
            "sn": "05921",
            "brief": "在…上面"
        },
        "10": {
            "sn": "06440",
            "brief": "脸"
        },
        "11": {
            "sn": "03605",
            "brief": "全部、整个、各"
        },
        "12": {
            "sn": "00251",
            "brief": "兄弟"
        },
        "13": {
            "sn": "07931",
            "brief": "居住"
        }
    },
    "12": {
        "literal": "夏甲就称那对他说话的雅威为「祢是看顾人的上帝」。因为她说：「他看见了我之后，我还能在这里看见他吗？」",
        "12": {
            "sn": "07200",
            "brief": "Qal 看见、看顾、察觉，Nif‘al 显现，Hif‘il 显明"
        },
        "14": {
            "sn": "07200",
            "brief": "Qal 看见、看顾、察觉，Nif‘al 显现，Hif‘il 显明"
        },
        "0": {
            "sn": "07121",
            "brief": "喊叫、召集、称呼、求告、朗读"
        },
        "1": {
            "sn": "08034",
            "brief": "名字"
        },
        "2": {
            "sn": "03068",
            "brief": "上帝的名字「雅威」，犹太人尊称为「上主」"
        },
        "4": {
            "sn": "00413",
            "brief": "向、往"
        },
        "5": {
            "sn": "00859",
            "brief": "你"
        },
        "6": {
            "sn": "00410",
            "brief": "上帝、神明、能力、力量"
        },
        "7": {
            "sn": "07210",
            "brief": "看见"
        },
        "8": {
            "sn": "03588",
            "brief": "因为、不必翻译"
        },
        "9": {
            "sn": "00559",
            "brief": "说"
        },
        "10": {
            "sn": "01571",
            "brief": "也"
        },
        "11": {
            "sn": "01988",
            "brief": "在这里"
        },
        "13": {
            "sn": "00310",
            "brief": "后面、跟着"
        },
        "3": {
            "sn": "01696",
            "brief": "Pi‘el 讲、说、指挥"
        }
    },
    "13": {
        "0": {
            "sn": "05921",
            "brief": "在…上面"
        },
        "1": {
            "sn": "03651",
            "brief": "副词：因此、如此、这样；形容词：对、真的、公平、诚实"
        },
        "2": {
            "sn": "07121",
            "brief": "喊叫、召集、称呼、求告、朗读"
        },
        "3": {
            "sn": "00875",
            "brief": "井"
        },
        "4": {
            "sn": "00883",
            "brief": "庇耳•拉海•莱"
        },
        "5": {
            "sn": "00883",
            "brief": "庇耳•拉海•莱"
        },
        "6": {
            "sn": "00883",
            "brief": "庇耳•拉海•莱"
        },
        "7": {
            "sn": "02009",
            "brief": "看哪"
        },
        "8": {
            "sn": "00996",
            "brief": "在…之间"
        },
        "9": {
            "sn": "06946",
            "brief": "加低斯"
        },
        "10": {
            "sn": "00996",
            "brief": "在…之间"
        },
        "11": {
            "sn": "01260",
            "brief": "巴列"
        },
        "literal": "所以这井名叫庇耳•拉海•莱，看哪，在加低斯和巴列中间。"
    },
    "14": {
        "0": {
            "sn": "03205",
            "brief": "生出、出生"
        },
        "1": {
            "sn": "01904",
            "brief": "夏甲"
        },
        "2": {
            "sn": "00087",
            "brief": "亚伯兰"
        },
        "3": {
            "sn": "01121",
            "brief": "儿子、孙子、后裔、成员"
        },
        "4": {
            "sn": "07121",
            "brief": "喊叫、召集、称呼、求告、朗读"
        },
        "5": {
            "sn": "00087",
            "brief": "亚伯兰"
        },
        "6": {
            "sn": "08034",
            "brief": "名字"
        },
        "7": {
            "sn": "01121",
            "brief": "儿子、孙子、后裔、成员"
        },
        "8": {
            "sn": "00834",
            "brief": "不必翻译"
        },
        "9": {
            "sn": "03205",
            "brief": "生出、出生"
        },
        "10": {
            "sn": "01904",
            "brief": "夏甲"
        },
        "11": {
            "sn": "03458",
            "brief": "以实玛利"
        },
        "literal": "夏甲给亚伯兰生了一个儿子；亚伯兰给夏甲所生的他的儿子起名叫以实玛利。"
    },
    "15": {
        "0": {
            "sn": "00087",
            "brief": "亚伯兰"
        },
        "1": {
            "sn": "01121",
            "brief": "儿子、孙子、后裔、成员"
        },
        "2": {
            "sn": "08084",
            "brief": "数目的「八十」"
        },
        "3": {
            "sn": "08141",
            "brief": "年"
        },
        "4": {
            "sn": "08337",
            "brief": "数目的「六」"
        },
        "5": {
            "sn": "08141",
            "brief": "年"
        },
        "6": {
            "sn": "03205",
            "brief": "生出、出生"
        },
        "7": {
            "sn": "01904",
            "brief": "夏甲"
        },
        "8": {
            "sn": "00853",
            "brief": "不必翻译"
        },
        "9": {
            "sn": "03458",
            "brief": "以实玛利"
        },
        "10": {
            "sn": "00087",
            "brief": "亚伯兰"
        },
        "11": {
            "sn": "09014",
            "brief": "关闭的意思"
        },
        "literal": "…亚伯兰年八十六岁。(…处填入下行)夏甲给亚伯兰生以实玛利的时候，"
    }
}