{
    "11": {
        "7": {
            "sn": "09001",
            "brief": "给、往、向、到、归属于"
        },
        "0": {
            "sn": "06711",
            "brief": "笑"
        },
        "1": {
            "sn": "08283",
            "brief": "撒拉"
        },
        "2": {
            "sn": "07130",
            "brief": "中间、内部"
        },
        "3": {
            "sn": "00559",
            "brief": "说"
        },
        "4": {
            "sn": "00310",
            "brief": "后来、跟着、接着"
        },
        "5": {
            "sn": "01086",
            "brief": "穿破、变旧"
        },
        "6": {
            "sn": "01961",
            "brief": "是、成为、临到"
        },
        "8": {
            "sn": "05730",
            "brief": "喜乐、令人喜悦的物或人"
        },
        "9": {
            "sn": "00113",
            "brief": "主人"
        },
        "10": {
            "sn": "02204",
            "brief": "年老、变老"
        },
        "literal": "撒拉在她心里偷笑，说：「我已衰老，我主也已老迈，这种喜事岂能临到我呢？」"
    },
    "24": {
        "1": {
            "sn": "09001",
            "brief": "给、往、向、到、归属于"
        },
        "13": {
            "sn": "09001",
            "brief": "给、往、向、到、归属于"
        },
        "0": {
            "sn": "02486",
            "brief": "绝不是那样"
        },
        "2": {
            "sn": "06213",
            "brief": "做"
        },
        "3": {
            "sn": "01697",
            "brief": "话语、事情"
        },
        "4": {
            "sn": "02088",
            "brief": "这个"
        },
        "6": {
            "sn": "06662",
            "brief": "公义的"
        },
        "7": {
            "sn": "05973",
            "brief": "跟"
        },
        "8": {
            "sn": "07563",
            "brief": "邪恶的"
        },
        "9": {
            "sn": "01961",
            "brief": "是、成为、临到"
        },
        "10": {
            "sn": "06662",
            "brief": "公义的"
        },
        "11": {
            "sn": "07563",
            "brief": "邪恶的"
        },
        "12": {
            "sn": "02486",
            "brief": "绝不是那样"
        },
        "14": {
            "sn": "08199",
            "brief": "审判、辩白、处罚"
        },
        "15": {
            "sn": "03605",
            "brief": "全部、整个、各"
        },
        "16": {
            "sn": "00776",
            "brief": "地、邦国、疆界"
        },
        "18": {
            "sn": "06213",
            "brief": "做"
        },
        "19": {
            "sn": "04941",
            "brief": "正义、公平、审判、律例、规矩"
        },
        "17": {
            "sn": "03808",
            "brief": "不"
        },
        "5": {
            "sn": "04191",
            "brief": "杀死"
        },
        "literal": "…这绝不是你做的事，(…处填入下行)将义人与恶人同杀，使义人与恶人一样，你绝不会这样！审判全地的岂不行公道吗？」"
    },
    "28": {
        "10": {
            "sn": "03808",
            "brief": "不"
        },
        "3": {
            "sn": "00413",
            "brief": "对、向、往"
        },
        "4": {
            "sn": "00559",
            "brief": "说"
        },
        "5": {
            "sn": "00194",
            "brief": "或者、或许"
        },
        "6": {
            "sn": "04672",
            "brief": "寻找、追上、获得、发现"
        },
        "7": {
            "sn": "08033",
            "brief": "那里"
        },
        "8": {
            "sn": "00705",
            "brief": "数目的「四十」"
        },
        "9": {
            "sn": "00559",
            "brief": "说"
        },
        "11": {
            "sn": "06213",
            "brief": "做"
        },
        "12": {
            "sn": "05668",
            "brief": "为了"
        },
        "13": {
            "sn": "00705",
            "brief": "数目的「四十」"
        },
        "0": {
            "sn": "03254",
            "brief": "再一次、增添"
        },
        "2": {
            "sn": "01696",
            "brief": "Pi‘el 讲、说、指挥"
        },
        "literal": "亚伯拉罕又对他说：「假若在那里找到四十个呢？」他说：「为这四十个的缘故，我也不做(这事)。」",
        "1": {
            "sn": "05750",
            "brief": "再、仍然、持续"
        }
    },
    "29": {
        "11": {
            "sn": "03808",
            "brief": "不"
        },
        "7": {
            "sn": "04672",
            "brief": "寻找、追上、获得、发现"
        },
        "0": {
            "sn": "00559",
            "brief": "说"
        },
        "1": {
            "sn": "00408",
            "brief": "不"
        },
        "2": {
            "sn": "04994",
            "brief": "作为鼓励语的一部份"
        },
        "3": {
            "sn": "02734",
            "brief": "发怒、燃烧"
        },
        "4": {
            "sn": "00136",
            "brief": "主人"
        },
        "6": {
            "sn": "00194",
            "brief": "或者、或许"
        },
        "8": {
            "sn": "08033",
            "brief": "那里"
        },
        "9": {
            "sn": "07970",
            "brief": "数目的「三十」"
        },
        "10": {
            "sn": "00559",
            "brief": "说、应许"
        },
        "12": {
            "sn": "06213",
            "brief": "做"
        },
        "13": {
            "sn": "00518",
            "brief": "如果、不是"
        },
        "14": {
            "sn": "04672",
            "brief": "寻找、追上、获得、发现"
        },
        "15": {
            "sn": "08033",
            "brief": "那里"
        },
        "16": {
            "sn": "07970",
            "brief": "数目的「三十」"
        },
        "literal": "亚伯拉罕说：「求主不要动怒，容我说，假若在那里找到三十个呢？」他说：「…我也不做(这事)。」 (…处填入下行)我在那里若找到三十个，",
        "5": {
            "sn": "01696",
            "brief": "Pi‘el 讲、说、指挥"
        }
    },
    "13": {
        "0": {
            "sn": "06381",
            "brief": "难以达成的、是奇妙的"
        },
        "1": {
            "sn": "03068",
            "brief": "上帝的名字「雅威」，犹太人尊称为「上主」"
        },
        "2": {
            "sn": "01697",
            "brief": "话语、事情"
        },
        "3": {
            "sn": "04150",
            "brief": "指定的节期、节庆"
        },
        "5": {
            "sn": "00413",
            "brief": "对、向、往"
        },
        "6": {
            "sn": "06256",
            "brief": "时候"
        },
        "7": {
            "sn": "02416",
            "brief": "生物、复苏"
        },
        "8": {
            "sn": "08283",
            "brief": "撒拉"
        },
        "9": {
            "sn": "01121",
            "brief": "儿子、孙子、后裔、成员"
        },
        "4": {
            "sn": "07725",
            "brief": "Qal 回复、回转、重复，Po‘lel 带回、复兴、更新，Hif‘il 回报、报告、带回"
        },
        "literal": "雅威岂有难成的事吗？到了所定的时期，我要回到你这里，生命到期的时候，撒拉必生一个儿子。」"
    },
    "4": {
        "7": {
            "sn": "03588",
            "brief": "因为、不必翻译"
        },
        "0": {
            "sn": "03947",
            "brief": "取、娶、拿"
        },
        "1": {
            "sn": "06595",
            "brief": "碎片、小口、一片面包"
        },
        "2": {
            "sn": "03899",
            "brief": "面包、食物"
        },
        "3": {
            "sn": "05582",
            "brief": "稳固、支持、维持"
        },
        "4": {
            "sn": "03820",
            "brief": "心、心思"
        },
        "5": {
            "sn": "00310",
            "brief": "后来、跟着、接着"
        },
        "6": {
            "sn": "05674",
            "brief": "经过、穿越、涨溢、离开、拿走、违犯、废除"
        },
        "8": {
            "sn": "05921",
            "brief": "在…上面"
        },
        "9": {
            "sn": "03651",
            "brief": "副词：因此、如此、这样；形容词：对、真的、公平、诚实"
        },
        "10": {
            "sn": "05674",
            "brief": "经过、穿越、涨溢、离开、拿走、违犯、废除"
        },
        "11": {
            "sn": "05921",
            "brief": "在…上面"
        },
        "12": {
            "sn": "05650",
            "brief": "仆人、奴隶"
        },
        "13": {
            "sn": "00559",
            "brief": "说"
        },
        "14": {
            "sn": "03651",
            "brief": "副词：因此、如此、这样；形容词：对、真的、公平、诚实"
        },
        "15": {
            "sn": "06213",
            "brief": "做"
        },
        "16": {
            "sn": "00834",
            "brief": "不必翻译"
        },
        "17": {
            "sn": "01696",
            "brief": "Pi‘el 讲、说、指挥"
        },
        "literal": "我再拿一点饼来，你们可以加添心力，然后往前去，你们既来到你们的仆人这里，理当如此。」他们说：「就照你所说的去做吧。」"
    },
    "2": {
        "0": {
            "sn": "00559",
            "brief": "说"
        },
        "1": {
            "sn": "00113",
            "brief": "主人"
        },
        "2": {
            "sn": "00518",
            "brief": "如果、不是"
        },
        "3": {
            "sn": "04994",
            "brief": "作为鼓励语的一部份"
        },
        "4": {
            "sn": "04672",
            "brief": "寻找、追上、获得、发现"
        },
        "5": {
            "sn": "02580",
            "brief": "恩典、恩惠"
        },
        "6": {
            "sn": "05869",
            "brief": "眼目、眼睛"
        },
        "7": {
            "sn": "00408",
            "brief": "不"
        },
        "literal": "说：「我主，我若在你眼前蒙恩，请你不要离开你的仆人往前去。",
        "8": {
            "sn": "04994",
            "brief": "作为鼓励语的一部份"
        },
        "9": {
            "sn": "05674",
            "brief": "经过、穿越、涨溢、离开、拿走、违犯、废除"
        },
        "10": {
            "sn": "05921",
            "brief": "在…上面"
        },
        "11": {
            "sn": "05650",
            "brief": "仆人、奴隶"
        }
    },
    "3": {
        "1": {
            "sn": "04994",
            "brief": "作为鼓励语的一部份"
        },
        "2": {
            "sn": "04592",
            "brief": "稀少、一点点、很少"
        },
        "3": {
            "sn": "04325",
            "brief": "水"
        },
        "4": {
            "sn": "07364",
            "brief": "洗、沐浴"
        },
        "5": {
            "sn": "07272",
            "brief": "脚"
        },
        "6": {
            "sn": "08172",
            "brief": "倚赖、信靠"
        },
        "7": {
            "sn": "08478",
            "brief": "1. 名词：位置、地方；2. 介系词：在…之下；3. 介系词：代替、因为"
        },
        "8": {
            "sn": "06086",
            "brief": "木头、树"
        },
        "0": {
            "sn": "03947",
            "brief": "娶、取、拿"
        },
        "literal": "容我拿点水来，你们洗洗脚，在树下歇息。"
    },
    "5": {
        "1": {
            "sn": "00085",
            "brief": "亚伯拉罕"
        },
        "2": {
            "sn": "00168",
            "brief": "帐棚、帐蓬"
        },
        "3": {
            "sn": "00413",
            "brief": "对、向、往"
        },
        "4": {
            "sn": "08283",
            "brief": "撒拉"
        },
        "5": {
            "sn": "00559",
            "brief": "说"
        },
        "7": {
            "sn": "07969",
            "brief": "数目的「三」"
        },
        "8": {
            "sn": "05429",
            "brief": "细亚、面粉或榖物的测量单位，可能等于 1\/3 伊法"
        },
        "9": {
            "sn": "07058",
            "brief": "食物、面粉"
        },
        "10": {
            "sn": "05560",
            "brief": "上好的面粉"
        },
        "11": {
            "sn": "03888",
            "brief": "揉面"
        },
        "12": {
            "sn": "06213",
            "brief": "做"
        },
        "13": {
            "sn": "05692",
            "brief": "圆饼"
        },
        "0": {
            "sn": "04116",
            "brief": "Pi‘el 快速的"
        },
        "6": {
            "sn": "04116",
            "brief": "Pi‘el 快速的"
        },
        "literal": "亚伯拉罕急忙进帐棚到撒拉那里，说：「快(拿)三细亚上好的面粉，揉面做饼。」"
    },
    "6": {
        "0": {
            "sn": "00413",
            "brief": "对、向、往"
        },
        "1": {
            "sn": "01241",
            "brief": "牛、牛群"
        },
        "2": {
            "sn": "07323",
            "brief": "奔跑"
        },
        "3": {
            "sn": "00085",
            "brief": "亚伯拉罕"
        },
        "4": {
            "sn": "03947",
            "brief": "取、娶、拿"
        },
        "5": {
            "sn": "01121",
            "brief": "儿子、孙子、后裔、成员"
        },
        "6": {
            "sn": "01241",
            "brief": "牛"
        },
        "7": {
            "sn": "07390",
            "brief": "温和的、柔软的、娇贵的"
        },
        "9": {
            "sn": "05414",
            "brief": "给"
        },
        "10": {
            "sn": "00413",
            "brief": "对、向、往"
        },
        "11": {
            "sn": "05288",
            "brief": "男孩、少年、年轻人、仆人"
        },
        "13": {
            "sn": "06213",
            "brief": "做"
        },
        "14": {
            "sn": "00853",
            "brief": "不必翻译"
        },
        "8": {
            "sn": "02896",
            "brief": "名词：良善、美好、福乐；形容词：良善的、美好的"
        },
        "12": {
            "sn": "04116",
            "brief": "Pi‘el 快速的"
        },
        "literal": "亚伯拉罕又跑到牛群里，牵了一只又嫩又好的牛犊来，交给仆人，他(指仆人)很快地把它料理好。"
    },
    "7": {
        "literal": "他(指亚伯拉罕)就取了奶油、奶，和料理好的牛犊来，摆在他们面前；自己在树下站在他们旁边，他们就吃了。",
        "0": {
            "sn": "03947",
            "brief": "取、娶、拿"
        },
        "1": {
            "sn": "02529",
            "brief": "奶油"
        },
        "2": {
            "sn": "02461",
            "brief": "奶、乳酪"
        },
        "3": {
            "sn": "01121",
            "brief": "儿子、孙子、后裔、成员"
        },
        "4": {
            "sn": "01241",
            "brief": "牛"
        },
        "5": {
            "sn": "00834",
            "brief": "不必翻译"
        },
        "6": {
            "sn": "06213",
            "brief": "做"
        },
        "7": {
            "sn": "05414",
            "brief": "给"
        },
        "8": {
            "sn": "03942",
            "brief": "在…之前"
        },
        "9": {
            "sn": "01931",
            "brief": "他"
        },
        "11": {
            "sn": "05921",
            "brief": "在…上面"
        },
        "12": {
            "sn": "08478",
            "brief": "1. 名词：位置、地方；2. 介系词：在…之下；3. 介系词：代替、因为"
        },
        "13": {
            "sn": "06086",
            "brief": "木头、树"
        },
        "14": {
            "sn": "00398",
            "brief": "吃、吞吃"
        },
        "10": {
            "sn": "05975",
            "brief": "Qal 站立、侍立、停留，Hif‘il 设立、使坚定"
        }
    },
    "8": {
        "0": {
            "sn": "00559",
            "brief": "说"
        },
        "1": {
            "sn": "00413",
            "brief": "对、向、往"
        },
        "2": {
            "sn": "00346",
            "brief": "在哪里"
        },
        "3": {
            "sn": "08283",
            "brief": "撒拉"
        },
        "4": {
            "sn": "00802",
            "brief": "女人、妻子"
        },
        "5": {
            "sn": "00559",
            "brief": "说"
        },
        "6": {
            "sn": "02009",
            "brief": "看哪"
        },
        "7": {
            "sn": "00168",
            "brief": "帐棚、帐蓬"
        },
        "literal": "他们问他说：「你妻子撒拉在哪里？」他说：「看哪，在帐棚里。」"
    },
    "9": {
        "0": {
            "sn": "00559",
            "brief": "说"
        },
        "3": {
            "sn": "00413",
            "brief": "对、向、往"
        },
        "4": {
            "sn": "06256",
            "brief": "时候"
        },
        "5": {
            "sn": "02416",
            "brief": "活的、春回复苏"
        },
        "6": {
            "sn": "02009",
            "brief": "看哪"
        },
        "7": {
            "sn": "01121",
            "brief": "儿子、孙子、后裔、成员"
        },
        "8": {
            "sn": "08283",
            "brief": "撒拉"
        },
        "9": {
            "sn": "00802",
            "brief": "女人、妻子"
        },
        "10": {
            "sn": "08283",
            "brief": "撒拉"
        },
        "11": {
            "sn": "08085",
            "brief": "听、听从"
        },
        "12": {
            "sn": "06607",
            "brief": "通道、入口"
        },
        "13": {
            "sn": "00168",
            "brief": "帐棚、帐蓬"
        },
        "14": {
            "sn": "01931",
            "brief": "他"
        },
        "15": {
            "sn": "00310",
            "brief": "后来、跟着、接着"
        },
        "literal": "他说：「当生命足月的时候，我必定回到你这里；看哪，你的妻子撒拉要生一个儿子。」撒拉在他后边的帐棚门口(也)听见了。",
        "1": {
            "sn": "07725",
            "brief": "Qal 回复、回转、重复，Po‘lel 带回、复兴、更新，Hif‘il 回报、报告、带回"
        },
        "2": {
            "sn": "07725",
            "brief": "Qal 回复、回转、重复，Po‘lel 带回、复兴、更新，Hif‘il 回报、报告、带回"
        }
    },
    "10": {
        "0": {
            "sn": "00085",
            "brief": "亚伯拉罕"
        },
        "1": {
            "sn": "08283",
            "brief": "撒拉"
        },
        "2": {
            "sn": "02205",
            "brief": "年老的"
        },
        "3": {
            "sn": "00935",
            "brief": "来、进入、临到、发生"
        },
        "4": {
            "sn": "03117",
            "brief": "日子、时候"
        },
        "5": {
            "sn": "02308",
            "brief": "停止"
        },
        "6": {
            "sn": "01961",
            "brief": "是、成为、临到"
        },
        "7": {
            "sn": "08283",
            "brief": "撒拉"
        },
        "8": {
            "sn": "00734",
            "brief": "路、路径"
        },
        "9": {
            "sn": "00802",
            "brief": "女人、妻子"
        },
        "literal": "亚伯拉罕和撒拉已经年老，上了年纪，女人的月事对撒拉来说已经停了。"
    },
    "12": {
        "0": {
            "sn": "00559",
            "brief": "说"
        },
        "1": {
            "sn": "03068",
            "brief": "上帝的名字「雅威」，犹太人尊称为「上主」"
        },
        "2": {
            "sn": "00413",
            "brief": "对、向、往"
        },
        "3": {
            "sn": "00085",
            "brief": "亚伯拉罕"
        },
        "4": {
            "sn": "04100",
            "brief": "如何、什么"
        },
        "5": {
            "sn": "02088",
            "brief": "这个"
        },
        "6": {
            "sn": "06711",
            "brief": "笑"
        },
        "7": {
            "sn": "08283",
            "brief": "撒拉"
        },
        "8": {
            "sn": "00559",
            "brief": "说"
        },
        "9": {
            "sn": "00637",
            "brief": "的确、也"
        },
        "10": {
            "sn": "00552",
            "brief": "确实地"
        },
        "11": {
            "sn": "03205",
            "brief": "生出、出生"
        },
        "12": {
            "sn": "00589",
            "brief": "我"
        },
        "13": {
            "sn": "02204",
            "brief": "年老、变老"
        },
        "literal": "雅威对亚伯拉罕说：「撒拉为甚么这样偷笑，说：『我既已年老，果真会生育吗？』"
    },
    "14": {
        "1": {
            "sn": "08283",
            "brief": "撒拉"
        },
        "2": {
            "sn": "00559",
            "brief": "说"
        },
        "3": {
            "sn": "03808",
            "brief": "不"
        },
        "4": {
            "sn": "06711",
            "brief": "笑"
        },
        "5": {
            "sn": "03588",
            "brief": "因为、不必翻译"
        },
        "7": {
            "sn": "00559",
            "brief": "说"
        },
        "9": {
            "sn": "03588",
            "brief": "因为、不必翻译"
        },
        "10": {
            "sn": "06711",
            "brief": "笑"
        },
        "8": {
            "sn": "03808",
            "brief": "不"
        },
        "0": {
            "sn": "03584",
            "brief": "否认、欺骗"
        },
        "6": {
            "sn": "03372",
            "brief": "Qal 害怕，Nif‘al 令人畏惧"
        },
        "literal": "但撒拉因为害怕，不承认，说：「我没有笑。」他说：「不，你实在笑了。」"
    },
    "15": {
        "0": {
            "sn": "06965",
            "brief": "起来、设立、坚立"
        },
        "1": {
            "sn": "08033",
            "brief": "那里"
        },
        "2": {
            "sn": "00376",
            "brief": "各人、人、男人、丈夫"
        },
        "4": {
            "sn": "05921",
            "brief": "在…上面"
        },
        "5": {
            "sn": "06440",
            "brief": "脸"
        },
        "6": {
            "sn": "05467",
            "brief": "所多玛"
        },
        "7": {
            "sn": "00085",
            "brief": "亚伯拉罕"
        },
        "8": {
            "sn": "01980",
            "brief": "行走、去、至死"
        },
        "9": {
            "sn": "05973",
            "brief": "跟"
        },
        "3": {
            "sn": "08259",
            "brief": "Nif‘al 眺望、往外看，Hif‘il 往下看"
        },
        "10": {
            "sn": "07971",
            "brief": "差遣、释放、送走、伸出、伸展"
        },
        "literal": "这些人就从那里起行，面向所多玛了望，亚伯拉罕与他们同行，要送他们(一程)。"
    },
    "16": {
        "0": {
            "sn": "03068",
            "brief": "上帝的名字「雅威」，犹太人尊称为「上主」"
        },
        "1": {
            "sn": "00559",
            "brief": "说"
        },
        "3": {
            "sn": "00589",
            "brief": "我"
        },
        "4": {
            "sn": "00085",
            "brief": "亚伯拉罕"
        },
        "5": {
            "sn": "00834",
            "brief": "不必翻译"
        },
        "6": {
            "sn": "00589",
            "brief": "我"
        },
        "7": {
            "sn": "06213",
            "brief": "做"
        },
        "2": {
            "sn": "03680",
            "brief": "遮盖、隐藏"
        },
        "literal": "雅威说：「我要做的事岂可瞒着亚伯拉罕呢？"
    },
    "0": {
        "1": {
            "sn": "00413",
            "brief": "对、向、往"
        },
        "2": {
            "sn": "03068",
            "brief": "上帝的名字「雅威」，犹太人尊称为「上主」"
        },
        "3": {
            "sn": "00436",
            "brief": "橡树"
        },
        "4": {
            "sn": "04471",
            "brief": "幔利"
        },
        "5": {
            "sn": "01931",
            "brief": "他"
        },
        "6": {
            "sn": "03427",
            "brief": "居住、坐、停留"
        },
        "7": {
            "sn": "06607",
            "brief": "通道、入口"
        },
        "8": {
            "sn": "00168",
            "brief": "帐棚、帐蓬"
        },
        "9": {
            "sn": "02527",
            "brief": "热"
        },
        "10": {
            "sn": "03117",
            "brief": "日子、时候"
        },
        "0": {
            "sn": "07200",
            "brief": "Qal 看见、看顾、察觉，Nif‘al 显现，Hif‘il 显明"
        },
        "literal": "雅威在幔利橡树那里向他显现。那时正热，他坐在帐棚门口，"
    },
    "1": {
        "0": {
            "sn": "05375",
            "brief": "高举、举起、背负、承担"
        },
        "1": {
            "sn": "05869",
            "brief": "眼目、眼睛"
        },
        "3": {
            "sn": "02009",
            "brief": "看哪"
        },
        "4": {
            "sn": "07969",
            "brief": "数目的「三」"
        },
        "5": {
            "sn": "00376",
            "brief": "各人、人、男人、丈夫"
        },
        "7": {
            "sn": "05921",
            "brief": "在…上面"
        },
        "9": {
            "sn": "07323",
            "brief": "奔跑"
        },
        "10": {
            "sn": "07125",
            "brief": "迎接、遇见、偶然相遇"
        },
        "11": {
            "sn": "06607",
            "brief": "通道、入口"
        },
        "12": {
            "sn": "00168",
            "brief": "帐棚、帐蓬"
        },
        "14": {
            "sn": "00776",
            "brief": "地、邦国、疆界"
        },
        "13": {
            "sn": "09013",
            "brief": "跪拜、下拜"
        },
        "6": {
            "sn": "05324",
            "brief": "Nif’al 起来、立起，Hif‘il 安置、安排"
        },
        "2": {
            "sn": "07200",
            "brief": "Qal 看见、看顾、察觉，Nif‘al 显现，Hif‘il 显明"
        },
        "8": {
            "sn": "07200",
            "brief": "Qal 看见、看顾、察觉，Nif‘al 显现，Hif‘il 显明"
        },
        "literal": "举目观看，看哪，有三个人在他对面站着。他看见，就从帐棚入口跑去迎接他们，俯伏在地，"
    },
    "18": {
        "literal": "我拣选他，为要叫他吩咐他的后代和他的家室，使他们遵守雅威的道，秉公行义，使雅威在亚伯拉罕身上成就他所应许他的话。」",
        "0": {
            "sn": "03588",
            "brief": "因为、不必翻译"
        },
        "2": {
            "sn": "04616",
            "brief": "为了"
        },
        "3": {
            "sn": "00834",
            "brief": "不必翻译"
        },
        "5": {
            "sn": "00853",
            "brief": "不必翻译"
        },
        "1": {
            "sn": "03045",
            "brief": "Qal 知道、认识、辨别、经历，Hif‘il 使知道、宣告"
        },
        "6": {
            "sn": "01121",
            "brief": "儿子、孙子、后裔、成员"
        },
        "7": {
            "sn": "00853",
            "brief": "不必翻译"
        },
        "8": {
            "sn": "01004",
            "brief": "殿、房子、家"
        },
        "9": {
            "sn": "00310",
            "brief": "后来、跟着、接着"
        },
        "10": {
            "sn": "08104",
            "brief": "遵守、保护、小心"
        },
        "11": {
            "sn": "01870",
            "brief": "道路、行为、方向、方法"
        },
        "12": {
            "sn": "03068",
            "brief": "上帝的名字「雅威」，犹太人尊称为「上主」"
        },
        "13": {
            "sn": "06213",
            "brief": "做"
        },
        "14": {
            "sn": "06666",
            "brief": "公义"
        },
        "15": {
            "sn": "04941",
            "brief": "正义、公平、审判、律例、规矩"
        },
        "16": {
            "sn": "04616",
            "brief": "为了"
        },
        "18": {
            "sn": "03068",
            "brief": "上帝的名字「雅威」，犹太人尊称为「上主」"
        },
        "19": {
            "sn": "05921",
            "brief": "在…上面"
        },
        "20": {
            "sn": "00085",
            "brief": "亚伯拉罕"
        },
        "21": {
            "sn": "00853",
            "brief": "不必翻译"
        },
        "22": {
            "sn": "00834",
            "brief": "不必翻译"
        },
        "24": {
            "sn": "05921",
            "brief": "在…上面"
        },
        "17": {
            "sn": "00935",
            "brief": "来、进入、临到、发生"
        },
        "4": {
            "sn": "06680",
            "brief": "Pi‘el 命令、吩咐"
        },
        "23": {
            "sn": "01696",
            "brief": "Pi‘el 讲、说、指挥"
        }
    },
    "25": {
        "0": {
            "sn": "00559",
            "brief": "说"
        },
        "1": {
            "sn": "03068",
            "brief": "上帝的名字「雅威」，犹太人尊称为「上主」"
        },
        "2": {
            "sn": "00518",
            "brief": "如果、若"
        },
        "3": {
            "sn": "04672",
            "brief": "寻找、追上、获得、发现"
        },
        "4": {
            "sn": "05467",
            "brief": "所多玛"
        },
        "5": {
            "sn": "02572",
            "brief": "数目的「五十」"
        },
        "6": {
            "sn": "06662",
            "brief": "公义的"
        },
        "7": {
            "sn": "08432",
            "brief": "在中间"
        },
        "8": {
            "sn": "05892",
            "brief": "城邑、城镇"
        },
        "9": {
            "sn": "05375",
            "brief": "高举、举起、背负、承担"
        },
        "10": {
            "sn": "03605",
            "brief": "全部、整个、各"
        },
        "11": {
            "sn": "04725",
            "brief": "地方"
        },
        "12": {
            "sn": "05668",
            "brief": "为了"
        },
        "literal": "雅威说：「我若在所多玛找到五十个义人在那城里，我就为他们的缘故饶了那地方。」"
    },
    "27": {
        "0": {
            "sn": "00194",
            "brief": "或者、或许"
        },
        "1": {
            "sn": "02637",
            "brief": "缺乏、缺少"
        },
        "2": {
            "sn": "02572",
            "brief": "数目的「五十」"
        },
        "3": {
            "sn": "06662",
            "brief": "公义的"
        },
        "4": {
            "sn": "02568",
            "brief": "数目的「五」"
        },
        "5": {
            "sn": "07843",
            "brief": "毁灭、破坏"
        },
        "6": {
            "sn": "02568",
            "brief": "数目的「五」"
        },
        "7": {
            "sn": "00853",
            "brief": "不必翻译"
        },
        "8": {
            "sn": "03605",
            "brief": "全部、整个、各"
        },
        "11": {
            "sn": "03808",
            "brief": "不"
        },
        "9": {
            "sn": "05892",
            "brief": "城邑、城镇"
        },
        "10": {
            "sn": "00559",
            "brief": "说"
        },
        "13": {
            "sn": "00518",
            "brief": "如果、不是"
        },
        "14": {
            "sn": "04672",
            "brief": "寻找、追上、获得、发现"
        },
        "15": {
            "sn": "08033",
            "brief": "那里"
        },
        "16": {
            "sn": "00705",
            "brief": "数目的「四十」"
        },
        "17": {
            "sn": "02568",
            "brief": "数目的「五」"
        },
        "12": {
            "sn": "07843",
            "brief": "毁灭、破坏"
        },
        "literal": "假若这五十个义人少了五个，你就因为这五个毁灭全城吗？」他说：「我…就不会施行毁灭。」(…处填入下行)在那里若找到四十五个，"
    },
    "26": {
        "literal": "亚伯拉罕回答说：「看哪！…还胆敢对我主说话，(…处填入下行)我虽然是尘埃炉灰，",
        "0": {
            "sn": "06030",
            "brief": "I. 回答、作证；II. 忙；III. 使受苦、 使低微；IV. 唱歌 (I, IV 的 SN 为 6030. II, III 的 SN 为 6031)"
        },
        "1": {
            "sn": "00085",
            "brief": "亚伯拉罕"
        },
        "2": {
            "sn": "00559",
            "brief": "说"
        },
        "3": {
            "sn": "02009",
            "brief": "看哪"
        },
        "4": {
            "sn": "04994",
            "brief": "作为鼓励语的一部份"
        },
        "7": {
            "sn": "00413",
            "brief": "对、向、往"
        },
        "8": {
            "sn": "00136",
            "brief": "主人"
        },
        "9": {
            "sn": "00595",
            "brief": "我"
        },
        "10": {
            "sn": "06083",
            "brief": "灰尘"
        },
        "11": {
            "sn": "00665",
            "brief": "炉灰"
        },
        "5": {
            "sn": "02974",
            "brief": "开始、着手去做、愿意、接受"
        },
        "6": {
            "sn": "01696",
            "brief": "Pi‘el 讲、说、指挥"
        }
    },
    "30": {
        "0": {
            "sn": "00559",
            "brief": "说"
        },
        "1": {
            "sn": "02009",
            "brief": "看哪"
        },
        "12": {
            "sn": "03808",
            "brief": "不"
        },
        "literal": "亚伯拉罕说：「看哪！我还敢对我主说话，假若在那里找到二十个呢？」他说：「为这二十个的缘故，我也不施行毁灭。」",
        "2": {
            "sn": "04994",
            "brief": "作为鼓励语的一部份"
        },
        "5": {
            "sn": "00413",
            "brief": "对、向、往"
        },
        "6": {
            "sn": "00136",
            "brief": "主人"
        },
        "7": {
            "sn": "00194",
            "brief": "或者、或许"
        },
        "8": {
            "sn": "04672",
            "brief": "寻找、追上、获得、发现"
        },
        "9": {
            "sn": "08033",
            "brief": "那里"
        },
        "10": {
            "sn": "06242",
            "brief": "数目的「二十」"
        },
        "11": {
            "sn": "00559",
            "brief": "说"
        },
        "14": {
            "sn": "05668",
            "brief": "为了"
        },
        "15": {
            "sn": "06242",
            "brief": "数目的「二十」"
        },
        "3": {
            "sn": "02974",
            "brief": "开始、着手去做、愿意、接受"
        },
        "13": {
            "sn": "07843",
            "brief": "腐败、毁灭"
        },
        "4": {
            "sn": "01696",
            "brief": "Pi‘el 讲、说、指挥"
        }
    },
    "31": {
        "0": {
            "sn": "00559",
            "brief": "说"
        },
        "1": {
            "sn": "00408",
            "brief": "不"
        },
        "2": {
            "sn": "04994",
            "brief": "作为鼓励语的一部份"
        },
        "3": {
            "sn": "02734",
            "brief": "发怒、燃烧"
        },
        "4": {
            "sn": "00136",
            "brief": "主人"
        },
        "6": {
            "sn": "00389",
            "brief": "然而、其实、当然"
        },
        "7": {
            "sn": "06471",
            "brief": "敲击、脚步、这一次、次数"
        },
        "8": {
            "sn": "00194",
            "brief": "或者、或许"
        },
        "9": {
            "sn": "04672",
            "brief": "寻找、追上、获得、发现"
        },
        "10": {
            "sn": "08033",
            "brief": "那里"
        },
        "11": {
            "sn": "06235",
            "brief": "数目的「十」"
        },
        "12": {
            "sn": "00559",
            "brief": "说"
        },
        "15": {
            "sn": "05668",
            "brief": "为了"
        },
        "16": {
            "sn": "06235",
            "brief": "数目的「十」"
        },
        "13": {
            "sn": "03808",
            "brief": "不"
        },
        "14": {
            "sn": "07843",
            "brief": "腐败、毁灭"
        },
        "5": {
            "sn": "01696",
            "brief": "Pi‘el 讲、说、指挥"
        },
        "literal": "亚伯拉罕说：「求我主不要动怒，我再说这一次，假若在那里找到十个呢？」他说：「为这十个的缘故，我也不施行毁灭。」"
    },
    "32": {
        "0": {
            "sn": "01980",
            "brief": "行走、去、至死"
        },
        "1": {
            "sn": "03068",
            "brief": "上帝的名字「雅威」，犹太人尊称为「上主」"
        },
        "2": {
            "sn": "00834",
            "brief": "不必翻译"
        },
        "5": {
            "sn": "00413",
            "brief": "对、向、往"
        },
        "6": {
            "sn": "00085",
            "brief": "亚伯拉罕"
        },
        "7": {
            "sn": "00085",
            "brief": "亚伯拉罕"
        },
        "9": {
            "sn": "04725",
            "brief": "地方"
        },
        "8": {
            "sn": "07725",
            "brief": "Qal 回复、回转、重复，Po‘lel 带回、复兴、更新，Hif‘il 回报、报告、带回"
        },
        "3": {
            "sn": "03615",
            "brief": "Qal 完成、结束、停止，Pi‘el 完成、毁坏、根除"
        },
        "4": {
            "sn": "01696",
            "brief": "Pi‘el 讲、说、指挥"
        },
        "literal": "雅威与亚伯拉罕说完了话就走了；亚伯拉罕也回到自己的地方去了。"
    },
    "21": {
        "literal": "那些人转身离开那里，向所多玛走去；但亚伯拉罕仍旧站在雅威面前。",
        "0": {
            "sn": "06437",
            "brief": "转向"
        },
        "1": {
            "sn": "08033",
            "brief": "那里"
        },
        "2": {
            "sn": "00376",
            "brief": "各人、人、男人、丈夫"
        },
        "7": {
            "sn": "05975",
            "brief": "Qal 站立、侍立、停留，Hif‘il 设立、使坚定"
        },
        "3": {
            "sn": "01980",
            "brief": "行走、去、至死"
        },
        "4": {
            "sn": "05467",
            "brief": "所多玛"
        },
        "5": {
            "sn": "00085",
            "brief": "亚伯拉罕"
        },
        "8": {
            "sn": "03942",
            "brief": "在…之前"
        },
        "9": {
            "sn": "03068",
            "brief": "上帝的名字「雅威」，犹太人尊称为「上主」"
        },
        "6": {
            "sn": "05750",
            "brief": "再、仍然、持续"
        }
    },
    "20": {
        "2": {
            "sn": "07200",
            "brief": "Qal 看见、看顾、察觉，Nif‘al 显现，Hif‘il 显明"
        },
        "10": {
            "sn": "03045",
            "brief": "Qal 知道、认识、辨别、经历，Hif‘il 使知道、宣告"
        },
        "literal": "我要下去察看他们所做的是否尽像那达到我这里的它(原文用阴性)的呼号；若是不然，我也必知道。」",
        "0": {
            "sn": "03381",
            "brief": "下去、降临"
        },
        "1": {
            "sn": "04994",
            "brief": "作为鼓励语的一部份"
        },
        "3": {
            "sn": "06818",
            "brief": "呼号、喊叫、哭声"
        },
        "4": {
            "sn": "00935",
            "brief": "来、进入、临到、发生"
        },
        "5": {
            "sn": "00413",
            "brief": "对、向、往"
        },
        "6": {
            "sn": "06213",
            "brief": "做"
        },
        "7": {
            "sn": "03617",
            "brief": "彻底、全然、终止"
        },
        "8": {
            "sn": "00518",
            "brief": "如果、不是"
        },
        "9": {
            "sn": "03808",
            "brief": "不"
        }
    },
    "23": {
        "3": {
            "sn": "06662",
            "brief": "公义的"
        },
        "4": {
            "sn": "08432",
            "brief": "在中间"
        },
        "literal": "假若那城里有五十个义人，你真的要剿灭，不…饶了那地方吗？(…处填入下行)为其中的这五十个义人",
        "0": {
            "sn": "00194",
            "brief": "或者、或许"
        },
        "1": {
            "sn": "03426",
            "brief": "存在、有、是"
        },
        "2": {
            "sn": "02572",
            "brief": "数目的「五十」"
        },
        "5": {
            "sn": "05892",
            "brief": "城邑、城镇"
        },
        "6": {
            "sn": "00637",
            "brief": "的确、也"
        },
        "7": {
            "sn": "05595",
            "brief": "毁坏、抓住、夺走"
        },
        "9": {
            "sn": "05375",
            "brief": "高举、举起、背负、承担"
        },
        "10": {
            "sn": "04725",
            "brief": "地方"
        },
        "11": {
            "sn": "04616",
            "brief": "为了"
        },
        "12": {
            "sn": "02572",
            "brief": "数目的「五十」"
        },
        "13": {
            "sn": "06662",
            "brief": "公义的"
        },
        "14": {
            "sn": "00834",
            "brief": "不必翻译"
        },
        "15": {
            "sn": "07130",
            "brief": "中间、内脏"
        },
        "8": {
            "sn": "03808",
            "brief": "不"
        }
    },
    "19": {
        "0": {
            "sn": "00559",
            "brief": "说"
        },
        "9": {
            "sn": "03513",
            "brief": "Qal 是重的，Nif‘al 受尊重、得荣耀，Pi‘el 荣耀、加重、使迟钝，Hif‘il 加重"
        },
        "literal": "雅威说：「指控所多玛和蛾摩拉的哀声很多；他们的罪恶甚重，",
        "1": {
            "sn": "03068",
            "brief": "上帝的名字「雅威」，犹太人尊称为「上主」"
        },
        "2": {
            "sn": "02201",
            "brief": "哀声、哭喊"
        },
        "3": {
            "sn": "05467",
            "brief": "所多玛"
        },
        "4": {
            "sn": "06017",
            "brief": "蛾摩拉"
        },
        "5": {
            "sn": "03588",
            "brief": "因为、不必翻译"
        },
        "6": {
            "sn": "07231",
            "brief": "很多"
        },
        "7": {
            "sn": "02403",
            "brief": "罪、赎罪祭、除罪、罪罚"
        },
        "8": {
            "sn": "03588",
            "brief": "因为、不必翻译"
        },
        "10": {
            "sn": "03966",
            "brief": "极其、非常"
        }
    },
    "22": {
        "literal": "亚伯拉罕近前来，说：「你真的要把义人和恶人(都)一起剿灭吗？",
        "0": {
            "sn": "05066",
            "brief": "靠近"
        },
        "1": {
            "sn": "00085",
            "brief": "亚伯拉罕"
        },
        "2": {
            "sn": "00559",
            "brief": "说"
        },
        "3": {
            "sn": "00637",
            "brief": "的确、也"
        },
        "4": {
            "sn": "05595",
            "brief": "毁坏、抓住、夺走"
        },
        "5": {
            "sn": "06662",
            "brief": "公义的"
        },
        "6": {
            "sn": "05973",
            "brief": "跟"
        },
        "7": {
            "sn": "07563",
            "brief": "邪恶的"
        }
    },
    "17": {
        "6": {
            "sn": "01288",
            "brief": "Qal 屈膝、赐福，Pi‘el 赐福"
        },
        "literal": "亚伯拉罕必成为又大又强的国家；地上万国都必藉着他得福。",
        "0": {
            "sn": "00085",
            "brief": "亚伯拉罕"
        },
        "1": {
            "sn": "01961",
            "brief": "是、成为、临到"
        },
        "2": {
            "sn": "01961",
            "brief": "是、成为、临到"
        },
        "3": {
            "sn": "01471",
            "brief": "国家、人民"
        },
        "4": {
            "sn": "01419",
            "brief": "大的、伟大的"
        },
        "5": {
            "sn": "06099",
            "brief": "强壮的、不计其数"
        },
        "7": {
            "sn": "09002",
            "brief": "在、用、藉着、与、敌对"
        },
        "8": {
            "sn": "03605",
            "brief": "全部、整个、各"
        },
        "9": {
            "sn": "01471",
            "brief": "国家、人民"
        },
        "10": {
            "sn": "00776",
            "brief": "地、邦国、疆界"
        }
    }
}