{
    "6": {
        "11": {
            "sn": "09001",
            "brief": "给、往、向、到、归属于"
        },
        "literal": "他们二人的眼睛就被打开了，知道自己是赤身露体，便编织无花果树的叶子给自己做围裙。",
        "0": {
            "sn": "06491",
            "brief": "开"
        },
        "1": {
            "sn": "05869",
            "brief": "眼睛"
        },
        "2": {
            "sn": "08147",
            "brief": "数目的「二」"
        },
        "4": {
            "sn": "03588",
            "brief": "因为、不必翻译"
        },
        "5": {
            "sn": "05903",
            "brief": "赤裸的"
        },
        "6": {
            "sn": "01992",
            "brief": "他们"
        },
        "7": {
            "sn": "08609",
            "brief": "缝补、缝合"
        },
        "8": {
            "sn": "05929",
            "brief": "叶子"
        },
        "9": {
            "sn": "08384",
            "brief": "无花果、无花果树"
        },
        "10": {
            "sn": "06213",
            "brief": "做"
        },
        "12": {
            "sn": "02290",
            "brief": "腰带"
        },
        "3": {
            "sn": "03045",
            "brief": "Qal 知道、认识、辨别、经历，Hif‘il 使知道、宣告"
        }
    },
    "8": {
        "6": {
            "sn": "09001",
            "brief": "给、往、向、到、归属于"
        },
        "0": {
            "sn": "07121",
            "brief": "喊叫、召集、称呼、求告、朗读"
        },
        "1": {
            "sn": "03068",
            "brief": "上帝的名字「雅威」，犹太人尊称为「上主」"
        },
        "2": {
            "sn": "00430",
            "brief": "上帝、神、神明"
        },
        "3": {
            "sn": "00413",
            "brief": "向、往"
        },
        "4": {
            "sn": "00120",
            "brief": "人"
        },
        "5": {
            "sn": "00559",
            "brief": "说"
        },
        "7": {
            "sn": "00335",
            "brief": "哪里"
        },
        "literal": "雅威上帝呼唤那人，对他说：「你在那里？」"
    },
    "10": {
        "3": {
            "sn": "09001",
            "brief": "给、往、向、到、归属于"
        },
        "literal": "他说：「谁告诉你你是赤身露体的呢？莫非…我吩咐你不可吃的那棵树所出的吗？」(…处填入下行)你吃了",
        "0": {
            "sn": "00559",
            "brief": "说"
        },
        "1": {
            "sn": "04310",
            "brief": "谁"
        },
        "4": {
            "sn": "03588",
            "brief": "因为、不必翻译"
        },
        "5": {
            "sn": "05903",
            "brief": "赤裸的"
        },
        "6": {
            "sn": "00859",
            "brief": "你"
        },
        "7": {
            "sn": "04480",
            "brief": "从、出、离"
        },
        "8": {
            "sn": "06086",
            "brief": "木头、树"
        },
        "9": {
            "sn": "00834",
            "brief": "不必翻译"
        },
        "11": {
            "sn": "01115",
            "brief": "除了、不"
        },
        "12": {
            "sn": "00398",
            "brief": "吃、吞吃"
        },
        "13": {
            "sn": "04480",
            "brief": "从、出、离"
        },
        "14": {
            "sn": "00398",
            "brief": "吃、吞吃"
        },
        "2": {
            "sn": "05046",
            "brief": "Hif‘il 告诉、宣布、声明、通知"
        },
        "10": {
            "sn": "06680",
            "brief": "Pi‘el 命令、吩咐"
        }
    },
    "11": {
        "8": {
            "sn": "09001",
            "brief": "给、往、向、到、归属于"
        },
        "0": {
            "sn": "00559",
            "brief": "说"
        },
        "1": {
            "sn": "00120",
            "brief": "人"
        },
        "2": {
            "sn": "00802",
            "brief": "女人、妻子"
        },
        "3": {
            "sn": "00834",
            "brief": "不必翻译"
        },
        "4": {
            "sn": "05414",
            "brief": "赐、给"
        },
        "5": {
            "sn": "05978",
            "brief": "跟"
        },
        "6": {
            "sn": "01931",
            "brief": "他；她"
        },
        "7": {
            "sn": "05414",
            "brief": "赐、给"
        },
        "9": {
            "sn": "04480",
            "brief": "从、出、离"
        },
        "10": {
            "sn": "06086",
            "brief": "木头、树"
        },
        "11": {
            "sn": "00398",
            "brief": "吃、吞吃"
        },
        "literal": "那人说：「那个女人，就是你所赐给我、跟我在一起的女人，她把那棵树所出的给我，我就吃了。」"
    },
    "17": {
        "3": {
            "sn": "09001",
            "brief": "给、往、向、到、归属于"
        },
        "0": {
            "sn": "06975",
            "brief": "荆棘、刺"
        },
        "1": {
            "sn": "01863",
            "brief": "蒺藜"
        },
        "4": {
            "sn": "00398",
            "brief": "吃、吞吃"
        },
        "5": {
            "sn": "00853",
            "brief": "不必翻译"
        },
        "6": {
            "sn": "06212",
            "brief": "绿色植物、青草"
        },
        "7": {
            "sn": "07704",
            "brief": "田地"
        },
        "2": {
            "sn": "06779",
            "brief": "发芽"
        },
        "literal": "它(指地)必给你长出荆棘和蒺藜来；你也要吃田间的菜蔬。"
    },
    "2": {
        "12": {
            "sn": "09002",
            "brief": "在、用、藉着、与、敌对"
        },
        "10": {
            "sn": "03808",
            "brief": "不"
        },
        "0": {
            "sn": "06529",
            "brief": "果实"
        },
        "1": {
            "sn": "06086",
            "brief": "木头、树"
        },
        "2": {
            "sn": "00834",
            "brief": "不必翻译"
        },
        "3": {
            "sn": "08432",
            "brief": "在中间"
        },
        "4": {
            "sn": "01588",
            "brief": "花园、菜园、果园"
        },
        "5": {
            "sn": "00559",
            "brief": "说"
        },
        "6": {
            "sn": "00430",
            "brief": "上帝、神、神明"
        },
        "8": {
            "sn": "00398",
            "brief": "吃、吞吃"
        },
        "9": {
            "sn": "04480",
            "brief": "从、出、离"
        },
        "11": {
            "sn": "05060",
            "brief": "接触、触及"
        },
        "13": {
            "sn": "06435",
            "brief": "免得、恐怕、为了不"
        },
        "14": {
            "sn": "04191",
            "brief": "死"
        },
        "7": {
            "sn": "03808",
            "brief": "不"
        },
        "literal": "惟有园子当中那棵树的果子，上帝曾说：『你们不可吃它，也不可摸它，免得你们死。』」"
    },
    "0": {
        "17": {
            "sn": "03808",
            "brief": "不"
        },
        "literal": "…惟有那蛇比野地一切的走兽更狡猾。(…处填入下行)雅威上帝所造的，它对那女人说：「上帝岂是真说你们不可吃园中所有树上的果子吗？」",
        "0": {
            "sn": "05175",
            "brief": "蛇"
        },
        "1": {
            "sn": "01961",
            "brief": "成为、是、临到"
        },
        "2": {
            "sn": "06175",
            "brief": "狡猾"
        },
        "3": {
            "sn": "03605",
            "brief": "全部、整个、各"
        },
        "4": {
            "sn": "02416",
            "brief": "活物"
        },
        "5": {
            "sn": "07704",
            "brief": "田地"
        },
        "6": {
            "sn": "00834",
            "brief": "不必翻译"
        },
        "7": {
            "sn": "06213",
            "brief": "做"
        },
        "8": {
            "sn": "03068",
            "brief": "上帝的名字「雅威」，犹太人尊称为「上主」"
        },
        "9": {
            "sn": "00430",
            "brief": "上帝、神、神明"
        },
        "10": {
            "sn": "00559",
            "brief": "说"
        },
        "11": {
            "sn": "00413",
            "brief": "向、往"
        },
        "12": {
            "sn": "00802",
            "brief": "女人、妻子"
        },
        "13": {
            "sn": "00637",
            "brief": "的确、也"
        },
        "14": {
            "sn": "03588",
            "brief": "因为、不必翻译"
        },
        "15": {
            "sn": "00559",
            "brief": "说"
        },
        "16": {
            "sn": "00430",
            "brief": "上帝、神、神明"
        },
        "18": {
            "sn": "00398",
            "brief": "吃、吞吃"
        },
        "19": {
            "sn": "03605",
            "brief": "全部、整个、各"
        },
        "20": {
            "sn": "06086",
            "brief": "木头、树"
        },
        "21": {
            "sn": "01588",
            "brief": "花园、菜园、果园"
        }
    },
    "3": {
        "4": {
            "sn": "03808",
            "brief": "不"
        },
        "0": {
            "sn": "00559",
            "brief": "说"
        },
        "1": {
            "sn": "05175",
            "brief": "蛇"
        },
        "2": {
            "sn": "00413",
            "brief": "向、往"
        },
        "3": {
            "sn": "00802",
            "brief": "女人、妻子"
        },
        "5": {
            "sn": "04191",
            "brief": "死"
        },
        "6": {
            "sn": "04191",
            "brief": "死"
        },
        "literal": "那蛇对那女人说：「你们不会一定死；"
    },
    "22": {
        "9": {
            "sn": "03947",
            "brief": "拿、取"
        },
        "1": {
            "sn": "03068",
            "brief": "上帝的名字「雅威」，犹太人尊称为「上主」"
        },
        "2": {
            "sn": "00430",
            "brief": "上帝、神、神明"
        },
        "3": {
            "sn": "01588",
            "brief": "花园、菜园、果园"
        },
        "4": {
            "sn": "05731",
            "brief": "伊甸"
        },
        "5": {
            "sn": "05647",
            "brief": "工作、服事"
        },
        "6": {
            "sn": "00853",
            "brief": "不必翻译"
        },
        "7": {
            "sn": "00127",
            "brief": "土地"
        },
        "8": {
            "sn": "00834",
            "brief": "不必翻译"
        },
        "10": {
            "sn": "08033",
            "brief": "那里"
        },
        "0": {
            "sn": "07971",
            "brief": "差遣、释放、送走、伸出、伸展"
        },
        "literal": "雅威上帝便打发他离开伊甸园，耕种他从那里所出的土地。"
    },
    "23": {
        "1": {
            "sn": "00853",
            "brief": "不必翻译"
        },
        "2": {
            "sn": "00120",
            "brief": "人"
        },
        "4": {
            "sn": "06924",
            "brief": "古老、东方"
        },
        "5": {
            "sn": "01588",
            "brief": "花园、菜园、果园"
        },
        "6": {
            "sn": "05731",
            "brief": "伊甸"
        },
        "7": {
            "sn": "00853",
            "brief": "不必翻译"
        },
        "8": {
            "sn": "03742",
            "brief": "基路伯"
        },
        "9": {
            "sn": "00853",
            "brief": "不必翻译"
        },
        "10": {
            "sn": "03858",
            "brief": "火焰(用于指天使的剑)"
        },
        "11": {
            "sn": "02719",
            "brief": "刀、刀剑"
        },
        "13": {
            "sn": "08104",
            "brief": "谨守、小心"
        },
        "14": {
            "sn": "00853",
            "brief": "不必翻译"
        },
        "15": {
            "sn": "01870",
            "brief": "道路、行为、方向、方法"
        },
        "16": {
            "sn": "06086",
            "brief": "木头、树"
        },
        "17": {
            "sn": "02416",
            "brief": "生命"
        },
        "18": {
            "sn": "09014",
            "brief": "关闭的意思"
        },
        "3": {
            "sn": "07931",
            "brief": "居住、定居、安置"
        },
        "12": {
            "sn": "02015",
            "brief": "推翻、倾覆、转变"
        },
        "0": {
            "sn": "01644",
            "brief": "驱赶、翻腾"
        },
        "literal": "他把那人赶出去，就在伊甸园的东边安设基路伯和四面转动发火焰的剑，以把守生命树的道路。"
    },
    "1": {
        "0": {
            "sn": "00559",
            "brief": "说"
        },
        "1": {
            "sn": "00802",
            "brief": "女人、妻子"
        },
        "2": {
            "sn": "00413",
            "brief": "向、往"
        },
        "3": {
            "sn": "05175",
            "brief": "蛇"
        },
        "literal": "那女人对那蛇说：「园中树上的果子，我们(都)可以吃，",
        "4": {
            "sn": "06529",
            "brief": "果实"
        },
        "5": {
            "sn": "06086",
            "brief": "木头、树"
        },
        "6": {
            "sn": "01588",
            "brief": "花园、菜园、果园"
        },
        "7": {
            "sn": "00398",
            "brief": "吃、吞吃"
        }
    },
    "4": {
        "12": {
            "sn": "02896",
            "brief": "名词：良善、美好、福乐；形容词：良善的、美好的"
        },
        "0": {
            "sn": "03588",
            "brief": "因为、不必翻译"
        },
        "2": {
            "sn": "00430",
            "brief": "上帝、神、神明"
        },
        "3": {
            "sn": "03588",
            "brief": "因为、不必翻译"
        },
        "4": {
            "sn": "03117",
            "brief": "日子、时候"
        },
        "5": {
            "sn": "00398",
            "brief": "吃、吞吃"
        },
        "6": {
            "sn": "04480",
            "brief": "从、出、离"
        },
        "7": {
            "sn": "06491",
            "brief": "开"
        },
        "8": {
            "sn": "05869",
            "brief": "眼睛"
        },
        "9": {
            "sn": "01961",
            "brief": "成为、是、临到"
        },
        "10": {
            "sn": "00430",
            "brief": "上帝、神、神明"
        },
        "literal": "因为上帝知道，你们吃它的时候，你们的眼睛会因它而被打开，你们便如上帝能辨别善和恶。」",
        "13": {
            "sn": "07451",
            "brief": "邪恶的、灾祸的"
        },
        "1": {
            "sn": "03045",
            "brief": "Qal 知道、认识、辨别、经历，Hif‘il 使知道、宣告"
        },
        "11": {
            "sn": "03045",
            "brief": "Qal 知道、认识、辨别、经历，Hif‘il 使知道、宣告"
        }
    },
    "5": {
        "12": {
            "sn": "07919",
            "brief": "Qal 明白、聪明、谨慎，Pi‘el 手交叉，Hif‘il 有洞察力、教导、成功、顺利"
        },
        "0": {
            "sn": "07200",
            "brief": "Qal 看见、看顾、察觉，Nif‘al 显现，Hif‘il 显明"
        },
        "3": {
            "sn": "02896",
            "brief": "名词：良善、美好、福乐；形容词：良善的、美好的"
        },
        "1": {
            "sn": "00802",
            "brief": "女人、妻子"
        },
        "2": {
            "sn": "03588",
            "brief": "因为、不必翻译"
        },
        "4": {
            "sn": "06086",
            "brief": "木头、树"
        },
        "5": {
            "sn": "03978",
            "brief": "食物"
        },
        "6": {
            "sn": "03588",
            "brief": "因为、不必翻译"
        },
        "7": {
            "sn": "08378",
            "brief": "愿望、羡慕、渴慕"
        },
        "8": {
            "sn": "01931",
            "brief": "他"
        },
        "9": {
            "sn": "05869",
            "brief": "眼睛"
        },
        "10": {
            "sn": "02530",
            "brief": "喜悦"
        },
        "11": {
            "sn": "06086",
            "brief": "木头、树"
        },
        "13": {
            "sn": "03947",
            "brief": "取、娶、拿"
        },
        "14": {
            "sn": "06529",
            "brief": "果实"
        },
        "15": {
            "sn": "00398",
            "brief": "吃、吞吃"
        },
        "16": {
            "sn": "05414",
            "brief": "赐、给"
        },
        "17": {
            "sn": "01571",
            "brief": "也"
        },
        "18": {
            "sn": "00376",
            "brief": "各人、人、男人、丈夫"
        },
        "19": {
            "sn": "05973",
            "brief": "跟"
        },
        "20": {
            "sn": "00398",
            "brief": "吃、吞吃"
        },
        "literal": "于是女人见那棵树好作食物，它也悦人眼目，那棵树令人喜爱，能使人有智慧，她就摘下它的果子来吃，又给那同她在一起的丈夫，他也吃了。"
    },
    "7": {
        "1": {
            "sn": "00853",
            "brief": "不必翻译"
        },
        "2": {
            "sn": "06963",
            "brief": "声音"
        },
        "3": {
            "sn": "03068",
            "brief": "上帝的名字「雅威」，犹太人尊称为「上主」"
        },
        "4": {
            "sn": "00430",
            "brief": "上帝、神、神明"
        },
        "6": {
            "sn": "01588",
            "brief": "花园、菜园、果园"
        },
        "7": {
            "sn": "07307",
            "brief": "灵、风、气息"
        },
        "8": {
            "sn": "03117",
            "brief": "日子、时候"
        },
        "10": {
            "sn": "00120",
            "brief": "人"
        },
        "11": {
            "sn": "00802",
            "brief": "女人、妻子"
        },
        "12": {
            "sn": "06440",
            "brief": "脸"
        },
        "13": {
            "sn": "03068",
            "brief": "上帝的名字「雅威」，犹太人尊称为「上主」"
        },
        "14": {
            "sn": "00430",
            "brief": "上帝、神、神明"
        },
        "15": {
            "sn": "08432",
            "brief": "在中间"
        },
        "16": {
            "sn": "06086",
            "brief": "木头、树"
        },
        "17": {
            "sn": "01588",
            "brief": "花园、菜园、果园"
        },
        "5": {
            "sn": "01980",
            "brief": "来、去"
        },
        "9": {
            "sn": "02244",
            "brief": "隐藏、撤退"
        },
        "0": {
            "sn": "08085",
            "brief": "Qal 听、听从，Hif‘il 说明、使…听"
        },
        "literal": "他们听见…雅威上帝的声音，(…处填入下行)在一天当中有风的时候行走在园中的那人和他妻子就藏…躲避雅威上帝的面。…(…处填入下行)在园里的树木中，"
    },
    "9": {
        "0": {
            "sn": "00559",
            "brief": "说"
        },
        "1": {
            "sn": "00853",
            "brief": "不必翻译"
        },
        "2": {
            "sn": "06963",
            "brief": "声音"
        },
        "4": {
            "sn": "01588",
            "brief": "花园、菜园、果园"
        },
        "6": {
            "sn": "03588",
            "brief": "因为、不必翻译"
        },
        "7": {
            "sn": "05903",
            "brief": "赤裸的"
        },
        "8": {
            "sn": "00595",
            "brief": "我"
        },
        "9": {
            "sn": "02244",
            "brief": "隐藏、撤退"
        },
        "3": {
            "sn": "08085",
            "brief": "Qal 听、听从，Hif‘il 说明、使…听"
        },
        "literal": "他说：「我在园中听见你的声音，我就害怕；因为我是赤身露体，我便躲藏。」",
        "5": {
            "sn": "03372",
            "brief": "Qal 害怕，Nif‘al 令人畏惧"
        }
    },
    "12": {
        "0": {
            "sn": "00559",
            "brief": "说"
        },
        "1": {
            "sn": "03068",
            "brief": "上帝的名字「雅威」，犹太人尊称为「上主」"
        },
        "2": {
            "sn": "00430",
            "brief": "上帝、神、神明"
        },
        "3": {
            "sn": "00802",
            "brief": "女人、妻子"
        },
        "4": {
            "sn": "04100",
            "brief": "什么"
        },
        "5": {
            "sn": "02063",
            "brief": "这个"
        },
        "6": {
            "sn": "06213",
            "brief": "做"
        },
        "7": {
            "sn": "00559",
            "brief": "说"
        },
        "8": {
            "sn": "00802",
            "brief": "女人、妻子"
        },
        "9": {
            "sn": "05175",
            "brief": "蛇"
        },
        "11": {
            "sn": "00398",
            "brief": "吃、吞吃"
        },
        "10": {
            "sn": "05377",
            "brief": "蒙蔽、欺骗"
        },
        "literal": "雅威上帝对那女人说：「你这做的是甚么事呢？」那女人说：「那蛇引诱我，我就吃了。」"
    },
    "13": {
        "0": {
            "sn": "00559",
            "brief": "说"
        },
        "1": {
            "sn": "03068",
            "brief": "上帝的名字「雅威」，犹太人尊称为「上主」"
        },
        "2": {
            "sn": "00430",
            "brief": "上帝、神、神明"
        },
        "3": {
            "sn": "00413",
            "brief": "对、向、往"
        },
        "4": {
            "sn": "05175",
            "brief": "蛇"
        },
        "5": {
            "sn": "03588",
            "brief": "因为、不必翻译"
        },
        "6": {
            "sn": "06213",
            "brief": "做"
        },
        "7": {
            "sn": "02063",
            "brief": "这个"
        },
        "8": {
            "sn": "00779",
            "brief": "诅咒"
        },
        "9": {
            "sn": "00859",
            "brief": "你"
        },
        "10": {
            "sn": "03605",
            "brief": "各、全部、整个"
        },
        "11": {
            "sn": "00929",
            "brief": "野兽、牲畜、动物"
        },
        "12": {
            "sn": "03605",
            "brief": "各、全部、整个"
        },
        "13": {
            "sn": "02416",
            "brief": "活物、群体"
        },
        "14": {
            "sn": "07704",
            "brief": "田地"
        },
        "15": {
            "sn": "05921",
            "brief": "在…上面"
        },
        "16": {
            "sn": "01512",
            "brief": "肚子(用于指爬虫类)"
        },
        "17": {
            "sn": "01980",
            "brief": "来、去"
        },
        "18": {
            "sn": "06083",
            "brief": "灰尘"
        },
        "19": {
            "sn": "00398",
            "brief": "吃、吞吃"
        },
        "20": {
            "sn": "03605",
            "brief": "各、全部、整个"
        },
        "21": {
            "sn": "03117",
            "brief": "日子、时候"
        },
        "22": {
            "sn": "02416",
            "brief": "生命"
        },
        "literal": "雅威上帝对那蛇说：「你既做了这事，就必受诅咒，比一切的牲畜和所有野地的走兽更甚。你必用肚子行走，终身吃土。"
    },
    "14": {
        "0": {
            "sn": "00342",
            "brief": "敌意、仇恨"
        },
        "1": {
            "sn": "07896",
            "brief": "置、放、定"
        },
        "2": {
            "sn": "00996",
            "brief": "在…之间"
        },
        "3": {
            "sn": "00996",
            "brief": "在…之间"
        },
        "4": {
            "sn": "00802",
            "brief": "女人、妻子"
        },
        "5": {
            "sn": "00996",
            "brief": "在…之间"
        },
        "6": {
            "sn": "02233",
            "brief": "后裔、子孙"
        },
        "7": {
            "sn": "00996",
            "brief": "在…之间"
        },
        "8": {
            "sn": "02233",
            "brief": "后裔、子孙"
        },
        "9": {
            "sn": "01931",
            "brief": "他"
        },
        "10": {
            "sn": "07779",
            "brief": "打伤"
        },
        "11": {
            "sn": "07218",
            "brief": "头、起头、山顶、领袖"
        },
        "12": {
            "sn": "00859",
            "brief": "你"
        },
        "13": {
            "sn": "07779",
            "brief": "打伤"
        },
        "14": {
            "sn": "06119",
            "brief": "脚跟、脚踪"
        },
        "15": {
            "sn": "09014",
            "brief": "关闭的意思"
        },
        "literal": "我又要叫你和女人之间彼此为仇；你的后裔和她的后裔之间也彼此为仇。他(指女人的后裔)要伤你的头；你要伤他的脚跟。」"
    },
    "15": {
        "0": {
            "sn": "00413",
            "brief": "对、向、往"
        },
        "1": {
            "sn": "00802",
            "brief": "女人、妻子"
        },
        "2": {
            "sn": "00559",
            "brief": "说"
        },
        "5": {
            "sn": "06093",
            "brief": "痛苦"
        },
        "6": {
            "sn": "02032",
            "brief": "怀孕"
        },
        "7": {
            "sn": "06089",
            "brief": "I. 劳碌、痛苦；II. 容器"
        },
        "8": {
            "sn": "03205",
            "brief": "生出、出生"
        },
        "9": {
            "sn": "01121",
            "brief": "儿子、孙子、后裔、成员"
        },
        "10": {
            "sn": "00413",
            "brief": "对、向、往"
        },
        "11": {
            "sn": "00376",
            "brief": "各人、人、男人、丈夫"
        },
        "12": {
            "sn": "08669",
            "brief": "渴慕、恋慕"
        },
        "13": {
            "sn": "01931",
            "brief": "他"
        },
        "14": {
            "sn": "04910",
            "brief": "掌权、治理"
        },
        "15": {
            "sn": "09002",
            "brief": "在、用、藉着、与、敌对"
        },
        "16": {
            "sn": "09014",
            "brief": "关闭的意思"
        },
        "3": {
            "sn": "07235",
            "brief": "多、变多"
        },
        "4": {
            "sn": "07235",
            "brief": "多、变多"
        },
        "literal": "对那女人，他说：「我必多多加增你怀胎的苦楚，你要在痛苦中生产儿女；你的恋慕在你丈夫身上，他必管辖你。」"
    },
    "16": {
        "literal": "对亚当，他说：「你既听从你妻子的话，吃了…那树所出的，(…处填入下行)我吩咐你不可吃的土地必为你的缘故受诅咒；你必终身劳苦才能吃它(原文用阴性)。",
        "0": {
            "sn": "00121",
            "brief": "亚当"
        },
        "1": {
            "sn": "00559",
            "brief": "说"
        },
        "2": {
            "sn": "03588",
            "brief": "因为、不必翻译"
        },
        "4": {
            "sn": "06963",
            "brief": "声音"
        },
        "5": {
            "sn": "00802",
            "brief": "女人、妻子"
        },
        "6": {
            "sn": "00398",
            "brief": "吃、吞吃"
        },
        "7": {
            "sn": "04480",
            "brief": "从、出、离"
        },
        "8": {
            "sn": "06086",
            "brief": "木头、树"
        },
        "9": {
            "sn": "00834",
            "brief": "不必翻译"
        },
        "11": {
            "sn": "00559",
            "brief": "说"
        },
        "13": {
            "sn": "00398",
            "brief": "吃、吞吃"
        },
        "14": {
            "sn": "04480",
            "brief": "从、出、离"
        },
        "15": {
            "sn": "00779",
            "brief": "诅咒"
        },
        "16": {
            "sn": "00127",
            "brief": "土地"
        },
        "17": {
            "sn": "05668",
            "brief": "为了"
        },
        "18": {
            "sn": "06093",
            "brief": "劳苦、痛苦"
        },
        "19": {
            "sn": "00398",
            "brief": "吃、吞吃"
        },
        "20": {
            "sn": "03605",
            "brief": "各、全部、整个"
        },
        "21": {
            "sn": "03117",
            "brief": "日子、时候"
        },
        "22": {
            "sn": "02416",
            "brief": "生命"
        },
        "12": {
            "sn": "03808",
            "brief": "不"
        },
        "3": {
            "sn": "08085",
            "brief": "Qal 听、听从，Hif‘il 说明、使…听"
        },
        "10": {
            "sn": "06680",
            "brief": "Pi‘el 命令、吩咐"
        }
    },
    "18": {
        "10": {
            "sn": "03947",
            "brief": "取、娶、拿"
        },
        "0": {
            "sn": "02188",
            "brief": "流汗"
        },
        "1": {
            "sn": "00639",
            "brief": "鼻子、怒气、脸"
        },
        "2": {
            "sn": "00398",
            "brief": "吃、吞吃"
        },
        "3": {
            "sn": "03899",
            "brief": "饼、面包、食物"
        },
        "4": {
            "sn": "05704",
            "brief": "直到"
        },
        "6": {
            "sn": "00413",
            "brief": "对、向、往"
        },
        "7": {
            "sn": "00127",
            "brief": "土地"
        },
        "8": {
            "sn": "03588",
            "brief": "因为、不必翻译"
        },
        "9": {
            "sn": "04480",
            "brief": "从、出、离"
        },
        "11": {
            "sn": "03588",
            "brief": "因为、不必翻译"
        },
        "12": {
            "sn": "06083",
            "brief": "灰尘"
        },
        "5": {
            "sn": "07725",
            "brief": "Qal 回复、回转、重复，Po‘lel 带回、复兴、更新，Hif‘il 回报、报告、带回"
        },
        "13": {
            "sn": "00859",
            "brief": "你"
        },
        "14": {
            "sn": "00413",
            "brief": "对、向、往"
        },
        "15": {
            "sn": "06083",
            "brief": "灰尘"
        },
        "16": {
            "sn": "07725",
            "brief": "Qal 回复、回转、重复，Po‘lel 带回、复兴、更新，Hif‘il 回报、报告、带回"
        },
        "literal": "你的鼻子要流汗才有食物可吃，直到你归了土地，因为你是从它(原文用阴性)而出的。你本是尘土，也要归于尘土。"
    },
    "19": {
        "literal": "那人就称他妻子的名字为夏娃，因为她是众生之母。",
        "0": {
            "sn": "07121",
            "brief": "喊叫、召集、称呼、求告、朗读"
        },
        "1": {
            "sn": "00120",
            "brief": "人"
        },
        "2": {
            "sn": "08034",
            "brief": "名字"
        },
        "3": {
            "sn": "00802",
            "brief": "女人、妻子"
        },
        "4": {
            "sn": "02332",
            "brief": "夏娃"
        },
        "5": {
            "sn": "03588",
            "brief": "因为、不必翻译"
        },
        "6": {
            "sn": "01931",
            "brief": "他；她"
        },
        "7": {
            "sn": "01961",
            "brief": "成为、是、临到"
        },
        "8": {
            "sn": "00517",
            "brief": "母亲"
        },
        "9": {
            "sn": "03605",
            "brief": "各、全部、整个"
        },
        "10": {
            "sn": "02416",
            "brief": "活的"
        }
    },
    "20": {
        "0": {
            "sn": "06213",
            "brief": "做"
        },
        "1": {
            "sn": "03068",
            "brief": "上帝的名字「雅威」，犹太人尊称为「上主」"
        },
        "2": {
            "sn": "00430",
            "brief": "上帝、神、神明"
        },
        "3": {
            "sn": "00121",
            "brief": "亚当"
        },
        "4": {
            "sn": "00802",
            "brief": "女人、妻子"
        },
        "5": {
            "sn": "03801",
            "brief": "短袖束腰外衣"
        },
        "6": {
            "sn": "05785",
            "brief": "皮"
        },
        "8": {
            "sn": "09015",
            "brief": "开的意思"
        },
        "7": {
            "sn": "03847",
            "brief": "穿上"
        },
        "literal": "雅威上帝为亚当和他妻子做皮衣服给他们穿。"
    },
    "21": {
        "0": {
            "sn": "00559",
            "brief": "说"
        },
        "1": {
            "sn": "03068",
            "brief": "上帝的名字「雅威」，犹太人尊称为「上主」"
        },
        "2": {
            "sn": "00430",
            "brief": "上帝、神、神明"
        },
        "3": {
            "sn": "02005",
            "brief": "看哪"
        },
        "4": {
            "sn": "00120",
            "brief": "人"
        },
        "5": {
            "sn": "01961",
            "brief": "是、成为、临到"
        },
        "6": {
            "sn": "00259",
            "brief": "数目的「一」"
        },
        "7": {
            "sn": "04480",
            "brief": "从、出、离"
        },
        "8": {
            "sn": "03045",
            "brief": "Qal 知道、认识、辨别、经历，Hif‘il 使知道、宣告"
        },
        "10": {
            "sn": "07451",
            "brief": "邪恶的、灾祸的"
        },
        "11": {
            "sn": "06258",
            "brief": "现在"
        },
        "12": {
            "sn": "06435",
            "brief": "免得、恐怕、为了不"
        },
        "13": {
            "sn": "07971",
            "brief": "差遣、释放、送走、伸出、伸展"
        },
        "14": {
            "sn": "03027",
            "brief": "手、边、力量、权势"
        },
        "15": {
            "sn": "03947",
            "brief": "拿、取"
        },
        "16": {
            "sn": "01571",
            "brief": "也"
        },
        "17": {
            "sn": "06086",
            "brief": "木头、树"
        },
        "18": {
            "sn": "02416",
            "brief": "生命"
        },
        "19": {
            "sn": "00398",
            "brief": "吃、吞吃"
        },
        "20": {
            "sn": "02425",
            "brief": "Qal 活；Pi‘el 养育、使生存"
        },
        "21": {
            "sn": "05769",
            "brief": "永远"
        },
        "9": {
            "sn": "02896",
            "brief": "名词：良善、美好、福乐；形容词：良善的、美好的"
        },
        "literal": "雅威上帝说：「看哪，那人已经跟我们一样，能辨别善和恶；现在恐怕他伸他的手去摘生命树(的果子)吃，就活到永远。」"
    }
}