{
    "31": {
        "1": {
            "sn": "09001",
            "brief": "给、往、向、到、归属于"
        },
        "literal": "他父亲以撒对他说：「你是谁？」他说：「我是你的儿子，你的长子以扫。」",
        "0": {
            "sn": "00559",
            "brief": "说"
        },
        "2": {
            "sn": "03327",
            "brief": "以撒"
        },
        "3": {
            "sn": "00001",
            "brief": "父亲、祖先"
        },
        "4": {
            "sn": "04310",
            "brief": "谁"
        },
        "5": {
            "sn": "00859",
            "brief": "你"
        },
        "6": {
            "sn": "00559",
            "brief": "说"
        },
        "7": {
            "sn": "00589",
            "brief": "我"
        },
        "8": {
            "sn": "01121",
            "brief": "儿子、孙子、后裔、成员"
        },
        "9": {
            "sn": "01060",
            "brief": "头生的、长子"
        },
        "10": {
            "sn": "06215",
            "brief": "以扫"
        }
    },
    "42": {
        "6": {
            "sn": "09001",
            "brief": "给、往、向、到、归属于"
        },
        "literal": "现在，我儿啊，你要听我的声音：起来，逃往哈兰、我哥哥拉班那里去，",
        "0": {
            "sn": "06258",
            "brief": "现在"
        },
        "1": {
            "sn": "01121",
            "brief": "儿子、孙子、后裔、成员"
        },
        "2": {
            "sn": "08085",
            "brief": "听到、听从"
        },
        "3": {
            "sn": "06963",
            "brief": "声音"
        },
        "4": {
            "sn": "06965",
            "brief": "起来、设立、坚立"
        },
        "5": {
            "sn": "01272",
            "brief": "穿越、逃跑、赶快"
        },
        "7": {
            "sn": "00413",
            "brief": "向、往"
        },
        "8": {
            "sn": "03837",
            "brief": "拉班"
        },
        "9": {
            "sn": "00251",
            "brief": "兄弟"
        },
        "10": {
            "sn": "02771",
            "brief": "哈兰"
        }
    },
    "8": {
        "5": {
            "sn": "09001",
            "brief": "给、往、向、到、归属于"
        },
        "10": {
            "sn": "02896",
            "brief": "名词：良善、美好、福乐；形容词：良善的、美好的"
        },
        "literal": "你到羊群里去，从那里拿两只肥山羊羔给我，我要照他所爱的，把它们做成美味给你的父亲。",
        "0": {
            "sn": "01980",
            "brief": "去、行走"
        },
        "1": {
            "sn": "04994",
            "brief": "作为鼓励语的一部份"
        },
        "2": {
            "sn": "00413",
            "brief": "向、往"
        },
        "3": {
            "sn": "06629",
            "brief": "羊"
        },
        "4": {
            "sn": "03947",
            "brief": "拿、取"
        },
        "6": {
            "sn": "08033",
            "brief": "那里"
        },
        "7": {
            "sn": "08147",
            "brief": "数目的「二」"
        },
        "8": {
            "sn": "01423",
            "brief": "山羊羔"
        },
        "9": {
            "sn": "05795",
            "brief": "山羊、母山羊"
        },
        "11": {
            "sn": "06213",
            "brief": "做"
        },
        "12": {
            "sn": "00853",
            "brief": "不必翻译"
        },
        "13": {
            "sn": "04303",
            "brief": "美食、美味"
        },
        "14": {
            "sn": "00001",
            "brief": "父亲、祖先"
        },
        "15": {
            "sn": "00834",
            "brief": "不必翻译"
        },
        "16": {
            "sn": "00157",
            "brief": "爱"
        }
    },
    "24": {
        "2": {
            "sn": "09001",
            "brief": "给、往、向、到、归属于"
        },
        "10": {
            "sn": "09001",
            "brief": "给、往、向、到、归属于"
        },
        "13": {
            "sn": "09001",
            "brief": "给、往、向、到、归属于"
        },
        "literal": "他说：「你递给我，让我吃我儿子的野味，我好给你祝福。」他就递给他，他便吃了；又拿酒给他，他也喝了。",
        "0": {
            "sn": "00559",
            "brief": "说"
        },
        "7": {
            "sn": "01288",
            "brief": "称颂、祝福"
        },
        "3": {
            "sn": "00398",
            "brief": "吃、吞吃"
        },
        "4": {
            "sn": "06718",
            "brief": "猎物、食物"
        },
        "5": {
            "sn": "01121",
            "brief": "儿子、孙子、后裔、成员"
        },
        "6": {
            "sn": "04616",
            "brief": "为了"
        },
        "8": {
            "sn": "05315",
            "brief": "本人、人"
        },
        "1": {
            "sn": "05066",
            "brief": "带近、带"
        },
        "11": {
            "sn": "00398",
            "brief": "吃、吞吃"
        },
        "9": {
            "sn": "05066",
            "brief": "带近、靠近"
        },
        "14": {
            "sn": "03196",
            "brief": "酒"
        },
        "15": {
            "sn": "08354",
            "brief": "喝"
        },
        "12": {
            "sn": "00935",
            "brief": "来、进入、临到、发生"
        }
    },
    "27": {
        "1": {
            "sn": "09001",
            "brief": "给、往、向、到、归属于"
        },
        "literal": "愿上帝赐你天上的甘露、和地上的肥土，和许多五谷和新酒。",
        "0": {
            "sn": "05414",
            "brief": "赐、给"
        },
        "2": {
            "sn": "00430",
            "brief": "上帝、神、神明"
        },
        "3": {
            "sn": "02919",
            "brief": "露水"
        },
        "4": {
            "sn": "08064",
            "brief": "天"
        },
        "5": {
            "sn": "04924",
            "brief": "肥壮、油"
        },
        "6": {
            "sn": "00776",
            "brief": "地、邦国、疆界"
        },
        "7": {
            "sn": "07230",
            "brief": "多"
        },
        "8": {
            "sn": "01715",
            "brief": "五榖"
        },
        "9": {
            "sn": "08492",
            "brief": "新酒"
        }
    },
    "43": {
        "literal": "跟他住一些日子，直等你哥哥的怒气转消。",
        "0": {
            "sn": "03427",
            "brief": "居住、坐、停留"
        },
        "6": {
            "sn": "07725",
            "brief": "Qal 回复、回转、重复，Po‘lel 带回、复兴、更新，Hif‘il 回报、报告、带回"
        },
        "1": {
            "sn": "05973",
            "brief": "跟"
        },
        "3": {
            "sn": "00259",
            "brief": "数目的「一」"
        },
        "4": {
            "sn": "05704",
            "brief": "直到"
        },
        "5": {
            "sn": "00834",
            "brief": "不必翻译"
        },
        "7": {
            "sn": "02534",
            "brief": "怒气、热"
        },
        "8": {
            "sn": "00251",
            "brief": "兄弟"
        },
        "2": {
            "sn": "03117",
            "brief": "日子、时候"
        }
    },
    "17": {
        "literal": "他(指雅各)来到他父亲那里，说：「我的父亲。」他说：「我在这里。我儿，你是谁？」",
        "0": {
            "sn": "00935",
            "brief": "来、进入、临到、发生"
        },
        "1": {
            "sn": "00413",
            "brief": "向、往"
        },
        "2": {
            "sn": "00001",
            "brief": "父亲、祖先"
        },
        "3": {
            "sn": "00559",
            "brief": "说"
        },
        "4": {
            "sn": "00001",
            "brief": "父亲、祖先"
        },
        "5": {
            "sn": "00559",
            "brief": "说"
        },
        "6": {
            "sn": "02009",
            "brief": "看哪"
        },
        "7": {
            "sn": "04310",
            "brief": "谁"
        },
        "8": {
            "sn": "00859",
            "brief": "你"
        },
        "9": {
            "sn": "01121",
            "brief": "儿子、孙子、后裔、成员"
        }
    },
    "23": {
        "2": {
            "sn": "02088",
            "brief": "这个"
        },
        "0": {
            "sn": "00559",
            "brief": "说"
        },
        "1": {
            "sn": "00859",
            "brief": "你"
        },
        "3": {
            "sn": "01121",
            "brief": "儿子、孙子、后裔、成员"
        },
        "4": {
            "sn": "06215",
            "brief": "以扫"
        },
        "5": {
            "sn": "00559",
            "brief": "说"
        },
        "6": {
            "sn": "00589",
            "brief": "我"
        },
        "literal": "又说：「你真是我儿子以扫吗？」他说：「我是。」"
    },
    "35": {
        "14": {
            "sn": "01293",
            "brief": "祝福、和平之约"
        },
        "15": {
            "sn": "00559",
            "brief": "说"
        },
        "17": {
            "sn": "00680",
            "brief": "保留、退出、克制"
        },
        "18": {
            "sn": "09001",
            "brief": "给、往、向、到、归属于"
        },
        "16": {
            "sn": "03808",
            "brief": "不"
        },
        "literal": "他说：「是不是因为他名叫雅各，就欺骗了我这两次呢？他夺了我长子的名分，看哪，现在他又夺了我的福分。」他说：「你没有留下给我的祝福吗？」",
        "0": {
            "sn": "00559",
            "brief": "说"
        },
        "1": {
            "sn": "03588",
            "brief": "因为、不必翻译"
        },
        "2": {
            "sn": "07121",
            "brief": "喊叫、召集、称呼、求告、朗读"
        },
        "3": {
            "sn": "08034",
            "brief": "名、名字"
        },
        "4": {
            "sn": "03290",
            "brief": "雅各"
        },
        "5": {
            "sn": "06117",
            "brief": "排挤、抓脚跟"
        },
        "6": {
            "sn": "02088",
            "brief": "这个"
        },
        "7": {
            "sn": "06471",
            "brief": "敲击、脚步、这一次、次数"
        },
        "8": {
            "sn": "00853",
            "brief": "不必翻译"
        },
        "9": {
            "sn": "01062",
            "brief": "头生的"
        },
        "10": {
            "sn": "03947",
            "brief": "拿、取"
        },
        "11": {
            "sn": "02009",
            "brief": "看哪"
        },
        "12": {
            "sn": "06258",
            "brief": "现在"
        },
        "13": {
            "sn": "03947",
            "brief": "拿、取"
        },
        "19": {
            "sn": "01293",
            "brief": "祝福、和平之约"
        }
    },
    "37": {
        "literal": "以扫对他父亲说：「我父啊，你只有一样可祝的福吗？我父啊，求你也为我祝福！」以扫就提高他的声音而哭。",
        "0": {
            "sn": "00559",
            "brief": "说"
        },
        "1": {
            "sn": "06215",
            "brief": "以扫"
        },
        "3": {
            "sn": "00001",
            "brief": "父亲、祖先"
        },
        "4": {
            "sn": "01293",
            "brief": "祝福、和平之约"
        },
        "5": {
            "sn": "00259",
            "brief": "数目的「一」"
        },
        "6": {
            "sn": "01931",
            "brief": "她"
        },
        "7": {
            "sn": "09001",
            "brief": "给、往、向、到、归属于"
        },
        "8": {
            "sn": "00001",
            "brief": "父亲、祖先"
        },
        "10": {
            "sn": "01571",
            "brief": "也"
        },
        "11": {
            "sn": "00589",
            "brief": "我"
        },
        "12": {
            "sn": "00001",
            "brief": "父亲、祖先"
        },
        "13": {
            "sn": "05375",
            "brief": "高举、举起、背负、承担"
        },
        "14": {
            "sn": "06215",
            "brief": "以扫"
        },
        "15": {
            "sn": "06963",
            "brief": "声音"
        },
        "16": {
            "sn": "01058",
            "brief": "哭"
        },
        "2": {
            "sn": "00413",
            "brief": "向、往"
        },
        "9": {
            "sn": "01288",
            "brief": "称颂、祝福"
        }
    },
    "45": {
        "3": {
            "sn": "03327",
            "brief": "以撒"
        },
        "7": {
            "sn": "01323",
            "brief": "女儿、女子"
        },
        "20": {
            "sn": "02416",
            "brief": "生命，活着"
        },
        "literal": "利百加对以撒说：「我因赫人的女子，连性命都厌烦了；倘若雅各(也)…娶像这样的赫人女子为妻，(…处填入下行)从本地女子中我干嘛要活着呢？」",
        "0": {
            "sn": "00559",
            "brief": "说"
        },
        "1": {
            "sn": "07259",
            "brief": "利百加"
        },
        "2": {
            "sn": "00413",
            "brief": "向、往"
        },
        "4": {
            "sn": "06973",
            "brief": "厌恶、憎恨"
        },
        "5": {
            "sn": "02416",
            "brief": "生命，活着"
        },
        "6": {
            "sn": "06440",
            "brief": "脸"
        },
        "8": {
            "sn": "02845",
            "brief": "赫人"
        },
        "9": {
            "sn": "00518",
            "brief": "如果、不是"
        },
        "10": {
            "sn": "03947",
            "brief": "拿、取"
        },
        "11": {
            "sn": "03290",
            "brief": "雅各"
        },
        "12": {
            "sn": "00802",
            "brief": "女人、妻子"
        },
        "13": {
            "sn": "01323",
            "brief": "女儿"
        },
        "14": {
            "sn": "02845",
            "brief": "赫人"
        },
        "15": {
            "sn": "00428",
            "brief": "这些"
        },
        "16": {
            "sn": "01323",
            "brief": "女儿、女子"
        },
        "17": {
            "sn": "00776",
            "brief": "地、邦国、疆界"
        },
        "18": {
            "sn": "04100",
            "brief": "什么"
        },
        "19": {
            "sn": "09001",
            "brief": "给、往、向、到、归属于"
        }
    },
    "2": {
        "10": {
            "sn": "06718",
            "brief": "猎物、食物"
        },
        "literal": "现在拿你的器械，就是你的箭囊和你的弓，出到田野去，为我猎捕猎物，",
        "0": {
            "sn": "06258",
            "brief": "现在"
        },
        "1": {
            "sn": "05375",
            "brief": "高举、举起、背负、承担"
        },
        "2": {
            "sn": "04994",
            "brief": "作为鼓励语的一部份"
        },
        "3": {
            "sn": "03627",
            "brief": "器皿、器械、器具"
        },
        "4": {
            "sn": "08522",
            "brief": "箭袋"
        },
        "5": {
            "sn": "07198",
            "brief": "弓"
        },
        "6": {
            "sn": "03318",
            "brief": "出去"
        },
        "7": {
            "sn": "07704",
            "brief": "田地"
        },
        "8": {
            "sn": "06679",
            "brief": "猎捕、打猎"
        },
        "9": {
            "sn": "09001",
            "brief": "给、往、向、到、归属于"
        }
    },
    "7": {
        "literal": "现在我儿，你要…听从我的声音，(…处填入下行)照着我所吩咐你的，",
        "0": {
            "sn": "06258",
            "brief": "现在"
        },
        "1": {
            "sn": "01121",
            "brief": "儿子、孙子、后裔、成员"
        },
        "2": {
            "sn": "08085",
            "brief": "听到、听从"
        },
        "4": {
            "sn": "00834",
            "brief": "不必翻译"
        },
        "3": {
            "sn": "06963",
            "brief": "声音"
        },
        "5": {
            "sn": "00589",
            "brief": "我"
        },
        "7": {
            "sn": "00853",
            "brief": "不必翻译"
        },
        "6": {
            "sn": "06680",
            "brief": "Pi‘el 命令、吩咐"
        }
    },
    "15": {
        "9": {
            "sn": "06677",
            "brief": "颈项"
        },
        "4": {
            "sn": "03847",
            "brief": "穿"
        },
        "literal": "她又用山羊羔皮包在他的手上和他颈项的光滑处，",
        "0": {
            "sn": "00853",
            "brief": "不必翻译"
        },
        "1": {
            "sn": "05785",
            "brief": "皮"
        },
        "2": {
            "sn": "01423",
            "brief": "山羊羔"
        },
        "5": {
            "sn": "05921",
            "brief": "在…上面"
        },
        "6": {
            "sn": "03027",
            "brief": "手、边、力量、权势"
        },
        "7": {
            "sn": "05921",
            "brief": "在…上面"
        },
        "8": {
            "sn": "02513",
            "brief": "部分、柔和、平滑"
        },
        "3": {
            "sn": "05795",
            "brief": "山羊、母山羊"
        }
    },
    "21": {
        "literal": "雅各就挨近他父亲以撒。以撒摸他，说：「声音是雅各的声音，手却是以扫的手。」",
        "0": {
            "sn": "05066",
            "brief": "靠近"
        },
        "1": {
            "sn": "03290",
            "brief": "雅各"
        },
        "2": {
            "sn": "00413",
            "brief": "向、往"
        },
        "3": {
            "sn": "03327",
            "brief": "以撒"
        },
        "4": {
            "sn": "00001",
            "brief": "父亲、祖先"
        },
        "5": {
            "sn": "04959",
            "brief": "感觉，摸索"
        },
        "6": {
            "sn": "00559",
            "brief": "说"
        },
        "7": {
            "sn": "06963",
            "brief": "声音"
        },
        "8": {
            "sn": "06963",
            "brief": "声音"
        },
        "9": {
            "sn": "03290",
            "brief": "雅各"
        },
        "10": {
            "sn": "03027",
            "brief": "手、边、力量、权势"
        },
        "11": {
            "sn": "03027",
            "brief": "手、边、力量、权势"
        },
        "12": {
            "sn": "06215",
            "brief": "以扫"
        }
    },
    "19": {
        "7": {
            "sn": "04672",
            "brief": "寻找、追上、获得、发现"
        },
        "12": {
            "sn": "03068",
            "brief": "上帝的名字「雅威」，犹太人尊称为「上主」"
        },
        "13": {
            "sn": "00430",
            "brief": "上帝、神、神明"
        },
        "14": {
            "sn": "03942",
            "brief": "在…面前"
        },
        "11": {
            "sn": "07136",
            "brief": "遇见、遭遇"
        },
        "1": {
            "sn": "03327",
            "brief": "以撒"
        },
        "2": {
            "sn": "00413",
            "brief": "向、往"
        },
        "literal": "以撒对他儿子说：「我儿，你如何找得这么快呢？」他说：「因为雅威你的上帝使我在他面前遇见的。」",
        "0": {
            "sn": "00559",
            "brief": "说"
        },
        "3": {
            "sn": "01121",
            "brief": "儿子、孙子、后裔、成员"
        },
        "4": {
            "sn": "04100",
            "brief": "什么"
        },
        "5": {
            "sn": "02088",
            "brief": "这个"
        },
        "8": {
            "sn": "01121",
            "brief": "儿子、孙子、后裔、成员"
        },
        "9": {
            "sn": "00559",
            "brief": "说"
        },
        "10": {
            "sn": "03588",
            "brief": "因为、不必翻译"
        },
        "6": {
            "sn": "04116",
            "brief": "Pi‘el 快速的"
        }
    },
    "32": {
        "0": {
            "sn": "02729",
            "brief": "战兢"
        },
        "14": {
            "sn": "00398",
            "brief": "吃、吞吃"
        },
        "20": {
            "sn": "01288",
            "brief": "称颂、祝福"
        },
        "18": {
            "sn": "01288",
            "brief": "称颂、祝福"
        },
        "literal": "以撒就大大地战兢，直到极点，说：「那么，得了野味，拿来给我的，他是谁呢？在你来以前我已经吃了，为他祝了福，他将来也必蒙福。」",
        "1": {
            "sn": "03327",
            "brief": "以撒"
        },
        "2": {
            "sn": "02731",
            "brief": "战兢、害怕、焦虑"
        },
        "3": {
            "sn": "01419",
            "brief": "大的、伟大的"
        },
        "4": {
            "sn": "05704",
            "brief": "直到"
        },
        "5": {
            "sn": "03966",
            "brief": "极其、非常"
        },
        "6": {
            "sn": "00559",
            "brief": "说"
        },
        "7": {
            "sn": "04310",
            "brief": "谁"
        },
        "8": {
            "sn": "00645",
            "brief": "那么"
        },
        "9": {
            "sn": "01931",
            "brief": "他、她"
        },
        "10": {
            "sn": "06679",
            "brief": "猎捕、打猎"
        },
        "11": {
            "sn": "06718",
            "brief": "猎物、食物"
        },
        "12": {
            "sn": "00935",
            "brief": "来、进入、临到、发生"
        },
        "13": {
            "sn": "09001",
            "brief": "给、往、向、到、归属于"
        },
        "15": {
            "sn": "03605",
            "brief": "全部、整个、各"
        },
        "16": {
            "sn": "02962",
            "brief": "以前"
        },
        "17": {
            "sn": "00935",
            "brief": "来、进入、临到、发生"
        },
        "19": {
            "sn": "01571",
            "brief": "也"
        },
        "21": {
            "sn": "01961",
            "brief": "是、成为、临到"
        }
    },
    "3": {
        "literal": "照我所喜爱的，为我作成美味，拿来给我，让我吃，好让我在死以前为你祝福。」",
        "5": {
            "sn": "00935",
            "brief": "来、进入、临到、发生"
        },
        "0": {
            "sn": "06213",
            "brief": "做"
        },
        "1": {
            "sn": "09001",
            "brief": "给、往、向、到、归属于"
        },
        "2": {
            "sn": "04303",
            "brief": "美食、美味"
        },
        "3": {
            "sn": "00834",
            "brief": "不必翻译"
        },
        "4": {
            "sn": "00157",
            "brief": "爱"
        },
        "6": {
            "sn": "09001",
            "brief": "给、往、向、到、归属于"
        },
        "7": {
            "sn": "00398",
            "brief": "吃、吞吃"
        },
        "8": {
            "sn": "05668",
            "brief": "为了"
        },
        "10": {
            "sn": "05315",
            "brief": "生命、人"
        },
        "11": {
            "sn": "02962",
            "brief": "以前"
        },
        "12": {
            "sn": "04191",
            "brief": "死亡"
        },
        "9": {
            "sn": "01288",
            "brief": "称颂、祝福"
        }
    },
    "20": {
        "literal": "以撒对雅各说：「我儿，你近前来，我摸摸你，(知道)你真是我的儿子以扫不是。」",
        "0": {
            "sn": "00559",
            "brief": "说"
        },
        "1": {
            "sn": "03327",
            "brief": "以撒"
        },
        "2": {
            "sn": "00413",
            "brief": "向、往"
        },
        "3": {
            "sn": "03290",
            "brief": "雅各"
        },
        "4": {
            "sn": "05066",
            "brief": "靠近"
        },
        "5": {
            "sn": "04994",
            "brief": "作为鼓励语的一部份"
        },
        "6": {
            "sn": "04184",
            "brief": "感觉"
        },
        "7": {
            "sn": "01121",
            "brief": "儿子、孙子、后裔、成员"
        },
        "8": {
            "sn": "00859",
            "brief": "你"
        },
        "9": {
            "sn": "02088",
            "brief": "这个"
        },
        "13": {
            "sn": "03808",
            "brief": "不"
        },
        "10": {
            "sn": "01121",
            "brief": "儿子、孙子、后裔、成员"
        },
        "11": {
            "sn": "06215",
            "brief": "以扫"
        },
        "12": {
            "sn": "00518",
            "brief": "如果、不是"
        }
    },
    "22": {
        "0": {
            "sn": "03808",
            "brief": "不"
        },
        "literal": "以撒就辨不出他来，因为他的手像他哥哥以扫的手一样有毛，就给他祝福；",
        "2": {
            "sn": "03588",
            "brief": "因为、不必翻译"
        },
        "3": {
            "sn": "01961",
            "brief": "是、成为、临到"
        },
        "4": {
            "sn": "03027",
            "brief": "手、边、力量、权势"
        },
        "5": {
            "sn": "03027",
            "brief": "手、边、力量、权势"
        },
        "6": {
            "sn": "06215",
            "brief": "以扫"
        },
        "7": {
            "sn": "00251",
            "brief": "兄弟"
        },
        "8": {
            "sn": "08163",
            "brief": "毛茸茸的"
        },
        "9": {
            "sn": "01288",
            "brief": "称颂、祝福"
        },
        "1": {
            "sn": "05234",
            "brief": "承认、认识"
        }
    },
    "29": {
        "4": {
            "sn": "01288",
            "brief": "称颂、祝福"
        },
        "10": {
            "sn": "03318",
            "brief": "出去"
        },
        "11": {
            "sn": "03290",
            "brief": "雅各"
        },
        "literal": "以撒为雅各祝福完毕，雅各…才刚出来，(…处填入下行)从他父亲面前他哥哥以扫正打猎回来。",
        "0": {
            "sn": "01961",
            "brief": "是、成为、临到"
        },
        "1": {
            "sn": "00834",
            "brief": "不必翻译"
        },
        "3": {
            "sn": "03327",
            "brief": "以撒"
        },
        "5": {
            "sn": "00853",
            "brief": "不必翻译"
        },
        "6": {
            "sn": "03290",
            "brief": "雅各"
        },
        "7": {
            "sn": "01961",
            "brief": "是、成为、临到"
        },
        "8": {
            "sn": "00389",
            "brief": "然而、其实、当然"
        },
        "9": {
            "sn": "03318",
            "brief": "出去"
        },
        "2": {
            "sn": "03615",
            "brief": "Qal 完成、结束、停止，Pi‘el 完成、毁坏、根除"
        },
        "12": {
            "sn": "00854",
            "brief": "与、跟"
        },
        "13": {
            "sn": "06440",
            "brief": "脸"
        },
        "14": {
            "sn": "03327",
            "brief": "以撒"
        },
        "15": {
            "sn": "00001",
            "brief": "父亲、祖先"
        },
        "16": {
            "sn": "06215",
            "brief": "以扫"
        },
        "17": {
            "sn": "00251",
            "brief": "兄弟"
        },
        "18": {
            "sn": "00935",
            "brief": "来、进入、临到、发生"
        },
        "19": {
            "sn": "06718",
            "brief": "打猎、猎物"
        }
    },
    "18": {
        "17": {
            "sn": "01288",
            "brief": "称颂、祝福"
        },
        "9": {
            "sn": "01696",
            "brief": "Pi‘el 讲、说、指挥"
        },
        "2": {
            "sn": "00413",
            "brief": "向、往"
        },
        "literal": "雅各对他父亲说：「我是你的长子以扫，我已照你所吩咐我的做了。请起来坐着，吃我的野味，好让你给我祝福。」",
        "0": {
            "sn": "00559",
            "brief": "说"
        },
        "1": {
            "sn": "03290",
            "brief": "雅各"
        },
        "3": {
            "sn": "00001",
            "brief": "父亲、祖先"
        },
        "4": {
            "sn": "00595",
            "brief": "我"
        },
        "5": {
            "sn": "06215",
            "brief": "以扫"
        },
        "6": {
            "sn": "01060",
            "brief": "头生的、长子"
        },
        "7": {
            "sn": "06213",
            "brief": "做"
        },
        "8": {
            "sn": "00834",
            "brief": "不必翻译"
        },
        "10": {
            "sn": "00413",
            "brief": "向、往"
        },
        "11": {
            "sn": "06965",
            "brief": "起来、设立、坚立"
        },
        "12": {
            "sn": "04994",
            "brief": "作为鼓励语的一部份"
        },
        "13": {
            "sn": "03427",
            "brief": "居住、坐、停留"
        },
        "14": {
            "sn": "00398",
            "brief": "吃、吞吃"
        },
        "15": {
            "sn": "06718",
            "brief": "猎物、食物"
        },
        "16": {
            "sn": "05668",
            "brief": "为了"
        },
        "18": {
            "sn": "05315",
            "brief": "生命、人"
        }
    },
    "0": {
        "6": {
            "sn": "07200",
            "brief": "Qal 看见、看顾、察觉，Nif‘al 显现，Hif‘il 显明"
        },
        "literal": "以撒年老，眼睛昏花，不能看见，就叫了他大儿子以扫来，对他说：「我儿。」他(指以扫)对他(指以撒)说：「我在这里。」",
        "0": {
            "sn": "01961",
            "brief": "是、成为、临到"
        },
        "1": {
            "sn": "03588",
            "brief": "因为、不必翻译"
        },
        "2": {
            "sn": "02204",
            "brief": "年老、变老"
        },
        "3": {
            "sn": "03327",
            "brief": "以撒"
        },
        "4": {
            "sn": "03543",
            "brief": "灰心、转弱"
        },
        "5": {
            "sn": "05869",
            "brief": "眼目、眼睛"
        },
        "7": {
            "sn": "07121",
            "brief": "喊叫、召集、称呼、求告、朗读"
        },
        "8": {
            "sn": "00853",
            "brief": "不必翻译"
        },
        "9": {
            "sn": "06215",
            "brief": "以扫"
        },
        "10": {
            "sn": "01121",
            "brief": "儿子、孙子、后裔、成员"
        },
        "11": {
            "sn": "01419",
            "brief": "大的、伟大的"
        },
        "12": {
            "sn": "00559",
            "brief": "说"
        },
        "13": {
            "sn": "00413",
            "brief": "向、往"
        },
        "14": {
            "sn": "01121",
            "brief": "儿子、孙子、后裔、成员"
        },
        "15": {
            "sn": "00559",
            "brief": "说"
        },
        "16": {
            "sn": "00413",
            "brief": "向、往"
        },
        "17": {
            "sn": "02009",
            "brief": "看哪"
        }
    },
    "14": {
        "literal": "利百加拿了…她大儿子以扫上好的衣服，(…处填入下行)在她那里，在家里给她小儿子雅各穿上；",
        "0": {
            "sn": "03947",
            "brief": "拿、取"
        },
        "1": {
            "sn": "07259",
            "brief": "利百加"
        },
        "2": {
            "sn": "00853",
            "brief": "不必翻译"
        },
        "3": {
            "sn": "00899",
            "brief": "衣服"
        },
        "4": {
            "sn": "06215",
            "brief": "以扫"
        },
        "5": {
            "sn": "01121",
            "brief": "儿子、孙子、后裔、成员"
        },
        "6": {
            "sn": "01419",
            "brief": "大的、伟大的"
        },
        "7": {
            "sn": "02532",
            "brief": "喜爱之物"
        },
        "8": {
            "sn": "00834",
            "brief": "不必翻译"
        },
        "9": {
            "sn": "00854",
            "brief": "跟"
        },
        "10": {
            "sn": "01004",
            "brief": "殿、房子、家"
        },
        "12": {
            "sn": "00853",
            "brief": "不必翻译"
        },
        "13": {
            "sn": "03290",
            "brief": "雅各"
        },
        "14": {
            "sn": "01121",
            "brief": "儿子、孙子、后裔、成员"
        },
        "15": {
            "sn": "06996",
            "brief": "小的"
        },
        "11": {
            "sn": "03847",
            "brief": "穿"
        }
    },
    "41": {
        "15": {
            "sn": "06215",
            "brief": "以扫"
        },
        "8": {
            "sn": "07121",
            "brief": "喊叫、召集、称呼、求告、朗读"
        },
        "0": {
            "sn": "05046",
            "brief": "Hif‘il 告诉、宣布、声明、通知"
        },
        "literal": "有人把她(指利百加)大儿子以扫的话告诉利百加；她就打发人去叫她小儿子雅各来，对他说：「看哪，你哥哥以扫想要杀你才甘心。",
        "1": {
            "sn": "07259",
            "brief": "利百加"
        },
        "17": {
            "sn": "05162",
            "brief": "Qal 安慰、怜恤，Hitpa‘el 怜悯、后悔、安慰自己、使自己得舒解"
        },
        "2": {
            "sn": "00853",
            "brief": "不必翻译"
        },
        "3": {
            "sn": "01697",
            "brief": "话语、事情"
        },
        "4": {
            "sn": "06215",
            "brief": "以扫"
        },
        "5": {
            "sn": "01121",
            "brief": "儿子、孙子、后裔、成员"
        },
        "6": {
            "sn": "01419",
            "brief": "大的、伟大的"
        },
        "7": {
            "sn": "07971",
            "brief": "差遣、释放、送走、伸出、伸展"
        },
        "9": {
            "sn": "03290",
            "brief": "雅各"
        },
        "10": {
            "sn": "01121",
            "brief": "儿子、孙子、后裔、成员"
        },
        "11": {
            "sn": "06996",
            "brief": "小的"
        },
        "12": {
            "sn": "00559",
            "brief": "说"
        },
        "13": {
            "sn": "00413",
            "brief": "向、往"
        },
        "14": {
            "sn": "02009",
            "brief": "看哪"
        },
        "16": {
            "sn": "00251",
            "brief": "兄弟"
        },
        "18": {
            "sn": "09001",
            "brief": "给、往、向、到、归属于"
        },
        "19": {
            "sn": "02026",
            "brief": "杀"
        }
    },
    "44": {
        "13": {
            "sn": "04100",
            "brief": "什么"
        },
        "literal": "等你哥哥向你的怒气转消，忘了你向他所做的事，我便打发人去把你从那里带回来。我为甚么要一日丧你们二人呢？」",
        "0": {
            "sn": "05704",
            "brief": "直到"
        },
        "2": {
            "sn": "00639",
            "brief": "鼻子、怒气"
        },
        "3": {
            "sn": "00251",
            "brief": "兄弟"
        },
        "4": {
            "sn": "04480",
            "brief": "从、出、离"
        },
        "1": {
            "sn": "07725",
            "brief": "Qal 回复、回转、重复，Po‘lel 带回、复兴、更新，Hif‘il 回报、报告、带回"
        },
        "5": {
            "sn": "07911",
            "brief": "忘记"
        },
        "6": {
            "sn": "00853",
            "brief": "不必翻译"
        },
        "7": {
            "sn": "00834",
            "brief": "不必翻译"
        },
        "8": {
            "sn": "06213",
            "brief": "做"
        },
        "9": {
            "sn": "09001",
            "brief": "给、往、向、到、归属于"
        },
        "10": {
            "sn": "07971",
            "brief": "差遣、释放、送走、伸出、伸展"
        },
        "11": {
            "sn": "03947",
            "brief": "拿、取"
        },
        "12": {
            "sn": "08033",
            "brief": "那里"
        },
        "14": {
            "sn": "07921",
            "brief": "丧子、流产"
        },
        "15": {
            "sn": "01571",
            "brief": "也"
        },
        "16": {
            "sn": "08147",
            "brief": "数目的「二」"
        },
        "17": {
            "sn": "03117",
            "brief": "日子、时候"
        },
        "18": {
            "sn": "00259",
            "brief": "数目的「一」"
        }
    },
    "36": {
        "20": {
            "sn": "06213",
            "brief": "做"
        },
        "literal": "以撒回答，他对以扫说：「看哪，我已立他为你的主，把他的弟兄们都赐给他作仆人，并(赐他)五谷新酒可以使他复苏。我儿，那么现在我还能为你作甚么呢？」",
        "0": {
            "sn": "06030",
            "brief": "I. 回答、作证；II. 忙；III. 使受苦、 使低微；IV. 唱歌 (I, IV 的 SN 为 6030. II, III 的 SN 为 6031)"
        },
        "1": {
            "sn": "03327",
            "brief": "以撒"
        },
        "2": {
            "sn": "00559",
            "brief": "说"
        },
        "3": {
            "sn": "06215",
            "brief": "以扫"
        },
        "4": {
            "sn": "02005",
            "brief": "若、看哪"
        },
        "5": {
            "sn": "01376",
            "brief": "统治者、管理者"
        },
        "6": {
            "sn": "07760",
            "brief": "使、置、放"
        },
        "7": {
            "sn": "09001",
            "brief": "给、往、向、到、归属于"
        },
        "8": {
            "sn": "00853",
            "brief": "不必翻译"
        },
        "9": {
            "sn": "03605",
            "brief": "全部、整个、各"
        },
        "10": {
            "sn": "00251",
            "brief": "兄弟"
        },
        "11": {
            "sn": "05414",
            "brief": "赐、给"
        },
        "12": {
            "sn": "09001",
            "brief": "给、往、向、到、归属于"
        },
        "13": {
            "sn": "05650",
            "brief": "仆人、奴隶"
        },
        "14": {
            "sn": "01715",
            "brief": "五榖"
        },
        "15": {
            "sn": "08492",
            "brief": "新酒"
        },
        "16": {
            "sn": "05564",
            "brief": "支持、支撑、承担"
        },
        "17": {
            "sn": "09001",
            "brief": "给、往、向、到、归属于"
        },
        "18": {
            "sn": "00645",
            "brief": "那么"
        },
        "19": {
            "sn": "04100",
            "brief": "什么"
        },
        "21": {
            "sn": "01121",
            "brief": "儿子、孙子、后裔、成员"
        }
    },
    "28": {
        "2": {
            "sn": "09013",
            "brief": "跪拜、下拜"
        },
        "8": {
            "sn": "09013",
            "brief": "跪拜、下拜"
        },
        "literal": "愿列邦事奉你，万国跪拜你，愿你作你弟兄的主，你母亲的儿子向你跪拜。诅咒你的要受咒诅；为你祝福的要蒙福。」",
        "0": {
            "sn": "05647",
            "brief": "工作、服事"
        },
        "1": {
            "sn": "05971",
            "brief": "百姓、国民"
        },
        "3": {
            "sn": "09001",
            "brief": "给、往、向、到、归属于"
        },
        "4": {
            "sn": "03816",
            "brief": "邦国、人民"
        },
        "5": {
            "sn": "01933",
            "brief": "作、成为、倒、存在"
        },
        "6": {
            "sn": "01376",
            "brief": "统治者、管理者"
        },
        "7": {
            "sn": "00251",
            "brief": "兄弟"
        },
        "14": {
            "sn": "01288",
            "brief": "称颂、祝福"
        },
        "9": {
            "sn": "09001",
            "brief": "给、往、向、到、归属于"
        },
        "10": {
            "sn": "01121",
            "brief": "儿子、孙子、后裔、成员"
        },
        "11": {
            "sn": "00517",
            "brief": "母亲"
        },
        "12": {
            "sn": "00779",
            "brief": "诅咒"
        },
        "13": {
            "sn": "00779",
            "brief": "诅咒"
        },
        "15": {
            "sn": "01288",
            "brief": "称颂、祝福"
        }
    },
    "40": {
        "literal": "以扫…就怨恨雅各，(…处填入下行)因他父亲给他(指雅各)祝的福，以扫在他的心里说：「为我父亲居丧的日子近了，我要杀我的兄弟雅各。」",
        "7": {
            "sn": "01288",
            "brief": "称颂、祝福"
        },
        "0": {
            "sn": "07852",
            "brief": "敌对、憎恨"
        },
        "1": {
            "sn": "06215",
            "brief": "以扫"
        },
        "2": {
            "sn": "00853",
            "brief": "不必翻译"
        },
        "3": {
            "sn": "03290",
            "brief": "雅各"
        },
        "4": {
            "sn": "05921",
            "brief": "在…上面"
        },
        "5": {
            "sn": "01293",
            "brief": "祝福、和平之约"
        },
        "6": {
            "sn": "00834",
            "brief": "不必翻译"
        },
        "8": {
            "sn": "00001",
            "brief": "父亲、祖先"
        },
        "9": {
            "sn": "00559",
            "brief": "说"
        },
        "10": {
            "sn": "06215",
            "brief": "以扫"
        },
        "11": {
            "sn": "03820",
            "brief": "心"
        },
        "12": {
            "sn": "07126",
            "brief": "临近、靠近"
        },
        "13": {
            "sn": "03117",
            "brief": "日子、时候"
        },
        "14": {
            "sn": "00060",
            "brief": "悲哀"
        },
        "15": {
            "sn": "00001",
            "brief": "父亲、祖先"
        },
        "16": {
            "sn": "02026",
            "brief": "杀"
        },
        "17": {
            "sn": "00853",
            "brief": "不必翻译"
        },
        "18": {
            "sn": "03290",
            "brief": "雅各"
        },
        "19": {
            "sn": "00251",
            "brief": "兄弟"
        }
    },
    "34": {
        "literal": "他说：「你兄弟用诡计来将你的福分夺去了。」",
        "0": {
            "sn": "00559",
            "brief": "说"
        },
        "1": {
            "sn": "00935",
            "brief": "来、进入、临到、发生"
        },
        "2": {
            "sn": "00251",
            "brief": "兄弟"
        },
        "3": {
            "sn": "04820",
            "brief": "诡诈、欺骗"
        },
        "4": {
            "sn": "03947",
            "brief": "拿、取"
        },
        "5": {
            "sn": "01293",
            "brief": "祝福、和平之约"
        }
    },
    "33": {
        "literal": "当以扫听到他父亲的话时，就放声痛哭，痛苦到极点，他对他父亲说：「我父啊，求你也为我祝福！」",
        "0": {
            "sn": "08085",
            "brief": "听到、听从"
        },
        "1": {
            "sn": "06215",
            "brief": "以扫"
        },
        "2": {
            "sn": "00853",
            "brief": "不必翻译"
        },
        "3": {
            "sn": "01697",
            "brief": "话语、事情"
        },
        "4": {
            "sn": "00001",
            "brief": "父亲、祖先"
        },
        "6": {
            "sn": "06818",
            "brief": "呼号、喊叫、哭声"
        },
        "7": {
            "sn": "01419",
            "brief": "大的、伟大的"
        },
        "8": {
            "sn": "04751",
            "brief": "痛苦的、苦的"
        },
        "9": {
            "sn": "05704",
            "brief": "直到"
        },
        "10": {
            "sn": "03966",
            "brief": "极其、非常"
        },
        "11": {
            "sn": "00559",
            "brief": "说"
        },
        "12": {
            "sn": "00001",
            "brief": "父亲、祖先"
        },
        "13": {
            "sn": "01288",
            "brief": "称颂、祝福"
        },
        "5": {
            "sn": "06817",
            "brief": "Qal 呼喊、哀求；Pi‘el 大声呼喊；Nif‘al 被召唤、聚集；Hif‘il 召集"
        },
        "14": {
            "sn": "01571",
            "brief": "也"
        },
        "15": {
            "sn": "00589",
            "brief": "我"
        },
        "16": {
            "sn": "00001",
            "brief": "父亲、祖先"
        }
    },
    "39": {
        "8": {
            "sn": "07300",
            "brief": "流浪、不休息"
        },
        "2": {
            "sn": "02421",
            "brief": "Qal 活、存活，Pi‘el 生长、复苏、保存生命，Hif‘il 使存活、复活"
        },
        "literal": "你必倚靠刀剑度日，又必事奉你的兄弟；到你强盛的时候，必从你颈项上挣开他的轭。」",
        "0": {
            "sn": "05921",
            "brief": "在…上面"
        },
        "1": {
            "sn": "02719",
            "brief": "刀、刀剑"
        },
        "3": {
            "sn": "00853",
            "brief": "不必翻译"
        },
        "4": {
            "sn": "00251",
            "brief": "兄弟"
        },
        "5": {
            "sn": "05647",
            "brief": "工作、服事"
        },
        "6": {
            "sn": "01961",
            "brief": "是、成为、临到"
        },
        "7": {
            "sn": "00834",
            "brief": "不必翻译"
        },
        "9": {
            "sn": "06561",
            "brief": "拯救、抓走、撕开"
        },
        "10": {
            "sn": "05923",
            "brief": "轭"
        },
        "11": {
            "sn": "05921",
            "brief": "在…上面"
        },
        "12": {
            "sn": "06677",
            "brief": "颈项"
        }
    },
    "1": {
        "literal": "他说：「看哪，我老了，不知道我的死期是哪一天。",
        "0": {
            "sn": "00559",
            "brief": "说"
        },
        "1": {
            "sn": "02009",
            "brief": "看哪"
        },
        "2": {
            "sn": "04994",
            "brief": "作为鼓励语的一部份"
        },
        "3": {
            "sn": "02204",
            "brief": "年老、变老"
        },
        "6": {
            "sn": "03117",
            "brief": "日子、时候"
        },
        "7": {
            "sn": "04194",
            "brief": "死亡"
        },
        "5": {
            "sn": "03045",
            "brief": "Qal 知道、认识、辨别、经历，Hif‘il 使知道、宣告"
        },
        "4": {
            "sn": "03808",
            "brief": "不"
        }
    },
    "12": {
        "literal": "他母亲对他说：「我儿，你的诅咒归到我身上，你只管听我的声音，去拿来给我。」",
        "0": {
            "sn": "00559",
            "brief": "说"
        },
        "1": {
            "sn": "09001",
            "brief": "给、往、向、到、归属于"
        },
        "2": {
            "sn": "00517",
            "brief": "母亲"
        },
        "3": {
            "sn": "05921",
            "brief": "在…上面"
        },
        "4": {
            "sn": "07045",
            "brief": "诅咒"
        },
        "5": {
            "sn": "01121",
            "brief": "儿子、孙子、后裔、成员"
        },
        "6": {
            "sn": "00389",
            "brief": "然而、其实、当然"
        },
        "7": {
            "sn": "08085",
            "brief": "听到、听从"
        },
        "8": {
            "sn": "06963",
            "brief": "声音"
        },
        "9": {
            "sn": "01980",
            "brief": "去、行走"
        },
        "10": {
            "sn": "03947",
            "brief": "拿、取"
        },
        "11": {
            "sn": "09001",
            "brief": "给、往、向、到、归属于"
        }
    },
    "26": {
        "3": {
            "sn": "07306",
            "brief": "Hif‘il 喜悦、闻味"
        },
        "7": {
            "sn": "01288",
            "brief": "称颂、祝福"
        },
        "literal": "他就上前与父亲亲嘴。他(指父亲)一闻他衣服上的香气，就给他祝福，说：「看，我儿的香气如同雅威赐福之田地的香气。",
        "0": {
            "sn": "05066",
            "brief": "靠近"
        },
        "1": {
            "sn": "05401",
            "brief": "I. 放一起、亲嘴；II. 配备"
        },
        "2": {
            "sn": "09001",
            "brief": "给、往、向、到、归属于"
        },
        "4": {
            "sn": "00853",
            "brief": "不必翻译"
        },
        "5": {
            "sn": "07381",
            "brief": "香味、芬芳"
        },
        "6": {
            "sn": "00899",
            "brief": "衣服"
        },
        "8": {
            "sn": "00559",
            "brief": "说"
        },
        "15": {
            "sn": "01288",
            "brief": "称颂、祝福"
        },
        "10": {
            "sn": "07381",
            "brief": "香味、芬芳"
        },
        "11": {
            "sn": "01121",
            "brief": "儿子、孙子、后裔、成员"
        },
        "12": {
            "sn": "07381",
            "brief": "香味、芬芳"
        },
        "13": {
            "sn": "07704",
            "brief": "田地"
        },
        "14": {
            "sn": "00834",
            "brief": "不必翻译"
        },
        "16": {
            "sn": "03068",
            "brief": "上帝的名字「雅威」，犹太人尊称为「上主」"
        },
        "9": {
            "sn": "07200",
            "brief": "Qal 看见、看顾、察觉，Nif‘al 显现，Hif‘il 显明"
        }
    },
    "13": {
        "1": {
            "sn": "03947",
            "brief": "拿、取"
        },
        "literal": "他便去拿来，交给他母亲。他母亲就照他父亲所爱的，作成美味；",
        "0": {
            "sn": "01980",
            "brief": "去、行走"
        },
        "3": {
            "sn": "00517",
            "brief": "母亲"
        },
        "4": {
            "sn": "06213",
            "brief": "做"
        },
        "5": {
            "sn": "00517",
            "brief": "母亲"
        },
        "6": {
            "sn": "04303",
            "brief": "美食、美味"
        },
        "7": {
            "sn": "00834",
            "brief": "不必翻译"
        },
        "8": {
            "sn": "00157",
            "brief": "爱"
        },
        "9": {
            "sn": "00001",
            "brief": "父亲、祖先"
        },
        "2": {
            "sn": "00935",
            "brief": "来、进入、临到、发生"
        }
    },
    "16": {
        "literal": "把她所作的美味和饼，交在她儿子雅各的手里。",
        "0": {
            "sn": "05414",
            "brief": "赐、给"
        },
        "1": {
            "sn": "00853",
            "brief": "不必翻译"
        },
        "2": {
            "sn": "04303",
            "brief": "美食、美味"
        },
        "3": {
            "sn": "00853",
            "brief": "不必翻译"
        },
        "4": {
            "sn": "03899",
            "brief": "面包、食物"
        },
        "5": {
            "sn": "00834",
            "brief": "不必翻译"
        },
        "6": {
            "sn": "06213",
            "brief": "做"
        },
        "7": {
            "sn": "03027",
            "brief": "手、边、力量、权势"
        },
        "8": {
            "sn": "03290",
            "brief": "雅各"
        },
        "9": {
            "sn": "01121",
            "brief": "儿子、孙子、后裔、成员"
        }
    },
    "5": {
        "literal": "利百加就对她儿子雅各说：「看哪，我听见你父亲对你哥哥以扫说：",
        "0": {
            "sn": "07259",
            "brief": "利百加"
        },
        "1": {
            "sn": "00559",
            "brief": "说"
        },
        "2": {
            "sn": "00413",
            "brief": "向、往"
        },
        "3": {
            "sn": "03290",
            "brief": "雅各"
        },
        "4": {
            "sn": "01121",
            "brief": "儿子、孙子、后裔、成员"
        },
        "5": {
            "sn": "00559",
            "brief": "说"
        },
        "6": {
            "sn": "02009",
            "brief": "看哪"
        },
        "7": {
            "sn": "08085",
            "brief": "听到、听从"
        },
        "8": {
            "sn": "00853",
            "brief": "不必翻译"
        },
        "9": {
            "sn": "00001",
            "brief": "父亲、祖先"
        },
        "11": {
            "sn": "00413",
            "brief": "向、往"
        },
        "12": {
            "sn": "06215",
            "brief": "以扫"
        },
        "13": {
            "sn": "00251",
            "brief": "兄弟"
        },
        "14": {
            "sn": "00559",
            "brief": "说"
        },
        "10": {
            "sn": "01696",
            "brief": "Pi‘el 讲、说、指挥"
        }
    },
    "6": {
        "7": {
            "sn": "01288",
            "brief": "称颂、祝福"
        },
        "0": {
            "sn": "00935",
            "brief": "来、进入、临到、发生"
        },
        "literal": "『你把猎物拿来给我，为我作成美味给我吃，我就在我未死以前，在雅威面前给你祝福。』",
        "1": {
            "sn": "09001",
            "brief": "给、往、向、到、归属于"
        },
        "2": {
            "sn": "06718",
            "brief": "猎物、食物"
        },
        "3": {
            "sn": "06213",
            "brief": "做"
        },
        "4": {
            "sn": "09001",
            "brief": "给、往、向、到、归属于"
        },
        "5": {
            "sn": "04303",
            "brief": "美食、美味"
        },
        "6": {
            "sn": "00398",
            "brief": "吃、吞吃"
        },
        "8": {
            "sn": "03942",
            "brief": "在…面前"
        },
        "9": {
            "sn": "03068",
            "brief": "上帝的名字「雅威」，犹太人尊称为「上主」"
        },
        "10": {
            "sn": "03942",
            "brief": "在…之前"
        },
        "11": {
            "sn": "04194",
            "brief": "死亡"
        }
    },
    "10": {
        "literal": "雅各对他母亲利百加说：「看哪，我哥哥以扫是浑身有毛的人，我是身上光滑的人，",
        "0": {
            "sn": "00559",
            "brief": "说"
        },
        "1": {
            "sn": "03290",
            "brief": "雅各"
        },
        "2": {
            "sn": "00413",
            "brief": "向、往"
        },
        "3": {
            "sn": "07259",
            "brief": "利百加"
        },
        "4": {
            "sn": "00517",
            "brief": "母亲"
        },
        "5": {
            "sn": "02005",
            "brief": "若、看哪"
        },
        "6": {
            "sn": "06215",
            "brief": "以扫"
        },
        "7": {
            "sn": "00251",
            "brief": "兄弟"
        },
        "8": {
            "sn": "00376",
            "brief": "各人、人、男人、丈夫"
        },
        "9": {
            "sn": "08163",
            "brief": "毛茸茸的"
        },
        "10": {
            "sn": "00595",
            "brief": "我"
        },
        "11": {
            "sn": "00376",
            "brief": "各人、人、男人、丈夫"
        },
        "12": {
            "sn": "02509",
            "brief": "谄媚的、光滑的"
        }
    },
    "9": {
        "literal": "你拿到你父亲那里(给他)吃，好让他在他未死以前给你祝福。」",
        "1": {
            "sn": "00001",
            "brief": "父亲、祖先"
        },
        "2": {
            "sn": "00398",
            "brief": "吃、吞吃"
        },
        "3": {
            "sn": "05668",
            "brief": "为了"
        },
        "4": {
            "sn": "00834",
            "brief": "不必翻译"
        },
        "6": {
            "sn": "03942",
            "brief": "在…之前"
        },
        "7": {
            "sn": "04194",
            "brief": "死亡"
        },
        "5": {
            "sn": "01288",
            "brief": "称颂、祝福"
        },
        "0": {
            "sn": "00935",
            "brief": "来、进入、临到、发生"
        }
    },
    "4": {
        "7": {
            "sn": "01980",
            "brief": "去、行走"
        },
        "literal": "…利百加听见了。(…处填入下行)以撒对他儿子以扫说话时，以扫往田野去打猎，要得野味带来。",
        "0": {
            "sn": "07259",
            "brief": "利百加"
        },
        "1": {
            "sn": "08085",
            "brief": "听到、听从"
        },
        "3": {
            "sn": "03327",
            "brief": "以撒"
        },
        "4": {
            "sn": "00413",
            "brief": "向、往"
        },
        "5": {
            "sn": "06215",
            "brief": "以扫"
        },
        "6": {
            "sn": "01121",
            "brief": "儿子、孙子、后裔、成员"
        },
        "8": {
            "sn": "06215",
            "brief": "以扫"
        },
        "9": {
            "sn": "07704",
            "brief": "田地"
        },
        "10": {
            "sn": "06679",
            "brief": "猎捕、打猎"
        },
        "11": {
            "sn": "06718",
            "brief": "猎物、食物"
        },
        "2": {
            "sn": "01696",
            "brief": "Pi‘el 讲、说、指挥"
        },
        "12": {
            "sn": "00935",
            "brief": "来、进入、临到、发生"
        }
    },
    "38": {
        "literal": "他父亲以撒回答，对他说：「你的住所必有(或缺乏)地上的肥土和从上面来的天上的甘露。",
        "0": {
            "sn": "06030",
            "brief": "I. 回答、作证；II. 忙；III. 使受苦、 使低微；IV. 唱歌 (I, IV 的 SN 为 6030. II, III 的 SN 为 6031)"
        },
        "1": {
            "sn": "03327",
            "brief": "以撒"
        },
        "2": {
            "sn": "00001",
            "brief": "父亲、祖先"
        },
        "3": {
            "sn": "00559",
            "brief": "说"
        },
        "4": {
            "sn": "00413",
            "brief": "向、往"
        },
        "5": {
            "sn": "02009",
            "brief": "看哪"
        },
        "6": {
            "sn": "04924",
            "brief": "肥壮、油"
        },
        "7": {
            "sn": "00776",
            "brief": "地、邦国、疆界"
        },
        "8": {
            "sn": "01961",
            "brief": "是、成为、临到"
        },
        "9": {
            "sn": "04186",
            "brief": "住处、座位"
        },
        "10": {
            "sn": "02919",
            "brief": "露水"
        },
        "11": {
            "sn": "08064",
            "brief": "天"
        },
        "12": {
            "sn": "05920",
            "brief": "高处"
        }
    },
    "30": {
        "14": {
            "sn": "01288",
            "brief": "称颂、祝福"
        },
        "4": {
            "sn": "00935",
            "brief": "来、进入、临到、发生"
        },
        "literal": "他也作了美味，拿来给他父亲，对他父亲说：「愿我的父亲起来，吃他儿子的野味，好让你给我祝福。」",
        "0": {
            "sn": "06213",
            "brief": "做"
        },
        "1": {
            "sn": "01571",
            "brief": "也"
        },
        "2": {
            "sn": "01931",
            "brief": "他"
        },
        "3": {
            "sn": "04303",
            "brief": "美食、美味"
        },
        "5": {
            "sn": "00001",
            "brief": "父亲、祖先"
        },
        "6": {
            "sn": "00559",
            "brief": "说"
        },
        "7": {
            "sn": "00001",
            "brief": "父亲、祖先"
        },
        "8": {
            "sn": "06965",
            "brief": "起来、设立、坚立"
        },
        "9": {
            "sn": "00001",
            "brief": "父亲、祖先"
        },
        "10": {
            "sn": "00398",
            "brief": "吃、吞吃"
        },
        "11": {
            "sn": "06718",
            "brief": "猎物、食物"
        },
        "12": {
            "sn": "01121",
            "brief": "儿子、孙子、后裔、成员"
        },
        "13": {
            "sn": "05668",
            "brief": "为了"
        },
        "15": {
            "sn": "05315",
            "brief": "生命、人"
        }
    },
    "25": {
        "5": {
            "sn": "04994",
            "brief": "作为鼓励语的一部份"
        },
        "literal": "他父亲以撒对他说：「我儿，你上前来，与我亲嘴。」",
        "0": {
            "sn": "00559",
            "brief": "说"
        },
        "1": {
            "sn": "00413",
            "brief": "向、往"
        },
        "2": {
            "sn": "03327",
            "brief": "以撒"
        },
        "3": {
            "sn": "00001",
            "brief": "父亲、祖先"
        },
        "4": {
            "sn": "05066",
            "brief": "靠近"
        },
        "6": {
            "sn": "05401",
            "brief": "I. 放一起、亲嘴；II. 配备"
        },
        "7": {
            "sn": "09001",
            "brief": "给、往、向、到、归属于"
        },
        "8": {
            "sn": "01121",
            "brief": "儿子、孙子、后裔、成员"
        }
    },
    "11": {
        "literal": "倘若我父亲摸着我，我在他眼中就像是欺哄人的，我就为自己招诅咒，而非祝福。」",
        "0": {
            "sn": "00194",
            "brief": "或者、或许"
        },
        "1": {
            "sn": "04959",
            "brief": "感觉、摸索"
        },
        "2": {
            "sn": "00001",
            "brief": "父亲、祖先"
        },
        "3": {
            "sn": "01961",
            "brief": "是、成为、临到"
        },
        "4": {
            "sn": "05869",
            "brief": "眼目、眼睛"
        },
        "5": {
            "sn": "08591",
            "brief": "欺骗、嘲弄"
        },
        "7": {
            "sn": "05921",
            "brief": "在…上面"
        },
        "8": {
            "sn": "07045",
            "brief": "诅咒"
        },
        "6": {
            "sn": "00935",
            "brief": "来、进入、临到、发生"
        },
        "10": {
            "sn": "01293",
            "brief": "祝福、和平之约"
        },
        "9": {
            "sn": "03808",
            "brief": "不"
        }
    }
}