{
    "30": {
        "16": {
            "sn": "07462",
            "brief": "I. 吃草、放牧、喂养；II. 结交、与...作伴"
        },
        "8": {
            "sn": "09001",
            "brief": "给、往、向、到、归属于"
        },
        "0": {
            "sn": "00559",
            "brief": "说"
        },
        "11": {
            "sn": "06213",
            "brief": "做"
        },
        "12": {
            "sn": "09001",
            "brief": "给、往、向、到、归属于"
        },
        "13": {
            "sn": "01697",
            "brief": "话语、事情"
        },
        "14": {
            "sn": "02088",
            "brief": "这个"
        },
        "15": {
            "sn": "07725",
            "brief": "Qal 回复、回转、重复，Po‘lel 带回、复兴、更新，Hif‘il 回报、报告、带回"
        },
        "literal": "他(指拉班)说：「我当给你甚么呢？」雅各说：「甚么你也不必给我，只要替我做这一件事，我便仍旧牧放，看守你的羊群。",
        "1": {
            "sn": "04100",
            "brief": "什么"
        },
        "2": {
            "sn": "05414",
            "brief": "赐、给"
        },
        "3": {
            "sn": "09001",
            "brief": "给、往、向、到、归属于"
        },
        "4": {
            "sn": "00559",
            "brief": "说"
        },
        "5": {
            "sn": "03290",
            "brief": "雅各"
        },
        "7": {
            "sn": "05414",
            "brief": "赐、给"
        },
        "9": {
            "sn": "03972",
            "brief": "任何东西"
        },
        "10": {
            "sn": "00518",
            "brief": "如果、不是"
        },
        "17": {
            "sn": "06629",
            "brief": "羊"
        },
        "18": {
            "sn": "08104",
            "brief": "遵守、保护、小心"
        },
        "6": {
            "sn": "03808",
            "brief": "不"
        }
    },
    "35": {
        "8": {
            "sn": "07462",
            "brief": "I. 吃草、放牧、喂养；II. 结交、与...作伴"
        },
        "12": {
            "sn": "03498",
            "brief": "留下、剩、仅存"
        },
        "literal": "又使…相离三天的路程，(…处填入下行)自己和雅各之间雅各就牧养拉班其余的羊。",
        "0": {
            "sn": "07760",
            "brief": "使、置、放"
        },
        "1": {
            "sn": "01870",
            "brief": "道路、行为、方向、方法"
        },
        "2": {
            "sn": "07969",
            "brief": "数目的「三」"
        },
        "3": {
            "sn": "03117",
            "brief": "日子、时候"
        },
        "4": {
            "sn": "00996",
            "brief": "在…之间"
        },
        "5": {
            "sn": "00996",
            "brief": "在…之间"
        },
        "6": {
            "sn": "03290",
            "brief": "雅各"
        },
        "7": {
            "sn": "03290",
            "brief": "雅各"
        },
        "9": {
            "sn": "00853",
            "brief": "不必翻译"
        },
        "10": {
            "sn": "06629",
            "brief": "羊"
        },
        "11": {
            "sn": "03837",
            "brief": "拉班"
        }
    },
    "31": {
        "14": {
            "sn": "02921",
            "brief": "补钉、有斑点的"
        },
        "15": {
            "sn": "05348",
            "brief": "有斑点的"
        },
        "literal": "今天我要走遍你所有的羊群，从那里取走任何有点的、有斑的羊；就是绵羊中所有黑色的羊，和山羊中凡有斑的、有点的，它就是我的工价。",
        "0": {
            "sn": "05674",
            "brief": "经过、穿越、涨溢、离开、拿走、违犯、废除"
        },
        "1": {
            "sn": "03605",
            "brief": "全部、整个、各"
        },
        "2": {
            "sn": "06629",
            "brief": "羊"
        },
        "3": {
            "sn": "03117",
            "brief": "日子、时候"
        },
        "5": {
            "sn": "08033",
            "brief": "那里"
        },
        "6": {
            "sn": "03605",
            "brief": "全部、整个、各"
        },
        "7": {
            "sn": "07716",
            "brief": "羊"
        },
        "8": {
            "sn": "05348",
            "brief": "有斑点的"
        },
        "9": {
            "sn": "02921",
            "brief": "补钉、有斑点的"
        },
        "10": {
            "sn": "03605",
            "brief": "全部、整个、各"
        },
        "11": {
            "sn": "07716",
            "brief": "羊羔"
        },
        "12": {
            "sn": "02345",
            "brief": "黑色的"
        },
        "13": {
            "sn": "03775",
            "brief": "绵羊"
        },
        "16": {
            "sn": "05795",
            "brief": "山羊、母山羊"
        },
        "17": {
            "sn": "01961",
            "brief": "是、成为、临到"
        },
        "18": {
            "sn": "07939",
            "brief": "报酬、薪资"
        },
        "4": {
            "sn": "05493",
            "brief": "转离、除去"
        }
    },
    "32": {
        "0": {
            "sn": "06030",
            "brief": "I. 回答、作证；II. 忙；III. 使受苦、 使低微；IV. 唱歌 (I, IV 的 SN 为 6030. II, III 的 SN 为 6031)"
        },
        "1": {
            "sn": "09002",
            "brief": "在、用、藉着、与、敌对"
        },
        "2": {
            "sn": "06666",
            "brief": "公义"
        },
        "3": {
            "sn": "03117",
            "brief": "日子、时候"
        },
        "4": {
            "sn": "04279",
            "brief": "明天、未来"
        },
        "5": {
            "sn": "03588",
            "brief": "因为、不必翻译"
        },
        "6": {
            "sn": "00935",
            "brief": "来、进入、临到、发生"
        },
        "7": {
            "sn": "05921",
            "brief": "在…上面"
        },
        "8": {
            "sn": "07939",
            "brief": "报酬、薪资"
        },
        "9": {
            "sn": "03942",
            "brief": "在…前面"
        },
        "10": {
            "sn": "03605",
            "brief": "全部、整个、各"
        },
        "11": {
            "sn": "00834",
            "brief": "不必翻译"
        },
        "12": {
            "sn": "00369",
            "brief": "不存在、没有"
        },
        "literal": "日后…(如此)便可证明我的义。」(…处填入下三行)当你来查看在你面前的我的工价，山羊中任何没有点或斑的，或绵羊中不是黑色的，它就是被我偷走的，",
        "13": {
            "sn": "05348",
            "brief": "有斑点的"
        },
        "14": {
            "sn": "02921",
            "brief": "补钉、变得有斑点的"
        },
        "15": {
            "sn": "05795",
            "brief": "山羊、母山羊"
        },
        "16": {
            "sn": "02345",
            "brief": "黑色的"
        },
        "17": {
            "sn": "03775",
            "brief": "绵羊"
        },
        "18": {
            "sn": "01589",
            "brief": "偷盗"
        },
        "19": {
            "sn": "01931",
            "brief": "他"
        },
        "20": {
            "sn": "00854",
            "brief": "跟"
        }
    },
    "33": {
        "literal": "拉班说：「看哪，情愿照你的话行。」",
        "0": {
            "sn": "00559",
            "brief": "说"
        },
        "1": {
            "sn": "03837",
            "brief": "拉班"
        },
        "2": {
            "sn": "02005",
            "brief": "若、看哪"
        },
        "3": {
            "sn": "03863",
            "brief": "甚愿！"
        },
        "4": {
            "sn": "01961",
            "brief": "是、成为、临到"
        },
        "5": {
            "sn": "01697",
            "brief": "话语、事情"
        }
    },
    "34": {
        "literal": "他当日就取走有纹的、有斑的公山羊，任何有点的、有斑的、…母山羊，(…处填入下行)夹杂白纹在其中的和绵羊中所有黑色的，交在他儿子们的手下；",
        "0": {
            "sn": "05493",
            "brief": "转离、除去"
        },
        "1": {
            "sn": "03117",
            "brief": "日子、时候"
        },
        "2": {
            "sn": "01931",
            "brief": "他"
        },
        "3": {
            "sn": "00853",
            "brief": "不必翻译"
        },
        "4": {
            "sn": "08495",
            "brief": "公山羊"
        },
        "5": {
            "sn": "06124",
            "brief": "有条纹的、 有斑纹的"
        },
        "6": {
            "sn": "02921",
            "brief": "补钉、变得有斑点的"
        },
        "7": {
            "sn": "00853",
            "brief": "不必翻译"
        },
        "8": {
            "sn": "03605",
            "brief": "全部、整个、各"
        },
        "9": {
            "sn": "05795",
            "brief": "山羊、母山羊"
        },
        "10": {
            "sn": "05348",
            "brief": "有斑点的、用小点当作记号"
        },
        "11": {
            "sn": "02921",
            "brief": "补钉、变得有斑点的"
        },
        "12": {
            "sn": "03605",
            "brief": "全部、整个、各"
        },
        "13": {
            "sn": "00834",
            "brief": "不必翻译"
        },
        "14": {
            "sn": "03836",
            "brief": "白色的"
        },
        "15": {
            "sn": "09002",
            "brief": "在、用、藉着、与、敌对"
        },
        "16": {
            "sn": "03605",
            "brief": "全部、整个、各"
        },
        "17": {
            "sn": "02345",
            "brief": "黑色的"
        },
        "18": {
            "sn": "03775",
            "brief": "绵羊"
        },
        "19": {
            "sn": "05414",
            "brief": "赐、给"
        },
        "20": {
            "sn": "03027",
            "brief": "手、边、力量、权势"
        },
        "21": {
            "sn": "01121",
            "brief": "儿子、孙子、后裔、成员"
        }
    },
    "36": {
        "1": {
            "sn": "09001",
            "brief": "给、往、向、到、归属于"
        },
        "9": {
            "sn": "09002",
            "brief": "在、用、藉着、与、敌对"
        },
        "literal": "雅各为自己拿杨树、杏树、枫树的嫩枝，将皮剥成白纹，使枝子露出白的来；",
        "0": {
            "sn": "03947",
            "brief": "拿、取"
        },
        "8": {
            "sn": "06478",
            "brief": "剥皮"
        },
        "2": {
            "sn": "03290",
            "brief": "雅各"
        },
        "3": {
            "sn": "04731",
            "brief": "根、木杖"
        },
        "4": {
            "sn": "03839",
            "brief": "白杨树"
        },
        "5": {
            "sn": "03892",
            "brief": "潮湿的、新生的"
        },
        "6": {
            "sn": "03869",
            "brief": "杏树"
        },
        "7": {
            "sn": "06196",
            "brief": "枫树"
        },
        "10": {
            "sn": "06479",
            "brief": "斑纹、树被剥皮后所呈现的痕迹"
        },
        "11": {
            "sn": "03836",
            "brief": "白色的"
        },
        "12": {
            "sn": "04286",
            "brief": "露出底层"
        },
        "13": {
            "sn": "03836",
            "brief": "白色的"
        },
        "14": {
            "sn": "00834",
            "brief": "不必翻译"
        },
        "15": {
            "sn": "05921",
            "brief": "在…上面"
        },
        "16": {
            "sn": "04731",
            "brief": "根、木杖"
        }
    },
    "5": {
        "8": {
            "sn": "09001",
            "brief": "给、往、向、到、归属于"
        },
        "literal": "拉结说：「上帝伸了我的冤，也听了我的声音，赐我一个儿子。」因此叫他的名字为但。",
        "0": {
            "sn": "00559",
            "brief": "说"
        },
        "1": {
            "sn": "07354",
            "brief": "拉结"
        },
        "2": {
            "sn": "01777",
            "brief": "审判、竞争、辩护"
        },
        "3": {
            "sn": "00430",
            "brief": "上帝、神、神明"
        },
        "4": {
            "sn": "01571",
            "brief": "也"
        },
        "5": {
            "sn": "08085",
            "brief": "听到、听从"
        },
        "6": {
            "sn": "06963",
            "brief": "声音"
        },
        "7": {
            "sn": "05414",
            "brief": "赐、给"
        },
        "9": {
            "sn": "01121",
            "brief": "儿子、孙子、后裔、成员"
        },
        "10": {
            "sn": "05921",
            "brief": "在…上面"
        },
        "11": {
            "sn": "03651",
            "brief": "副词：因此、如此、这样；形容词：对、真的、公平、诚实"
        },
        "12": {
            "sn": "07121",
            "brief": "喊叫、召集、称呼、求告、朗读"
        },
        "13": {
            "sn": "08034",
            "brief": "名、名字"
        },
        "14": {
            "sn": "01835",
            "brief": "但"
        }
    },
    "28": {
        "0": {
            "sn": "00559",
            "brief": "说"
        },
        "1": {
            "sn": "00413",
            "brief": "对、向、往"
        },
        "2": {
            "sn": "00859",
            "brief": "你"
        },
        "4": {
            "sn": "00853",
            "brief": "不必翻译"
        },
        "5": {
            "sn": "00834",
            "brief": "不必翻译"
        },
        "6": {
            "sn": "05647",
            "brief": "工作、服事"
        },
        "7": {
            "sn": "00853",
            "brief": "不必翻译"
        },
        "8": {
            "sn": "00834",
            "brief": "不必翻译"
        },
        "9": {
            "sn": "01961",
            "brief": "变成、是、成为、临到"
        },
        "10": {
            "sn": "04735",
            "brief": "牲畜"
        },
        "11": {
            "sn": "00854",
            "brief": "跟"
        },
        "3": {
            "sn": "03045",
            "brief": "Qal 知道、认识、辨别、经历，Hif‘il 使知道、宣告"
        },
        "literal": "雅各对他说：「…你(都)知道。(…处填入以下二行)我怎样服事你，你的牲畜在我这里变得怎样，"
    },
    "25": {
        "0": {
            "sn": "05414",
            "brief": "赐、给"
        },
        "1": {
            "sn": "00853",
            "brief": "不必翻译"
        },
        "2": {
            "sn": "00802",
            "brief": "女人、妻子"
        },
        "3": {
            "sn": "00853",
            "brief": "不必翻译"
        },
        "4": {
            "sn": "03206",
            "brief": "孩子、儿女、少年"
        },
        "5": {
            "sn": "00834",
            "brief": "不必翻译"
        },
        "6": {
            "sn": "05647",
            "brief": "工作、服事"
        },
        "7": {
            "sn": "00853",
            "brief": "不必翻译"
        },
        "8": {
            "sn": "09002",
            "brief": "在、用、藉着、与、敌对"
        },
        "9": {
            "sn": "01980",
            "brief": "动身、走、去"
        },
        "10": {
            "sn": "03588",
            "brief": "因为、不必翻译"
        },
        "11": {
            "sn": "00859",
            "brief": "你"
        },
        "13": {
            "sn": "00853",
            "brief": "不必翻译"
        },
        "14": {
            "sn": "05656",
            "brief": "工作、劳碌、劳役"
        },
        "15": {
            "sn": "00834",
            "brief": "不必翻译"
        },
        "16": {
            "sn": "05647",
            "brief": "工作、服事"
        },
        "12": {
            "sn": "03045",
            "brief": "Qal 知道、认识、辨别、经历，Hif‘il 使知道、宣告"
        },
        "literal": "请你把…我的妻子和我的孩子给我，(…处填入下行)我服事你所得的让我走；因为…你都知道。」(…处填入下行)我怎样服事你，"
    },
    "4": {
        "0": {
            "sn": "02029",
            "brief": "怀孕"
        },
        "1": {
            "sn": "01090",
            "brief": "辟拉"
        },
        "2": {
            "sn": "03205",
            "brief": "生出、出生"
        },
        "3": {
            "sn": "03290",
            "brief": "雅各"
        },
        "4": {
            "sn": "01121",
            "brief": "儿子、孙子、后裔、成员"
        },
        "literal": "辟拉就怀孕，给雅各生了(一个)儿子。"
    },
    "6": {
        "literal": "拉结的使女辟拉又怀孕，生了第二个儿子给雅各。",
        "0": {
            "sn": "02029",
            "brief": "怀孕"
        },
        "2": {
            "sn": "03205",
            "brief": "生出、出生"
        },
        "3": {
            "sn": "01090",
            "brief": "辟拉"
        },
        "4": {
            "sn": "08198",
            "brief": "婢女"
        },
        "5": {
            "sn": "07354",
            "brief": "拉结"
        },
        "6": {
            "sn": "01121",
            "brief": "儿子、孙子、后裔、成员"
        },
        "7": {
            "sn": "08145",
            "brief": "序数的「第二」"
        },
        "8": {
            "sn": "03290",
            "brief": "雅各"
        },
        "1": {
            "sn": "05750",
            "brief": "再、仍然、持续"
        }
    },
    "18": {
        "6": {
            "sn": "03290",
            "brief": "雅各"
        },
        "literal": "利亚又怀孕，给雅各生了第六个儿子。",
        "0": {
            "sn": "02029",
            "brief": "怀孕"
        },
        "2": {
            "sn": "03812",
            "brief": "利亚"
        },
        "3": {
            "sn": "03205",
            "brief": "生出、出生"
        },
        "4": {
            "sn": "01121",
            "brief": "儿子、孙子、后裔、成员"
        },
        "5": {
            "sn": "08345",
            "brief": "序数的「第六」"
        },
        "1": {
            "sn": "05750",
            "brief": "再、仍然、持续"
        }
    },
    "24": {
        "0": {
            "sn": "01961",
            "brief": "是、成为、临到"
        },
        "1": {
            "sn": "00834",
            "brief": "不必翻译"
        },
        "2": {
            "sn": "03205",
            "brief": "生出、出生"
        },
        "3": {
            "sn": "07354",
            "brief": "拉结"
        },
        "4": {
            "sn": "00853",
            "brief": "不必翻译"
        },
        "5": {
            "sn": "03130",
            "brief": "约瑟"
        },
        "6": {
            "sn": "00559",
            "brief": "说"
        },
        "7": {
            "sn": "03290",
            "brief": "雅各"
        },
        "8": {
            "sn": "00413",
            "brief": "对、向、往"
        },
        "9": {
            "sn": "03837",
            "brief": "拉班"
        },
        "11": {
            "sn": "01980",
            "brief": "行走、去"
        },
        "12": {
            "sn": "00413",
            "brief": "对、向、往"
        },
        "13": {
            "sn": "04725",
            "brief": "地方"
        },
        "14": {
            "sn": "00776",
            "brief": "地、邦国、疆界"
        },
        "10": {
            "sn": "07971",
            "brief": "差遣、释放、送走、伸出、伸展"
        },
        "literal": "拉结生了约瑟的时候，雅各对拉班说：「请打发我走，叫我回到我本乡和本地去。"
    },
    "19": {
        "0": {
            "sn": "00559",
            "brief": "说"
        },
        "1": {
            "sn": "03812",
            "brief": "利亚"
        },
        "2": {
            "sn": "02064",
            "brief": "捐赠、授予、赋予、 给予"
        },
        "3": {
            "sn": "00430",
            "brief": "上帝、神、神明"
        },
        "4": {
            "sn": "00853",
            "brief": "不必翻译"
        },
        "5": {
            "sn": "02065",
            "brief": "天赋、礼物"
        },
        "7": {
            "sn": "06471",
            "brief": "敲击、脚步、这一次、次数"
        },
        "8": {
            "sn": "02082",
            "brief": "赞扬、愿意住"
        },
        "9": {
            "sn": "00376",
            "brief": "各人、人、男人、丈夫"
        },
        "10": {
            "sn": "03588",
            "brief": "因为、不必翻译"
        },
        "11": {
            "sn": "03205",
            "brief": "生出、出生"
        },
        "12": {
            "sn": "09001",
            "brief": "给、往、向、到、归属于"
        },
        "13": {
            "sn": "08337",
            "brief": "数目的「六」"
        },
        "14": {
            "sn": "01121",
            "brief": "儿子、孙子、后裔、成员"
        },
        "15": {
            "sn": "07121",
            "brief": "喊叫、召集、称呼、求告、朗读"
        },
        "16": {
            "sn": "00853",
            "brief": "不必翻译"
        },
        "17": {
            "sn": "08034",
            "brief": "名、名字"
        },
        "18": {
            "sn": "02074",
            "brief": "西布伦"
        },
        "literal": "利亚说：「上帝赐我厚赏，这回我丈夫必愿意与我同住，因我给他生了六个儿子。」于是叫他的名字西布伦；",
        "6": {
            "sn": "02896",
            "brief": "名词：良善、美好、福乐；形容词：良善的、美好的"
        }
    },
    "3": {
        "0": {
            "sn": "05414",
            "brief": "赐、给"
        },
        "1": {
            "sn": "09001",
            "brief": "给、往、向、到、归属于"
        },
        "2": {
            "sn": "00853",
            "brief": "不必翻译"
        },
        "3": {
            "sn": "01090",
            "brief": "辟拉"
        },
        "4": {
            "sn": "08198",
            "brief": "婢女"
        },
        "5": {
            "sn": "00802",
            "brief": "女人、妻子"
        },
        "6": {
            "sn": "00935",
            "brief": "来、进入、临到、发生"
        },
        "7": {
            "sn": "00413",
            "brief": "向、往"
        },
        "8": {
            "sn": "03290",
            "brief": "雅各"
        },
        "literal": "她就把她的婢女辟拉给了他为妾；雅各便与她同房，"
    },
    "8": {
        "1": {
            "sn": "03812",
            "brief": "利亚"
        },
        "2": {
            "sn": "03588",
            "brief": "因为、不必翻译"
        },
        "4": {
            "sn": "03205",
            "brief": "生出、出生"
        },
        "5": {
            "sn": "03947",
            "brief": "拿、取"
        },
        "6": {
            "sn": "00853",
            "brief": "不必翻译"
        },
        "7": {
            "sn": "02153",
            "brief": "悉帕"
        },
        "8": {
            "sn": "08198",
            "brief": "婢女"
        },
        "9": {
            "sn": "05414",
            "brief": "赐、给"
        },
        "10": {
            "sn": "00853",
            "brief": "不必翻译"
        },
        "11": {
            "sn": "03290",
            "brief": "雅各"
        },
        "12": {
            "sn": "00802",
            "brief": "女人、妻子"
        },
        "3": {
            "sn": "05975",
            "brief": "Qal 站立、侍立、停留，Hif‘il 设立、使坚定"
        },
        "0": {
            "sn": "07200",
            "brief": "Qal 看见、看顾、察觉，Nif‘al 显现，Hif‘il 显明"
        },
        "literal": "利亚见自己停了生育，就取了自己的使女悉帕把她给雅各为妾。"
    },
    "10": {
        "0": {
            "sn": "00559",
            "brief": "说"
        },
        "1": {
            "sn": "03812",
            "brief": "利亚"
        },
        "2": {
            "sn": "01408",
            "brief": "好运气、命运之神"
        },
        "3": {
            "sn": "07121",
            "brief": "喊叫、召集、称呼、求告、朗读"
        },
        "4": {
            "sn": "00853",
            "brief": "不必翻译"
        },
        "5": {
            "sn": "08034",
            "brief": "名、名字"
        },
        "6": {
            "sn": "01410",
            "brief": "迦得"
        },
        "7": {
            "sn": "01410",
            "brief": "迦得"
        },
        "literal": "利亚说：「万幸！」于是叫他的名字为迦得。"
    },
    "12": {
        "0": {
            "sn": "00559",
            "brief": "说"
        },
        "1": {
            "sn": "03812",
            "brief": "利亚"
        },
        "2": {
            "sn": "00837",
            "brief": "幸福"
        },
        "3": {
            "sn": "03588",
            "brief": "因为、不必翻译"
        },
        "4": {
            "sn": "00833",
            "brief": "有福、引导、直走、修正"
        },
        "5": {
            "sn": "01323",
            "brief": "妇人、女儿、女孩"
        },
        "6": {
            "sn": "07121",
            "brief": "喊叫、召集、称呼、求告、朗读"
        },
        "7": {
            "sn": "00853",
            "brief": "不必翻译"
        },
        "8": {
            "sn": "08034",
            "brief": "名、名字"
        },
        "9": {
            "sn": "00836",
            "brief": "亚设"
        },
        "literal": "利亚说：「我有福啊，众女子都要称我有福。」于是叫他的名字为亚设。"
    },
    "13": {
        "0": {
            "sn": "01980",
            "brief": "行走、去"
        },
        "1": {
            "sn": "07205",
            "brief": "吕便"
        },
        "2": {
            "sn": "03117",
            "brief": "日子、时候"
        },
        "3": {
            "sn": "07105",
            "brief": "庄稼、树枝、收割"
        },
        "4": {
            "sn": "02406",
            "brief": "小麦"
        },
        "5": {
            "sn": "04672",
            "brief": "寻找、追上、获得、发现"
        },
        "6": {
            "sn": "01736",
            "brief": "1. 容器、筐子，2. 曼陀罗草、风茄"
        },
        "7": {
            "sn": "07704",
            "brief": "田地"
        },
        "9": {
            "sn": "00853",
            "brief": "不必翻译"
        },
        "10": {
            "sn": "00413",
            "brief": "对、向、往"
        },
        "11": {
            "sn": "03812",
            "brief": "利亚"
        },
        "12": {
            "sn": "00517",
            "brief": "母亲"
        },
        "13": {
            "sn": "00559",
            "brief": "说"
        },
        "14": {
            "sn": "07354",
            "brief": "拉结"
        },
        "15": {
            "sn": "00413",
            "brief": "对、向、往"
        },
        "16": {
            "sn": "03812",
            "brief": "利亚"
        },
        "17": {
            "sn": "05414",
            "brief": "赐、给"
        },
        "18": {
            "sn": "04994",
            "brief": "作为鼓励语的一部份"
        },
        "19": {
            "sn": "09001",
            "brief": "给、往、向、到、归属于"
        },
        "20": {
            "sn": "01736",
            "brief": "1. 容器、筐子，2. 曼陀罗草、风茄"
        },
        "21": {
            "sn": "01121",
            "brief": "儿子、孙子、后裔、成员"
        },
        "8": {
            "sn": "00935",
            "brief": "来、进入、临到、发生"
        },
        "literal": "小麦收割的时候，吕便去到田野找到风茄，就拿来给他母亲利亚。拉结对利亚说：「给我一些你儿子的风茄。」"
    },
    "14": {
        "0": {
            "sn": "00559",
            "brief": "说"
        },
        "1": {
            "sn": "09001",
            "brief": "给、往、向、到、归属于"
        },
        "2": {
            "sn": "04592",
            "brief": "稀少、一点点、很少"
        },
        "3": {
            "sn": "03947",
            "brief": "拿、取"
        },
        "4": {
            "sn": "00853",
            "brief": "不必翻译"
        },
        "5": {
            "sn": "00376",
            "brief": "各人、人、男人、丈夫"
        },
        "6": {
            "sn": "03947",
            "brief": "拿、取"
        },
        "7": {
            "sn": "01571",
            "brief": "也"
        },
        "8": {
            "sn": "00853",
            "brief": "不必翻译"
        },
        "9": {
            "sn": "01736",
            "brief": "1. 容器、筐子，2. 曼陀罗草、风茄"
        },
        "10": {
            "sn": "01121",
            "brief": "儿子、孙子、后裔、成员"
        },
        "11": {
            "sn": "00559",
            "brief": "说"
        },
        "12": {
            "sn": "07354",
            "brief": "拉结"
        },
        "13": {
            "sn": "03651",
            "brief": "副词：因此、如此、这样；形容词：对、真的、公平、诚实"
        },
        "14": {
            "sn": "07901",
            "brief": "躺卧、同寝"
        },
        "15": {
            "sn": "05973",
            "brief": "跟"
        },
        "16": {
            "sn": "03915",
            "brief": "夜晚"
        },
        "17": {
            "sn": "08478",
            "brief": "1. 名词：位置、地方；2. 介系词：在…之下；3. 介系词：代替、因为"
        },
        "18": {
            "sn": "01736",
            "brief": "1. 容器、筐子，2. 曼陀罗草、风茄"
        },
        "19": {
            "sn": "01121",
            "brief": "儿子、孙子、后裔、成员"
        },
        "literal": "她对她说：「你夺了我的丈夫还算小事，还要夺我儿子的风茄吗？」拉结说：「…今夜他可以与你同寝。」(…处填入下行)为你儿子的风茄，"
    },
    "20": {
        "0": {
            "sn": "00310",
            "brief": "后来、跟着、接着"
        },
        "1": {
            "sn": "03205",
            "brief": "生出、出生"
        },
        "2": {
            "sn": "01323",
            "brief": "女儿"
        },
        "3": {
            "sn": "07121",
            "brief": "喊叫、召集、称呼、求告、朗读"
        },
        "literal": "后来她又生了(一个)女儿，叫她的名字为底拿。",
        "4": {
            "sn": "00853",
            "brief": "不必翻译"
        },
        "5": {
            "sn": "08034",
            "brief": "名、名字"
        },
        "6": {
            "sn": "01783",
            "brief": "底拿"
        }
    },
    "22": {
        "0": {
            "sn": "02029",
            "brief": "怀孕"
        },
        "1": {
            "sn": "03205",
            "brief": "生出、出生"
        },
        "2": {
            "sn": "01121",
            "brief": "儿子、孙子、后裔、成员"
        },
        "3": {
            "sn": "00559",
            "brief": "说"
        },
        "4": {
            "sn": "00622",
            "brief": "聚集、除去、收回、消灭"
        },
        "5": {
            "sn": "00430",
            "brief": "上帝、神、神明"
        },
        "6": {
            "sn": "00853",
            "brief": "不必翻译"
        },
        "7": {
            "sn": "02781",
            "brief": "羞辱、责备"
        },
        "literal": "拉结怀孕，生了(一个)儿子，说：「上帝除去了我的羞耻。」"
    },
    "23": {
        "0": {
            "sn": "07121",
            "brief": "喊叫、召集、称呼、求告、朗读"
        },
        "1": {
            "sn": "00853",
            "brief": "不必翻译"
        },
        "2": {
            "sn": "08034",
            "brief": "名、名字"
        },
        "3": {
            "sn": "03130",
            "brief": "约瑟"
        },
        "4": {
            "sn": "00559",
            "brief": "说"
        },
        "6": {
            "sn": "03068",
            "brief": "上帝的名字「雅威」，犹太人尊称为「上主」"
        },
        "7": {
            "sn": "09001",
            "brief": "给、往、向、到、归属于"
        },
        "8": {
            "sn": "01121",
            "brief": "儿子、孙子、后裔、成员"
        },
        "9": {
            "sn": "00312",
            "brief": "别的"
        },
        "5": {
            "sn": "03254",
            "brief": "再一次、增添"
        },
        "literal": "就叫他的名字为约瑟，(意思)说：「愿雅威再增添我另一个儿子。」"
    },
    "26": {
        "0": {
            "sn": "00559",
            "brief": "说"
        },
        "1": {
            "sn": "00413",
            "brief": "对、向、往"
        },
        "2": {
            "sn": "03837",
            "brief": "拉班"
        },
        "3": {
            "sn": "00518",
            "brief": "如果、不是"
        },
        "4": {
            "sn": "04994",
            "brief": "作为鼓励语的一部份"
        },
        "5": {
            "sn": "04672",
            "brief": "寻找、追上、获得、发现"
        },
        "6": {
            "sn": "02580",
            "brief": "恩典、恩惠"
        },
        "7": {
            "sn": "05869",
            "brief": "眼目、眼睛"
        },
        "8": {
            "sn": "05172",
            "brief": "观兆、行巫术"
        },
        "9": {
            "sn": "01288",
            "brief": "称颂、祝福"
        },
        "10": {
            "sn": "03068",
            "brief": "上帝的名字「雅威」，犹太人尊称为「上主」"
        },
        "11": {
            "sn": "01558",
            "brief": "因为、为了"
        },
        "literal": "拉班对他说：「我若在你眼前蒙恩，(请你仍与我同住，)因为我已算定，雅威赐福与我，是为你的缘故。」"
    },
    "27": {
        "0": {
            "sn": "00559",
            "brief": "说"
        },
        "1": {
            "sn": "05344",
            "brief": "I. 刺穿、标明；II. 诅咒"
        },
        "2": {
            "sn": "07939",
            "brief": "报酬、薪资"
        },
        "3": {
            "sn": "05921",
            "brief": "在…上面"
        },
        "4": {
            "sn": "05414",
            "brief": "赐、给"
        },
        "literal": "又说：「请为我定你的工价，我就给你。」"
    },
    "21": {
        "0": {
            "sn": "02142",
            "brief": "提说、纪念、回想"
        },
        "1": {
            "sn": "00430",
            "brief": "上帝、神、神明"
        },
        "2": {
            "sn": "00853",
            "brief": "不必翻译"
        },
        "3": {
            "sn": "07354",
            "brief": "拉结"
        },
        "4": {
            "sn": "08085",
            "brief": "听到、听从"
        },
        "5": {
            "sn": "00413",
            "brief": "对、向、往"
        },
        "6": {
            "sn": "00430",
            "brief": "上帝、神、神明"
        },
        "7": {
            "sn": "06605",
            "brief": "打开、松开、雕刻"
        },
        "8": {
            "sn": "00853",
            "brief": "不必翻译"
        },
        "9": {
            "sn": "07358",
            "brief": "子宫"
        },
        "literal": "上帝顾念拉结，听了她，上帝打开她的子宫(意思是使她能生育)。"
    },
    "29": {
        "0": {
            "sn": "03588",
            "brief": "因为、不必翻译"
        },
        "1": {
            "sn": "04592",
            "brief": "稀少、一点点、很少"
        },
        "2": {
            "sn": "00834",
            "brief": "不必翻译"
        },
        "3": {
            "sn": "01961",
            "brief": "是、成为、临到"
        },
        "4": {
            "sn": "09001",
            "brief": "给、往、向、到、归属于"
        },
        "5": {
            "sn": "03942",
            "brief": "在…前面"
        },
        "6": {
            "sn": "06555",
            "brief": "传播、散布、散开"
        },
        "7": {
            "sn": "07230",
            "brief": "多"
        },
        "8": {
            "sn": "01288",
            "brief": "称颂、祝福"
        },
        "9": {
            "sn": "03068",
            "brief": "上帝的名字「雅威」，犹太人尊称为「上主」"
        },
        "10": {
            "sn": "00853",
            "brief": "不必翻译"
        },
        "11": {
            "sn": "07272",
            "brief": "脚"
        },
        "12": {
            "sn": "06258",
            "brief": "现在"
        },
        "13": {
            "sn": "04970",
            "brief": "何时"
        },
        "14": {
            "sn": "06213",
            "brief": "做"
        },
        "15": {
            "sn": "01571",
            "brief": "也"
        },
        "16": {
            "sn": "00595",
            "brief": "我"
        },
        "17": {
            "sn": "01004",
            "brief": "殿、房子、家"
        },
        "literal": "我未来之先，你拥有的很少。它发大众多，雅威随我的脚步赐福与你。如今，我甚么时候才为自己兴家立业呢？」"
    },
    "39": {
        "literal": "雅各把绵羊分别出来，使羊的脸对着…有纹和黑色的(羊)；(…处填入下行)拉班羊群中他把自己的羊另放一处，不把它们放在拉班的羊那里。",
        "0": {
            "sn": "03775",
            "brief": "绵羊"
        },
        "2": {
            "sn": "03290",
            "brief": "雅各"
        },
        "3": {
            "sn": "05414",
            "brief": "赐、给"
        },
        "4": {
            "sn": "06440",
            "brief": "脸"
        },
        "5": {
            "sn": "06629",
            "brief": "羊群"
        },
        "6": {
            "sn": "00413",
            "brief": "对、向、往"
        },
        "7": {
            "sn": "06124",
            "brief": "有斑纹的"
        },
        "8": {
            "sn": "03605",
            "brief": "全部、整个、各"
        },
        "9": {
            "sn": "02345",
            "brief": "黑色的"
        },
        "10": {
            "sn": "06629",
            "brief": "羊群"
        },
        "1": {
            "sn": "06504",
            "brief": "隔开"
        },
        "11": {
            "sn": "03837",
            "brief": "拉班"
        },
        "12": {
            "sn": "07896",
            "brief": "置、放、定"
        },
        "13": {
            "sn": "09001",
            "brief": "给、往、向、到、归属于"
        },
        "14": {
            "sn": "05739",
            "brief": "羊群、畜群"
        },
        "15": {
            "sn": "00905",
            "brief": "分开、门闩、片段"
        },
        "16": {
            "sn": "03808",
            "brief": "不"
        },
        "17": {
            "sn": "07896",
            "brief": "置、放、定"
        },
        "18": {
            "sn": "05921",
            "brief": "在…上面"
        },
        "19": {
            "sn": "06629",
            "brief": "羊群"
        },
        "20": {
            "sn": "03837",
            "brief": "拉班"
        }
    },
    "40": {
        "0": {
            "sn": "01961",
            "brief": "作、是、成为、临到"
        },
        "1": {
            "sn": "03605",
            "brief": "全部、整个、各"
        },
        "2": {
            "sn": "03179",
            "brief": "变热、怀孕、配对繁殖"
        },
        "3": {
            "sn": "06629",
            "brief": "羊群"
        },
        "5": {
            "sn": "07760",
            "brief": "使、置、放"
        },
        "6": {
            "sn": "03290",
            "brief": "雅各"
        },
        "7": {
            "sn": "00853",
            "brief": "不必翻译"
        },
        "8": {
            "sn": "04731",
            "brief": "根、木杖"
        },
        "9": {
            "sn": "05869",
            "brief": "眼目、眼睛"
        },
        "10": {
            "sn": "06629",
            "brief": "羊群"
        },
        "11": {
            "sn": "07298",
            "brief": "槽、洞"
        },
        "12": {
            "sn": "03179",
            "brief": "变热、怀孕、配对繁殖"
        },
        "13": {
            "sn": "04731",
            "brief": "根、木杖"
        },
        "4": {
            "sn": "07194",
            "brief": "连络、结盟、绑"
        },
        "literal": "到肥壮羊群交配的时候，雅各就把枝子摆在羊眼前水沟里，使羊对着枝子配合。"
    },
    "41": {
        "1": {
            "sn": "06629",
            "brief": "羊群"
        },
        "2": {
            "sn": "03808",
            "brief": "不"
        },
        "3": {
            "sn": "07760",
            "brief": "使、置、放"
        },
        "4": {
            "sn": "01961",
            "brief": "作、是、成为、临到"
        },
        "5": {
            "sn": "05848",
            "brief": "发昏、虚弱"
        },
        "6": {
            "sn": "03837",
            "brief": "拉班"
        },
        "7": {
            "sn": "07194",
            "brief": "束缚、肥壮的"
        },
        "8": {
            "sn": "03290",
            "brief": "雅各"
        },
        "0": {
            "sn": "05848",
            "brief": "显得虚弱"
        },
        "literal": "只是到瘦弱羊交配的时候就不插枝子。这样，瘦弱的就归拉班，肥壮的就归雅各。"
    },
    "42": {
        "literal": "于是这人极其发大，得了许多的羊群、和婢女、和仆人、和骆驼，和驴。",
        "0": {
            "sn": "06555",
            "brief": "增加、散布、散开"
        },
        "1": {
            "sn": "00376",
            "brief": "各人、人、男人、丈夫"
        },
        "2": {
            "sn": "03966",
            "brief": "极其、非常"
        },
        "3": {
            "sn": "03966",
            "brief": "极其、非常"
        },
        "4": {
            "sn": "01961",
            "brief": "作、是、成为、临到"
        },
        "5": {
            "sn": "09001",
            "brief": "给、往、向、到、归属于"
        },
        "6": {
            "sn": "06629",
            "brief": "羊群"
        },
        "7": {
            "sn": "07227",
            "brief": "I. 形容词：大量的、许多的、充足的，II. 名词：统帅、首领。"
        },
        "8": {
            "sn": "08198",
            "brief": "婢女"
        },
        "9": {
            "sn": "05650",
            "brief": "仆人、奴隶"
        },
        "10": {
            "sn": "01581",
            "brief": "骆驼"
        },
        "11": {
            "sn": "02543",
            "brief": "驴"
        }
    },
    "16": {
        "6": {
            "sn": "03290",
            "brief": "雅各"
        },
        "literal": "上帝听了利亚，她就怀孕，给雅各生了第五个儿子。",
        "0": {
            "sn": "08085",
            "brief": "听到、听从"
        },
        "1": {
            "sn": "00430",
            "brief": "上帝、神、神明"
        },
        "2": {
            "sn": "00413",
            "brief": "对、向、往"
        },
        "3": {
            "sn": "03812",
            "brief": "利亚"
        },
        "4": {
            "sn": "02029",
            "brief": "怀孕"
        },
        "5": {
            "sn": "03205",
            "brief": "生出、出生"
        },
        "7": {
            "sn": "01121",
            "brief": "儿子、孙子、后裔、成员"
        },
        "8": {
            "sn": "02549",
            "brief": "序数的「第五」"
        }
    },
    "17": {
        "2": {
            "sn": "05414",
            "brief": "赐、给"
        },
        "literal": "利亚说：「上帝给了我报赏，因为我把我的婢女给了我丈夫。」于是叫他的名字为以萨迦。",
        "0": {
            "sn": "00559",
            "brief": "说"
        },
        "1": {
            "sn": "03812",
            "brief": "利亚"
        },
        "3": {
            "sn": "00430",
            "brief": "上帝、神、神明"
        },
        "4": {
            "sn": "07939",
            "brief": "报酬、薪资"
        },
        "5": {
            "sn": "00834",
            "brief": "不必翻译"
        },
        "6": {
            "sn": "05414",
            "brief": "赐、给"
        },
        "7": {
            "sn": "08198",
            "brief": "婢女"
        },
        "8": {
            "sn": "00376",
            "brief": "各人、人、男人、丈夫"
        },
        "9": {
            "sn": "07121",
            "brief": "喊叫、召集、称呼、求告、朗读"
        },
        "10": {
            "sn": "08034",
            "brief": "名、名字"
        },
        "11": {
            "sn": "03485",
            "brief": "以萨迦"
        }
    },
    "9": {
        "literal": "利亚的婢女悉帕给雅各生了(一个)儿子。",
        "0": {
            "sn": "03205",
            "brief": "生出、出生"
        },
        "1": {
            "sn": "02153",
            "brief": "悉帕"
        },
        "2": {
            "sn": "08198",
            "brief": "婢女"
        },
        "3": {
            "sn": "03812",
            "brief": "利亚"
        },
        "4": {
            "sn": "03290",
            "brief": "雅各"
        },
        "5": {
            "sn": "01121",
            "brief": "儿子、孙子、后裔、成员"
        }
    },
    "11": {
        "literal": "利亚的婢女悉帕又生了第二个儿子给雅各。",
        "0": {
            "sn": "03205",
            "brief": "生出、出生"
        },
        "1": {
            "sn": "02153",
            "brief": "悉帕"
        },
        "2": {
            "sn": "08198",
            "brief": "婢女"
        },
        "3": {
            "sn": "03812",
            "brief": "利亚"
        },
        "4": {
            "sn": "01121",
            "brief": "儿子、孙子、后裔、成员"
        },
        "5": {
            "sn": "08145",
            "brief": "序数的「第二」"
        },
        "6": {
            "sn": "03290",
            "brief": "雅各"
        }
    },
    "7": {
        "literal": "拉结说：「我与我姊姊大大相争，并且得胜。」于是叫他的名字为拿弗他利。",
        "0": {
            "sn": "00559",
            "brief": "说"
        },
        "1": {
            "sn": "07354",
            "brief": "拉结"
        },
        "2": {
            "sn": "05319",
            "brief": "摔角"
        },
        "3": {
            "sn": "00430",
            "brief": "上帝、神、神明"
        },
        "4": {
            "sn": "06617",
            "brief": "角力、弯曲"
        },
        "5": {
            "sn": "05973",
            "brief": "跟"
        },
        "6": {
            "sn": "00269",
            "brief": "姊妹"
        },
        "7": {
            "sn": "01571",
            "brief": "也"
        },
        "8": {
            "sn": "03201",
            "brief": "能够"
        },
        "9": {
            "sn": "07121",
            "brief": "喊叫、召集、称呼、求告、朗读"
        },
        "10": {
            "sn": "08034",
            "brief": "名、名字"
        },
        "11": {
            "sn": "05321",
            "brief": "拿弗他利"
        }
    },
    "38": {
        "literal": "羊对着枝子交配，就生下有纹的、有点的、有斑的来。",
        "0": {
            "sn": "03179",
            "brief": "变热、怀孕、配对繁殖"
        },
        "1": {
            "sn": "06629",
            "brief": "羊群"
        },
        "2": {
            "sn": "00413",
            "brief": "对、向、往"
        },
        "3": {
            "sn": "04731",
            "brief": "根、木杖"
        },
        "4": {
            "sn": "03205",
            "brief": "生出、出生"
        },
        "5": {
            "sn": "06629",
            "brief": "羊群"
        },
        "6": {
            "sn": "06124",
            "brief": "有纹的"
        },
        "7": {
            "sn": "05348",
            "brief": "有点的"
        },
        "8": {
            "sn": "02921",
            "brief": "补钉、有斑的"
        }
    },
    "0": {
        "literal": "拉结见自己不给雅各生孩子，拉结嫉妒她姊姊，就对雅各说：「你给我孩子吧，否则我就会死。」",
        "1": {
            "sn": "07354",
            "brief": "拉结"
        },
        "2": {
            "sn": "03588",
            "brief": "因为、不必翻译"
        },
        "4": {
            "sn": "03205",
            "brief": "生出、出生"
        },
        "6": {
            "sn": "07065",
            "brief": "嫉妒"
        },
        "3": {
            "sn": "03808",
            "brief": "不"
        },
        "0": {
            "sn": "07200",
            "brief": "Qal 看见、看顾、察觉，Nif‘al 显现，Hif‘il 显明"
        },
        "5": {
            "sn": "03290",
            "brief": "雅各"
        },
        "7": {
            "sn": "07354",
            "brief": "拉结"
        },
        "8": {
            "sn": "00269",
            "brief": "姊妹"
        },
        "9": {
            "sn": "00559",
            "brief": "说"
        },
        "10": {
            "sn": "00413",
            "brief": "向、往"
        },
        "11": {
            "sn": "03290",
            "brief": "雅各"
        },
        "12": {
            "sn": "03051",
            "brief": "给、提供、来"
        },
        "13": {
            "sn": "09001",
            "brief": "给、往、向、到、归属于"
        },
        "14": {
            "sn": "01121",
            "brief": "儿子、孙子、后裔、成员"
        },
        "15": {
            "sn": "00518",
            "brief": "如果、不是"
        },
        "16": {
            "sn": "00369",
            "brief": "不存在、没有"
        },
        "17": {
            "sn": "04191",
            "brief": "死亡"
        },
        "18": {
            "sn": "00595",
            "brief": "我"
        }
    },
    "15": {
        "literal": "晚上，雅各从田里回来，利亚出来迎接他，说：「你要与我同房，因为我实在…把你雇下了。」(…处填入下行)用我儿子的风茄那一夜，雅各就与她同寝。",
        "0": {
            "sn": "00935",
            "brief": "来、进入、临到、发生"
        },
        "1": {
            "sn": "03290",
            "brief": "雅各"
        },
        "2": {
            "sn": "04480",
            "brief": "从、出、离"
        },
        "3": {
            "sn": "07704",
            "brief": "田地"
        },
        "4": {
            "sn": "06153",
            "brief": "晚上"
        },
        "5": {
            "sn": "03318",
            "brief": "出去"
        },
        "6": {
            "sn": "03812",
            "brief": "利亚"
        },
        "7": {
            "sn": "07125",
            "brief": "迎接、遇见、偶然相遇"
        },
        "8": {
            "sn": "00559",
            "brief": "说"
        },
        "9": {
            "sn": "00413",
            "brief": "对、向、往"
        },
        "10": {
            "sn": "00935",
            "brief": "来、进入、临到、发生"
        },
        "11": {
            "sn": "03588",
            "brief": "因为、不必翻译"
        },
        "12": {
            "sn": "07936",
            "brief": "雇用"
        },
        "13": {
            "sn": "07936",
            "brief": "雇用"
        },
        "14": {
            "sn": "01736",
            "brief": "1. 容器、筐子，2. 曼陀罗草、催爱果、风茄"
        },
        "15": {
            "sn": "01121",
            "brief": "儿子、孙子、后裔、成员"
        },
        "16": {
            "sn": "07901",
            "brief": "躺卧、同寝"
        },
        "17": {
            "sn": "05973",
            "brief": "跟"
        },
        "18": {
            "sn": "03915",
            "brief": "夜晚"
        },
        "19": {
            "sn": "01931",
            "brief": "他"
        }
    },
    "37": {
        "4": {
            "sn": "06478",
            "brief": "剥皮"
        },
        "0": {
            "sn": "03322",
            "brief": "放、摆"
        },
        "literal": "将剥了皮的枝子，摆放在…水沟和水槽里，(…处填入下行)羊群前来喝水的正对着羊群；它们来喝的时候，牝牡交配。",
        "1": {
            "sn": "00853",
            "brief": "不必翻译"
        },
        "2": {
            "sn": "04731",
            "brief": "根、木杖"
        },
        "3": {
            "sn": "00834",
            "brief": "不必翻译"
        },
        "5": {
            "sn": "07298",
            "brief": "槽、洞"
        },
        "6": {
            "sn": "08268",
            "brief": "水槽"
        },
        "7": {
            "sn": "04325",
            "brief": "水"
        },
        "8": {
            "sn": "00834",
            "brief": "不必翻译"
        },
        "9": {
            "sn": "00935",
            "brief": "来、进入、临到、发生"
        },
        "10": {
            "sn": "06629",
            "brief": "羊"
        },
        "11": {
            "sn": "08354",
            "brief": "喝"
        },
        "12": {
            "sn": "05227",
            "brief": "在前面"
        },
        "13": {
            "sn": "06629",
            "brief": "羊"
        },
        "14": {
            "sn": "03179",
            "brief": "变热、怀孕、配对繁殖"
        },
        "15": {
            "sn": "00935",
            "brief": "来、进入、临到、发生"
        },
        "16": {
            "sn": "08354",
            "brief": "喝"
        }
    },
    "1": {
        "literal": "雅各向拉结生气，说：「我岂能代替…上帝呢？」(…处填入下行)那使你子宫不出子嗣的",
        "0": {
            "sn": "02734",
            "brief": "发怒、燃烧"
        },
        "1": {
            "sn": "00639",
            "brief": "鼻子、怒气"
        },
        "2": {
            "sn": "03290",
            "brief": "雅各"
        },
        "3": {
            "sn": "07354",
            "brief": "拉结"
        },
        "4": {
            "sn": "00559",
            "brief": "说"
        },
        "5": {
            "sn": "08478",
            "brief": "1. 名词：位置、地方；2. 介系词：在…之下；3. 介系词：代替、因为"
        },
        "6": {
            "sn": "00430",
            "brief": "上帝、神、神明"
        },
        "7": {
            "sn": "00595",
            "brief": "我"
        },
        "8": {
            "sn": "00834",
            "brief": "不必翻译"
        },
        "9": {
            "sn": "04513",
            "brief": "拒绝、抑制、撤退、收回、缩回"
        },
        "10": {
            "sn": "04480",
            "brief": "从、出、离"
        },
        "11": {
            "sn": "06529",
            "brief": "果实、子孙"
        },
        "12": {
            "sn": "00990",
            "brief": "子宫，腹部"
        }
    },
    "2": {
        "10": {
            "sn": "01571",
            "brief": "也"
        },
        "literal": "拉结说：「看哪，我的使女辟拉(在这里)，你与她同房，使她生子在我膝下，我便因她而得建立。」",
        "0": {
            "sn": "00559",
            "brief": "说"
        },
        "1": {
            "sn": "02009",
            "brief": "看哪"
        },
        "2": {
            "sn": "00519",
            "brief": "使女、婢女"
        },
        "3": {
            "sn": "01090",
            "brief": "辟拉"
        },
        "4": {
            "sn": "00935",
            "brief": "来、进入、临到、发生"
        },
        "5": {
            "sn": "00413",
            "brief": "向、往"
        },
        "6": {
            "sn": "03205",
            "brief": "生出、出生"
        },
        "7": {
            "sn": "05921",
            "brief": "在…上面"
        },
        "8": {
            "sn": "01290",
            "brief": "膝盖"
        },
        "9": {
            "sn": "01129",
            "brief": "被建立"
        },
        "11": {
            "sn": "00595",
            "brief": "我"
        },
        "12": {
            "sn": "04480",
            "brief": "从、出、离"
        }
    }
}