{
    "1": {
        "1": {
            "sn": "03205",
            "brief": "生出、出生"
        },
        "2": {
            "sn": "00853",
            "brief": "不必翻译"
        },
        "3": {
            "sn": "00251",
            "brief": "兄弟"
        },
        "4": {
            "sn": "00853",
            "brief": "不必翻译"
        },
        "5": {
            "sn": "01893",
            "brief": "亚伯"
        },
        "6": {
            "sn": "01961",
            "brief": "是、成为、临到"
        },
        "7": {
            "sn": "01893",
            "brief": "亚伯"
        },
        "8": {
            "sn": "07462",
            "brief": "I. 吃草、放牧、喂养；II. 结交、与...作伴"
        },
        "9": {
            "sn": "06629",
            "brief": "羊"
        },
        "10": {
            "sn": "07014",
            "brief": "该隐"
        },
        "11": {
            "sn": "01961",
            "brief": "是、成为、临到"
        },
        "12": {
            "sn": "05647",
            "brief": "工作、服事"
        },
        "13": {
            "sn": "00127",
            "brief": "地"
        },
        "0": {
            "sn": "03254",
            "brief": "再一次、增添"
        },
        "literal": "她又生了他(指该隐)的兄弟亚伯。亚伯是牧羊的；该隐是种地的。"
    },
    "0": {
        "0": {
            "sn": "00120",
            "brief": "人"
        },
        "2": {
            "sn": "00853",
            "brief": "不必翻译"
        },
        "3": {
            "sn": "02332",
            "brief": "夏娃"
        },
        "4": {
            "sn": "00802",
            "brief": "女人、妻子"
        },
        "5": {
            "sn": "02029",
            "brief": "怀孕"
        },
        "6": {
            "sn": "03205",
            "brief": "生出、出生"
        },
        "7": {
            "sn": "00853",
            "brief": "不必翻译"
        },
        "8": {
            "sn": "07014",
            "brief": "该隐"
        },
        "9": {
            "sn": "00559",
            "brief": "应许、说"
        },
        "10": {
            "sn": "07069",
            "brief": "购买、取得、持有、创造"
        },
        "11": {
            "sn": "00376",
            "brief": "各人、人、男人、丈夫"
        },
        "12": {
            "sn": "00854",
            "brief": "跟、一起"
        },
        "13": {
            "sn": "03068",
            "brief": "上帝的名字「雅威」，犹太人尊称为「上主」"
        },
        "1": {
            "sn": "03045",
            "brief": "Qal 知道、认识、辨别、经历，Hif‘il 使知道、宣告"
        },
        "literal": "那人和他妻子夏娃同房，她就怀孕，生了该隐(就是得的意思)，她说：「我经由雅威(的帮助)，得了一个人。」"
    },
    "2": {
        "literal": "过了一些日子，该隐拿地里的出产为供物献给雅威。",
        "0": {
            "sn": "01961",
            "brief": "是、成为、临到"
        },
        "1": {
            "sn": "07093",
            "brief": "尾端、结尾"
        },
        "2": {
            "sn": "03117",
            "brief": "日子、时候"
        },
        "4": {
            "sn": "07014",
            "brief": "该隐"
        },
        "5": {
            "sn": "06529",
            "brief": "果实"
        },
        "6": {
            "sn": "00127",
            "brief": "地"
        },
        "7": {
            "sn": "04503",
            "brief": "供物、礼物、祭物、素祭"
        },
        "8": {
            "sn": "03068",
            "brief": "上帝的名字「雅威」，犹太人尊称为「上主」"
        },
        "3": {
            "sn": "00935",
            "brief": "来、进入、临到、发生"
        }
    },
    "3": {
        "literal": "亚伯他也将他羊群中头生的和它们的脂油献上。雅威看中了亚伯和他的供物，",
        "0": {
            "sn": "01893",
            "brief": "亚伯"
        },
        "2": {
            "sn": "01571",
            "brief": "也"
        },
        "3": {
            "sn": "01931",
            "brief": "他"
        },
        "4": {
            "sn": "01062",
            "brief": "头生的"
        },
        "5": {
            "sn": "06629",
            "brief": "羊"
        },
        "7": {
            "sn": "08159",
            "brief": "仰望、注视、注重"
        },
        "8": {
            "sn": "03068",
            "brief": "上帝的名字「雅威」，犹太人尊称为「上主」"
        },
        "9": {
            "sn": "00413",
            "brief": "向、往"
        },
        "10": {
            "sn": "01893",
            "brief": "亚伯"
        },
        "11": {
            "sn": "00413",
            "brief": "向、往"
        },
        "12": {
            "sn": "04503",
            "brief": "供物、礼物、祭物、素祭"
        },
        "1": {
            "sn": "00935",
            "brief": "来、进入、临到、发生"
        },
        "6": {
            "sn": "02459",
            "brief": "脂油"
        }
    },
    "4": {
        "0": {
            "sn": "00413",
            "brief": "向、往"
        },
        "1": {
            "sn": "07014",
            "brief": "该隐"
        },
        "2": {
            "sn": "00413",
            "brief": "向、往"
        },
        "3": {
            "sn": "04503",
            "brief": "供物、礼物、祭物、素祭"
        },
        "5": {
            "sn": "08159",
            "brief": "仰望、注视、注重"
        },
        "6": {
            "sn": "02734",
            "brief": "发怒、燃烧"
        },
        "7": {
            "sn": "07014",
            "brief": "该隐"
        },
        "8": {
            "sn": "03966",
            "brief": "极其、非常"
        },
        "9": {
            "sn": "05307",
            "brief": "跌落、跌倒、使签落在..."
        },
        "10": {
            "sn": "06440",
            "brief": "脸"
        },
        "4": {
            "sn": "03808",
            "brief": "不"
        },
        "literal": "只是该隐和他的供物，他看不中。该隐就大大地发怒，他的脸拉了下来。"
    },
    "5": {
        "0": {
            "sn": "00559",
            "brief": "应许、说"
        },
        "1": {
            "sn": "03068",
            "brief": "上帝的名字「雅威」，犹太人尊称为「上主」"
        },
        "2": {
            "sn": "00413",
            "brief": "敌对、向、往"
        },
        "3": {
            "sn": "07014",
            "brief": "该隐"
        },
        "4": {
            "sn": "04100",
            "brief": "什么"
        },
        "5": {
            "sn": "02734",
            "brief": "发怒、燃烧"
        },
        "6": {
            "sn": "09001",
            "brief": "给、往、向、到、归属于"
        },
        "7": {
            "sn": "04100",
            "brief": "什么"
        },
        "8": {
            "sn": "05307",
            "brief": "跌落、跌倒、使签落在..."
        },
        "9": {
            "sn": "06440",
            "brief": "脸"
        },
        "literal": "雅威对该隐说：「你为甚么发怒呢？你的脸为甚么拉下来？"
    },
    "6": {
        "2": {
            "sn": "03190",
            "brief": "Qal 是良善的，Hif‘il 做得好、降福"
        },
        "0": {
            "sn": "03808",
            "brief": "不"
        },
        "1": {
            "sn": "00518",
            "brief": "如果"
        },
        "3": {
            "sn": "05375",
            "brief": "高举、举起、背负、承担"
        },
        "4": {
            "sn": "00518",
            "brief": "如果"
        },
        "7": {
            "sn": "06607",
            "brief": "通道、入口"
        },
        "8": {
            "sn": "02403",
            "brief": "罪、赎罪祭、除罪、罪罚"
        },
        "9": {
            "sn": "07257",
            "brief": "躺卧、伸展"
        },
        "10": {
            "sn": "00413",
            "brief": "向、往"
        },
        "11": {
            "sn": "08669",
            "brief": "渴慕、恋慕"
        },
        "12": {
            "sn": "00859",
            "brief": "你"
        },
        "13": {
            "sn": "04910",
            "brief": "掌权、治理"
        },
        "14": {
            "sn": "09002",
            "brief": "在、用、藉着、与、敌对"
        },
        "5": {
            "sn": "03808",
            "brief": "不"
        },
        "6": {
            "sn": "03190",
            "brief": "Qal 是良善的，Hif‘il 做得好、降福"
        },
        "literal": "你若行得好，岂不蒙高举？你若行得不好，罪就伏在门前。它的恋慕在于你，你却要制伏它。」"
    },
    "7": {
        "0": {
            "sn": "00559",
            "brief": "应许、说"
        },
        "1": {
            "sn": "07014",
            "brief": "该隐"
        },
        "2": {
            "sn": "00413",
            "brief": "向、往"
        },
        "3": {
            "sn": "01893",
            "brief": "亚伯"
        },
        "4": {
            "sn": "00251",
            "brief": "兄弟"
        },
        "5": {
            "sn": "01961",
            "brief": "是、成为、临到"
        },
        "6": {
            "sn": "01961",
            "brief": "是、成为、临到"
        },
        "7": {
            "sn": "07704",
            "brief": "田地"
        },
        "8": {
            "sn": "06965",
            "brief": "起来、设立、坚立"
        },
        "9": {
            "sn": "07014",
            "brief": "该隐"
        },
        "10": {
            "sn": "00413",
            "brief": "敌对、向、往"
        },
        "11": {
            "sn": "01893",
            "brief": "亚伯"
        },
        "12": {
            "sn": "00251",
            "brief": "兄弟"
        },
        "13": {
            "sn": "02026",
            "brief": "杀戮"
        },
        "literal": "该隐与他兄弟亚伯说话，他们在田间的时候，该隐起来敌对他兄弟亚伯，把他杀了。"
    },
    "8": {
        "0": {
            "sn": "00559",
            "brief": "应许、说"
        },
        "1": {
            "sn": "03068",
            "brief": "上帝的名字「雅威」，犹太人尊称为「上主」"
        },
        "2": {
            "sn": "00413",
            "brief": "敌对、向、往"
        },
        "3": {
            "sn": "07014",
            "brief": "该隐"
        },
        "4": {
            "sn": "00335",
            "brief": "哪里"
        },
        "5": {
            "sn": "01893",
            "brief": "亚伯"
        },
        "6": {
            "sn": "00251",
            "brief": "兄弟"
        },
        "7": {
            "sn": "00559",
            "brief": "应许、说"
        },
        "10": {
            "sn": "08104",
            "brief": "谨守、小心"
        },
        "11": {
            "sn": "00251",
            "brief": "兄弟"
        },
        "12": {
            "sn": "00595",
            "brief": "我"
        },
        "8": {
            "sn": "03808",
            "brief": "不"
        },
        "9": {
            "sn": "03045",
            "brief": "Qal 知道、认识、辨别、经历，Hif‘il 使知道、宣告"
        },
        "literal": "雅威对该隐说：「你兄弟亚伯在那里？」他说：「我不知道！我岂是看守我兄弟的吗？」"
    },
    "9": {
        "0": {
            "sn": "00559",
            "brief": "应许、说"
        },
        "1": {
            "sn": "04100",
            "brief": "什么"
        },
        "2": {
            "sn": "06213",
            "brief": "做"
        },
        "3": {
            "sn": "06963",
            "brief": "声音"
        },
        "4": {
            "sn": "01818",
            "brief": "血"
        },
        "5": {
            "sn": "00251",
            "brief": "兄弟"
        },
        "7": {
            "sn": "00413",
            "brief": "敌对、向、往"
        },
        "8": {
            "sn": "04480",
            "brief": "从、出、离"
        },
        "9": {
            "sn": "00127",
            "brief": "地"
        },
        "6": {
            "sn": "06817",
            "brief": "Qal 呼喊、哀求；Pi‘el 大声呼喊；Nif‘al 被召唤、聚集；Hif‘il 召集"
        },
        "literal": "雅威说：「你做了甚么事呢？你兄弟的血从地里向我哀告。"
    },
    "10": {
        "literal": "现在你必从这地受诅咒；因地张开它的口，从你手里接了你兄弟的血。",
        "0": {
            "sn": "06258",
            "brief": "现在"
        },
        "1": {
            "sn": "00779",
            "brief": "诅咒"
        },
        "2": {
            "sn": "00859",
            "brief": "你"
        },
        "3": {
            "sn": "04480",
            "brief": "从、出、离"
        },
        "4": {
            "sn": "00127",
            "brief": "地"
        },
        "5": {
            "sn": "00834",
            "brief": "不必翻译"
        },
        "6": {
            "sn": "06475",
            "brief": "张开、分开"
        },
        "7": {
            "sn": "00853",
            "brief": "不必翻译"
        },
        "8": {
            "sn": "06310",
            "brief": "口、命令、末端、沿岸、比例"
        },
        "9": {
            "sn": "03947",
            "brief": "取、娶、拿"
        },
        "10": {
            "sn": "00853",
            "brief": "不必翻译"
        },
        "11": {
            "sn": "01818",
            "brief": "血"
        },
        "12": {
            "sn": "00251",
            "brief": "兄弟"
        },
        "13": {
            "sn": "03027",
            "brief": "手、边、力量、权势"
        }
    },
    "11": {
        "0": {
            "sn": "03588",
            "brief": "因为、不必翻译"
        },
        "1": {
            "sn": "05647",
            "brief": "工作、服事"
        },
        "2": {
            "sn": "00853",
            "brief": "不必翻译"
        },
        "3": {
            "sn": "00127",
            "brief": "地"
        },
        "6": {
            "sn": "05414",
            "brief": "给"
        },
        "7": {
            "sn": "03581",
            "brief": "能力、力量"
        },
        "8": {
            "sn": "09001",
            "brief": "给、往、向、到、归属于"
        },
        "9": {
            "sn": "05128",
            "brief": "震动、摇动"
        },
        "10": {
            "sn": "05110",
            "brief": "表示哀悼、摇动、挥舞、怜恤"
        },
        "11": {
            "sn": "01961",
            "brief": "是、成为、临到"
        },
        "12": {
            "sn": "00776",
            "brief": "地、邦国、疆界"
        },
        "4": {
            "sn": "03808",
            "brief": "不"
        },
        "5": {
            "sn": "03254",
            "brief": "再一次、增添"
        },
        "literal": "你种地，它(原文用阴性)不再给你效力；你必在地上成为漂泊、流荡的人。」"
    },
    "12": {
        "0": {
            "sn": "00559",
            "brief": "应许、说"
        },
        "1": {
            "sn": "07014",
            "brief": "该隐"
        },
        "2": {
            "sn": "00413",
            "brief": "向、往"
        },
        "3": {
            "sn": "03068",
            "brief": "上帝的名字「雅威」，犹太人尊称为「上主」"
        },
        "4": {
            "sn": "01419",
            "brief": "大的、伟大的"
        },
        "5": {
            "sn": "05771",
            "brief": "罪孽、恶行、刑罚"
        },
        "6": {
            "sn": "05375",
            "brief": "高举、举起、背负、承担"
        },
        "literal": "该隐对雅威说：「我的刑罚太重，过于我所能承担。"
    },
    "13": {
        "0": {
            "sn": "02005",
            "brief": "看哪"
        },
        "2": {
            "sn": "00853",
            "brief": "不必翻译"
        },
        "3": {
            "sn": "03117",
            "brief": "日子、时候"
        },
        "4": {
            "sn": "05921",
            "brief": "在…上面"
        },
        "5": {
            "sn": "06440",
            "brief": "脸"
        },
        "6": {
            "sn": "00127",
            "brief": "地"
        },
        "7": {
            "sn": "06440",
            "brief": "脸"
        },
        "9": {
            "sn": "01961",
            "brief": "是、成为、临到"
        },
        "10": {
            "sn": "05128",
            "brief": "震动、摇动、飘流"
        },
        "11": {
            "sn": "05110",
            "brief": "表示哀悼、摇动、挥舞、怜恤"
        },
        "12": {
            "sn": "00776",
            "brief": "地、邦国、疆界"
        },
        "13": {
            "sn": "01961",
            "brief": "是、成为、临到"
        },
        "14": {
            "sn": "03605",
            "brief": "各、全部、整个"
        },
        "16": {
            "sn": "02026",
            "brief": "杀戮"
        },
        "8": {
            "sn": "05641",
            "brief": "Nif‘al 隐藏、躲藏"
        },
        "15": {
            "sn": "04672",
            "brief": "寻找、追上、获得、发现"
        },
        "1": {
            "sn": "01644",
            "brief": "驱赶、翻腾"
        },
        "literal": "看哪，祢今日赶逐我离开这土地的表面上，以致不能见祢的面；我必在地上成为漂泊、流荡的人，凡遇见我的必杀我。」"
    },
    "14": {
        "0": {
            "sn": "00559",
            "brief": "说"
        },
        "1": {
            "sn": "09001",
            "brief": "给、往、向、到、归属于"
        },
        "2": {
            "sn": "03068",
            "brief": "上帝的名字「雅威」，犹太人尊称为「上主」"
        },
        "3": {
            "sn": "03651",
            "brief": "副词：因此、如此、这样；形容词：对、真的、公平、诚实"
        },
        "4": {
            "sn": "03605",
            "brief": "各、全部、整个"
        },
        "5": {
            "sn": "02026",
            "brief": "杀戮"
        },
        "6": {
            "sn": "07014",
            "brief": "该隐"
        },
        "7": {
            "sn": "07659",
            "brief": "七倍"
        },
        "9": {
            "sn": "07760",
            "brief": "置、放"
        },
        "10": {
            "sn": "03068",
            "brief": "上帝的名字「雅威」，犹太人尊称为「上主」"
        },
        "11": {
            "sn": "07014",
            "brief": "该隐"
        },
        "12": {
            "sn": "00226",
            "brief": "记号"
        },
        "13": {
            "sn": "01115",
            "brief": "除了、不"
        },
        "15": {
            "sn": "00853",
            "brief": "不必翻译"
        },
        "16": {
            "sn": "03605",
            "brief": "各、全部、整个"
        },
        "14": {
            "sn": "05221",
            "brief": "Hif‘il 击打、击杀"
        },
        "8": {
            "sn": "05358",
            "brief": "报仇"
        },
        "17": {
            "sn": "04672",
            "brief": "寻找、追上、获得、发现"
        },
        "literal": "雅威对他说：「因此，凡杀该隐的，必遭报七倍。」雅威就给该隐立一个记号，免得遇见他的人杀了他。"
    },
    "15": {
        "0": {
            "sn": "03318",
            "brief": "出去、离开"
        },
        "1": {
            "sn": "07014",
            "brief": "该隐"
        },
        "2": {
            "sn": "03942",
            "brief": "在…前面"
        },
        "3": {
            "sn": "03068",
            "brief": "上帝的名字「雅威」，犹太人尊称为「上主」"
        },
        "4": {
            "sn": "03427",
            "brief": "居住、坐、停留"
        },
        "5": {
            "sn": "00776",
            "brief": "地、邦国、疆界"
        },
        "6": {
            "sn": "05113",
            "brief": "挪得"
        },
        "7": {
            "sn": "06926",
            "brief": "前方、东边"
        },
        "8": {
            "sn": "05731",
            "brief": "伊甸"
        },
        "literal": "于是该隐从雅威面前离开，去住在伊甸东边挪得之地。"
    },
    "16": {
        "1": {
            "sn": "07014",
            "brief": "该隐"
        },
        "2": {
            "sn": "00853",
            "brief": "不必翻译"
        },
        "3": {
            "sn": "00802",
            "brief": "女人、妻子"
        },
        "4": {
            "sn": "02029",
            "brief": "怀孕"
        },
        "5": {
            "sn": "03205",
            "brief": "生出、出生"
        },
        "6": {
            "sn": "00853",
            "brief": "不必翻译"
        },
        "7": {
            "sn": "02585",
            "brief": "以诺"
        },
        "8": {
            "sn": "01961",
            "brief": "是、成为、临到"
        },
        "9": {
            "sn": "01129",
            "brief": "建造"
        },
        "10": {
            "sn": "05892",
            "brief": "城邑、城镇"
        },
        "11": {
            "sn": "07121",
            "brief": "喊叫、召集、称呼、求告、朗读"
        },
        "12": {
            "sn": "08034",
            "brief": "名、名字"
        },
        "13": {
            "sn": "05892",
            "brief": "城邑、城镇"
        },
        "14": {
            "sn": "08034",
            "brief": "名、名字"
        },
        "15": {
            "sn": "01121",
            "brief": "儿子、孙子、后裔、成员"
        },
        "16": {
            "sn": "02585",
            "brief": "以诺"
        },
        "0": {
            "sn": "03045",
            "brief": "Qal 知道、认识、辨别、经历，Hif‘il 使知道、宣告"
        },
        "literal": "该隐与他的妻子同房，她就怀孕，生了以诺。他建造一座城，按着自己儿子的名称那城的名字为以诺。"
    },
    "17": {
        "literal": "以拿被以诺所生；以拿生米户雅利；米户雅利生玛土撒利；玛土撒利生拉麦。",
        "0": {
            "sn": "03205",
            "brief": "生出、出生"
        },
        "1": {
            "sn": "02585",
            "brief": "以诺"
        },
        "2": {
            "sn": "00853",
            "brief": "不必翻译"
        },
        "3": {
            "sn": "05897",
            "brief": "以拿"
        },
        "4": {
            "sn": "05897",
            "brief": "以拿"
        },
        "5": {
            "sn": "03205",
            "brief": "生出、出生"
        },
        "6": {
            "sn": "00853",
            "brief": "不必翻译"
        },
        "7": {
            "sn": "04232",
            "brief": "米户雅利"
        },
        "8": {
            "sn": "04232",
            "brief": "米户雅利"
        },
        "9": {
            "sn": "03205",
            "brief": "生出、出生"
        },
        "10": {
            "sn": "00853",
            "brief": "不必翻译"
        },
        "11": {
            "sn": "04967",
            "brief": "玛土撒利"
        },
        "12": {
            "sn": "04967",
            "brief": "玛土撒利"
        },
        "13": {
            "sn": "03205",
            "brief": "生出、出生"
        },
        "14": {
            "sn": "00853",
            "brief": "不必翻译"
        },
        "15": {
            "sn": "03929",
            "brief": "拉麦"
        }
    },
    "18": {
        "0": {
            "sn": "03947",
            "brief": "取、娶、拿"
        },
        "1": {
            "sn": "09001",
            "brief": "给、往、向、到、归属于"
        },
        "2": {
            "sn": "03929",
            "brief": "拉麦"
        },
        "3": {
            "sn": "08147",
            "brief": "数目的「二」"
        },
        "4": {
            "sn": "00802",
            "brief": "女人、妻子"
        },
        "5": {
            "sn": "08034",
            "brief": "名、名字"
        },
        "6": {
            "sn": "00259",
            "brief": "数目的「一」"
        },
        "7": {
            "sn": "05711",
            "brief": "亚大"
        },
        "8": {
            "sn": "08034",
            "brief": "名、名字"
        },
        "9": {
            "sn": "08145",
            "brief": "序数的「第二」"
        },
        "10": {
            "sn": "06741",
            "brief": "洗拉"
        },
        "literal": "拉麦娶了两个妻子：一个名叫亚大，第二个名叫洗拉。"
    },
    "19": {
        "0": {
            "sn": "03205",
            "brief": "生出、出生"
        },
        "1": {
            "sn": "05711",
            "brief": "亚大"
        },
        "2": {
            "sn": "00853",
            "brief": "不必翻译"
        },
        "3": {
            "sn": "02989",
            "brief": "雅八"
        },
        "4": {
            "sn": "01931",
            "brief": "他"
        },
        "5": {
            "sn": "01961",
            "brief": "是、成为、临到"
        },
        "6": {
            "sn": "00001",
            "brief": "父亲、祖先"
        },
        "7": {
            "sn": "03427",
            "brief": "居住、坐、停留"
        },
        "8": {
            "sn": "00168",
            "brief": "帐棚、帐蓬"
        },
        "9": {
            "sn": "04735",
            "brief": "牲畜"
        },
        "literal": "亚大生雅八，他是居住在帐棚和牲畜当中之人的祖师；"
    },
    "21": {
        "0": {
            "sn": "06741",
            "brief": "洗拉"
        },
        "1": {
            "sn": "01571",
            "brief": "甚至、也"
        },
        "2": {
            "sn": "01931",
            "brief": "他；她"
        },
        "3": {
            "sn": "03205",
            "brief": "生出、出生"
        },
        "4": {
            "sn": "00853",
            "brief": "不必翻译"
        },
        "literal": "和洗拉，她也生了土八•该隐，为各样铜和铁(之利器)的打造者。土八•该隐的妹妹是拿玛。",
        "5": {
            "sn": "08423",
            "brief": "土八•该隐"
        },
        "6": {
            "sn": "08423",
            "brief": "土八•该隐"
        },
        "7": {
            "sn": "03913",
            "brief": "使锐利、不停地敲击、磨快"
        },
        "8": {
            "sn": "03605",
            "brief": "全部、整个、各"
        },
        "9": {
            "sn": "02794",
            "brief": "铜匠、铁匠"
        },
        "10": {
            "sn": "05178",
            "brief": "铜"
        },
        "11": {
            "sn": "01270",
            "brief": "铁"
        },
        "12": {
            "sn": "00269",
            "brief": "姊妹"
        },
        "13": {
            "sn": "08423",
            "brief": "土八•该隐"
        },
        "14": {
            "sn": "08423",
            "brief": "土八•该隐"
        },
        "15": {
            "sn": "05279",
            "brief": "拿玛"
        }
    },
    "22": {
        "0": {
            "sn": "00559",
            "brief": "说"
        },
        "1": {
            "sn": "03929",
            "brief": "拉麦"
        },
        "2": {
            "sn": "00802",
            "brief": "女人、妻子"
        },
        "3": {
            "sn": "05711",
            "brief": "亚大"
        },
        "4": {
            "sn": "06741",
            "brief": "洗拉"
        },
        "6": {
            "sn": "06963",
            "brief": "声音"
        },
        "7": {
            "sn": "00802",
            "brief": "女人、妻子"
        },
        "8": {
            "sn": "03929",
            "brief": "拉麦"
        },
        "10": {
            "sn": "00565",
            "brief": "言语、言论"
        },
        "11": {
            "sn": "03588",
            "brief": "因为、不必翻译"
        },
        "12": {
            "sn": "00376",
            "brief": "各人、人、男人、丈夫"
        },
        "13": {
            "sn": "02026",
            "brief": "杀戮"
        },
        "14": {
            "sn": "06482",
            "brief": "伤口"
        },
        "15": {
            "sn": "03206",
            "brief": "孩子、儿女"
        },
        "16": {
            "sn": "02250",
            "brief": "青肿、伤口"
        },
        "5": {
            "sn": "08085",
            "brief": "Qal 听、听从，Hif‘il 说明、使…听"
        },
        "9": {
            "sn": "00238",
            "brief": "侧耳听、留心听"
        },
        "literal": "拉麦对他的妻子们说：「亚大和洗拉，你们要听我的声音；拉麦的妻子啊，侧耳聆听我的话语：壮年人伤我，我把他杀了；少年人损我，我把他害了。【或作我杀壮士却伤自己，我害幼童却损本身。】"
    },
    "23": {
        "0": {
            "sn": "03588",
            "brief": "因为、不必翻译"
        },
        "1": {
            "sn": "07659",
            "brief": "七倍"
        },
        "2": {
            "sn": "05358",
            "brief": "报仇"
        },
        "3": {
            "sn": "07014",
            "brief": "该隐"
        },
        "4": {
            "sn": "03929",
            "brief": "拉麦"
        },
        "5": {
            "sn": "07657",
            "brief": "数目的「七十」"
        },
        "6": {
            "sn": "07651",
            "brief": "数目的「七」"
        },
        "literal": "若杀该隐，遭报七倍，杀拉麦，必遭报七十七倍。"
    },
    "24": {
        "literal": "亚当又与他的妻子同房，她就生了一个儿子，她称他的名字为塞特；(意思说：)上帝给我立了另一个子嗣代替亚伯，因为该隐杀了他。",
        "1": {
            "sn": "00121",
            "brief": "亚当"
        },
        "3": {
            "sn": "00853",
            "brief": "不必翻译"
        },
        "4": {
            "sn": "00802",
            "brief": "女人、妻子"
        },
        "5": {
            "sn": "03205",
            "brief": "生出、出生"
        },
        "6": {
            "sn": "01121",
            "brief": "儿子、孙子、后裔、成员"
        },
        "7": {
            "sn": "07121",
            "brief": "喊叫、召集、称呼、求告、朗读"
        },
        "8": {
            "sn": "00853",
            "brief": "不必翻译"
        },
        "9": {
            "sn": "08034",
            "brief": "名字"
        },
        "10": {
            "sn": "08352",
            "brief": "塞特"
        },
        "11": {
            "sn": "03588",
            "brief": "因为、不必翻译"
        },
        "12": {
            "sn": "07896",
            "brief": "置、放、定"
        },
        "13": {
            "sn": "09001",
            "brief": "给、往、向、到、归属于"
        },
        "14": {
            "sn": "00430",
            "brief": "上帝、神、神明"
        },
        "15": {
            "sn": "02233",
            "brief": "后裔、子孙"
        },
        "16": {
            "sn": "00312",
            "brief": "别的"
        },
        "17": {
            "sn": "08478",
            "brief": "1. 名词：位置、地方；2. 介系词：在…之下；3. 介系词：代替、因为"
        },
        "18": {
            "sn": "01893",
            "brief": "亚伯"
        },
        "19": {
            "sn": "03588",
            "brief": "因为、不必翻译"
        },
        "20": {
            "sn": "02026",
            "brief": "杀戮"
        },
        "21": {
            "sn": "07014",
            "brief": "该隐"
        },
        "0": {
            "sn": "03045",
            "brief": "Qal 知道、认识、辨别、经历，Hif‘il 使知道、宣告"
        },
        "2": {
            "sn": "05750",
            "brief": "再、仍然、持续"
        }
    },
    "25": {
        "literal": "有一个儿子也为塞特所生，他称他的名字为以挪士。那时候，人才开始求告雅威的名。",
        "0": {
            "sn": "08352",
            "brief": "塞特"
        },
        "1": {
            "sn": "01571",
            "brief": "也"
        },
        "2": {
            "sn": "01931",
            "brief": "他"
        },
        "4": {
            "sn": "01121",
            "brief": "儿子、孙子、后裔、成员"
        },
        "5": {
            "sn": "07121",
            "brief": "喊叫、召集、称呼、求告、朗读"
        },
        "6": {
            "sn": "00853",
            "brief": "不必翻译"
        },
        "7": {
            "sn": "08034",
            "brief": "名字"
        },
        "8": {
            "sn": "00583",
            "brief": "以挪士"
        },
        "9": {
            "sn": "00227",
            "brief": "那时"
        },
        "11": {
            "sn": "07121",
            "brief": "喊叫、召集、称呼、求告、朗读"
        },
        "12": {
            "sn": "08034",
            "brief": "名字"
        },
        "13": {
            "sn": "03068",
            "brief": "上帝的名字「雅威」，犹太人尊称为「上主」"
        },
        "14": {
            "sn": "09015",
            "brief": "开的意思"
        },
        "3": {
            "sn": "03205",
            "brief": "生出、出生"
        },
        "10": {
            "sn": "02490",
            "brief": "I. Qal 刺杀、伤害；II. Pi‘el 吹笛子；III. Pi‘el 亵渎、污辱、玷污、俗化，Hif‘il 亵渎、开始"
        }
    },
    "20": {
        "4": {
            "sn": "01961",
            "brief": "是、成为、临到"
        },
        "5": {
            "sn": "00001",
            "brief": "父亲、祖先"
        },
        "0": {
            "sn": "08034",
            "brief": "名字"
        },
        "1": {
            "sn": "00251",
            "brief": "兄弟"
        },
        "2": {
            "sn": "03106",
            "brief": "犹八"
        },
        "3": {
            "sn": "01931",
            "brief": "他"
        },
        "6": {
            "sn": "03605",
            "brief": "全部、整个、各"
        },
        "7": {
            "sn": "08610",
            "brief": "掌握、使用、掳获、攻取、抢夺"
        },
        "8": {
            "sn": "03658",
            "brief": "琴、竖琴"
        },
        "9": {
            "sn": "05748",
            "brief": "乐器，笛子"
        },
        "literal": "他的兄弟名叫犹八，他是一切使用琴和箫之人的祖师。"
    }
}