{
    "12": {
        "1": {
            "sn": "08033",
            "brief": "那里"
        },
        "0": {
            "sn": "03885",
            "brief": "I. 居住、休息、过夜；II. Nif‘al 发牢骚、抱怨"
        },
        "literal": "(原文 32：14)当夜，雅各在那里住宿，就从那来到他手中的物中拿了礼物要送给他哥哥以扫：",
        "2": {
            "sn": "03915",
            "brief": "夜晚"
        },
        "3": {
            "sn": "01931",
            "brief": "他"
        },
        "4": {
            "sn": "03947",
            "brief": "取、娶、拿"
        },
        "5": {
            "sn": "04480",
            "brief": "从、出、离"
        },
        "6": {
            "sn": "00935",
            "brief": "来、进入、临到、发生"
        },
        "7": {
            "sn": "03027",
            "brief": "手、边、力量、权势"
        },
        "8": {
            "sn": "04503",
            "brief": "供物、礼物、祭物、素祭"
        },
        "9": {
            "sn": "06215",
            "brief": "以扫"
        },
        "10": {
            "sn": "00251",
            "brief": "兄弟"
        }
    },
    "27": {
        "1": {
            "sn": "03808",
            "brief": "不"
        },
        "literal": "(原文 32：29)那人说：「你的名不要再叫雅各，要叫以色列，因为你与上帝与人较力，你都得了胜。」",
        "0": {
            "sn": "00559",
            "brief": "说"
        },
        "2": {
            "sn": "03290",
            "brief": "雅各"
        },
        "3": {
            "sn": "00559",
            "brief": "说"
        },
        "5": {
            "sn": "08034",
            "brief": "名字"
        },
        "6": {
            "sn": "03588",
            "brief": "因为、不必翻译"
        },
        "7": {
            "sn": "00518",
            "brief": "如果、不是"
        },
        "8": {
            "sn": "03478",
            "brief": "以色列"
        },
        "9": {
            "sn": "03588",
            "brief": "因为、不必翻译"
        },
        "10": {
            "sn": "08280",
            "brief": "与...斗争、争辩"
        },
        "11": {
            "sn": "05973",
            "brief": "跟"
        },
        "4": {
            "sn": "05750",
            "brief": "再、仍然、持续"
        },
        "12": {
            "sn": "00430",
            "brief": "上帝、神、神明"
        },
        "13": {
            "sn": "05973",
            "brief": "跟"
        },
        "14": {
            "sn": "00376",
            "brief": "各人、人、男人、丈夫"
        },
        "15": {
            "sn": "03201",
            "brief": "能够、有能力"
        }
    },
    "16": {
        "literal": "(原文 32：18)又吩咐最先(走)的说：「当我哥哥以扫遇见你，问你说：『你是哪家的人？要往哪里去？你前头这些是谁的？』",
        "1": {
            "sn": "00853",
            "brief": "不必翻译"
        },
        "2": {
            "sn": "07223",
            "brief": "先前的、首先的"
        },
        "3": {
            "sn": "00559",
            "brief": "说"
        },
        "4": {
            "sn": "03588",
            "brief": "因为、不必翻译"
        },
        "5": {
            "sn": "06298",
            "brief": "相遇"
        },
        "6": {
            "sn": "06215",
            "brief": "以扫"
        },
        "7": {
            "sn": "00251",
            "brief": "兄弟"
        },
        "8": {
            "sn": "07592",
            "brief": "问、要求离去"
        },
        "9": {
            "sn": "00559",
            "brief": "说"
        },
        "10": {
            "sn": "04310",
            "brief": "谁"
        },
        "11": {
            "sn": "00859",
            "brief": "你"
        },
        "12": {
            "sn": "00575",
            "brief": "哪里、到何时"
        },
        "13": {
            "sn": "01980",
            "brief": "来、去"
        },
        "14": {
            "sn": "04310",
            "brief": "谁"
        },
        "15": {
            "sn": "00428",
            "brief": "这些"
        },
        "16": {
            "sn": "03942",
            "brief": "在…前面"
        },
        "0": {
            "sn": "06680",
            "brief": "Pi‘el 命令、吩咐"
        }
    },
    "23": {
        "literal": "(原文 32：25)只剩下雅各独自一人。有一个人来和他摔跤，直到黎明。",
        "0": {
            "sn": "03498",
            "brief": "留下、剩下"
        },
        "1": {
            "sn": "03290",
            "brief": "雅各"
        },
        "2": {
            "sn": "00905",
            "brief": "分开、门闩、片段"
        },
        "4": {
            "sn": "00376",
            "brief": "人、各人、男人、丈夫"
        },
        "5": {
            "sn": "05973",
            "brief": "跟"
        },
        "6": {
            "sn": "05704",
            "brief": "直到、甚至"
        },
        "7": {
            "sn": "05927",
            "brief": "上去、升高、生长、献上"
        },
        "8": {
            "sn": "07837",
            "brief": "黎明"
        },
        "3": {
            "sn": "00079",
            "brief": "Nif‘al 摔跤"
        }
    },
    "24": {
        "1": {
            "sn": "03588",
            "brief": "因为、不必翻译"
        },
        "3": {
            "sn": "03201",
            "brief": "能够"
        },
        "4": {
            "sn": "09001",
            "brief": "给、往、向、到、归属于"
        },
        "5": {
            "sn": "05060",
            "brief": "触撞、触及"
        },
        "6": {
            "sn": "03709",
            "brief": "手掌、脚底、大腿连接处"
        },
        "7": {
            "sn": "03409",
            "brief": "腰、大腿"
        },
        "8": {
            "sn": "03363",
            "brief": "脱臼"
        },
        "9": {
            "sn": "03709",
            "brief": "手掌、脚底、大腿连接处"
        },
        "10": {
            "sn": "03409",
            "brief": "腰、大腿"
        },
        "11": {
            "sn": "03290",
            "brief": "雅各"
        },
        "13": {
            "sn": "05973",
            "brief": "跟"
        },
        "12": {
            "sn": "00079",
            "brief": "Nif‘al 摔跤"
        },
        "2": {
            "sn": "03808",
            "brief": "不"
        },
        "0": {
            "sn": "07200",
            "brief": "Qal 看见、看顾、察觉，Nif‘al 显现，Hif‘il 显明"
        },
        "literal": "(原文 32：26)那人见自己胜不过他，就将他的大腿窝摸了一把，雅各的大腿窝在与他摔跤的时候就脱臼了。"
    },
    "30": {
        "0": {
            "sn": "02224",
            "brief": "发出、出现、升起"
        },
        "1": {
            "sn": "09001",
            "brief": "给、往、向、到、归属于"
        },
        "3": {
            "sn": "00834",
            "brief": "不必翻译"
        },
        "7": {
            "sn": "01931",
            "brief": "他"
        },
        "8": {
            "sn": "06760",
            "brief": "瘸腿"
        },
        "9": {
            "sn": "05921",
            "brief": "在…上面"
        },
        "10": {
            "sn": "03409",
            "brief": "腰、大腿"
        },
        "2": {
            "sn": "08121",
            "brief": "太阳"
        },
        "5": {
            "sn": "00853",
            "brief": "不必翻译"
        },
        "6": {
            "sn": "06439",
            "brief": "毗努伊勒"
        },
        "4": {
            "sn": "05674",
            "brief": "经过、穿越、涨溢、离开、拿走、违犯、废除"
        },
        "literal": "(原文 32：32)日头刚出来，雅各经过毗努伊勒的时候，他的大腿就瘸了。"
    },
    "28": {
        "literal": "(原文 32：30)雅各问他说：「请将你的名字告诉我。」他说：「何必问我的名字？」于是他在那里给他(指雅各)祝福。",
        "0": {
            "sn": "07592",
            "brief": "问"
        },
        "1": {
            "sn": "03290",
            "brief": "雅各"
        },
        "2": {
            "sn": "00559",
            "brief": "说"
        },
        "4": {
            "sn": "04994",
            "brief": "作为鼓励语的一部份"
        },
        "5": {
            "sn": "08034",
            "brief": "名字"
        },
        "6": {
            "sn": "00559",
            "brief": "说"
        },
        "7": {
            "sn": "04100",
            "brief": "什么"
        },
        "8": {
            "sn": "02088",
            "brief": "这个"
        },
        "9": {
            "sn": "07592",
            "brief": "问"
        },
        "10": {
            "sn": "08034",
            "brief": "名字"
        },
        "12": {
            "sn": "00853",
            "brief": "不必翻译"
        },
        "13": {
            "sn": "08033",
            "brief": "那里"
        },
        "11": {
            "sn": "01288",
            "brief": "称颂、祝福"
        },
        "3": {
            "sn": "05046",
            "brief": "Hif‘il 告诉、宣布、声明、通知"
        }
    },
    "6": {
        "8": {
            "sn": "00834",
            "brief": "不必翻译"
        },
        "0": {
            "sn": "03372",
            "brief": "Qal 害怕，Nif‘al 令人畏惧"
        },
        "literal": "(原文 32：8)雅各就甚惧怕，而且愁烦，便把那与他同在的百姓…分成一半，(…处填入下行)和羊群、和牛群、和骆驼，作两队，",
        "2": {
            "sn": "03966",
            "brief": "极其、非常"
        },
        "3": {
            "sn": "03334",
            "brief": "狭窄、患难"
        },
        "4": {
            "sn": "09001",
            "brief": "给、往、向、到、归属于"
        },
        "5": {
            "sn": "02673",
            "brief": "一半、切成半"
        },
        "6": {
            "sn": "00853",
            "brief": "不必翻译"
        },
        "7": {
            "sn": "05971",
            "brief": "百姓、国民"
        },
        "9": {
            "sn": "00854",
            "brief": "跟"
        },
        "10": {
            "sn": "00853",
            "brief": "不必翻译"
        },
        "11": {
            "sn": "06629",
            "brief": "羊"
        },
        "12": {
            "sn": "00853",
            "brief": "不必翻译"
        },
        "13": {
            "sn": "01241",
            "brief": "牛"
        },
        "14": {
            "sn": "01581",
            "brief": "骆驼"
        },
        "15": {
            "sn": "08147",
            "brief": "数目的「二」"
        },
        "16": {
            "sn": "04264",
            "brief": "团体、人群、军营"
        },
        "1": {
            "sn": "03290",
            "brief": "雅各"
        }
    },
    "18": {
        "19": {
            "sn": "04672",
            "brief": "寻找、追上、获得、发现"
        },
        "0": {
            "sn": "06680",
            "brief": "Pi‘el 命令、吩咐"
        },
        "7": {
            "sn": "01571",
            "brief": "也"
        },
        "literal": "(原文 32：20)也吩咐第二、和第三，和一切赶群畜的人，说：「…要用这样的话对以扫说；(…处填入下行)你们遇见他的时候",
        "1": {
            "sn": "01571",
            "brief": "也"
        },
        "2": {
            "sn": "00853",
            "brief": "不必翻译"
        },
        "3": {
            "sn": "08145",
            "brief": "序数的「第二」"
        },
        "4": {
            "sn": "01571",
            "brief": "也"
        },
        "5": {
            "sn": "00853",
            "brief": "不必翻译"
        },
        "6": {
            "sn": "07992",
            "brief": "序数的「第三」"
        },
        "8": {
            "sn": "00853",
            "brief": "不必翻译"
        },
        "9": {
            "sn": "03605",
            "brief": "全部、整个、各"
        },
        "10": {
            "sn": "01980",
            "brief": "来、去"
        },
        "11": {
            "sn": "00310",
            "brief": "后来、跟着、接着"
        },
        "12": {
            "sn": "05739",
            "brief": "羊群、畜群"
        },
        "13": {
            "sn": "00559",
            "brief": "说"
        },
        "14": {
            "sn": "01697",
            "brief": "话语、事情"
        },
        "15": {
            "sn": "02088",
            "brief": "这个"
        },
        "17": {
            "sn": "00413",
            "brief": "对、向、往"
        },
        "18": {
            "sn": "06215",
            "brief": "以扫"
        },
        "20": {
            "sn": "00853",
            "brief": "不必翻译"
        },
        "16": {
            "sn": "01696",
            "brief": "Pi‘el 讲、说、指挥"
        }
    },
    "21": {
        "5": {
            "sn": "08147",
            "brief": "数目的「二」"
        },
        "6": {
            "sn": "00802",
            "brief": "女人、妻子"
        },
        "7": {
            "sn": "00853",
            "brief": "不必翻译"
        },
        "literal": "(原文 32：23)他夜间起来，带着他的两个妻子，他的两个婢女，并他的十一个孩子，(都)过了雅博渡口；",
        "0": {
            "sn": "06965",
            "brief": "起来、设立、坚立"
        },
        "1": {
            "sn": "03915",
            "brief": "夜晚"
        },
        "2": {
            "sn": "01931",
            "brief": "他"
        },
        "3": {
            "sn": "03947",
            "brief": "取、娶、拿"
        },
        "4": {
            "sn": "00853",
            "brief": "不必翻译"
        },
        "8": {
            "sn": "08147",
            "brief": "数目的「二」"
        },
        "9": {
            "sn": "08198",
            "brief": "婢女"
        },
        "10": {
            "sn": "00853",
            "brief": "不必翻译"
        },
        "11": {
            "sn": "00259",
            "brief": "数目的「一」"
        },
        "12": {
            "sn": "06240",
            "brief": "数目的「十」"
        },
        "13": {
            "sn": "03206",
            "brief": "儿童、少年人"
        },
        "14": {
            "sn": "05674",
            "brief": "经过、穿越、涨溢、离开、拿走、违犯、废除"
        },
        "15": {
            "sn": "00853",
            "brief": "不必翻译"
        },
        "16": {
            "sn": "04569",
            "brief": "经过、越过"
        },
        "17": {
            "sn": "02999",
            "brief": "雅博"
        }
    },
    "14": {
        "4": {
            "sn": "06510",
            "brief": "母牛"
        },
        "literal": "(原文 32：16)哺乳的骆驼和它们的小骆驼三十只、母牛四十只、和公牛十只、母驴二十匹、和公驴十匹，",
        "0": {
            "sn": "01581",
            "brief": "骆驼"
        },
        "2": {
            "sn": "01121",
            "brief": "儿子、孙子、后裔、成员"
        },
        "3": {
            "sn": "07970",
            "brief": "数目的「三十」"
        },
        "5": {
            "sn": "00705",
            "brief": "数目的「四十」"
        },
        "6": {
            "sn": "06499",
            "brief": "小公牛"
        },
        "7": {
            "sn": "06235",
            "brief": "数目的「十」"
        },
        "8": {
            "sn": "00860",
            "brief": "母驴"
        },
        "1": {
            "sn": "03243",
            "brief": "当奶妈、乳母、乳养 "
        },
        "9": {
            "sn": "06242",
            "brief": "数目的「二十」"
        },
        "10": {
            "sn": "05895",
            "brief": "公驴"
        },
        "11": {
            "sn": "06235",
            "brief": "数目的「十」"
        }
    },
    "22": {
        "5": {
            "sn": "00853",
            "brief": "不必翻译"
        },
        "6": {
            "sn": "00834",
            "brief": "不必翻译"
        },
        "7": {
            "sn": "09001",
            "brief": "给、往、向、到、归属于"
        },
        "2": {
            "sn": "00853",
            "brief": "不必翻译"
        },
        "4": {
            "sn": "05674",
            "brief": "经过、穿越、涨溢、离开、拿走、违犯、废除"
        },
        "1": {
            "sn": "05674",
            "brief": "经过、穿越、涨溢、离开、拿走、违犯、废除"
        },
        "literal": "(原文 32：24)带他们，使他们过了河，又使他所有的都过去，",
        "0": {
            "sn": "03947",
            "brief": "取、娶、拿"
        },
        "3": {
            "sn": "05158",
            "brief": "山谷、溪谷、河谷、河床"
        }
    },
    "2": {
        "literal": "(原文32：4)雅各差遣使者在他以先往西珥地，就是以东地，他哥哥以扫那里。",
        "2": {
            "sn": "04397",
            "brief": "使者"
        },
        "0": {
            "sn": "07971",
            "brief": "差遣、释放、送走、伸出、伸展"
        },
        "1": {
            "sn": "03290",
            "brief": "雅各"
        },
        "3": {
            "sn": "03942",
            "brief": "在…前面"
        },
        "4": {
            "sn": "00413",
            "brief": "对、向、往"
        },
        "5": {
            "sn": "06215",
            "brief": "以扫"
        },
        "6": {
            "sn": "00251",
            "brief": "兄弟"
        },
        "7": {
            "sn": "00776",
            "brief": "地、邦国、疆界"
        },
        "8": {
            "sn": "08165",
            "brief": "西珥"
        },
        "9": {
            "sn": "07704",
            "brief": "田地"
        },
        "10": {
            "sn": "00123",
            "brief": "以东"
        }
    },
    "3": {
        "literal": "(原文 32：5)吩咐他们说：「你们要这样对我主以扫说：『你的仆人雅各这样说，我在拉班那里寄居，停留直到如今。",
        "1": {
            "sn": "00853",
            "brief": "不必翻译"
        },
        "2": {
            "sn": "00559",
            "brief": "说"
        },
        "3": {
            "sn": "03541",
            "brief": "如此、这样"
        },
        "4": {
            "sn": "00559",
            "brief": "说"
        },
        "5": {
            "sn": "00113",
            "brief": "主人"
        },
        "6": {
            "sn": "06215",
            "brief": "以扫"
        },
        "7": {
            "sn": "03541",
            "brief": "如此、这样"
        },
        "8": {
            "sn": "00559",
            "brief": "说"
        },
        "9": {
            "sn": "05650",
            "brief": "仆人、奴隶"
        },
        "10": {
            "sn": "03290",
            "brief": "雅各"
        },
        "11": {
            "sn": "05973",
            "brief": "跟"
        },
        "12": {
            "sn": "03837",
            "brief": "拉班"
        },
        "14": {
            "sn": "00309",
            "brief": "耽搁、延迟"
        },
        "15": {
            "sn": "05704",
            "brief": "直到、甚至"
        },
        "16": {
            "sn": "06258",
            "brief": "现在"
        },
        "0": {
            "sn": "06680",
            "brief": "Pi‘el 命令、吩咐"
        },
        "13": {
            "sn": "01481",
            "brief": "I. Qal 居住、寄居，Hitpo‘lel 聚集，II. 争论，III. 害怕"
        }
    },
    "9": {
        "14": {
            "sn": "02088",
            "brief": "这个"
        },
        "literal": "(原文 32：11)我太微小，不配得…一切慈爱和信实；(…处填入下行)你向你的仆人所赐的我以我的杖过这约但河，如今我却成了两队了。",
        "0": {
            "sn": "06994",
            "brief": "变小"
        },
        "1": {
            "sn": "03605",
            "brief": "全部、整个、各"
        },
        "2": {
            "sn": "02617",
            "brief": "良善、慈爱、忠诚"
        },
        "3": {
            "sn": "03605",
            "brief": "全部、整个、各"
        },
        "4": {
            "sn": "00571",
            "brief": "诚实、真理、诚信、真实"
        },
        "5": {
            "sn": "00834",
            "brief": "不必翻译"
        },
        "6": {
            "sn": "06213",
            "brief": "做"
        },
        "7": {
            "sn": "00853",
            "brief": "不必翻译"
        },
        "8": {
            "sn": "05650",
            "brief": "仆人、奴隶"
        },
        "9": {
            "sn": "03588",
            "brief": "因为、不必翻译"
        },
        "10": {
            "sn": "04731",
            "brief": "根、木杖"
        },
        "11": {
            "sn": "05674",
            "brief": "经过、穿越、涨溢、离开、拿走、违犯、废除"
        },
        "12": {
            "sn": "00853",
            "brief": "不必翻译"
        },
        "13": {
            "sn": "03383",
            "brief": "约旦河"
        },
        "15": {
            "sn": "06258",
            "brief": "现在"
        },
        "16": {
            "sn": "01961",
            "brief": "是、成为、临到"
        },
        "17": {
            "sn": "08147",
            "brief": "数目的「二」"
        },
        "18": {
            "sn": "04264",
            "brief": "团体、人群、军旅、军营"
        }
    },
    "20": {
        "5": {
            "sn": "03885",
            "brief": "I. 居住、休息、过夜；II. Nif‘al 发牢骚、抱怨"
        },
        "literal": "(原文 32：22)于是礼物在他面前先过去了。那夜，他在队中住宿。",
        "0": {
            "sn": "05674",
            "brief": "经过、穿越、涨溢、离开、拿走、违犯、废除"
        },
        "1": {
            "sn": "04503",
            "brief": "供物、礼物、祭物、素祭"
        },
        "2": {
            "sn": "05921",
            "brief": "在…上面"
        },
        "3": {
            "sn": "06440",
            "brief": "脸"
        },
        "4": {
            "sn": "01931",
            "brief": "他"
        },
        "6": {
            "sn": "03915",
            "brief": "夜晚"
        },
        "7": {
            "sn": "01931",
            "brief": "他"
        },
        "8": {
            "sn": "04264",
            "brief": "军旅、军营"
        }
    },
    "10": {
        "0": {
            "sn": "05337",
            "brief": "Nif‘al 获救，Pi‘el 拯救、夺取，Hif‘il 营救、抓走"
        },
        "4": {
            "sn": "03027",
            "brief": "手、边、力量、权势"
        },
        "literal": "(原文 32：12)求你救我脱离我哥哥的手，脱离以扫的手，因为我怕他，唯恐他来杀我，妈妈带儿子们(都一同杀了)。",
        "1": {
            "sn": "04994",
            "brief": "作为鼓励语的一部份"
        },
        "2": {
            "sn": "03027",
            "brief": "手、边、力量、权势"
        },
        "3": {
            "sn": "00251",
            "brief": "兄弟"
        },
        "5": {
            "sn": "06215",
            "brief": "以扫"
        },
        "6": {
            "sn": "03588",
            "brief": "因为、不必翻译"
        },
        "7": {
            "sn": "03373",
            "brief": "敬畏"
        },
        "8": {
            "sn": "00595",
            "brief": "我"
        },
        "9": {
            "sn": "00853",
            "brief": "不必翻译"
        },
        "10": {
            "sn": "06435",
            "brief": "免得、恐怕、为了不"
        },
        "11": {
            "sn": "00935",
            "brief": "来、进入、临到、发生"
        },
        "13": {
            "sn": "00517",
            "brief": "母亲、妈妈"
        },
        "14": {
            "sn": "05921",
            "brief": "在…上面"
        },
        "15": {
            "sn": "01121",
            "brief": "儿子、孙子、后裔、成员"
        },
        "12": {
            "sn": "05221",
            "brief": "Hif‘il 击打、击杀"
        }
    },
    "11": {
        "3": {
            "sn": "03190",
            "brief": "Qal 是良善的，Hif‘il 做得好、降福"
        },
        "literal": "(原文 32：13)你曾说：『我必定厚待你，使你的后裔如同海边的沙，多得不可胜数。』」",
        "0": {
            "sn": "00859",
            "brief": "你"
        },
        "1": {
            "sn": "00559",
            "brief": "说"
        },
        "4": {
            "sn": "05973",
            "brief": "跟"
        },
        "5": {
            "sn": "07760",
            "brief": "使、置、放"
        },
        "6": {
            "sn": "00853",
            "brief": "不必翻译"
        },
        "7": {
            "sn": "02233",
            "brief": "后裔"
        },
        "8": {
            "sn": "02344",
            "brief": "沙"
        },
        "2": {
            "sn": "03190",
            "brief": "Qal 是良善的，Hif‘il 做得好、降福"
        },
        "9": {
            "sn": "03220",
            "brief": "海、西方"
        },
        "10": {
            "sn": "00834",
            "brief": "不必翻译"
        },
        "12": {
            "sn": "05608",
            "brief": "1. 动词：述说、计算；2. 名词：文士、书记"
        },
        "13": {
            "sn": "07230",
            "brief": "多"
        },
        "11": {
            "sn": "03808",
            "brief": "不"
        }
    },
    "1": {
        "3": {
            "sn": "07200",
            "brief": "Qal 看见、看顾、察觉，Nif‘al 显现，Hif‘il 显明"
        },
        "literal": "(原文 32：3)雅各看见他们的时候就说：「这是上帝的军兵。」就称那地方的名字为玛哈念。",
        "0": {
            "sn": "00559",
            "brief": "说"
        },
        "1": {
            "sn": "03290",
            "brief": "雅各"
        },
        "2": {
            "sn": "00834",
            "brief": "不必翻译"
        },
        "4": {
            "sn": "04264",
            "brief": "军旅、军营"
        },
        "5": {
            "sn": "00430",
            "brief": "上帝、神、神明"
        },
        "6": {
            "sn": "02088",
            "brief": "这个"
        },
        "7": {
            "sn": "07121",
            "brief": "喊叫、召集、称呼、求告、朗读"
        },
        "8": {
            "sn": "08034",
            "brief": "名字"
        },
        "9": {
            "sn": "04725",
            "brief": "地方"
        },
        "10": {
            "sn": "01931",
            "brief": "他"
        },
        "11": {
            "sn": "04266",
            "brief": "玛哈念"
        },
        "12": {
            "sn": "09015",
            "brief": "开的意思"
        }
    },
    "19": {
        "14": {
            "sn": "03651",
            "brief": "副词：因此、如此、这样；形容词：对、真的、公平、诚实"
        },
        "16": {
            "sn": "06440",
            "brief": "脸"
        },
        "8": {
            "sn": "03722",
            "brief": "遮盖"
        },
        "15": {
            "sn": "07200",
            "brief": "Qal 看见、看顾、察觉，Nif‘al 显现，Hif‘il 显明"
        },
        "literal": "(原文 32：21)你们也要说：『看哪，你仆人雅各在我们后边。』」因他说：「我藉着在我前头去的礼物消他的恨，然后我再见他的面，或者他会接纳我。」",
        "0": {
            "sn": "00559",
            "brief": "说"
        },
        "1": {
            "sn": "01571",
            "brief": "也"
        },
        "2": {
            "sn": "02009",
            "brief": "看哪"
        },
        "3": {
            "sn": "05650",
            "brief": "仆人、奴隶"
        },
        "4": {
            "sn": "03290",
            "brief": "雅各"
        },
        "5": {
            "sn": "00310",
            "brief": "后来、跟着、接着"
        },
        "6": {
            "sn": "03588",
            "brief": "因为、不必翻译"
        },
        "7": {
            "sn": "00559",
            "brief": "说"
        },
        "9": {
            "sn": "06440",
            "brief": "脸"
        },
        "10": {
            "sn": "04503",
            "brief": "供物、礼物、祭物、素祭"
        },
        "11": {
            "sn": "01980",
            "brief": "来、去"
        },
        "12": {
            "sn": "03942",
            "brief": "在…前面"
        },
        "13": {
            "sn": "00310",
            "brief": "后来、跟着、接着"
        },
        "17": {
            "sn": "00194",
            "brief": "或者、或许"
        },
        "18": {
            "sn": "05375",
            "brief": "高举、举起、背负、承担"
        },
        "19": {
            "sn": "06440",
            "brief": "脸"
        }
    },
    "0": {
        "literal": "(原文 32：2)雅各行走他的路，上帝的使者遇见他。",
        "0": {
            "sn": "03290",
            "brief": "雅各"
        },
        "1": {
            "sn": "01980",
            "brief": "来、去"
        },
        "2": {
            "sn": "01870",
            "brief": "道路、行为、方向、方法"
        },
        "3": {
            "sn": "06293",
            "brief": "碰触、降灾、乞求、遭遇、相遇、抵达"
        },
        "4": {
            "sn": "09002",
            "brief": "在、用、藉着、与、敌对"
        },
        "5": {
            "sn": "04397",
            "brief": "使者"
        },
        "6": {
            "sn": "00430",
            "brief": "上帝、神、神明"
        }
    },
    "25": {
        "1": {
            "sn": "07971",
            "brief": "差遣、释放、送走、伸出、伸展"
        },
        "6": {
            "sn": "03808",
            "brief": "不"
        },
        "7": {
            "sn": "07971",
            "brief": "差遣、释放、送走、伸出、伸展"
        },
        "literal": "(原文 32：27)他说：「天黎明了，容我去吧。」他(指雅各)说：「你不给我祝福，我就不容你去。」",
        "0": {
            "sn": "00559",
            "brief": "说"
        },
        "2": {
            "sn": "03588",
            "brief": "因为、不必翻译"
        },
        "3": {
            "sn": "05927",
            "brief": "上去、升高、生长、献上"
        },
        "4": {
            "sn": "07837",
            "brief": "黎明"
        },
        "5": {
            "sn": "00559",
            "brief": "说"
        },
        "10": {
            "sn": "01288",
            "brief": "称颂、祝福"
        },
        "8": {
            "sn": "03588",
            "brief": "因为、不必翻译"
        },
        "9": {
            "sn": "00518",
            "brief": "如果、不是"
        }
    },
    "13": {
        "literal": "(原文 32：15)母山羊二百只、公山羊二十只、母绵羊二百只、公绵羊二十只、",
        "0": {
            "sn": "05795",
            "brief": "山羊、母山羊"
        },
        "1": {
            "sn": "03967",
            "brief": "数目的「一百」"
        },
        "2": {
            "sn": "08495",
            "brief": "公山羊"
        },
        "3": {
            "sn": "06242",
            "brief": "数目的「二十」"
        },
        "4": {
            "sn": "07353",
            "brief": "母羊"
        },
        "5": {
            "sn": "03967",
            "brief": "数目的「一百」"
        },
        "6": {
            "sn": "00352",
            "brief": "公绵羊、大树、门框、柱子、强壮的人"
        },
        "7": {
            "sn": "06242",
            "brief": "数目的「二十」"
        }
    },
    "7": {
        "7": {
            "sn": "05221",
            "brief": "Hif‘il 击打、击杀"
        },
        "literal": "(原文 32：9)他说：「以扫若临到这一队，击杀它，剩下的那一队还可以逃避。」",
        "0": {
            "sn": "00559",
            "brief": "说"
        },
        "1": {
            "sn": "00518",
            "brief": "如果、不是"
        },
        "2": {
            "sn": "00935",
            "brief": "来、进入、临到、发生"
        },
        "3": {
            "sn": "06215",
            "brief": "以扫"
        },
        "4": {
            "sn": "00413",
            "brief": "对、向、往"
        },
        "5": {
            "sn": "04264",
            "brief": "军旅、军营"
        },
        "6": {
            "sn": "00259",
            "brief": "数目的「一」"
        },
        "8": {
            "sn": "01961",
            "brief": "是、成为、临到"
        },
        "9": {
            "sn": "04264",
            "brief": "军旅、军营"
        },
        "10": {
            "sn": "07604",
            "brief": "剩下"
        },
        "11": {
            "sn": "06413",
            "brief": "逃脱、残存之民、拯救"
        }
    },
    "26": {
        "literal": "(原文 32：28)他对他说：「你的名字叫甚么？」他说：「雅各。」",
        "0": {
            "sn": "00559",
            "brief": "说"
        },
        "1": {
            "sn": "00413",
            "brief": "对、向、往"
        },
        "2": {
            "sn": "04100",
            "brief": "什么"
        },
        "3": {
            "sn": "08034",
            "brief": "名字"
        },
        "4": {
            "sn": "00559",
            "brief": "说"
        },
        "5": {
            "sn": "03290",
            "brief": "雅各"
        }
    },
    "4": {
        "8": {
            "sn": "05046",
            "brief": "Hif‘il 告诉、宣布、声明、通知"
        },
        "literal": "(原文 32：6)我有牛、和驴、羊群、和仆人、和婢女，我差人来报告我主，为要在你眼前蒙恩。』」",
        "0": {
            "sn": "01961",
            "brief": "是、成为、临到"
        },
        "1": {
            "sn": "09001",
            "brief": "给、往、向、到、归属于"
        },
        "2": {
            "sn": "07794",
            "brief": "公牛"
        },
        "3": {
            "sn": "02543",
            "brief": "驴"
        },
        "4": {
            "sn": "06629",
            "brief": "羊"
        },
        "5": {
            "sn": "05650",
            "brief": "仆人、奴隶"
        },
        "6": {
            "sn": "08198",
            "brief": "婢女"
        },
        "7": {
            "sn": "07971",
            "brief": "差遣、释放、送走、伸出、伸展"
        },
        "9": {
            "sn": "00113",
            "brief": "主人"
        },
        "10": {
            "sn": "04672",
            "brief": "寻找、追上、获得、发现"
        },
        "11": {
            "sn": "02580",
            "brief": "恩典、恩惠"
        },
        "12": {
            "sn": "05869",
            "brief": "眼目、眼睛"
        }
    },
    "5": {
        "0": {
            "sn": "07725",
            "brief": "Qal 回复、回转、重复，Po‘lel 带回、复兴、更新，Hif‘il 回报、报告、带回"
        },
        "literal": "(原文 32：7)使者们回到雅各那里，说：「我们到了你哥哥以扫那里，他…正迎着你来。」(…处填入下行)和跟随他的四百人",
        "1": {
            "sn": "04397",
            "brief": "使者"
        },
        "2": {
            "sn": "00413",
            "brief": "对、向、往"
        },
        "3": {
            "sn": "03290",
            "brief": "雅各"
        },
        "4": {
            "sn": "00559",
            "brief": "说"
        },
        "5": {
            "sn": "00935",
            "brief": "来、进入、临到、发生"
        },
        "6": {
            "sn": "00413",
            "brief": "对、向、往"
        },
        "7": {
            "sn": "00251",
            "brief": "兄弟"
        },
        "8": {
            "sn": "00413",
            "brief": "对、向、往"
        },
        "9": {
            "sn": "06215",
            "brief": "以扫"
        },
        "10": {
            "sn": "01571",
            "brief": "也"
        },
        "11": {
            "sn": "01980",
            "brief": "来、去"
        },
        "12": {
            "sn": "07125",
            "brief": "迎接、遇见、偶然相遇"
        },
        "13": {
            "sn": "00702",
            "brief": "数目的「四」"
        },
        "14": {
            "sn": "03967",
            "brief": "数目的「一百」"
        },
        "15": {
            "sn": "00376",
            "brief": "各人、人、男人、丈夫"
        },
        "16": {
            "sn": "05973",
            "brief": "跟"
        }
    },
    "31": {
        "2": {
            "sn": "03808",
            "brief": "不"
        },
        "literal": "(原文 32：33)故此，以色列人不吃大腿窝的筋，直到今日，因为那人摸了雅各大腿窝的筋。",
        "0": {
            "sn": "05921",
            "brief": "在…上面"
        },
        "1": {
            "sn": "03651",
            "brief": "副词：因此、如此、这样；形容词：对、真的、公平、诚实"
        },
        "3": {
            "sn": "00398",
            "brief": "吃、吞吃"
        },
        "4": {
            "sn": "01121",
            "brief": "儿子、孙子、后裔、成员"
        },
        "5": {
            "sn": "03478",
            "brief": "以色列"
        },
        "6": {
            "sn": "00853",
            "brief": "不必翻译"
        },
        "7": {
            "sn": "01517",
            "brief": "腱、体力"
        },
        "8": {
            "sn": "05384",
            "brief": "(大腿部分的) 筋脉、神经、 肌腱"
        },
        "9": {
            "sn": "00834",
            "brief": "不必翻译"
        },
        "10": {
            "sn": "05921",
            "brief": "在…上面"
        },
        "11": {
            "sn": "03709",
            "brief": "手掌、脚底、大腿连接处"
        },
        "12": {
            "sn": "03409",
            "brief": "腰、大腿"
        },
        "13": {
            "sn": "05704",
            "brief": "直到、甚至"
        },
        "14": {
            "sn": "03117",
            "brief": "日子、时候"
        },
        "15": {
            "sn": "02088",
            "brief": "这个"
        },
        "16": {
            "sn": "03588",
            "brief": "因为、不必翻译"
        },
        "17": {
            "sn": "05060",
            "brief": "触撞、触及"
        },
        "18": {
            "sn": "03709",
            "brief": "手掌、脚底、大腿连接处"
        },
        "19": {
            "sn": "03409",
            "brief": "腰、大腿"
        },
        "20": {
            "sn": "03290",
            "brief": "雅各"
        },
        "21": {
            "sn": "01517",
            "brief": "腱、体力"
        },
        "22": {
            "sn": "05384",
            "brief": "(大腿部分的) 筋脉、神经、 肌腱"
        }
    },
    "8": {
        "14": {
            "sn": "03190",
            "brief": "Qal 是良善的，Hif‘il 做得好、降福"
        },
        "11": {
            "sn": "07725",
            "brief": "Qal 回复、回转、重复，Po‘lel 带回、复兴、更新，Hif‘il 回报、报告、带回"
        },
        "literal": "(原文 32：10)雅各说：「我祖亚伯拉罕的上帝，我父亲以撒的上帝雅威啊，你曾对我说：『回你本地本族去，我要厚待你。』",
        "0": {
            "sn": "00559",
            "brief": "说"
        },
        "1": {
            "sn": "03290",
            "brief": "雅各"
        },
        "2": {
            "sn": "00430",
            "brief": "上帝、神、神明"
        },
        "3": {
            "sn": "00001",
            "brief": "父亲、祖先"
        },
        "4": {
            "sn": "00085",
            "brief": "亚伯拉罕"
        },
        "5": {
            "sn": "00430",
            "brief": "上帝、神、神明"
        },
        "6": {
            "sn": "00001",
            "brief": "父亲、祖先"
        },
        "7": {
            "sn": "03327",
            "brief": "以撒"
        },
        "8": {
            "sn": "03068",
            "brief": "上帝的名字「雅威」，犹太人尊称为「上主」"
        },
        "9": {
            "sn": "00559",
            "brief": "说"
        },
        "10": {
            "sn": "00413",
            "brief": "对、向、往"
        },
        "12": {
            "sn": "00776",
            "brief": "地、邦国、疆界"
        },
        "13": {
            "sn": "04138",
            "brief": "出生、亲人、后裔"
        },
        "15": {
            "sn": "05973",
            "brief": "跟"
        }
    },
    "29": {
        "8": {
            "sn": "06440",
            "brief": "脸"
        },
        "7": {
            "sn": "00430",
            "brief": "上帝、神、神明"
        },
        "literal": "(原文 32：31)雅各就叫那地方的名为毗努伊勒，因为我面对面看见了上帝，我的性命仍得保全。」",
        "0": {
            "sn": "07121",
            "brief": "喊叫、召集、称呼、求告、朗读"
        },
        "1": {
            "sn": "03290",
            "brief": "雅各"
        },
        "2": {
            "sn": "08034",
            "brief": "名字"
        },
        "3": {
            "sn": "04725",
            "brief": "地方"
        },
        "4": {
            "sn": "06439",
            "brief": "毗努伊勒"
        },
        "5": {
            "sn": "03588",
            "brief": "因为、不必翻译"
        },
        "9": {
            "sn": "00413",
            "brief": "对、向、往"
        },
        "10": {
            "sn": "06440",
            "brief": "脸"
        },
        "12": {
            "sn": "05315",
            "brief": "生命、人"
        },
        "11": {
            "sn": "05337",
            "brief": "Nif‘al 获救，Pi‘el 拯救、夺取，Hif‘il 营救、抓走"
        },
        "6": {
            "sn": "07200",
            "brief": "Qal 看见、看顾、察觉，Nif‘al 显现，Hif‘il 显明"
        }
    },
    "15": {
        "literal": "(原文 32：17)群群分开，交在他的仆人手下；就对他的仆人说：「你们要在我前头过去，在一群和一群之间保留(一些)空间。」",
        "0": {
            "sn": "05414",
            "brief": "给"
        },
        "1": {
            "sn": "03027",
            "brief": "手、边、力量、权势"
        },
        "2": {
            "sn": "05650",
            "brief": "仆人、奴隶"
        },
        "3": {
            "sn": "05739",
            "brief": "羊群、畜群"
        },
        "4": {
            "sn": "05739",
            "brief": "羊群、畜群"
        },
        "5": {
            "sn": "00905",
            "brief": "分开、门闩、片段"
        },
        "6": {
            "sn": "00559",
            "brief": "说"
        },
        "7": {
            "sn": "00413",
            "brief": "对、向、往"
        },
        "8": {
            "sn": "05650",
            "brief": "仆人、奴隶"
        },
        "9": {
            "sn": "05674",
            "brief": "经过、穿越、涨溢、离开、拿走、违犯、废除"
        },
        "10": {
            "sn": "03942",
            "brief": "在…前面"
        },
        "11": {
            "sn": "07305",
            "brief": "空间、解脱"
        },
        "12": {
            "sn": "07760",
            "brief": "使、置、放"
        },
        "13": {
            "sn": "00996",
            "brief": "在…之间"
        },
        "14": {
            "sn": "05739",
            "brief": "羊群、畜群"
        },
        "15": {
            "sn": "00996",
            "brief": "在…之间"
        },
        "16": {
            "sn": "05739",
            "brief": "羊群、畜群"
        }
    },
    "17": {
        "literal": "(原文 32：19)你就说：『是你仆人雅各的，这是送给我主以扫的礼物，看哪，他自己也在我们后边。』」",
        "0": {
            "sn": "00559",
            "brief": "说"
        },
        "1": {
            "sn": "05650",
            "brief": "仆人、奴隶"
        },
        "2": {
            "sn": "03290",
            "brief": "雅各"
        },
        "3": {
            "sn": "04503",
            "brief": "供物、礼物、祭物、素祭"
        },
        "4": {
            "sn": "01931",
            "brief": "他、她"
        },
        "5": {
            "sn": "07971",
            "brief": "差遣、释放、送走、伸出、伸展"
        },
        "6": {
            "sn": "00113",
            "brief": "主人"
        },
        "7": {
            "sn": "06215",
            "brief": "以扫"
        },
        "8": {
            "sn": "02009",
            "brief": "看哪"
        },
        "9": {
            "sn": "01571",
            "brief": "也"
        },
        "10": {
            "sn": "01931",
            "brief": "他"
        },
        "11": {
            "sn": "00310",
            "brief": "后来、跟着、接着"
        }
    }
}