{
    "8": {
        "7": {
            "sn": "09001",
            "brief": "给、往、向、到、归属于"
        },
        "9": {
            "sn": "09001",
            "brief": "给、往、向、到、归属于"
        },
        "literal": "以扫说：「我的已经够了，我的兄弟啊，你的仍归你吧。」",
        "0": {
            "sn": "00559",
            "brief": "说"
        },
        "1": {
            "sn": "06215",
            "brief": "以扫"
        },
        "2": {
            "sn": "03426",
            "brief": "存在、有、是"
        },
        "3": {
            "sn": "09001",
            "brief": "给、往、向、到、归属于"
        },
        "4": {
            "sn": "07227",
            "brief": "I. 形容词：大量的、许多的、充足的、强盛的，II. 名词：统帅、首领。"
        },
        "5": {
            "sn": "00251",
            "brief": "兄弟"
        },
        "6": {
            "sn": "01961",
            "brief": "是、成为、临到"
        },
        "8": {
            "sn": "00834",
            "brief": "不必翻译"
        }
    },
    "19": {
        "4": {
            "sn": "09001",
            "brief": "给、往、向、到、归属于"
        },
        "literal": "在那里筑了一座坛，起名叫伊利•伊罗伊•以色列【就是上帝、以色列的上帝意思】。",
        "1": {
            "sn": "08033",
            "brief": "那里"
        },
        "2": {
            "sn": "04196",
            "brief": "祭坛"
        },
        "3": {
            "sn": "07121",
            "brief": "喊叫、召集、称呼、求告、朗读"
        },
        "5": {
            "sn": "00415",
            "brief": "伊利•伊罗伊•以色列"
        },
        "6": {
            "sn": "00415",
            "brief": "伊利•伊罗伊•以色列"
        },
        "7": {
            "sn": "00415",
            "brief": "伊利•伊罗伊•以色列"
        },
        "8": {
            "sn": "09014",
            "brief": "关闭的意思"
        },
        "0": {
            "sn": "05324",
            "brief": "Nif’al 起来、立起，Hif‘il 安置、安排"
        }
    },
    "10": {
        "6": {
            "sn": "09001",
            "brief": "给、往、向、到、归属于"
        },
        "12": {
            "sn": "09001",
            "brief": "给、往、向、到、归属于"
        },
        "16": {
            "sn": "03947",
            "brief": "取、娶、拿"
        },
        "literal": "求你收下我带来给你的礼物，因为上帝恩待我，使我有这一切。」他(指雅各)再三地求他，他才收下了。",
        "0": {
            "sn": "03947",
            "brief": "取、娶、拿"
        },
        "1": {
            "sn": "04994",
            "brief": "作为鼓励语的一部份"
        },
        "2": {
            "sn": "00853",
            "brief": "不必翻译"
        },
        "3": {
            "sn": "01293",
            "brief": "祝福、和平之约"
        },
        "4": {
            "sn": "00834",
            "brief": "不必翻译"
        },
        "5": {
            "sn": "00935",
            "brief": "来、进入、临到、发生"
        },
        "7": {
            "sn": "03588",
            "brief": "因为、不必翻译"
        },
        "9": {
            "sn": "00430",
            "brief": "上帝、神、神明"
        },
        "10": {
            "sn": "03588",
            "brief": "因为、不必翻译"
        },
        "11": {
            "sn": "03426",
            "brief": "存在、有、是"
        },
        "13": {
            "sn": "03605",
            "brief": "全部、整个、任何事物"
        },
        "14": {
            "sn": "06484",
            "brief": "大力推行、拥挤"
        },
        "15": {
            "sn": "09002",
            "brief": "在、用、藉着、与、敌对"
        },
        "8": {
            "sn": "02603",
            "brief": "恩待、怜悯，Hitpa‘el 求恩"
        }
    },
    "16": {
        "4": {
            "sn": "09001",
            "brief": "给、往、向、到、归属于"
        },
        "literal": "雅各就往疏割移动，为自己盖造房屋，又为牲畜搭棚，因此那地方的名字叫疏割。",
        "0": {
            "sn": "03290",
            "brief": "雅各"
        },
        "1": {
            "sn": "05265",
            "brief": "拔起、移除、启程"
        },
        "2": {
            "sn": "05523",
            "brief": "疏割"
        },
        "3": {
            "sn": "01129",
            "brief": "建造"
        },
        "5": {
            "sn": "01004",
            "brief": "家、房子、殿"
        },
        "6": {
            "sn": "04735",
            "brief": "牲畜"
        },
        "7": {
            "sn": "06213",
            "brief": "做"
        },
        "8": {
            "sn": "05521",
            "brief": "遮蔽所、亭子、灌林丛、草棚"
        },
        "9": {
            "sn": "05921",
            "brief": "在…上面"
        },
        "10": {
            "sn": "03651",
            "brief": "副词：因此、如此、这样；形容词：对、真的、公平、诚实"
        },
        "11": {
            "sn": "07121",
            "brief": "喊叫、召集、称呼、求告、朗读"
        },
        "12": {
            "sn": "08034",
            "brief": "名字"
        },
        "13": {
            "sn": "04725",
            "brief": "地方"
        },
        "14": {
            "sn": "05523",
            "brief": "疏割"
        },
        "15": {
            "sn": "09014",
            "brief": "关闭的意思"
        }
    },
    "7": {
        "9": {
            "sn": "04672",
            "brief": "寻找、追上、获得、发现"
        },
        "literal": "他(指以扫)说：「…你有甚么用意呢？」(…处填入下行)我所遇见的这些群畜，他(指雅各)说：「是要在我主面前蒙恩的。」",
        "0": {
            "sn": "00559",
            "brief": "说"
        },
        "1": {
            "sn": "04310",
            "brief": "谁"
        },
        "2": {
            "sn": "09001",
            "brief": "给、往、向、到、归属于"
        },
        "3": {
            "sn": "03605",
            "brief": "全部、整个、各"
        },
        "4": {
            "sn": "04264",
            "brief": "军旅、群畜"
        },
        "5": {
            "sn": "02088",
            "brief": "这个"
        },
        "6": {
            "sn": "00834",
            "brief": "不必翻译"
        },
        "7": {
            "sn": "06298",
            "brief": "相遇"
        },
        "8": {
            "sn": "00559",
            "brief": "说"
        },
        "10": {
            "sn": "02580",
            "brief": "恩典、恩惠"
        },
        "11": {
            "sn": "05869",
            "brief": "眼目、眼睛"
        },
        "12": {
            "sn": "00113",
            "brief": "主人"
        }
    },
    "11": {
        "0": {
            "sn": "00559",
            "brief": "说"
        },
        "literal": "他(指以扫)说：「我们启程走吧，让我走在你前头。」",
        "1": {
            "sn": "05265",
            "brief": "拔起、移除、启程"
        },
        "2": {
            "sn": "01980",
            "brief": "去、行走"
        },
        "3": {
            "sn": "01980",
            "brief": "去、行走"
        },
        "4": {
            "sn": "05048",
            "brief": "对面、在…之前"
        }
    },
    "15": {
        "1": {
            "sn": "03117",
            "brief": "日子、时候"
        },
        "literal": "于是，以扫当日转回，走往西珥去了。",
        "2": {
            "sn": "01931",
            "brief": "他"
        },
        "3": {
            "sn": "06215",
            "brief": "以扫"
        },
        "4": {
            "sn": "01870",
            "brief": "道路、行为、方向、方法"
        },
        "5": {
            "sn": "08165",
            "brief": "西珥"
        },
        "0": {
            "sn": "07725",
            "brief": "Qal 回复、回转、重复，Po‘lel 带回、复兴、更新，Hif‘il 回报、报告、带回"
        }
    },
    "3": {
        "3": {
            "sn": "02263",
            "brief": "拥抱"
        },
        "literal": "以扫跑来迎接他，将他抱住，又搂着他的颈项，与他亲嘴，他们就哭了。",
        "0": {
            "sn": "07323",
            "brief": "奔跑"
        },
        "1": {
            "sn": "06215",
            "brief": "以扫"
        },
        "2": {
            "sn": "07125",
            "brief": "迎接、遇见、偶然相遇"
        },
        "4": {
            "sn": "05307",
            "brief": "跌落、跌倒、使签落在..."
        },
        "5": {
            "sn": "05921",
            "brief": "在…上面"
        },
        "6": {
            "sn": "06677",
            "brief": "颈项"
        },
        "7": {
            "sn": "05401",
            "brief": "I. 放一起、亲嘴；II. 配备"
        },
        "8": {
            "sn": "01058",
            "brief": "哭"
        }
    },
    "1": {
        "11": {
            "sn": "07354",
            "brief": "拉结"
        },
        "12": {
            "sn": "00853",
            "brief": "不必翻译"
        },
        "13": {
            "sn": "03130",
            "brief": "约瑟"
        },
        "14": {
            "sn": "00314",
            "brief": "末后的、后面的"
        },
        "literal": "并且叫婢女和她们的孩子安排在最前头，利亚和她的孩子在后头，拉结和约瑟在尽后头。",
        "0": {
            "sn": "07760",
            "brief": "使、置、放"
        },
        "1": {
            "sn": "00853",
            "brief": "不必翻译"
        },
        "2": {
            "sn": "08198",
            "brief": "婢女"
        },
        "3": {
            "sn": "00853",
            "brief": "不必翻译"
        },
        "4": {
            "sn": "03206",
            "brief": "孩子、儿女、少年"
        },
        "5": {
            "sn": "07223",
            "brief": "先前的、首先的"
        },
        "6": {
            "sn": "00853",
            "brief": "不必翻译"
        },
        "7": {
            "sn": "03812",
            "brief": "利亚"
        },
        "8": {
            "sn": "03206",
            "brief": "孩子、儿女、少年"
        },
        "9": {
            "sn": "00314",
            "brief": "末后的、后面的"
        },
        "10": {
            "sn": "00853",
            "brief": "不必翻译"
        }
    },
    "9": {
        "17": {
            "sn": "07200",
            "brief": "Qal 看见、看顾、察觉，Nif‘al 显现，Hif‘il 显明"
        },
        "15": {
            "sn": "07200",
            "brief": "Qal 看见、看顾、察觉，Nif‘al 显现，Hif‘il 显明"
        },
        "literal": "雅各说：「不然，若我在你眼前蒙恩，就求你从我手里收下我的礼物，因为我见了你的面，如同见了上帝的面，并且你接纳了我。",
        "0": {
            "sn": "00559",
            "brief": "说"
        },
        "1": {
            "sn": "03290",
            "brief": "雅各"
        },
        "2": {
            "sn": "00408",
            "brief": "不"
        },
        "3": {
            "sn": "04994",
            "brief": "作为鼓励语的一部份"
        },
        "4": {
            "sn": "00518",
            "brief": "如果、不是"
        },
        "5": {
            "sn": "04994",
            "brief": "作为鼓励语的一部份"
        },
        "6": {
            "sn": "04672",
            "brief": "寻找、追上、获得、发现"
        },
        "7": {
            "sn": "02580",
            "brief": "恩典、恩惠"
        },
        "8": {
            "sn": "05869",
            "brief": "眼目、眼睛"
        },
        "9": {
            "sn": "03947",
            "brief": "取、娶、拿"
        },
        "10": {
            "sn": "04503",
            "brief": "供物、礼物、祭物、素祭"
        },
        "11": {
            "sn": "03027",
            "brief": "手、边、力量、权势"
        },
        "12": {
            "sn": "03588",
            "brief": "因为、不必翻译"
        },
        "13": {
            "sn": "05921",
            "brief": "在…上面"
        },
        "14": {
            "sn": "03651",
            "brief": "副词：因此、如此、这样；形容词：对、真的、公平、诚实"
        },
        "16": {
            "sn": "06440",
            "brief": "脸"
        },
        "18": {
            "sn": "06440",
            "brief": "脸"
        },
        "19": {
            "sn": "00430",
            "brief": "上帝、神、神明"
        },
        "20": {
            "sn": "07521",
            "brief": "喜悦"
        }
    },
    "4": {
        "3": {
            "sn": "07200",
            "brief": "Qal 看见、看顾、察觉，Nif‘al 显现，Hif‘il 显明"
        },
        "literal": "以扫举目看见妇人孩子，就说：「这些和你同行的是谁呢？」他(指雅各)说：「这些孩子是上帝施恩给你的仆人的。」",
        "0": {
            "sn": "05375",
            "brief": "高举、举起、背负、承担"
        },
        "1": {
            "sn": "00853",
            "brief": "不必翻译"
        },
        "2": {
            "sn": "05869",
            "brief": "眼目、眼睛"
        },
        "15": {
            "sn": "02603",
            "brief": "恩待、怜悯，Hitpa‘el 求恩"
        },
        "4": {
            "sn": "00853",
            "brief": "不必翻译"
        },
        "5": {
            "sn": "00802",
            "brief": "女人、妻子"
        },
        "6": {
            "sn": "00853",
            "brief": "不必翻译"
        },
        "7": {
            "sn": "03206",
            "brief": "孩子、儿女、少年"
        },
        "8": {
            "sn": "00559",
            "brief": "说"
        },
        "9": {
            "sn": "04310",
            "brief": "谁"
        },
        "10": {
            "sn": "00428",
            "brief": "这些"
        },
        "11": {
            "sn": "09001",
            "brief": "给、往、向、到、归属于"
        },
        "12": {
            "sn": "00559",
            "brief": "说"
        },
        "13": {
            "sn": "03206",
            "brief": "孩子、儿女、少年"
        },
        "14": {
            "sn": "00834",
            "brief": "不必翻译"
        },
        "16": {
            "sn": "00430",
            "brief": "上帝、神、神明"
        },
        "17": {
            "sn": "00853",
            "brief": "不必翻译"
        },
        "18": {
            "sn": "05650",
            "brief": "仆人、奴隶"
        }
    },
    "14": {
        "literal": "以扫说：「容我把跟随我的人，安排几个在你这里。」他(指雅各)说：「这又何必呢？容我在我主眼前蒙恩。」",
        "0": {
            "sn": "00559",
            "brief": "说"
        },
        "1": {
            "sn": "06215",
            "brief": "以扫"
        },
        "2": {
            "sn": "03322",
            "brief": "放、摆"
        },
        "3": {
            "sn": "04994",
            "brief": "作为鼓励语的一部份"
        },
        "4": {
            "sn": "05973",
            "brief": "跟"
        },
        "5": {
            "sn": "04480",
            "brief": "从、出、离"
        },
        "6": {
            "sn": "05971",
            "brief": "百姓、国民"
        },
        "7": {
            "sn": "00834",
            "brief": "不必翻译"
        },
        "8": {
            "sn": "00854",
            "brief": "不必翻译"
        },
        "9": {
            "sn": "00559",
            "brief": "说"
        },
        "11": {
            "sn": "02088",
            "brief": "这个"
        },
        "12": {
            "sn": "04672",
            "brief": "寻找、追上、获得、发现"
        },
        "13": {
            "sn": "02580",
            "brief": "恩典、恩惠"
        },
        "14": {
            "sn": "05869",
            "brief": "眼目、眼睛"
        },
        "15": {
            "sn": "00113",
            "brief": "主人"
        },
        "10": {
            "sn": "04100",
            "brief": "什么"
        }
    },
    "5": {
        "4": {
            "sn": "09013",
            "brief": "跪拜、下拜"
        },
        "literal": "于是婢女，她们和她们的孩子近前来下拜；",
        "0": {
            "sn": "05066",
            "brief": "靠近"
        },
        "1": {
            "sn": "08198",
            "brief": "婢女"
        },
        "2": {
            "sn": "02007",
            "brief": "她们"
        },
        "3": {
            "sn": "03206",
            "brief": "孩子、儿女、少年"
        }
    },
    "0": {
        "literal": "雅各举目观看，看哪，以扫来了，跟随他的有四百人，他就把孩子们分开，交给利亚、拉结和两个婢女；",
        "0": {
            "sn": "05375",
            "brief": "高举、举起、背负、承担"
        },
        "1": {
            "sn": "03290",
            "brief": "雅各"
        },
        "2": {
            "sn": "05869",
            "brief": "眼目、眼睛"
        },
        "4": {
            "sn": "02009",
            "brief": "看哪"
        },
        "5": {
            "sn": "06215",
            "brief": "以扫"
        },
        "6": {
            "sn": "00935",
            "brief": "来、进入、临到、发生"
        },
        "3": {
            "sn": "07200",
            "brief": "Qal 看见、看顾、察觉，Nif‘al 显现，Hif‘il 显明"
        },
        "7": {
            "sn": "05973",
            "brief": "跟"
        },
        "8": {
            "sn": "00702",
            "brief": "数目的「四」"
        },
        "9": {
            "sn": "03967",
            "brief": "数目的「一百」"
        },
        "10": {
            "sn": "00376",
            "brief": "各人、人、男人、丈夫"
        },
        "11": {
            "sn": "02673",
            "brief": "一半、切成半"
        },
        "12": {
            "sn": "00853",
            "brief": "不必翻译"
        },
        "13": {
            "sn": "03206",
            "brief": "孩子、儿女、少年"
        },
        "14": {
            "sn": "05921",
            "brief": "攻击，在…上面"
        },
        "15": {
            "sn": "03812",
            "brief": "利亚"
        },
        "16": {
            "sn": "05921",
            "brief": "攻击，在…上面"
        },
        "17": {
            "sn": "07354",
            "brief": "拉结"
        },
        "18": {
            "sn": "05921",
            "brief": "攻击，在…上面"
        },
        "19": {
            "sn": "08147",
            "brief": "数目的「二」"
        },
        "20": {
            "sn": "08198",
            "brief": "婢女"
        }
    },
    "2": {
        "literal": "他自己在他们前头过去，一连七次俯伏在地，才就近他哥哥。",
        "0": {
            "sn": "01931",
            "brief": "他"
        },
        "1": {
            "sn": "05674",
            "brief": "经过、穿越、涨溢、离开、拿走、违犯、废除"
        },
        "2": {
            "sn": "03942",
            "brief": "在…前面"
        },
        "3": {
            "sn": "09013",
            "brief": "跪拜、下拜"
        },
        "4": {
            "sn": "00776",
            "brief": "地、邦国、疆界"
        },
        "5": {
            "sn": "07651",
            "brief": "数目的「七」"
        },
        "6": {
            "sn": "06471",
            "brief": "敲击、脚步、这一次、次数"
        },
        "7": {
            "sn": "05704",
            "brief": "直到、甚至"
        },
        "8": {
            "sn": "05066",
            "brief": "靠近"
        },
        "9": {
            "sn": "05704",
            "brief": "直到、甚至"
        },
        "10": {
            "sn": "00251",
            "brief": "兄弟"
        }
    },
    "12": {
        "literal": "他(指雅各)对他(指以扫)说：「我主知道孩子们是娇嫩的，我也关切羊和牛正在哺乳，若是催赶一整天，羊群都必死了。",
        "0": {
            "sn": "00559",
            "brief": "说"
        },
        "1": {
            "sn": "00413",
            "brief": "对、向、往"
        },
        "2": {
            "sn": "00113",
            "brief": "主人"
        },
        "4": {
            "sn": "03588",
            "brief": "因为、不必翻译"
        },
        "5": {
            "sn": "03206",
            "brief": "孩子、儿女、少年"
        },
        "6": {
            "sn": "07390",
            "brief": "柔弱的"
        },
        "7": {
            "sn": "06629",
            "brief": "羊"
        },
        "8": {
            "sn": "01241",
            "brief": "牛"
        },
        "9": {
            "sn": "05763",
            "brief": "乳养"
        },
        "10": {
            "sn": "05921",
            "brief": "在…上面"
        },
        "11": {
            "sn": "01849",
            "brief": "打、严厉地驱赶"
        },
        "12": {
            "sn": "03117",
            "brief": "日子、时候"
        },
        "13": {
            "sn": "00259",
            "brief": "数目的「一」"
        },
        "14": {
            "sn": "04191",
            "brief": "死亡"
        },
        "15": {
            "sn": "03605",
            "brief": "全部、整个、任何事物"
        },
        "16": {
            "sn": "06629",
            "brief": "羊"
        },
        "3": {
            "sn": "03045",
            "brief": "Qal 知道、认识、辨别、经历，Hif‘il 使知道、宣告"
        }
    },
    "13": {
        "literal": "求我主在他的仆人前头走，我要…温柔地导引，(…处填入下行)按着在我面前产业的脚程和孩子们的脚程，直走到西珥我主那里。」",
        "0": {
            "sn": "05674",
            "brief": "经过、穿越、涨溢、离开、拿走、违犯、废除"
        },
        "1": {
            "sn": "04994",
            "brief": "作为鼓励语的一部份"
        },
        "2": {
            "sn": "00113",
            "brief": "主人"
        },
        "3": {
            "sn": "03942",
            "brief": "在…之前"
        },
        "4": {
            "sn": "05650",
            "brief": "仆人、奴隶"
        },
        "5": {
            "sn": "00589",
            "brief": "我"
        },
        "7": {
            "sn": "00328",
            "brief": "温顺、柔和地"
        },
        "8": {
            "sn": "07272",
            "brief": "脚程"
        },
        "9": {
            "sn": "04399",
            "brief": "工作、财产"
        },
        "10": {
            "sn": "00834",
            "brief": "不必翻译"
        },
        "11": {
            "sn": "03942",
            "brief": "在…之前"
        },
        "12": {
            "sn": "07272",
            "brief": "脚程"
        },
        "13": {
            "sn": "03206",
            "brief": "孩子、儿女、少年"
        },
        "14": {
            "sn": "05704",
            "brief": "直到、甚至"
        },
        "15": {
            "sn": "00834",
            "brief": "不必翻译"
        },
        "16": {
            "sn": "00935",
            "brief": "来、进入、临到、发生"
        },
        "17": {
            "sn": "00413",
            "brief": "对、向、往"
        },
        "18": {
            "sn": "00113",
            "brief": "主人"
        },
        "19": {
            "sn": "08165",
            "brief": "西珥"
        },
        "6": {
            "sn": "05095",
            "brief": "引导"
        }
    },
    "6": {
        "4": {
            "sn": "09013",
            "brief": "跪拜、下拜"
        },
        "9": {
            "sn": "09013",
            "brief": "跪拜、下拜"
        },
        "literal": "利亚和她的孩子也近前来下拜；随后约瑟和拉结也近前来下拜。",
        "0": {
            "sn": "05066",
            "brief": "靠近"
        },
        "1": {
            "sn": "01571",
            "brief": "也"
        },
        "2": {
            "sn": "03812",
            "brief": "利亚"
        },
        "3": {
            "sn": "03206",
            "brief": "孩子、儿女、少年"
        },
        "5": {
            "sn": "00310",
            "brief": "后面、跟着"
        },
        "6": {
            "sn": "05066",
            "brief": "靠近"
        },
        "7": {
            "sn": "03130",
            "brief": "约瑟"
        },
        "8": {
            "sn": "07354",
            "brief": "拉结"
        }
    },
    "17": {
        "literal": "雅各…平平安安地到了迦南地的示剑城，(…处填入下行)从巴旦•亚兰回来的时候，在城东支搭帐棚。",
        "0": {
            "sn": "00935",
            "brief": "来、进入、临到、发生"
        },
        "1": {
            "sn": "03290",
            "brief": "雅各"
        },
        "2": {
            "sn": "08003",
            "brief": "完全的"
        },
        "3": {
            "sn": "05892",
            "brief": "城邑、城镇"
        },
        "4": {
            "sn": "07927",
            "brief": "示剑"
        },
        "5": {
            "sn": "00834",
            "brief": "不必翻译"
        },
        "6": {
            "sn": "00776",
            "brief": "地、邦国、疆界"
        },
        "7": {
            "sn": "03667",
            "brief": "迦南"
        },
        "8": {
            "sn": "00935",
            "brief": "来、进入、临到、发生"
        },
        "9": {
            "sn": "06307",
            "brief": "巴旦•亚兰"
        },
        "10": {
            "sn": "06307",
            "brief": "巴旦•亚兰"
        },
        "11": {
            "sn": "02583",
            "brief": "安营、扎营"
        },
        "12": {
            "sn": "00853",
            "brief": "不必翻译"
        },
        "13": {
            "sn": "06440",
            "brief": "脸"
        },
        "14": {
            "sn": "05892",
            "brief": "城邑、城镇"
        }
    },
    "18": {
        "2": {
            "sn": "02513",
            "brief": "部分、柔和、平滑"
        },
        "literal": "…买了那块地，(…处填入末行)支搭他的帐棚。就用一百块银子向示剑(城)的开创者哈抹的子孙",
        "0": {
            "sn": "07069",
            "brief": "购买、取得、持有、创造"
        },
        "1": {
            "sn": "00853",
            "brief": "不必翻译"
        },
        "3": {
            "sn": "07704",
            "brief": "田地"
        },
        "4": {
            "sn": "00834",
            "brief": "不必翻译"
        },
        "5": {
            "sn": "05186",
            "brief": "Qal 伸出、铺张、伸展、延长，Hif‘il 屈枉、转弯、 丢一边"
        },
        "6": {
            "sn": "08033",
            "brief": "那里"
        },
        "7": {
            "sn": "00168",
            "brief": "帐棚、帐蓬"
        },
        "8": {
            "sn": "03027",
            "brief": "手、边、力量、权势"
        },
        "9": {
            "sn": "01121",
            "brief": "儿子、孙子、后裔、成员"
        },
        "10": {
            "sn": "02544",
            "brief": "哈抹"
        },
        "11": {
            "sn": "00001",
            "brief": "父亲、祖先"
        },
        "12": {
            "sn": "07927",
            "brief": "示剑"
        },
        "13": {
            "sn": "03967",
            "brief": "数目的「一百」"
        },
        "14": {
            "sn": "07192",
            "brief": "可能用以表重量，或金钱数量"
        }
    }
}