{
    "10": {
        "literal": "上帝又对他说：「我是全能的上帝，你要生养众多，将来有一国和许多国家从你而生，又有君王从你而出；",
        "0": {
            "sn": "00559",
            "brief": "说"
        },
        "1": {
            "sn": "09001",
            "brief": "给、往、向、到、归属于"
        },
        "2": {
            "sn": "00430",
            "brief": "上帝、神、神明"
        },
        "3": {
            "sn": "00589",
            "brief": "我"
        },
        "4": {
            "sn": "00410",
            "brief": "上帝、神明、能力、力量"
        },
        "5": {
            "sn": "07706",
            "brief": "全能者"
        },
        "6": {
            "sn": "06509",
            "brief": "结果子"
        },
        "7": {
            "sn": "07235",
            "brief": "变多、多"
        },
        "8": {
            "sn": "01471",
            "brief": "国家、人民"
        },
        "9": {
            "sn": "06951",
            "brief": "集会"
        },
        "10": {
            "sn": "01471",
            "brief": "国家、人民"
        },
        "11": {
            "sn": "01961",
            "brief": "是、成为、临到"
        },
        "12": {
            "sn": "04480",
            "brief": "从、出、离"
        },
        "13": {
            "sn": "04428",
            "brief": "君王"
        },
        "14": {
            "sn": "02504",
            "brief": "腰"
        },
        "15": {
            "sn": "03318",
            "brief": "出去"
        }
    },
    "21": {
        "literal": "以色列住在那地的时候，吕便去与他父亲的妾辟拉同寝，以色列也听见了。雅各共有十二个儿子。",
        "0": {
            "sn": "01961",
            "brief": "是、成为、临到"
        },
        "1": {
            "sn": "07931",
            "brief": "居住"
        },
        "2": {
            "sn": "03478",
            "brief": "以色列"
        },
        "3": {
            "sn": "00776",
            "brief": "地、邦国、疆界"
        },
        "4": {
            "sn": "01931",
            "brief": "她"
        },
        "5": {
            "sn": "01980",
            "brief": "去、来"
        },
        "6": {
            "sn": "07205",
            "brief": "吕便"
        },
        "7": {
            "sn": "07901",
            "brief": "躺卧、同寝"
        },
        "8": {
            "sn": "00853",
            "brief": "不必翻译"
        },
        "9": {
            "sn": "01090",
            "brief": "辟拉"
        },
        "10": {
            "sn": "06370",
            "brief": "妾、妃嫔、情妇"
        },
        "11": {
            "sn": "00001",
            "brief": "父亲、祖先"
        },
        "12": {
            "sn": "08085",
            "brief": "听到、听从"
        },
        "13": {
            "sn": "03478",
            "brief": "以色列"
        },
        "14": {
            "sn": "09015",
            "brief": "开的意思"
        },
        "15": {
            "sn": "01961",
            "brief": "是、成为、临到"
        },
        "16": {
            "sn": "01121",
            "brief": "儿子、孙子、后裔、成员"
        },
        "17": {
            "sn": "03290",
            "brief": "雅各"
        },
        "18": {
            "sn": "08147",
            "brief": "数目的「二」"
        },
        "19": {
            "sn": "06240",
            "brief": "数目的「十」"
        }
    },
    "23": {
        "literal": "拉结的儿子是约瑟、便雅悯。",
        "0": {
            "sn": "01121",
            "brief": "儿子、孙子、后裔、成员"
        },
        "1": {
            "sn": "07354",
            "brief": "拉结"
        },
        "2": {
            "sn": "03130",
            "brief": "约瑟"
        },
        "3": {
            "sn": "01144",
            "brief": "便雅悯"
        }
    },
    "22": {
        "0": {
            "sn": "01121",
            "brief": "儿子、孙子、后裔、成员"
        },
        "1": {
            "sn": "03812",
            "brief": "利亚"
        },
        "2": {
            "sn": "01060",
            "brief": "头生的、长子"
        },
        "3": {
            "sn": "03290",
            "brief": "雅各"
        },
        "4": {
            "sn": "07205",
            "brief": "吕便"
        },
        "5": {
            "sn": "08095",
            "brief": "西缅"
        },
        "literal": "利亚的儿子是雅各的长子吕便，还有西缅、和利未、和犹大、和以萨迦、和西布伦。",
        "6": {
            "sn": "03878",
            "brief": "利未"
        },
        "7": {
            "sn": "03063",
            "brief": "犹大"
        },
        "8": {
            "sn": "03485",
            "brief": "以萨迦"
        },
        "9": {
            "sn": "02074",
            "brief": "西布伦"
        }
    },
    "24": {
        "literal": "拉结的使女辟拉的儿子是但、和拿弗他利。",
        "0": {
            "sn": "01121",
            "brief": "儿子、孙子、后裔、成员"
        },
        "1": {
            "sn": "01090",
            "brief": "辟拉"
        },
        "2": {
            "sn": "08198",
            "brief": "婢女"
        },
        "3": {
            "sn": "07354",
            "brief": "拉结"
        },
        "4": {
            "sn": "01835",
            "brief": "但"
        },
        "5": {
            "sn": "05321",
            "brief": "拿弗他利"
        }
    },
    "0": {
        "literal": "上帝对雅各说：「起来，上伯．特利去，住在那里，在那里为…向你显现的上帝筑一座坛。」(…处填入下行)你逃避你哥哥以扫的时候",
        "0": {
            "sn": "00559",
            "brief": "说"
        },
        "1": {
            "sn": "00430",
            "brief": "上帝、神、神明"
        },
        "2": {
            "sn": "00413",
            "brief": "对、向、往"
        },
        "3": {
            "sn": "03290",
            "brief": "雅各"
        },
        "4": {
            "sn": "06965",
            "brief": "起来、设立、坚立"
        },
        "5": {
            "sn": "05927",
            "brief": "上去、升高、生长、献上"
        },
        "6": {
            "sn": "01008",
            "brief": "伯．特利"
        },
        "7": {
            "sn": "01008",
            "brief": "伯．特利"
        },
        "8": {
            "sn": "03427",
            "brief": "居住、坐、停留"
        },
        "9": {
            "sn": "08033",
            "brief": "那里"
        },
        "10": {
            "sn": "06213",
            "brief": "做"
        },
        "11": {
            "sn": "08033",
            "brief": "那里"
        },
        "12": {
            "sn": "04196",
            "brief": "祭坛"
        },
        "13": {
            "sn": "00410",
            "brief": "上帝、神明、能力、力量"
        },
        "14": {
            "sn": "07200",
            "brief": "Qal 看见、看顾、察觉，Nif‘al 显现，Hif‘il 显明"
        },
        "15": {
            "sn": "00413",
            "brief": "对、向、往"
        },
        "16": {
            "sn": "01272",
            "brief": "穿越、逃跑、赶快"
        },
        "17": {
            "sn": "06440",
            "brief": "脸"
        },
        "18": {
            "sn": "06215",
            "brief": "以扫"
        },
        "19": {
            "sn": "00251",
            "brief": "兄弟"
        }
    },
    "1": {
        "0": {
            "sn": "00559",
            "brief": "说"
        },
        "1": {
            "sn": "03290",
            "brief": "雅各"
        },
        "2": {
            "sn": "00413",
            "brief": "向、往"
        },
        "3": {
            "sn": "01004",
            "brief": "家、房子、殿"
        },
        "4": {
            "sn": "00413",
            "brief": "向、往"
        },
        "5": {
            "sn": "03605",
            "brief": "全部、整个、各"
        },
        "6": {
            "sn": "00834",
            "brief": "不必翻译"
        },
        "7": {
            "sn": "05973",
            "brief": "跟"
        },
        "8": {
            "sn": "05493",
            "brief": "转去"
        },
        "9": {
            "sn": "00853",
            "brief": "不必翻译"
        },
        "10": {
            "sn": "00430",
            "brief": "上帝、神、神明"
        },
        "11": {
            "sn": "05236",
            "brief": "外国人、外邦人"
        },
        "12": {
            "sn": "00834",
            "brief": "不必翻译"
        },
        "13": {
            "sn": "08432",
            "brief": "在中间"
        },
        "15": {
            "sn": "02498",
            "brief": "改变、过去、消失"
        },
        "16": {
            "sn": "08071",
            "brief": "包裹布、披风、衣服"
        },
        "14": {
            "sn": "02891",
            "brief": "洁净"
        },
        "literal": "雅各就对他家中的人，…说：(…处填入下行)并一切跟随他的人「你们要除掉你们中间的外邦神，也要自洁，更换你们的衣裳。"
    },
    "2": {
        "0": {
            "sn": "06965",
            "brief": "起来、设立、坚立"
        },
        "1": {
            "sn": "05927",
            "brief": "上去、升高、生长、献上"
        },
        "2": {
            "sn": "01008",
            "brief": "伯．特利"
        },
        "3": {
            "sn": "01008",
            "brief": "伯．特利"
        },
        "4": {
            "sn": "06213",
            "brief": "做"
        },
        "5": {
            "sn": "08033",
            "brief": "那里"
        },
        "6": {
            "sn": "04196",
            "brief": "祭坛"
        },
        "7": {
            "sn": "00410",
            "brief": "上帝、神明、能力、力量"
        },
        "8": {
            "sn": "06030",
            "brief": "I. 回答、作证；II. 忙；III. 使受苦、 使低微；IV. 唱歌 (I, IV 的 SN 为 6030. II, III 的 SN 为 6031)"
        },
        "9": {
            "sn": "00853",
            "brief": "不必翻译"
        },
        "10": {
            "sn": "03117",
            "brief": "日子、时候"
        },
        "11": {
            "sn": "06869",
            "brief": "对手、灾难、患难"
        },
        "12": {
            "sn": "01961",
            "brief": "是、成为、临到"
        },
        "13": {
            "sn": "05978",
            "brief": "跟"
        },
        "14": {
            "sn": "01870",
            "brief": "道路、行为、方向、方法"
        },
        "15": {
            "sn": "00834",
            "brief": "不必翻译"
        },
        "16": {
            "sn": "01980",
            "brief": "行走、去"
        },
        "literal": "我们要起来，上伯．特利去，在那里我要筑一座坛给上帝，就是在我遭难的日子应允我，在我所行的路上与我同在的那位。」"
    },
    "5": {
        "7": {
            "sn": "01008",
            "brief": "伯．特利"
        },
        "0": {
            "sn": "00935",
            "brief": "来、进入、临到、发生"
        },
        "1": {
            "sn": "03290",
            "brief": "雅各"
        },
        "2": {
            "sn": "03870",
            "brief": "路斯"
        },
        "3": {
            "sn": "00834",
            "brief": "不必翻译"
        },
        "4": {
            "sn": "00776",
            "brief": "地、邦国、疆界"
        },
        "5": {
            "sn": "03667",
            "brief": "迦南"
        },
        "6": {
            "sn": "01931",
            "brief": "她"
        },
        "8": {
            "sn": "01008",
            "brief": "伯．特利"
        },
        "9": {
            "sn": "01931",
            "brief": "他"
        },
        "10": {
            "sn": "03605",
            "brief": "全部、整个、各"
        },
        "11": {
            "sn": "05971",
            "brief": "百姓、国民"
        },
        "12": {
            "sn": "00834",
            "brief": "不必翻译"
        },
        "13": {
            "sn": "05973",
            "brief": "跟"
        },
        "literal": "于是雅各…到了迦南地的路斯，(…处填入末行)就是伯．特利。他和一切与他在一起的百姓，"
    },
    "3": {
        "literal": "他们就把…交给雅各，(…处填入以下两行)他们手中所有外邦人的神像，和他们耳朵上的环子雅各把它们藏在示剑那里的橡树底下。",
        "0": {
            "sn": "05414",
            "brief": "给"
        },
        "1": {
            "sn": "00413",
            "brief": "向、往"
        },
        "2": {
            "sn": "03290",
            "brief": "雅各"
        },
        "3": {
            "sn": "00853",
            "brief": "不必翻译"
        },
        "4": {
            "sn": "03605",
            "brief": "全部、整个、各"
        },
        "5": {
            "sn": "00430",
            "brief": "上帝、神、神明"
        },
        "6": {
            "sn": "05236",
            "brief": "外国人、外邦人"
        },
        "7": {
            "sn": "00834",
            "brief": "不必翻译"
        },
        "8": {
            "sn": "03027",
            "brief": "手、边、力量、权势"
        },
        "9": {
            "sn": "00853",
            "brief": "不必翻译"
        },
        "10": {
            "sn": "05141",
            "brief": "环、圈、耳环、鼻环、指环"
        },
        "11": {
            "sn": "00834",
            "brief": "不必翻译"
        },
        "12": {
            "sn": "00241",
            "brief": "耳朵"
        },
        "13": {
            "sn": "02934",
            "brief": "隐藏"
        },
        "14": {
            "sn": "00853",
            "brief": "不必翻译"
        },
        "15": {
            "sn": "03290",
            "brief": "雅各"
        },
        "16": {
            "sn": "08478",
            "brief": "1. 名词：位置、地方；2. 介系词：在…之下；3. 介系词：代替、因为"
        },
        "17": {
            "sn": "00424",
            "brief": "笃褥香树"
        },
        "18": {
            "sn": "00834",
            "brief": "不必翻译"
        },
        "19": {
            "sn": "05973",
            "brief": "跟"
        },
        "20": {
            "sn": "07927",
            "brief": "示剑"
        }
    },
    "6": {
        "0": {
            "sn": "01129",
            "brief": "建造"
        },
        "1": {
            "sn": "08033",
            "brief": "那里"
        },
        "2": {
            "sn": "04196",
            "brief": "祭坛"
        },
        "3": {
            "sn": "07121",
            "brief": "喊叫、召集、称呼、求告、朗读"
        },
        "4": {
            "sn": "04725",
            "brief": "地方"
        },
        "5": {
            "sn": "00416",
            "brief": "伊勒•伯•特利"
        },
        "6": {
            "sn": "00416",
            "brief": "伊勒•伯•特利"
        },
        "7": {
            "sn": "00416",
            "brief": "伊勒•伯•特利"
        },
        "8": {
            "sn": "03588",
            "brief": "因为、不必翻译"
        },
        "9": {
            "sn": "08033",
            "brief": "那里"
        },
        "10": {
            "sn": "01540",
            "brief": "显露、揭开、移除、迁移"
        },
        "11": {
            "sn": "00413",
            "brief": "向、往"
        },
        "12": {
            "sn": "00430",
            "brief": "上帝、神、神明"
        },
        "13": {
            "sn": "01272",
            "brief": "穿越、逃跑、赶快"
        },
        "14": {
            "sn": "06440",
            "brief": "面、脸面"
        },
        "15": {
            "sn": "00251",
            "brief": "兄弟"
        },
        "literal": "他在那里筑了一座坛，就给那地方起名叫伊勒•伯•特利；因为…上帝在那里向他显现。(…处填入下行)他逃避他哥哥的时候，"
    },
    "7": {
        "0": {
            "sn": "04191",
            "brief": "死亡"
        },
        "1": {
            "sn": "01683",
            "brief": "底波拉"
        },
        "2": {
            "sn": "03243",
            "brief": "当奶妈、乳母、乳养"
        },
        "3": {
            "sn": "07259",
            "brief": "利百加"
        },
        "4": {
            "sn": "06912",
            "brief": "埋葬"
        },
        "5": {
            "sn": "08478",
            "brief": "1. 名词：位置、地方；2. 介系词：在…之下；3. 介系词：代替、因为"
        },
        "6": {
            "sn": "01008",
            "brief": "伯・特利"
        },
        "7": {
            "sn": "01008",
            "brief": "伯・特利"
        },
        "8": {
            "sn": "08478",
            "brief": "1. 名词：位置、地方；2. 介系词：在…之下；3. 介系词：代替、因为"
        },
        "9": {
            "sn": "00437",
            "brief": "橡树、巨木"
        },
        "10": {
            "sn": "07121",
            "brief": "喊叫、召集、称呼、求告、朗读"
        },
        "11": {
            "sn": "08034",
            "brief": "名、名字"
        },
        "12": {
            "sn": "00439",
            "brief": "亚伦・巴古"
        },
        "13": {
            "sn": "00439",
            "brief": "亚伦・巴古"
        },
        "14": {
            "sn": "09015",
            "brief": "开的意思"
        },
        "literal": "利百加的奶妈底波拉死了，就葬在伯特利下边橡树底下；它(指那棵树)的名字就叫亚伦・巴古。"
    },
    "9": {
        "2": {
            "sn": "00430",
            "brief": "上帝、神、神明"
        },
        "literal": "且对他说：「你的名原是雅各，从今以后你的名不要再叫雅各，你的名要叫以色列。」于是，他就叫他的名字为以色列。",
        "0": {
            "sn": "00559",
            "brief": "说"
        },
        "1": {
            "sn": "09001",
            "brief": "给、往、向、到、归属于"
        },
        "3": {
            "sn": "08034",
            "brief": "名、名字"
        },
        "4": {
            "sn": "03290",
            "brief": "雅各"
        },
        "5": {
            "sn": "03808",
            "brief": "不"
        },
        "6": {
            "sn": "07121",
            "brief": "喊叫、召集、称呼、求告、朗读"
        },
        "7": {
            "sn": "08034",
            "brief": "名、名字"
        },
        "9": {
            "sn": "03290",
            "brief": "雅各"
        },
        "10": {
            "sn": "03588",
            "brief": "因为、不必翻译"
        },
        "11": {
            "sn": "00518",
            "brief": "如果"
        },
        "12": {
            "sn": "03478",
            "brief": "以色列"
        },
        "13": {
            "sn": "01961",
            "brief": "是、成为、临到"
        },
        "14": {
            "sn": "08034",
            "brief": "名、名字"
        },
        "15": {
            "sn": "07121",
            "brief": "喊叫、召集、称呼、求告、朗读"
        },
        "16": {
            "sn": "00853",
            "brief": "不必翻译"
        },
        "17": {
            "sn": "08034",
            "brief": "名、名字"
        },
        "18": {
            "sn": "03478",
            "brief": "以色列"
        },
        "8": {
            "sn": "05750",
            "brief": "再、仍然、持续"
        }
    },
    "28": {
        "literal": "以撒…气绝而死，归到他本民那里。(…处填入下行)年纪老迈，日子满足，他两个儿子以扫、雅各把他埋葬了。",
        "0": {
            "sn": "01478",
            "brief": "断气、死亡"
        },
        "1": {
            "sn": "03327",
            "brief": "以撒"
        },
        "2": {
            "sn": "04191",
            "brief": "死"
        },
        "3": {
            "sn": "00622",
            "brief": "聚集"
        },
        "4": {
            "sn": "00413",
            "brief": "向、往"
        },
        "5": {
            "sn": "05971",
            "brief": "百姓、国民、列祖"
        },
        "6": {
            "sn": "02204",
            "brief": "年老、变老"
        },
        "7": {
            "sn": "07649",
            "brief": "饱的、满足的"
        },
        "8": {
            "sn": "03117",
            "brief": "日子、时候"
        },
        "9": {
            "sn": "06912",
            "brief": "埋葬"
        },
        "10": {
            "sn": "00853",
            "brief": "不必翻译"
        },
        "11": {
            "sn": "06215",
            "brief": "以扫"
        },
        "12": {
            "sn": "03290",
            "brief": "雅各"
        },
        "13": {
            "sn": "01121",
            "brief": "儿子、孙子、后裔、成员"
        },
        "14": {
            "sn": "09015",
            "brief": "开的意思"
        }
    },
    "20": {
        "0": {
            "sn": "05265",
            "brief": "拔起、移除、启程"
        },
        "1": {
            "sn": "03478",
            "brief": "以色列"
        },
        "2": {
            "sn": "05186",
            "brief": "Qal 伸出、铺张、伸展、延长，Hif‘il 屈枉、转弯、 丢一边"
        },
        "3": {
            "sn": "00168",
            "brief": "帐棚、帐蓬"
        },
        "4": {
            "sn": "01973",
            "brief": "…外"
        },
        "5": {
            "sn": "04029",
            "brief": "以得•台"
        },
        "6": {
            "sn": "04029",
            "brief": "以得•台"
        },
        "literal": "以色列起行，在以得•台那一边支搭帐棚。"
    },
    "11": {
        "0": {
            "sn": "00853",
            "brief": "不必翻译"
        },
        "1": {
            "sn": "00776",
            "brief": "地、邦国、疆界"
        },
        "2": {
            "sn": "00834",
            "brief": "不必翻译"
        },
        "3": {
            "sn": "05414",
            "brief": "给"
        },
        "4": {
            "sn": "00085",
            "brief": "亚伯拉罕"
        },
        "5": {
            "sn": "03327",
            "brief": "以撒"
        },
        "6": {
            "sn": "09001",
            "brief": "给、往、向、到、归属于"
        },
        "7": {
            "sn": "05414",
            "brief": "给"
        },
        "8": {
            "sn": "02233",
            "brief": "子孙、后裔、后世"
        },
        "9": {
            "sn": "00310",
            "brief": "后面、跟着"
        },
        "10": {
            "sn": "05414",
            "brief": "给"
        },
        "11": {
            "sn": "00853",
            "brief": "不必翻译"
        },
        "12": {
            "sn": "00776",
            "brief": "地、邦国、疆界"
        },
        "literal": "我所赐给亚伯拉罕和以撒的地，我必把它赐给你我必把这地赐给你之后的你的后裔。」"
    },
    "12": {
        "0": {
            "sn": "05927",
            "brief": "上去、升高、生长、献上"
        },
        "1": {
            "sn": "05921",
            "brief": "在…上面"
        },
        "2": {
            "sn": "00430",
            "brief": "上帝、神、神明"
        },
        "3": {
            "sn": "04725",
            "brief": "地方"
        },
        "4": {
            "sn": "00834",
            "brief": "不必翻译"
        },
        "5": {
            "sn": "01696",
            "brief": "Pi‘el 讲、说、指挥"
        },
        "6": {
            "sn": "00854",
            "brief": "与、跟"
        },
        "literal": "上帝就从与雅各说话的那地方升上去了。"
    },
    "13": {
        "0": {
            "sn": "05324",
            "brief": "Nif’al 起来、立起，Hif‘il 安置、安排"
        },
        "1": {
            "sn": "03290",
            "brief": "雅各"
        },
        "2": {
            "sn": "04676",
            "brief": "柱子"
        },
        "3": {
            "sn": "04725",
            "brief": "地方"
        },
        "4": {
            "sn": "00834",
            "brief": "不必翻译"
        },
        "5": {
            "sn": "01696",
            "brief": "Pi‘el 讲、说、指挥"
        },
        "6": {
            "sn": "00854",
            "brief": "与、跟"
        },
        "7": {
            "sn": "04678",
            "brief": "柱子"
        },
        "8": {
            "sn": "00068",
            "brief": "石头、法码、宝石"
        },
        "9": {
            "sn": "05258",
            "brief": "铸造、浇灌、倒出、膏立"
        },
        "10": {
            "sn": "05921",
            "brief": "在…上面"
        },
        "11": {
            "sn": "05262",
            "brief": "奠祭、铸造的偶像"
        },
        "12": {
            "sn": "03332",
            "brief": "倒、浇灌"
        },
        "13": {
            "sn": "05921",
            "brief": "在…上面"
        },
        "14": {
            "sn": "08081",
            "brief": "膏油"
        },
        "literal": "雅各…立了一根石柱，(…处填入下行)便在上帝向他说话的地方在柱子上奠酒浇油，"
    },
    "14": {
        "0": {
            "sn": "07121",
            "brief": "喊叫、召集、称呼、求告、朗读"
        },
        "1": {
            "sn": "03290",
            "brief": "雅各"
        },
        "2": {
            "sn": "00853",
            "brief": "不必翻译"
        },
        "3": {
            "sn": "08034",
            "brief": "名、名字"
        },
        "4": {
            "sn": "04725",
            "brief": "地方"
        },
        "5": {
            "sn": "00834",
            "brief": "不必翻译"
        },
        "6": {
            "sn": "01696",
            "brief": "Pi‘el 讲、说、指挥"
        },
        "7": {
            "sn": "00854",
            "brief": "与、跟"
        },
        "8": {
            "sn": "08033",
            "brief": "那里"
        },
        "9": {
            "sn": "00430",
            "brief": "上帝、神、神明"
        },
        "10": {
            "sn": "01008",
            "brief": "伯•特利"
        },
        "11": {
            "sn": "01008",
            "brief": "伯•特利"
        },
        "literal": "雅各就给…那地方起名叫(…处填入下行)上帝在那里向他说话的伯•特利。"
    },
    "15": {
        "0": {
            "sn": "05265",
            "brief": "拔起、移除、启程"
        },
        "1": {
            "sn": "01008",
            "brief": "伯•特利"
        },
        "2": {
            "sn": "01008",
            "brief": "伯•特利"
        },
        "3": {
            "sn": "01961",
            "brief": "是、成为、临到"
        },
        "5": {
            "sn": "03530",
            "brief": "距离 (一段不确定的长度)"
        },
        "6": {
            "sn": "00776",
            "brief": "地、邦国、疆界"
        },
        "7": {
            "sn": "00935",
            "brief": "来、进入、临到、发生"
        },
        "8": {
            "sn": "00672",
            "brief": "以法他"
        },
        "9": {
            "sn": "03205",
            "brief": "生出、出生"
        },
        "10": {
            "sn": "07354",
            "brief": "拉结"
        },
        "11": {
            "sn": "07185",
            "brief": "艰难、艰苦、使固执"
        },
        "12": {
            "sn": "03205",
            "brief": "生出、出生"
        },
        "literal": "他们从伯•特利起行，离以法他还有一段路程，拉结临产，甚是艰难。",
        "4": {
            "sn": "05750",
            "brief": "再、仍然、持续"
        }
    },
    "16": {
        "0": {
            "sn": "01961",
            "brief": "是、成为、临到"
        },
        "1": {
            "sn": "07185",
            "brief": "艰难、艰苦、使固执"
        },
        "2": {
            "sn": "03205",
            "brief": "生出、出生"
        },
        "3": {
            "sn": "00559",
            "brief": "说"
        },
        "4": {
            "sn": "09001",
            "brief": "给、往、向、到、归属于"
        },
        "5": {
            "sn": "03205",
            "brief": "生出、出生"
        },
        "6": {
            "sn": "00408",
            "brief": "不"
        },
        "7": {
            "sn": "03372",
            "brief": "Qal 害怕，Nif‘al 令人畏惧"
        },
        "8": {
            "sn": "03588",
            "brief": "因为、不必翻译"
        },
        "9": {
            "sn": "01571",
            "brief": "也"
        },
        "10": {
            "sn": "02088",
            "brief": "这个"
        },
        "11": {
            "sn": "09001",
            "brief": "给、往、向、到、归属于"
        },
        "12": {
            "sn": "01121",
            "brief": "儿子、孙子、后裔、成员"
        },
        "literal": "正在艰难的时候，收生婆对她说：「不要怕，你又要得一个儿子了。」"
    },
    "17": {
        "0": {
            "sn": "01961",
            "brief": "是、成为、临到"
        },
        "1": {
            "sn": "03318",
            "brief": "出去"
        },
        "2": {
            "sn": "05315",
            "brief": "生命、灵魂"
        },
        "3": {
            "sn": "03588",
            "brief": "因为、不必翻译"
        },
        "4": {
            "sn": "04191",
            "brief": "死亡"
        },
        "5": {
            "sn": "07121",
            "brief": "喊叫、召集、称呼、求告、朗读"
        },
        "6": {
            "sn": "08034",
            "brief": "名、名字"
        },
        "7": {
            "sn": "01126",
            "brief": "便•俄尼"
        },
        "8": {
            "sn": "01126",
            "brief": "便•俄尼"
        },
        "9": {
            "sn": "00001",
            "brief": "父亲、祖先"
        },
        "10": {
            "sn": "07121",
            "brief": "喊叫、召集、称呼、求告、朗读"
        },
        "11": {
            "sn": "09001",
            "brief": "给、往、向、到、归属于"
        },
        "12": {
            "sn": "01144",
            "brief": "便雅悯"
        },
        "literal": "他将近于死，灵魂要走的时候，就给他儿子起名叫便•俄尼；他父亲却给他起名叫便雅悯。"
    },
    "18": {
        "literal": "她(指拉结)死了，葬在以法他的路旁；它(原文用阴性，指以法他)就是伯•利恒。",
        "0": {
            "sn": "04191",
            "brief": "死亡"
        },
        "1": {
            "sn": "07354",
            "brief": "拉结"
        },
        "2": {
            "sn": "06912",
            "brief": "埋葬"
        },
        "3": {
            "sn": "01870",
            "brief": "道路、行为、方向、方法"
        },
        "4": {
            "sn": "00672",
            "brief": "以法他"
        },
        "5": {
            "sn": "01931",
            "brief": "他；她"
        },
        "6": {
            "sn": "01035",
            "brief": "伯•利恒"
        },
        "7": {
            "sn": "01035",
            "brief": "伯•利恒"
        }
    },
    "19": {
        "0": {
            "sn": "05324",
            "brief": "Nif’al 起来、立起，Hif‘il 安置、安排"
        },
        "1": {
            "sn": "03290",
            "brief": "雅各"
        },
        "2": {
            "sn": "04676",
            "brief": "柱子"
        },
        "3": {
            "sn": "05921",
            "brief": "在…上面"
        },
        "4": {
            "sn": "06900",
            "brief": "埋葬、坟墓"
        },
        "5": {
            "sn": "01931",
            "brief": "他；她"
        },
        "6": {
            "sn": "04678",
            "brief": "古埃及墓室、残干、根株"
        },
        "7": {
            "sn": "06900",
            "brief": "坟墓、埋葬"
        },
        "8": {
            "sn": "07354",
            "brief": "拉结"
        },
        "9": {
            "sn": "05704",
            "brief": "直到、甚至"
        },
        "10": {
            "sn": "03117",
            "brief": "日子、时候"
        },
        "literal": "雅各在她的坟上立了一统碑，就是拉结的墓碑，到今日还在。"
    },
    "26": {
        "10": {
            "sn": "00834",
            "brief": "不必翻译"
        },
        "literal": "雅各来到他父亲以撒那里，到了基列•亚巴的幔利；它就是希伯仑，是亚伯拉罕和以撒寄居的地方。",
        "0": {
            "sn": "00935",
            "brief": "来、进入、临到、发生"
        },
        "1": {
            "sn": "03290",
            "brief": "雅各"
        },
        "2": {
            "sn": "00413",
            "brief": "向、往"
        },
        "3": {
            "sn": "03327",
            "brief": "以撒"
        },
        "4": {
            "sn": "00001",
            "brief": "父亲、祖先"
        },
        "5": {
            "sn": "04471",
            "brief": "幔利"
        },
        "6": {
            "sn": "07153",
            "brief": "基列•亚巴"
        },
        "7": {
            "sn": "07153",
            "brief": "基列•亚巴"
        },
        "8": {
            "sn": "01931",
            "brief": "他、她"
        },
        "9": {
            "sn": "02275",
            "brief": "希伯仑"
        },
        "12": {
            "sn": "08033",
            "brief": "那里"
        },
        "13": {
            "sn": "00085",
            "brief": "亚伯拉罕"
        },
        "14": {
            "sn": "03327",
            "brief": "以撒"
        },
        "11": {
            "sn": "01481",
            "brief": "I. Qal 居住、寄居，Hitpo‘lel 聚集，II. 争论，III. 害怕"
        }
    },
    "27": {
        "literal": "以撒共活了一百八十岁。",
        "0": {
            "sn": "01961",
            "brief": "是、成为、临到"
        },
        "1": {
            "sn": "03117",
            "brief": "日子、时候"
        },
        "2": {
            "sn": "03327",
            "brief": "以撒"
        },
        "3": {
            "sn": "03967",
            "brief": "数目的「一百」"
        },
        "4": {
            "sn": "08141",
            "brief": "年"
        },
        "5": {
            "sn": "08084",
            "brief": "数目的「八十」"
        },
        "6": {
            "sn": "08141",
            "brief": "年"
        }
    },
    "4": {
        "8": {
            "sn": "03808",
            "brief": "不"
        },
        "literal": "他们便起行，上帝使…都甚惊惧，(…处填入下行)那周围城邑的人就不追赶雅各的众子了。",
        "0": {
            "sn": "05265",
            "brief": "拔起、移除、启程"
        },
        "1": {
            "sn": "01961",
            "brief": "是、成为、临到"
        },
        "2": {
            "sn": "02847",
            "brief": "惊骇、畏惧害怕"
        },
        "3": {
            "sn": "00430",
            "brief": "上帝、神、神明"
        },
        "4": {
            "sn": "05921",
            "brief": "在…上面"
        },
        "5": {
            "sn": "05892",
            "brief": "城邑、城镇"
        },
        "6": {
            "sn": "00834",
            "brief": "不必翻译"
        },
        "7": {
            "sn": "05439",
            "brief": "四围、环绕"
        },
        "9": {
            "sn": "07291",
            "brief": "追求、追"
        },
        "10": {
            "sn": "00310",
            "brief": "后面、跟着"
        },
        "11": {
            "sn": "01121",
            "brief": "儿子、孙子、后裔、成员"
        },
        "12": {
            "sn": "03290",
            "brief": "雅各"
        }
    },
    "25": {
        "literal": "利亚的使女悉帕的儿子是迦得、和亚设。这是在巴旦・亚兰生给他的雅各的儿子。",
        "0": {
            "sn": "01121",
            "brief": "儿子、孙子、后裔、成员"
        },
        "1": {
            "sn": "02153",
            "brief": "悉帕"
        },
        "2": {
            "sn": "08198",
            "brief": "婢女"
        },
        "3": {
            "sn": "03812",
            "brief": "利亚"
        },
        "4": {
            "sn": "01410",
            "brief": "迦得"
        },
        "5": {
            "sn": "00836",
            "brief": "亚设"
        },
        "6": {
            "sn": "00428",
            "brief": "这些"
        },
        "7": {
            "sn": "01121",
            "brief": "儿子、孙子、后裔、成员"
        },
        "8": {
            "sn": "03290",
            "brief": "雅各"
        },
        "9": {
            "sn": "00834",
            "brief": "不必翻译"
        },
        "10": {
            "sn": "03205",
            "brief": "生出、出生"
        },
        "11": {
            "sn": "09001",
            "brief": "给、往、向、到、归属于"
        },
        "12": {
            "sn": "06307",
            "brief": "巴旦・亚兰"
        },
        "13": {
            "sn": "06307",
            "brief": "巴旦・亚兰"
        }
    },
    "8": {
        "8": {
            "sn": "01288",
            "brief": "赐福"
        },
        "literal": "…上帝又向他显现，(…处填入下行)当雅各从巴旦・亚兰回来，赐福给他；",
        "0": {
            "sn": "07200",
            "brief": "Qal 看见、看顾、察觉，Nif‘al 显现，Hif‘il 显明"
        },
        "1": {
            "sn": "00430",
            "brief": "上帝、神、神明"
        },
        "2": {
            "sn": "00413",
            "brief": "向、往"
        },
        "3": {
            "sn": "03290",
            "brief": "雅各"
        },
        "5": {
            "sn": "00935",
            "brief": "来、进入、临到、发生"
        },
        "6": {
            "sn": "06307",
            "brief": "巴旦・亚兰"
        },
        "7": {
            "sn": "06307",
            "brief": "巴旦・亚兰"
        },
        "4": {
            "sn": "05750",
            "brief": "再、仍然、持续"
        },
        "9": {
            "sn": "00853",
            "brief": "不必翻译"
        }
    }
}