{
    "13": {
        "literal": "于是他对他说：「你去吧！看你兄弟们平安，羊也平安，就回报给我；于是打发他出希伯仑的山谷，他就去示剑了。",
        "0": {
            "sn": "00559",
            "brief": "说"
        },
        "1": {
            "sn": "09001",
            "brief": "给、往、向、到、归属于"
        },
        "2": {
            "sn": "01980",
            "brief": "行走"
        },
        "3": {
            "sn": "04994",
            "brief": "作为鼓励语的一部份"
        },
        "4": {
            "sn": "07200",
            "brief": "Qal 看见、看顾、察觉，Nif‘al 显现，Hif‘il 显明"
        },
        "5": {
            "sn": "00853",
            "brief": "不必翻译"
        },
        "6": {
            "sn": "07965",
            "brief": "平安"
        },
        "7": {
            "sn": "00251",
            "brief": "兄弟"
        },
        "8": {
            "sn": "00853",
            "brief": "不必翻译"
        },
        "9": {
            "sn": "07965",
            "brief": "平安"
        },
        "10": {
            "sn": "06629",
            "brief": "羊"
        },
        "12": {
            "sn": "01697",
            "brief": "话语、事情"
        },
        "13": {
            "sn": "07971",
            "brief": "差遣、释放、送走、伸出、伸展"
        },
        "14": {
            "sn": "06010",
            "brief": "山谷"
        },
        "15": {
            "sn": "02275",
            "brief": "希伯仑"
        },
        "16": {
            "sn": "00935",
            "brief": "来、进入、临到、发生"
        },
        "17": {
            "sn": "07927",
            "brief": "示剑"
        },
        "11": {
            "sn": "07725",
            "brief": "Qal 回复、回转、重复，Po‘lel 带回、复兴、更新，Hif‘il 回报、报告、带回"
        }
    },
    "19": {
        "literal": "现在，来吧，我们把他杀了，把他丢在一个坑里，就说，有恶兽把他吃了，我们且看他的梦将来怎么样。」",
        "0": {
            "sn": "06258",
            "brief": "现在"
        },
        "1": {
            "sn": "01980",
            "brief": "去、来"
        },
        "2": {
            "sn": "02026",
            "brief": "杀"
        },
        "3": {
            "sn": "07993",
            "brief": "Hif‘il 抛弃、抛出、赶出、掷"
        },
        "4": {
            "sn": "00259",
            "brief": "数目的「一」"
        },
        "5": {
            "sn": "00953",
            "brief": "井、坑"
        },
        "6": {
            "sn": "00559",
            "brief": "说"
        },
        "7": {
            "sn": "02416",
            "brief": "动物、活物"
        },
        "8": {
            "sn": "07451",
            "brief": "恶的、邪恶的"
        },
        "9": {
            "sn": "00398",
            "brief": "吃、吞吃"
        },
        "10": {
            "sn": "07200",
            "brief": "Qal 看见、看顾、察觉，Nif‘al 显现，Hif‘il 显明"
        },
        "11": {
            "sn": "04100",
            "brief": "什么"
        },
        "12": {
            "sn": "01961",
            "brief": "是、成为、临到"
        },
        "13": {
            "sn": "02472",
            "brief": "梦"
        }
    },
    "6": {
        "literal": "看哪，我们在田里捆禾稼，看哪，我的捆起来站着，看哪，你们的捆来围着我的捆下拜。」",
        "0": {
            "sn": "02009",
            "brief": "看哪"
        },
        "1": {
            "sn": "00587",
            "brief": "我们"
        },
        "2": {
            "sn": "00481",
            "brief": "Nif‘al 说不出话来、受束缚，Pi‘el 绑住"
        },
        "3": {
            "sn": "00485",
            "brief": "禾捆"
        },
        "4": {
            "sn": "08432",
            "brief": "在中间"
        },
        "5": {
            "sn": "07704",
            "brief": "田地"
        },
        "6": {
            "sn": "02009",
            "brief": "看哪"
        },
        "7": {
            "sn": "06965",
            "brief": "起来、设立、坚立"
        },
        "8": {
            "sn": "00485",
            "brief": "禾捆"
        },
        "9": {
            "sn": "01571",
            "brief": "甚至、也"
        },
        "10": {
            "sn": "05324",
            "brief": "Nif’al 起来、立起，Hif‘il 安置、安排"
        },
        "11": {
            "sn": "02009",
            "brief": "看哪"
        },
        "12": {
            "sn": "05437",
            "brief": "环绕、游行、转"
        },
        "13": {
            "sn": "00485",
            "brief": "禾捆"
        },
        "15": {
            "sn": "00485",
            "brief": "禾捆"
        },
        "14": {
            "sn": "09013",
            "brief": "跪拜、下拜"
        }
    },
    "7": {
        "literal": "他的兄弟们对他说：「难道你真要作我们的王吗？难道你真要管辖我们吗？」他们就…越发恨他。(…处填入下行)因为他的梦和他的话",
        "0": {
            "sn": "00559",
            "brief": "说"
        },
        "1": {
            "sn": "09001",
            "brief": "给、往、向、到、归属于"
        },
        "2": {
            "sn": "00251",
            "brief": "兄弟"
        },
        "3": {
            "sn": "04427",
            "brief": "作王、统治"
        },
        "4": {
            "sn": "04427",
            "brief": "作王、统治"
        },
        "5": {
            "sn": "05921",
            "brief": "在…上面"
        },
        "6": {
            "sn": "00518",
            "brief": "如果、不是"
        },
        "7": {
            "sn": "04910",
            "brief": "统治、管辖"
        },
        "8": {
            "sn": "04910",
            "brief": "统治、管辖"
        },
        "9": {
            "sn": "09002",
            "brief": "在、用、藉着、与、敌对"
        },
        "10": {
            "sn": "03254",
            "brief": "再一次、增添"
        },
        "12": {
            "sn": "08130",
            "brief": "恨"
        },
        "13": {
            "sn": "00853",
            "brief": "不必翻译"
        },
        "14": {
            "sn": "05921",
            "brief": "在…上面"
        },
        "15": {
            "sn": "02472",
            "brief": "梦"
        },
        "16": {
            "sn": "05921",
            "brief": "在…上面"
        },
        "17": {
            "sn": "01697",
            "brief": "话语、事情"
        },
        "11": {
            "sn": "05750",
            "brief": "再、仍然、持续"
        }
    },
    "27": {
        "0": {
            "sn": "05674",
            "brief": "经过、穿越、涨溢、离开、拿走、违犯、废除"
        },
        "1": {
            "sn": "00376",
            "brief": "各人、人、男人、丈夫"
        },
        "2": {
            "sn": "04084",
            "brief": "米甸人"
        },
        "3": {
            "sn": "05503",
            "brief": "贸易、旅行"
        },
        "4": {
            "sn": "04900",
            "brief": "拉"
        },
        "5": {
            "sn": "05927",
            "brief": "上去、升高、生长、献上"
        },
        "6": {
            "sn": "00853",
            "brief": "不必翻译"
        },
        "7": {
            "sn": "03130",
            "brief": "约瑟"
        },
        "8": {
            "sn": "04480",
            "brief": "从、出、离"
        },
        "9": {
            "sn": "00953",
            "brief": "井、坑"
        },
        "10": {
            "sn": "04376",
            "brief": "卖"
        },
        "11": {
            "sn": "00853",
            "brief": "不必翻译"
        },
        "12": {
            "sn": "03130",
            "brief": "约瑟"
        },
        "13": {
            "sn": "03459",
            "brief": "以实玛利人"
        },
        "14": {
            "sn": "06242",
            "brief": "数目的「二十」"
        },
        "15": {
            "sn": "03701",
            "brief": "银子、钱"
        },
        "16": {
            "sn": "00935",
            "brief": "来、进入、临到、发生"
        },
        "17": {
            "sn": "00853",
            "brief": "不必翻译"
        },
        "18": {
            "sn": "03130",
            "brief": "约瑟"
        },
        "19": {
            "sn": "04714",
            "brief": "埃及"
        },
        "literal": "有些米甸人从那里经过，他们就把约瑟从坑里拉上来，他们以二十块银子，把约瑟卖给以实玛利人。他们就把约瑟带到埃及去了。"
    },
    "29": {
        "1": {
            "sn": "00413",
            "brief": "向、往"
        },
        "2": {
            "sn": "00251",
            "brief": "兄弟"
        },
        "3": {
            "sn": "00559",
            "brief": "说"
        },
        "4": {
            "sn": "03206",
            "brief": "儿童、少年人"
        },
        "5": {
            "sn": "00369",
            "brief": "不存在、没有"
        },
        "6": {
            "sn": "00589",
            "brief": "我"
        },
        "7": {
            "sn": "00575",
            "brief": "哪里、到何时"
        },
        "8": {
            "sn": "00589",
            "brief": "我"
        },
        "9": {
            "sn": "00935",
            "brief": "来、进入、临到、发生"
        },
        "0": {
            "sn": "07725",
            "brief": "Qal 回复、回转、重复，Po‘lel 带回、复兴、更新，Hif‘il 回报、报告、带回"
        },
        "literal": "回到自己的兄弟们那里，说：「童子不见了，我(怎么办)，我到哪里去才好呢？」"
    },
    "30": {
        "0": {
            "sn": "03947",
            "brief": "取、娶、拿"
        },
        "1": {
            "sn": "00853",
            "brief": "不必翻译"
        },
        "2": {
            "sn": "03801",
            "brief": "外袍、衬衫似的长外衣"
        },
        "3": {
            "sn": "03130",
            "brief": "约瑟"
        },
        "4": {
            "sn": "07819",
            "brief": "宰杀"
        },
        "5": {
            "sn": "08163",
            "brief": "公山羊、公羊"
        },
        "6": {
            "sn": "05795",
            "brief": "山羊、母山羊"
        },
        "7": {
            "sn": "02881",
            "brief": "蘸，浸入，陷入"
        },
        "8": {
            "sn": "00853",
            "brief": "不必翻译"
        },
        "9": {
            "sn": "03801",
            "brief": "外袍、衬衫似的长外衣"
        },
        "10": {
            "sn": "01818",
            "brief": "血"
        },
        "literal": "他们宰了一只公山羊，拿约瑟的那件彩衣，把它染了血，"
    },
    "31": {
        "0": {
            "sn": "07971",
            "brief": "差遣、释放、送走、伸出、伸展"
        },
        "1": {
            "sn": "00853",
            "brief": "不必翻译"
        },
        "2": {
            "sn": "03801",
            "brief": "外袍、衬衫似的长外衣"
        },
        "3": {
            "sn": "06446",
            "brief": "用于指长及手掌和脚掌的束腰外衣"
        },
        "4": {
            "sn": "00935",
            "brief": "来、进入、临到、发生"
        },
        "5": {
            "sn": "00413",
            "brief": "向、往"
        },
        "6": {
            "sn": "00001",
            "brief": "父亲、祖先"
        },
        "7": {
            "sn": "00559",
            "brief": "说"
        },
        "8": {
            "sn": "02063",
            "brief": "这个"
        },
        "9": {
            "sn": "04672",
            "brief": "寻找、追上、获得、发现"
        },
        "10": {
            "sn": "05234",
            "brief": "承认、认识"
        },
        "11": {
            "sn": "04994",
            "brief": "作为鼓励语的一部份"
        },
        "12": {
            "sn": "03801",
            "brief": "外袍、衬衫似的长外衣"
        },
        "13": {
            "sn": "01121",
            "brief": "儿子、孙子、后裔、成员"
        },
        "14": {
            "sn": "01931",
            "brief": "他；她"
        },
        "15": {
            "sn": "00518",
            "brief": "如果、不是"
        },
        "16": {
            "sn": "03808",
            "brief": "不"
        },
        "literal": "打发人把彩衣送到他们的父亲那里，说：「我们捡了这个，请认一认是你儿子的外衣不是？」"
    },
    "32": {
        "0": {
            "sn": "05234",
            "brief": "承认、认识"
        },
        "1": {
            "sn": "00559",
            "brief": "说"
        },
        "2": {
            "sn": "03801",
            "brief": "外袍、衬衫似的长外衣"
        },
        "3": {
            "sn": "01121",
            "brief": "儿子、孙子、后裔、成员"
        },
        "4": {
            "sn": "02416",
            "brief": "动物"
        },
        "5": {
            "sn": "07451",
            "brief": "恶的、邪恶的"
        },
        "6": {
            "sn": "00398",
            "brief": "吃、吞吃"
        },
        "7": {
            "sn": "02963",
            "brief": "撕裂"
        },
        "8": {
            "sn": "02963",
            "brief": "撕裂"
        },
        "9": {
            "sn": "03130",
            "brief": "约瑟"
        },
        "literal": "他认得，就说：「这是我儿子的外衣，有恶兽把他吃了，约瑟一定被撕碎了！」"
    },
    "33": {
        "0": {
            "sn": "07167",
            "brief": "撕裂、撕破、使宽阔"
        },
        "1": {
            "sn": "03290",
            "brief": "雅各"
        },
        "2": {
            "sn": "08071",
            "brief": "包裹布、披风、衣服"
        },
        "3": {
            "sn": "07760",
            "brief": "设立、置、放"
        },
        "4": {
            "sn": "08242",
            "brief": "麻布、麻袋"
        },
        "5": {
            "sn": "04975",
            "brief": "腰部、腹股之间的部份"
        },
        "7": {
            "sn": "05921",
            "brief": "在…上面"
        },
        "8": {
            "sn": "01121",
            "brief": "儿子、孙子、后裔、成员"
        },
        "9": {
            "sn": "03117",
            "brief": "日子、时候"
        },
        "10": {
            "sn": "07227",
            "brief": "很多"
        },
        "6": {
            "sn": "00056",
            "brief": "悲哀、哀悼"
        },
        "literal": "雅各便撕裂衣服，腰间围上他的麻布，为他儿子悲哀了多日。"
    },
    "34": {
        "5": {
            "sn": "05162",
            "brief": "Qal 安慰、怜恤，Hitpa‘el 怜悯、后悔、安慰自己、使自己得舒解"
        },
        "0": {
            "sn": "06965",
            "brief": "起来、设立、坚立"
        },
        "1": {
            "sn": "03605",
            "brief": "全部、整个、各"
        },
        "2": {
            "sn": "01121",
            "brief": "儿子、孙子、后裔、成员"
        },
        "3": {
            "sn": "03605",
            "brief": "全部、整个、各"
        },
        "4": {
            "sn": "01323",
            "brief": "女儿、女子"
        },
        "6": {
            "sn": "03985",
            "brief": "不听从、拒绝"
        },
        "8": {
            "sn": "00559",
            "brief": "说"
        },
        "9": {
            "sn": "03588",
            "brief": "因为、不必翻译"
        },
        "10": {
            "sn": "03381",
            "brief": "降临、下去"
        },
        "11": {
            "sn": "00413",
            "brief": "向、往"
        },
        "12": {
            "sn": "01121",
            "brief": "儿子、孙子、后裔、成员"
        },
        "13": {
            "sn": "00057",
            "brief": "悲伤、哀悼"
        },
        "7": {
            "sn": "05162",
            "brief": "Qal、 安慰、使舒坦，Hitpa‘el 怜悯、后悔、安慰自己、使自己得舒解"
        },
        "14": {
            "sn": "07585",
            "brief": "阴间"
        },
        "15": {
            "sn": "01058",
            "brief": "哭"
        },
        "16": {
            "sn": "00853",
            "brief": "不必翻译"
        },
        "17": {
            "sn": "00001",
            "brief": "父亲、祖先"
        },
        "literal": "他的儿子和他的女儿全都起来安慰他，他却不肯受安慰，说：「我必悲哀着下阴间，到我儿子那里。」约瑟的父亲就为他哀哭。"
    },
    "35": {
        "0": {
            "sn": "04084",
            "brief": "米甸人"
        },
        "1": {
            "sn": "04376",
            "brief": "卖"
        },
        "2": {
            "sn": "00853",
            "brief": "不必翻译"
        },
        "3": {
            "sn": "00413",
            "brief": "向、往"
        },
        "4": {
            "sn": "04714",
            "brief": "埃及"
        },
        "5": {
            "sn": "06318",
            "brief": "波提乏"
        },
        "6": {
            "sn": "05631",
            "brief": "大臣、太监"
        },
        "7": {
            "sn": "06547",
            "brief": "法老"
        },
        "8": {
            "sn": "08269",
            "brief": "领袖"
        },
        "9": {
            "sn": "02876",
            "brief": "侍卫"
        },
        "10": {
            "sn": "09015",
            "brief": "开的意思"
        },
        "literal": "米甸人把约瑟卖到埃及，给法老的内臣护卫长波提乏。"
    },
    "0": {
        "0": {
            "sn": "03427",
            "brief": "居住、坐、停留"
        },
        "1": {
            "sn": "03290",
            "brief": "雅各"
        },
        "2": {
            "sn": "00776",
            "brief": "地、邦国、疆界"
        },
        "3": {
            "sn": "04033",
            "brief": "居住的地方、寄居、寄居之地"
        },
        "4": {
            "sn": "00001",
            "brief": "父亲、祖先"
        },
        "5": {
            "sn": "00776",
            "brief": "地、邦国、疆界"
        },
        "6": {
            "sn": "03667",
            "brief": "迦南"
        },
        "literal": "雅各住在他父亲寄居的地，就是迦南地。"
    },
    "1": {
        "0": {
            "sn": "00428",
            "brief": "这些"
        },
        "1": {
            "sn": "08435",
            "brief": "后代、家谱"
        },
        "2": {
            "sn": "03290",
            "brief": "雅各"
        },
        "3": {
            "sn": "03130",
            "brief": "约瑟"
        },
        "4": {
            "sn": "01121",
            "brief": "儿子、孙子、后裔、成员"
        },
        "5": {
            "sn": "07651",
            "brief": "数目的「七」"
        },
        "6": {
            "sn": "06240",
            "brief": "数目的「十」"
        },
        "7": {
            "sn": "08141",
            "brief": "年"
        },
        "8": {
            "sn": "01961",
            "brief": "是、成为、临到"
        },
        "9": {
            "sn": "07462",
            "brief": "I. 吃草、放牧、喂养；II. 结交、与...作伴"
        },
        "10": {
            "sn": "00854",
            "brief": "与、跟"
        },
        "11": {
            "sn": "00251",
            "brief": "兄弟"
        },
        "12": {
            "sn": "06629",
            "brief": "羊"
        },
        "13": {
            "sn": "01931",
            "brief": "他"
        },
        "14": {
            "sn": "05288",
            "brief": "男孩、少年、年轻人、仆人"
        },
        "15": {
            "sn": "00854",
            "brief": "与、跟"
        },
        "16": {
            "sn": "01121",
            "brief": "儿子、孙子、后裔、成员"
        },
        "17": {
            "sn": "01090",
            "brief": "辟拉"
        },
        "18": {
            "sn": "00854",
            "brief": "与、跟"
        },
        "19": {
            "sn": "01121",
            "brief": "儿子、孙子、后裔、成员"
        },
        "20": {
            "sn": "02153",
            "brief": "悉帕"
        },
        "21": {
            "sn": "00802",
            "brief": "女人、妻子"
        },
        "22": {
            "sn": "00001",
            "brief": "父亲、祖先"
        },
        "23": {
            "sn": "00935",
            "brief": "来、进入、临到、发生"
        },
        "24": {
            "sn": "03130",
            "brief": "约瑟"
        },
        "25": {
            "sn": "00853",
            "brief": "不必翻译"
        },
        "26": {
            "sn": "01681",
            "brief": "毁谤、谣言"
        },
        "27": {
            "sn": "07451",
            "brief": "恶的、邪恶的"
        },
        "28": {
            "sn": "00413",
            "brief": "向、往"
        },
        "29": {
            "sn": "00001",
            "brief": "父亲、祖先"
        },
        "literal": "这些是雅各的记略。约瑟是十七岁之子，与他哥哥们一同牧羊。他是个童子，与他父亲的妾辟拉的儿子们、和悉帕的儿子们在一处。约瑟将他们的恶行报给他们的父亲。"
    },
    "2": {
        "0": {
            "sn": "03478",
            "brief": "以色列"
        },
        "1": {
            "sn": "00157",
            "brief": "爱"
        },
        "2": {
            "sn": "00853",
            "brief": "不必翻译"
        },
        "3": {
            "sn": "03130",
            "brief": "约瑟"
        },
        "4": {
            "sn": "03605",
            "brief": "全部、整个、各"
        },
        "5": {
            "sn": "01121",
            "brief": "儿子、孙子、后裔、成员"
        },
        "6": {
            "sn": "03588",
            "brief": "因为、不必翻译"
        },
        "7": {
            "sn": "01121",
            "brief": "儿子、孙子、后裔、成员"
        },
        "8": {
            "sn": "02208",
            "brief": "老年、年纪非常的大"
        },
        "9": {
            "sn": "01931",
            "brief": "他"
        },
        "10": {
            "sn": "09001",
            "brief": "给、往、向、到、归属于"
        },
        "11": {
            "sn": "06213",
            "brief": "做"
        },
        "12": {
            "sn": "09001",
            "brief": "给、往、向、到、归属于"
        },
        "13": {
            "sn": "03801",
            "brief": "外袍、衬衫似的长外衣"
        },
        "14": {
            "sn": "06446",
            "brief": "用于指长及手掌和脚掌的束腰外衣"
        },
        "literal": "以色列原来爱约瑟过于他的众子，因为他是他年老(生)的儿子；他给他做了一件彩衣。"
    },
    "3": {
        "0": {
            "sn": "07200",
            "brief": "Qal 看见、看顾、察觉，Nif‘al 显现，Hif‘il 显明"
        },
        "1": {
            "sn": "00251",
            "brief": "兄弟"
        },
        "2": {
            "sn": "03588",
            "brief": "因为、不必翻译"
        },
        "3": {
            "sn": "00853",
            "brief": "不必翻译"
        },
        "4": {
            "sn": "00157",
            "brief": "爱"
        },
        "5": {
            "sn": "00001",
            "brief": "父亲、祖先"
        },
        "6": {
            "sn": "03605",
            "brief": "全部、整个、各"
        },
        "7": {
            "sn": "00251",
            "brief": "兄弟"
        },
        "8": {
            "sn": "08130",
            "brief": "恨"
        },
        "9": {
            "sn": "00853",
            "brief": "不必翻译"
        },
        "10": {
            "sn": "03808",
            "brief": "不"
        },
        "11": {
            "sn": "03201",
            "brief": "能够、有能力"
        },
        "12": {
            "sn": "01696",
            "brief": "Pi‘el 讲、说、指挥"
        },
        "13": {
            "sn": "07965",
            "brief": "平安、完全、全部"
        },
        "literal": "约瑟的哥哥们见父亲爱约瑟过于爱他们，就恨约瑟，不与他说和睦的话。"
    },
    "5": {
        "0": {
            "sn": "00559",
            "brief": "说"
        },
        "1": {
            "sn": "00413",
            "brief": "向、往"
        },
        "2": {
            "sn": "08085",
            "brief": "听到、听从"
        },
        "3": {
            "sn": "04994",
            "brief": "作为鼓励语的一部份"
        },
        "4": {
            "sn": "02492",
            "brief": "作梦"
        },
        "5": {
            "sn": "02088",
            "brief": "这个"
        },
        "6": {
            "sn": "00834",
            "brief": "不必翻译"
        },
        "7": {
            "sn": "02472",
            "brief": "梦"
        },
        "literal": "他(指约瑟)对他们说：「请听我所做的这个梦，"
    },
    "4": {
        "0": {
            "sn": "02492",
            "brief": "作梦"
        },
        "1": {
            "sn": "03130",
            "brief": "约瑟"
        },
        "2": {
            "sn": "02472",
            "brief": "梦"
        },
        "3": {
            "sn": "05046",
            "brief": "Hif‘il 告诉、宣布、声明、通知"
        },
        "4": {
            "sn": "00251",
            "brief": "兄弟"
        },
        "5": {
            "sn": "03254",
            "brief": "再一次、增添"
        },
        "7": {
            "sn": "08130",
            "brief": "恨"
        },
        "8": {
            "sn": "00853",
            "brief": "不必翻译"
        },
        "literal": "约瑟做了(一个)梦，告诉他的兄弟们，他们就越发恨他。",
        "6": {
            "sn": "05750",
            "brief": "再、仍然、持续"
        }
    },
    "8": {
        "0": {
            "sn": "02492",
            "brief": "作梦"
        },
        "2": {
            "sn": "02472",
            "brief": "梦"
        },
        "3": {
            "sn": "00312",
            "brief": "别的"
        },
        "4": {
            "sn": "05608",
            "brief": "1. 动词：述说、计算；2. 名词：文士、书记"
        },
        "5": {
            "sn": "00853",
            "brief": "不必翻译"
        },
        "6": {
            "sn": "00251",
            "brief": "兄弟"
        },
        "7": {
            "sn": "00559",
            "brief": "说"
        },
        "8": {
            "sn": "02009",
            "brief": "看哪"
        },
        "9": {
            "sn": "02492",
            "brief": "作梦"
        },
        "10": {
            "sn": "02472",
            "brief": "梦"
        },
        "12": {
            "sn": "02009",
            "brief": "看哪"
        },
        "13": {
            "sn": "08121",
            "brief": "太阳"
        },
        "14": {
            "sn": "03394",
            "brief": "月亮"
        },
        "15": {
            "sn": "00259",
            "brief": "数目的「一」"
        },
        "16": {
            "sn": "06240",
            "brief": "数目的「十」"
        },
        "17": {
            "sn": "03556",
            "brief": "星星"
        },
        "19": {
            "sn": "09001",
            "brief": "给、往、向、到、归属于"
        },
        "18": {
            "sn": "09013",
            "brief": "跪拜、下拜"
        },
        "literal": "后来他又做了(一个)梦，也告诉他的兄弟们，说：「看哪，我又做了(一个)梦，梦见太阳、月亮，与十一个星向我下拜。」",
        "1": {
            "sn": "05750",
            "brief": "再、仍然、持续"
        },
        "11": {
            "sn": "05750",
            "brief": "再、仍然、持续"
        }
    },
    "9": {
        "0": {
            "sn": "05608",
            "brief": "1. 动词：述说、计算；2. 名词：文士、书记"
        },
        "1": {
            "sn": "00413",
            "brief": "向、往"
        },
        "2": {
            "sn": "00001",
            "brief": "父亲、祖先"
        },
        "3": {
            "sn": "00413",
            "brief": "向、往"
        },
        "4": {
            "sn": "00251",
            "brief": "兄弟"
        },
        "5": {
            "sn": "01605",
            "brief": "责备"
        },
        "6": {
            "sn": "09002",
            "brief": "在、用、藉着、与、敌对"
        },
        "7": {
            "sn": "00001",
            "brief": "父亲、祖先"
        },
        "8": {
            "sn": "00559",
            "brief": "说"
        },
        "9": {
            "sn": "09001",
            "brief": "给、往、向、到、归属于"
        },
        "10": {
            "sn": "04100",
            "brief": "什么"
        },
        "11": {
            "sn": "02472",
            "brief": "梦"
        },
        "12": {
            "sn": "02088",
            "brief": "这个"
        },
        "13": {
            "sn": "00834",
            "brief": "不必翻译"
        },
        "14": {
            "sn": "02492",
            "brief": "作梦"
        },
        "15": {
            "sn": "00935",
            "brief": "来、进入、临到、发生"
        },
        "16": {
            "sn": "00935",
            "brief": "来、进入、临到、发生"
        },
        "17": {
            "sn": "00589",
            "brief": "我"
        },
        "18": {
            "sn": "00517",
            "brief": "母亲"
        },
        "19": {
            "sn": "00251",
            "brief": "兄弟"
        },
        "21": {
            "sn": "09001",
            "brief": "给、往、向、到、归属于"
        },
        "22": {
            "sn": "00776",
            "brief": "地、邦国、疆界"
        },
        "20": {
            "sn": "09013",
            "brief": "跪拜、下拜"
        },
        "literal": "约瑟将这梦告诉他父亲和他的兄弟们，他父亲就责备他，说：「你做的这是甚么梦！难道真的我和你母亲、和你的兄弟们要来俯伏在地，向你下拜吗？」"
    },
    "10": {
        "0": {
            "sn": "07065",
            "brief": "嫉妒"
        },
        "1": {
            "sn": "09002",
            "brief": "在、用、藉着、与、敌对"
        },
        "2": {
            "sn": "00251",
            "brief": "兄弟"
        },
        "3": {
            "sn": "00001",
            "brief": "父亲、祖先"
        },
        "4": {
            "sn": "08104",
            "brief": "谨守、小心"
        },
        "5": {
            "sn": "00853",
            "brief": "不必翻译"
        },
        "6": {
            "sn": "01697",
            "brief": "话语、事情"
        },
        "literal": "他兄弟们都嫉妒他，他的父亲却把这话存在心里。"
    },
    "11": {
        "0": {
            "sn": "01980",
            "brief": "去、来"
        },
        "1": {
            "sn": "00251",
            "brief": "兄弟"
        },
        "2": {
            "sn": "07462",
            "brief": "I. 吃草、放牧、喂养；II. 结交、与...作伴"
        },
        "3": {
            "sn": "00853",
            "brief": "不必翻译"
        },
        "4": {
            "sn": "06629",
            "brief": "羊"
        },
        "5": {
            "sn": "00001",
            "brief": "父亲、祖先"
        },
        "6": {
            "sn": "07927",
            "brief": "示剑"
        },
        "literal": "他的兄弟们往示剑去放他们父亲的羊。"
    },
    "12": {
        "0": {
            "sn": "00559",
            "brief": "说"
        },
        "1": {
            "sn": "03478",
            "brief": "以色列"
        },
        "2": {
            "sn": "00413",
            "brief": "向、往"
        },
        "3": {
            "sn": "03130",
            "brief": "约瑟"
        },
        "4": {
            "sn": "03808",
            "brief": "不"
        },
        "5": {
            "sn": "00251",
            "brief": "兄弟"
        },
        "6": {
            "sn": "07462",
            "brief": "I. 吃草、放牧、喂养；II. 结交、与...作伴"
        },
        "7": {
            "sn": "07927",
            "brief": "示剑"
        },
        "8": {
            "sn": "01980",
            "brief": "来、去"
        },
        "9": {
            "sn": "07971",
            "brief": "差遣、释放、送走、伸出、伸展"
        },
        "10": {
            "sn": "00413",
            "brief": "向、往"
        },
        "11": {
            "sn": "00559",
            "brief": "说"
        },
        "12": {
            "sn": "09001",
            "brief": "给、往、向、到、归属于"
        },
        "13": {
            "sn": "02009",
            "brief": "看哪"
        },
        "literal": "以色列对约瑟说：「你兄弟们不是在示剑放羊吗？来，我打发你往他们那里去。」约瑟对他说：「看哪，我在这里。」"
    },
    "14": {
        "0": {
            "sn": "04672",
            "brief": "寻找、追上、获得、发现"
        },
        "1": {
            "sn": "00376",
            "brief": "各人、人、男人、丈夫"
        },
        "2": {
            "sn": "02009",
            "brief": "看哪"
        },
        "3": {
            "sn": "08582",
            "brief": "徘徊、走错路、走偏"
        },
        "4": {
            "sn": "07704",
            "brief": "田地"
        },
        "5": {
            "sn": "07592",
            "brief": "问、求"
        },
        "6": {
            "sn": "00376",
            "brief": "各人、人、男人、丈夫"
        },
        "7": {
            "sn": "00559",
            "brief": "说"
        },
        "8": {
            "sn": "04100",
            "brief": "什么"
        },
        "9": {
            "sn": "01245",
            "brief": "Pi‘el 寻找、渴求、想望、索求"
        },
        "literal": "有人遇见他，看哪，他在田野走迷了路，这人就问他说：「你找甚么？」"
    },
    "16": {
        "9": {
            "sn": "01980",
            "brief": "去、来"
        },
        "0": {
            "sn": "00559",
            "brief": "说"
        },
        "1": {
            "sn": "00376",
            "brief": "各人、人、男人、丈夫"
        },
        "2": {
            "sn": "05265",
            "brief": "拔起、移除、启程"
        },
        "3": {
            "sn": "02088",
            "brief": "这个"
        },
        "4": {
            "sn": "03588",
            "brief": "因为、不必翻译"
        },
        "5": {
            "sn": "08085",
            "brief": "听到、听从"
        },
        "6": {
            "sn": "00559",
            "brief": "说"
        },
        "7": {
            "sn": "01980",
            "brief": "去、来"
        },
        "8": {
            "sn": "01886",
            "brief": "多坍"
        },
        "10": {
            "sn": "03130",
            "brief": "约瑟"
        },
        "11": {
            "sn": "00310",
            "brief": "后面、跟着"
        },
        "12": {
            "sn": "00251",
            "brief": "兄弟"
        },
        "13": {
            "sn": "04672",
            "brief": "寻找、追上、获得、发现"
        },
        "14": {
            "sn": "01886",
            "brief": "多坍"
        },
        "literal": "那人说：「他们已经从这里走了，我听见他们说：『我们往多坍去吧。』」约瑟就去追他兄弟们，在多坍找到他们。"
    },
    "15": {
        "0": {
            "sn": "00559",
            "brief": "说"
        },
        "1": {
            "sn": "00853",
            "brief": "不必翻译"
        },
        "2": {
            "sn": "00251",
            "brief": "兄弟"
        },
        "3": {
            "sn": "00595",
            "brief": "我"
        },
        "4": {
            "sn": "01245",
            "brief": "Pi‘el 寻找、渴求、想望、索求"
        },
        "5": {
            "sn": "05046",
            "brief": "Hif‘il 告诉、宣布、声明、通知"
        },
        "6": {
            "sn": "04994",
            "brief": "作为鼓励语的一部份"
        },
        "7": {
            "sn": "09001",
            "brief": "给、往、向、到、归属于"
        },
        "8": {
            "sn": "00375",
            "brief": "哪里"
        },
        "9": {
            "sn": "01992",
            "brief": "他们"
        },
        "10": {
            "sn": "07462",
            "brief": "I. 吃草、放牧、喂养；II. 结交、与...作伴"
        },
        "literal": "他说：「我找我的兄弟们，请告诉我，他们在何处放羊。」"
    },
    "17": {
        "0": {
            "sn": "07200",
            "brief": "Qal 看见、看顾、察觉，Nif‘al 显现，Hif‘il 显明"
        },
        "1": {
            "sn": "00853",
            "brief": "不必翻译"
        },
        "2": {
            "sn": "07350",
            "brief": "远方的"
        },
        "3": {
            "sn": "02962",
            "brief": "以前"
        },
        "4": {
            "sn": "07126",
            "brief": "临近、靠近、带来、献上"
        },
        "5": {
            "sn": "00413",
            "brief": "向、往"
        },
        "7": {
            "sn": "00853",
            "brief": "不必翻译"
        },
        "8": {
            "sn": "04191",
            "brief": "杀死、治死"
        },
        "6": {
            "sn": "05230",
            "brief": "行诡诈"
        },
        "literal": "他们远远地看见他，趁他还没有靠近他们，他们就向他行诡诈，要害死他，"
    },
    "18": {
        "0": {
            "sn": "00559",
            "brief": "说"
        },
        "1": {
            "sn": "00376",
            "brief": "各人、人、男人、丈夫"
        },
        "2": {
            "sn": "00413",
            "brief": "向、往"
        },
        "3": {
            "sn": "00251",
            "brief": "兄弟"
        },
        "4": {
            "sn": "02009",
            "brief": "看哪"
        },
        "5": {
            "sn": "01167",
            "brief": "主人、丈夫"
        },
        "6": {
            "sn": "02472",
            "brief": "梦、具有先知性含意的梦"
        },
        "7": {
            "sn": "01976",
            "brief": "这、这一个"
        },
        "8": {
            "sn": "00935",
            "brief": "来、进入、临到、发生"
        },
        "literal": "彼此说：「看哪，做梦的那个人来了。"
    },
    "20": {
        "0": {
            "sn": "08085",
            "brief": "听到、听从"
        },
        "1": {
            "sn": "07205",
            "brief": "吕便"
        },
        "2": {
            "sn": "05337",
            "brief": "Nif‘al 获救，Pi‘el 拯救、夺取，Hif‘il 营救、抓走"
        },
        "3": {
            "sn": "03027",
            "brief": "手、边、力量、权势"
        },
        "4": {
            "sn": "00559",
            "brief": "说"
        },
        "5": {
            "sn": "03808",
            "brief": "不"
        },
        "6": {
            "sn": "05221",
            "brief": "Hif‘il 击打、击杀"
        },
        "7": {
            "sn": "05315",
            "brief": "生命、灵魂"
        },
        "literal": "吕便听见了，要救他脱离他们的手，说：「我们不可害他的性命。」"
    },
    "21": {
        "0": {
            "sn": "00559",
            "brief": "说"
        },
        "1": {
            "sn": "00413",
            "brief": "敌对、向、往"
        },
        "2": {
            "sn": "07205",
            "brief": "吕便"
        },
        "3": {
            "sn": "00408",
            "brief": "不"
        },
        "4": {
            "sn": "08210",
            "brief": "倒出"
        },
        "5": {
            "sn": "01818",
            "brief": "血"
        },
        "6": {
            "sn": "07993",
            "brief": "Hif‘il 抛弃、抛出、赶出、掷"
        },
        "7": {
            "sn": "00853",
            "brief": "不必翻译"
        },
        "8": {
            "sn": "00413",
            "brief": "敌对、向、往"
        },
        "9": {
            "sn": "00953",
            "brief": "井"
        },
        "10": {
            "sn": "02088",
            "brief": "这个"
        },
        "11": {
            "sn": "00834",
            "brief": "不必翻译"
        },
        "12": {
            "sn": "04057",
            "brief": "旷野"
        },
        "13": {
            "sn": "03027",
            "brief": "手、边、力量、权势"
        },
        "14": {
            "sn": "00408",
            "brief": "不"
        },
        "15": {
            "sn": "07971",
            "brief": "差遣、释放、送走、伸出、伸展"
        },
        "16": {
            "sn": "09002",
            "brief": "在、用、藉着、与、敌对"
        },
        "17": {
            "sn": "04616",
            "brief": "为了"
        },
        "18": {
            "sn": "05337",
            "brief": "Nif‘al 获救，Pi‘el 拯救、夺取，Hif‘il 营救、抓走"
        },
        "19": {
            "sn": "00853",
            "brief": "不必翻译"
        },
        "20": {
            "sn": "03027",
            "brief": "手、边、力量、权势"
        },
        "22": {
            "sn": "00413",
            "brief": "敌对、向、往"
        },
        "23": {
            "sn": "00001",
            "brief": "父亲、祖先"
        },
        "21": {
            "sn": "07725",
            "brief": "Qal 回复、回转、重复，Po‘lel 带回、复兴、更新，Hif‘il 回报、报告、带回"
        },
        "literal": "吕便又对他们说：「不可流他的血，可以把他丢在这野地的坑里，但不可下手害他。」他要救他脱离他们的手，把他归还他的父亲。"
    },
    "22": {
        "0": {
            "sn": "01961",
            "brief": "是、成为、临到"
        },
        "1": {
            "sn": "00834",
            "brief": "不必翻译"
        },
        "2": {
            "sn": "00935",
            "brief": "来、进入、临到、发生"
        },
        "3": {
            "sn": "03130",
            "brief": "约瑟"
        },
        "4": {
            "sn": "00413",
            "brief": "向、往"
        },
        "5": {
            "sn": "00251",
            "brief": "兄弟"
        },
        "6": {
            "sn": "06584",
            "brief": "劫掠、脱"
        },
        "7": {
            "sn": "00853",
            "brief": "不必翻译"
        },
        "8": {
            "sn": "03130",
            "brief": "约瑟"
        },
        "9": {
            "sn": "00853",
            "brief": "不必翻译"
        },
        "10": {
            "sn": "03801",
            "brief": "外袍、衬衫似的长外衣"
        },
        "11": {
            "sn": "00853",
            "brief": "不必翻译"
        },
        "12": {
            "sn": "03801",
            "brief": "外袍、衬衫似的长外衣"
        },
        "13": {
            "sn": "06446",
            "brief": "用于指长及手掌和脚掌的束腰外衣"
        },
        "14": {
            "sn": "00834",
            "brief": "不必翻译"
        },
        "15": {
            "sn": "05921",
            "brief": "在…上面"
        },
        "literal": "约瑟到了他兄弟们那里，他们就劫掠约瑟，剥了他的外衣，就是他身上的那件彩衣，"
    },
    "23": {
        "0": {
            "sn": "03947",
            "brief": "取、娶、拿"
        },
        "1": {
            "sn": "07993",
            "brief": "Hif‘il 抛弃、抛出、赶出、掷"
        },
        "2": {
            "sn": "00853",
            "brief": "不必翻译"
        },
        "3": {
            "sn": "00953",
            "brief": "井、坑"
        },
        "4": {
            "sn": "00953",
            "brief": "井、坑"
        },
        "5": {
            "sn": "07386",
            "brief": "空虚的、无用的"
        },
        "6": {
            "sn": "00369",
            "brief": "不存在、没有"
        },
        "7": {
            "sn": "09002",
            "brief": "在、用、藉着、与、敌对"
        },
        "8": {
            "sn": "04325",
            "brief": "水"
        },
        "literal": "他们就抓住他，把他丢在坑里；那坑是空的，里头没有水。"
    },
    "24": {
        "0": {
            "sn": "03427",
            "brief": "居住、坐、停留"
        },
        "1": {
            "sn": "00398",
            "brief": "吃、吞吃"
        },
        "2": {
            "sn": "03899",
            "brief": "面包、食物"
        },
        "3": {
            "sn": "05375",
            "brief": "高举、举起、背负、承担"
        },
        "4": {
            "sn": "05869",
            "brief": "眼目、眼睛"
        },
        "5": {
            "sn": "07200",
            "brief": "Qal 看见、看顾、察觉，Nif‘al 显现，Hif‘il 显明"
        },
        "6": {
            "sn": "02009",
            "brief": "看哪"
        },
        "7": {
            "sn": "00736",
            "brief": "旅客、商队"
        },
        "8": {
            "sn": "03459",
            "brief": "以实玛利人"
        },
        "9": {
            "sn": "00935",
            "brief": "来、进入、临到、发生"
        },
        "10": {
            "sn": "01568",
            "brief": "基列"
        },
        "11": {
            "sn": "01581",
            "brief": "骆驼"
        },
        "12": {
            "sn": "05375",
            "brief": "高举、举起、背负、承担"
        },
        "13": {
            "sn": "05219",
            "brief": "香料"
        },
        "14": {
            "sn": "06875",
            "brief": "乳香"
        },
        "15": {
            "sn": "03910",
            "brief": "没药"
        },
        "16": {
            "sn": "01980",
            "brief": "去、来"
        },
        "17": {
            "sn": "03381",
            "brief": "降临、下去"
        },
        "18": {
            "sn": "04714",
            "brief": "埃及"
        },
        "literal": "他们坐下吃饭，抬起他们的眼目观看，看哪，有一伙以实玛利人的商队从基列来，他们的骆驼驮着香料、和乳香、和没药，要带下埃及去。"
    },
    "25": {
        "0": {
            "sn": "00559",
            "brief": "说"
        },
        "1": {
            "sn": "03063",
            "brief": "犹大"
        },
        "2": {
            "sn": "00413",
            "brief": "向、往"
        },
        "3": {
            "sn": "00251",
            "brief": "兄弟"
        },
        "4": {
            "sn": "04100",
            "brief": "什么"
        },
        "5": {
            "sn": "01215",
            "brief": "利益、不义之财"
        },
        "6": {
            "sn": "03588",
            "brief": "因为、不必翻译"
        },
        "7": {
            "sn": "02026",
            "brief": "杀"
        },
        "8": {
            "sn": "00853",
            "brief": "不必翻译"
        },
        "9": {
            "sn": "00251",
            "brief": "兄弟"
        },
        "10": {
            "sn": "03680",
            "brief": "遮盖、隐藏"
        },
        "11": {
            "sn": "00853",
            "brief": "不必翻译"
        },
        "12": {
            "sn": "01818",
            "brief": "血"
        },
        "literal": "犹大对他的兄弟们说：「…有甚么益处呢？(…处填入下行)若我们杀我们的兄弟，藏了他的血"
    },
    "26": {
        "0": {
            "sn": "01980",
            "brief": "去、来"
        },
        "1": {
            "sn": "04376",
            "brief": "卖"
        },
        "2": {
            "sn": "03459",
            "brief": "以实玛利人"
        },
        "3": {
            "sn": "03027",
            "brief": "手、边、力量、权势"
        },
        "4": {
            "sn": "00408",
            "brief": "不"
        },
        "5": {
            "sn": "01961",
            "brief": "是、成为、临到"
        },
        "6": {
            "sn": "09002",
            "brief": "在、用、藉着、与、敌对"
        },
        "7": {
            "sn": "03588",
            "brief": "因为、不必翻译"
        },
        "8": {
            "sn": "00251",
            "brief": "兄弟"
        },
        "9": {
            "sn": "01320",
            "brief": "肉、身体"
        },
        "10": {
            "sn": "01931",
            "brief": "他"
        },
        "11": {
            "sn": "08085",
            "brief": "听到、听从"
        },
        "12": {
            "sn": "00251",
            "brief": "兄弟"
        },
        "literal": "我们不如将他卖给以实玛利人，我们的手不可害他，因为他是我们的兄弟，我们的骨肉。」他的兄弟们就听从了他。"
    },
    "28": {
        "0": {
            "sn": "07725",
            "brief": "Qal 回复、回转、重复，Po‘lel 带回、复兴、更新，Hif‘il 回报、报告、带回"
        },
        "1": {
            "sn": "07205",
            "brief": "吕便"
        },
        "2": {
            "sn": "00413",
            "brief": "向、往"
        },
        "3": {
            "sn": "00953",
            "brief": "井、坑"
        },
        "4": {
            "sn": "02009",
            "brief": "看哪"
        },
        "5": {
            "sn": "00369",
            "brief": "不存在、没有"
        },
        "6": {
            "sn": "03130",
            "brief": "约瑟"
        },
        "7": {
            "sn": "00953",
            "brief": "井、坑"
        },
        "8": {
            "sn": "07167",
            "brief": "撕裂、撕破、使宽阔"
        },
        "9": {
            "sn": "00853",
            "brief": "不必翻译"
        },
        "10": {
            "sn": "00899",
            "brief": "衣服"
        },
        "literal": "吕便回到坑边，看哪，约瑟不在坑里，他就撕裂自己的衣服，"
    }
}