{
    "6": {
        "literal": "他们说：『那人详细问到我们和我们的家属，说：「你们的父亲还在吗？你们还有兄弟吗？」我们就按着这些话告诉他，焉能知道他会说「把你们的兄弟带下来」呢？』",
        "0": {
            "sn": "00559",
            "brief": "说"
        },
        "1": {
            "sn": "07592",
            "brief": "问、询问"
        },
        "2": {
            "sn": "07592",
            "brief": "问、要求离去"
        },
        "3": {
            "sn": "00376",
            "brief": "各人、人、男人、丈夫"
        },
        "4": {
            "sn": "09001",
            "brief": "给、往、向、到、归属于"
        },
        "5": {
            "sn": "04138",
            "brief": "后裔、亲戚"
        },
        "6": {
            "sn": "00559",
            "brief": "说"
        },
        "8": {
            "sn": "00001",
            "brief": "父亲、祖先"
        },
        "9": {
            "sn": "02416",
            "brief": "有生气、有活力的"
        },
        "10": {
            "sn": "03426",
            "brief": "有、存在、是"
        },
        "11": {
            "sn": "09001",
            "brief": "给、往、向、到、归属于"
        },
        "12": {
            "sn": "00251",
            "brief": "兄弟"
        },
        "13": {
            "sn": "05046",
            "brief": "Hif‘il 告诉、宣布、声明、通知"
        },
        "14": {
            "sn": "09001",
            "brief": "给、往、向、到、归属于"
        },
        "15": {
            "sn": "05921",
            "brief": "在…上面"
        },
        "16": {
            "sn": "06310",
            "brief": "口、命令、末端、沿岸、比例"
        },
        "17": {
            "sn": "01697",
            "brief": "话语、事情"
        },
        "18": {
            "sn": "00428",
            "brief": "这些"
        },
        "19": {
            "sn": "03045",
            "brief": "Qal 知道、认识、辨别、经历，Hif‘il 使知道、宣告"
        },
        "20": {
            "sn": "03045",
            "brief": "Qal 知道、认识、辨别、经历，Hif‘il 使知道、宣告"
        },
        "21": {
            "sn": "03588",
            "brief": "因为、不必翻译"
        },
        "22": {
            "sn": "00559",
            "brief": "说"
        },
        "23": {
            "sn": "03381",
            "brief": "领下去、降临"
        },
        "24": {
            "sn": "00853",
            "brief": "不必翻译"
        },
        "25": {
            "sn": "00251",
            "brief": "兄弟"
        },
        "7": {
            "sn": "05750",
            "brief": "再、仍然、持续"
        }
    },
    "11": {
        "literal": "又要手里加倍地带银子，并将归还在你们口袋内的银子仍带在手里；那或者是错了。",
        "0": {
            "sn": "03701",
            "brief": "银子、钱"
        },
        "1": {
            "sn": "04932",
            "brief": "加倍、重复"
        },
        "2": {
            "sn": "03947",
            "brief": "取、娶、拿"
        },
        "3": {
            "sn": "03027",
            "brief": "手、边、力量、权势"
        },
        "4": {
            "sn": "00853",
            "brief": "不必翻译"
        },
        "5": {
            "sn": "03701",
            "brief": "银子、钱"
        },
        "6": {
            "sn": "07725",
            "brief": "Qal 回复、回转、重复，Po‘lel 带回、复兴、更新，Hif‘il 回报、报告、带回"
        },
        "7": {
            "sn": "06310",
            "brief": "口、命令、末端、沿岸、比例"
        },
        "8": {
            "sn": "00572",
            "brief": "袋子"
        },
        "9": {
            "sn": "07725",
            "brief": "Qal 回复、回转、重复，Po‘lel 带回、复兴、更新，Hif‘il 回报、报告、带回"
        },
        "10": {
            "sn": "03027",
            "brief": "手、边、力量、权势"
        },
        "11": {
            "sn": "00194",
            "brief": "或者、或许"
        },
        "12": {
            "sn": "04870",
            "brief": "错误"
        },
        "13": {
            "sn": "01931",
            "brief": "他"
        }
    },
    "12": {
        "literal": "也带着你们的兄弟，起身去见那人。",
        "0": {
            "sn": "00853",
            "brief": "不必翻译"
        },
        "1": {
            "sn": "00251",
            "brief": "兄弟"
        },
        "2": {
            "sn": "03947",
            "brief": "娶、取、拿"
        },
        "3": {
            "sn": "06965",
            "brief": "起来、设立、坚立"
        },
        "4": {
            "sn": "07725",
            "brief": "Qal 回复、回转、重复，Po‘lel 带回、复兴、更新，Hif‘il 回报、报告、带回"
        },
        "5": {
            "sn": "00413",
            "brief": "对、向、往"
        },
        "6": {
            "sn": "00376",
            "brief": "各人、人、男人、丈夫"
        }
    },
    "0": {
        "literal": "那地的饥荒甚严重。",
        "0": {
            "sn": "07458",
            "brief": "饥饿、饥荒"
        },
        "1": {
            "sn": "03515",
            "brief": "大的、重的、多的"
        },
        "2": {
            "sn": "00776",
            "brief": "地、邦国、疆界"
        }
    },
    "1": {
        "0": {
            "sn": "01961",
            "brief": "是、成为、临到"
        },
        "1": {
            "sn": "00834",
            "brief": "不必翻译"
        },
        "2": {
            "sn": "03615",
            "brief": "Qal 完成、结束、停止，Pi‘el 完成、毁坏、根除"
        },
        "3": {
            "sn": "00398",
            "brief": "吃、吞吃"
        },
        "4": {
            "sn": "00853",
            "brief": "不必翻译"
        },
        "5": {
            "sn": "07668",
            "brief": "谷物"
        },
        "6": {
            "sn": "00834",
            "brief": "不必翻译"
        },
        "7": {
            "sn": "00935",
            "brief": "来、进入、临到、发生"
        },
        "8": {
            "sn": "04714",
            "brief": "埃及"
        },
        "9": {
            "sn": "00559",
            "brief": "说"
        },
        "10": {
            "sn": "00413",
            "brief": "对、向、往"
        },
        "11": {
            "sn": "00001",
            "brief": "父亲、祖先"
        },
        "12": {
            "sn": "07725",
            "brief": "Qal 回复、回转、重复，Po‘lel 带回、复兴、更新，Hif‘il 回报、报告、带回"
        },
        "13": {
            "sn": "07666",
            "brief": "Qal 买，Hif‘il 卖"
        },
        "14": {
            "sn": "09001",
            "brief": "给、往、向、到、归属于"
        },
        "15": {
            "sn": "04592",
            "brief": "一点点、稀少、很少"
        },
        "16": {
            "sn": "00400",
            "brief": "食物"
        },
        "literal": "他们…粮食吃光了，(…处填入下行)从埃及带来的他们的父亲就对他们说：「你们再去给我们籴些粮来。」"
    },
    "3": {
        "0": {
            "sn": "00518",
            "brief": "如果、不是"
        },
        "1": {
            "sn": "03426",
            "brief": "有、存在、是"
        },
        "2": {
            "sn": "07971",
            "brief": "差遣、释放、送走、伸出、伸展"
        },
        "3": {
            "sn": "00853",
            "brief": "不必翻译"
        },
        "4": {
            "sn": "00251",
            "brief": "兄弟"
        },
        "5": {
            "sn": "00854",
            "brief": "与、跟"
        },
        "6": {
            "sn": "03381",
            "brief": "下去、降临"
        },
        "7": {
            "sn": "07666",
            "brief": "Qal 买，Hif‘il 卖"
        },
        "8": {
            "sn": "09001",
            "brief": "给、往、向、到、归属于"
        },
        "9": {
            "sn": "00400",
            "brief": "食物"
        },
        "literal": "你若有派我们的兄弟与我们同去，我们就下去给你籴粮；"
    },
    "4": {
        "0": {
            "sn": "00518",
            "brief": "如果、不是"
        },
        "1": {
            "sn": "00369",
            "brief": "除非、没有"
        },
        "2": {
            "sn": "07971",
            "brief": "差遣、释放、送走、伸出、伸展"
        },
        "3": {
            "sn": "03808",
            "brief": "不"
        },
        "4": {
            "sn": "03381",
            "brief": "下去、下来"
        },
        "5": {
            "sn": "03588",
            "brief": "因为、不必翻译"
        },
        "6": {
            "sn": "00376",
            "brief": "各人、人、男人、丈夫"
        },
        "7": {
            "sn": "00559",
            "brief": "说"
        },
        "8": {
            "sn": "00413",
            "brief": "对、向、往"
        },
        "9": {
            "sn": "03808",
            "brief": "不"
        },
        "10": {
            "sn": "07200",
            "brief": "Qal 看见、看顾、察觉，Nif‘al 显现，Hif‘il 显明"
        },
        "11": {
            "sn": "06440",
            "brief": "脸面"
        },
        "12": {
            "sn": "01115",
            "brief": "除了、不"
        },
        "13": {
            "sn": "00251",
            "brief": "兄弟"
        },
        "14": {
            "sn": "00854",
            "brief": "与、跟"
        },
        "literal": "你若不派他去，我们就不下去，因为那人对我们说：「你们的兄弟若不与你们同来，你们就不得见我的面。」』"
    },
    "5": {
        "0": {
            "sn": "00559",
            "brief": "说"
        },
        "1": {
            "sn": "03478",
            "brief": "以色列"
        },
        "2": {
            "sn": "04100",
            "brief": "什么"
        },
        "3": {
            "sn": "07489",
            "brief": "I. 行恶 ；II. 破坏、打破"
        },
        "4": {
            "sn": "09001",
            "brief": "给、往、向、到、归属于"
        },
        "5": {
            "sn": "05046",
            "brief": "Hif‘il 告诉、宣布、声明、通知"
        },
        "6": {
            "sn": "00376",
            "brief": "各人、人、男人、丈夫"
        },
        "8": {
            "sn": "09001",
            "brief": "给、往、向、到、归属于"
        },
        "9": {
            "sn": "00251",
            "brief": "兄弟"
        },
        "literal": "以色列说：『你们为什么这样害我，告诉那人你们还有兄弟呢？』",
        "7": {
            "sn": "05750",
            "brief": "再、仍然、持续"
        }
    },
    "2": {
        "0": {
            "sn": "00559",
            "brief": "说"
        },
        "1": {
            "sn": "00413",
            "brief": "对、向、往"
        },
        "2": {
            "sn": "03063",
            "brief": "犹大"
        },
        "3": {
            "sn": "00559",
            "brief": "说"
        },
        "4": {
            "sn": "05749",
            "brief": "告诫、作见证"
        },
        "5": {
            "sn": "05749",
            "brief": "告诫、作见证"
        },
        "6": {
            "sn": "09002",
            "brief": "在、用、藉着、与、敌对"
        },
        "7": {
            "sn": "00376",
            "brief": "各人、人、男人、丈夫"
        },
        "8": {
            "sn": "00559",
            "brief": "说"
        },
        "9": {
            "sn": "03808",
            "brief": "不"
        },
        "10": {
            "sn": "07200",
            "brief": "Qal 看见、看顾、察觉，Nif‘al 显现，Hif‘il 显明"
        },
        "11": {
            "sn": "06440",
            "brief": "脸面"
        },
        "12": {
            "sn": "01115",
            "brief": "除了、不"
        },
        "13": {
            "sn": "00251",
            "brief": "兄弟"
        },
        "14": {
            "sn": "00854",
            "brief": "与、跟"
        },
        "literal": "犹大对他说：「那人谆谆地告诫我们说：『你们的兄弟若不与你们同来，你们就不得见我的面。』"
    },
    "7": {
        "literal": "犹大又对他父亲以色列说：『你派童子与我同去，我们就起身(下)去，…都得存活，不至于死。(…处填入下行)好叫我们和你我们、的孩子，",
        "0": {
            "sn": "00559",
            "brief": "说"
        },
        "1": {
            "sn": "03063",
            "brief": "犹大"
        },
        "2": {
            "sn": "00413",
            "brief": "对、向、往"
        },
        "3": {
            "sn": "03478",
            "brief": "以色列"
        },
        "4": {
            "sn": "00001",
            "brief": "父亲、祖先"
        },
        "5": {
            "sn": "07971",
            "brief": "差遣、释放、送走、伸出、伸展"
        },
        "6": {
            "sn": "05288",
            "brief": "男孩、少年、年轻人、仆人"
        },
        "7": {
            "sn": "00854",
            "brief": "与、跟"
        },
        "8": {
            "sn": "06965",
            "brief": "起来、设立、坚立"
        },
        "9": {
            "sn": "01980",
            "brief": "来、去"
        },
        "10": {
            "sn": "02421",
            "brief": "Qal 活、存活，Pi‘el 生长、复苏、保存生命，Hif‘il 使存活、复活"
        },
        "11": {
            "sn": "03808",
            "brief": "不"
        },
        "12": {
            "sn": "04191",
            "brief": "死、治死"
        },
        "13": {
            "sn": "01571",
            "brief": "也"
        },
        "14": {
            "sn": "00587",
            "brief": "我们"
        },
        "15": {
            "sn": "01571",
            "brief": "也"
        },
        "16": {
            "sn": "00859",
            "brief": "你"
        },
        "17": {
            "sn": "01571",
            "brief": "也"
        },
        "18": {
            "sn": "02945",
            "brief": "幼儿"
        }
    },
    "10": {
        "literal": "他们的父亲以色列说：『若是这样，那么，要这样做，可以将这地土产中最好的…放在器具里，带下去送给那人作礼物。(…处填入下行)乳香、蜂蜜、香料、没药、开心果、杏仁都取一点，",
        "0": {
            "sn": "00559",
            "brief": "说"
        },
        "1": {
            "sn": "00413",
            "brief": "对、向、往"
        },
        "2": {
            "sn": "03478",
            "brief": "以色列"
        },
        "3": {
            "sn": "00001",
            "brief": "父亲、祖先"
        },
        "4": {
            "sn": "00518",
            "brief": "如果、不是"
        },
        "5": {
            "sn": "03651",
            "brief": "副词：因此、如此、这样；形容词：对、真的、公平、诚实"
        },
        "6": {
            "sn": "00645",
            "brief": "那么"
        },
        "7": {
            "sn": "02063",
            "brief": "这个"
        },
        "8": {
            "sn": "06213",
            "brief": "做"
        },
        "9": {
            "sn": "03947",
            "brief": "取、娶、拿"
        },
        "10": {
            "sn": "02173",
            "brief": "特选的出产品"
        },
        "11": {
            "sn": "00776",
            "brief": "地、邦国、疆界"
        },
        "12": {
            "sn": "03627",
            "brief": "物品、器皿、器械、器具"
        },
        "13": {
            "sn": "03381",
            "brief": "降临、送下去"
        },
        "14": {
            "sn": "00376",
            "brief": "各人、人、男人、丈夫"
        },
        "15": {
            "sn": "04503",
            "brief": "供物、礼物、祭物、素祭"
        },
        "16": {
            "sn": "04592",
            "brief": "稀少、一点点、很少"
        },
        "17": {
            "sn": "06875",
            "brief": "乳香"
        },
        "18": {
            "sn": "04592",
            "brief": "稀少、一点点、很少"
        },
        "19": {
            "sn": "01706",
            "brief": "蜜"
        },
        "20": {
            "sn": "05219",
            "brief": "香料"
        },
        "21": {
            "sn": "03910",
            "brief": "没药"
        },
        "22": {
            "sn": "00992",
            "brief": "开心果、榧子"
        },
        "23": {
            "sn": "08247",
            "brief": "杏仁"
        }
    },
    "8": {
        "0": {
            "sn": "00595",
            "brief": "我"
        },
        "1": {
            "sn": "06148",
            "brief": "为...担保"
        },
        "2": {
            "sn": "03027",
            "brief": "手、边、力量、权势"
        },
        "3": {
            "sn": "01245",
            "brief": "Pi‘el 寻找、渴求、想望、索求"
        },
        "4": {
            "sn": "00518",
            "brief": "如果、不是"
        },
        "5": {
            "sn": "03808",
            "brief": "不"
        },
        "6": {
            "sn": "00935",
            "brief": "来、进入、临到、发生"
        },
        "7": {
            "sn": "00413",
            "brief": "对、向、往"
        },
        "8": {
            "sn": "03322",
            "brief": "安置"
        },
        "9": {
            "sn": "03942",
            "brief": "在…前面"
        },
        "10": {
            "sn": "02398",
            "brief": "Qal 犯罪；Pi‘el 献赎罪祭、得洁净；Hif‘il 导致犯罪；Hitpa‘el 迷失、洁净自己"
        },
        "11": {
            "sn": "09001",
            "brief": "给、往、向、到、归属于"
        },
        "12": {
            "sn": "03605",
            "brief": "全部、整个、各"
        },
        "13": {
            "sn": "03117",
            "brief": "日子、时候"
        },
        "literal": "我为他作保；你可以从我手中追讨，我若不带他回到你这里，安置在你面前，我情愿对你永远担罪。"
    },
    "9": {
        "0": {
            "sn": "03588",
            "brief": "因为、不必翻译"
        },
        "1": {
            "sn": "03884",
            "brief": "除非、若非"
        },
        "2": {
            "sn": "04102",
            "brief": "耽搁、等待、延缓"
        },
        "3": {
            "sn": "03588",
            "brief": "因为、不必翻译"
        },
        "4": {
            "sn": "06258",
            "brief": "现在"
        },
        "5": {
            "sn": "07725",
            "brief": "Qal 回复、回转、重复，Po‘lel 带回、复兴、更新，Hif‘il 回报、报告、带回"
        },
        "6": {
            "sn": "02088",
            "brief": "这个"
        },
        "7": {
            "sn": "06471",
            "brief": "第二次、这一次、次数"
        },
        "literal": "我们若没有耽搁，如今第二次都回来了。』"
    },
    "17": {
        "2": {
            "sn": "03588",
            "brief": "因为、不必翻译"
        },
        "0": {
            "sn": "03372",
            "brief": "Qal 害怕，Nif‘al 令人畏惧"
        },
        "1": {
            "sn": "00376",
            "brief": "各人、人、男人、丈夫"
        },
        "3": {
            "sn": "00935",
            "brief": "来、进入、临到、发生"
        },
        "4": {
            "sn": "01004",
            "brief": "家、房子、殿"
        },
        "5": {
            "sn": "03130",
            "brief": "约瑟"
        },
        "6": {
            "sn": "00559",
            "brief": "说"
        },
        "7": {
            "sn": "05921",
            "brief": "在…上面"
        },
        "8": {
            "sn": "01697",
            "brief": "话语、事情"
        },
        "9": {
            "sn": "03701",
            "brief": "银子、钱"
        },
        "10": {
            "sn": "07725",
            "brief": "Qal 回复、回转、重复，Po‘lel 带回、复兴、更新，Hif‘il 回报、报告、带回"
        },
        "11": {
            "sn": "00572",
            "brief": "袋子"
        },
        "12": {
            "sn": "08462",
            "brief": "起先、开始"
        },
        "13": {
            "sn": "00587",
            "brief": "我们"
        },
        "14": {
            "sn": "00935",
            "brief": "来、进入、临到、发生"
        },
        "15": {
            "sn": "01556",
            "brief": "滚"
        },
        "16": {
            "sn": "05921",
            "brief": "在…上面"
        },
        "17": {
            "sn": "05307",
            "brief": "跌落、跌倒、使签落在..."
        },
        "18": {
            "sn": "05921",
            "brief": "在…上面"
        },
        "19": {
            "sn": "03947",
            "brief": "取、娶、拿"
        },
        "20": {
            "sn": "00853",
            "brief": "不必翻译"
        },
        "21": {
            "sn": "05650",
            "brief": "仆人、奴隶"
        },
        "22": {
            "sn": "00853",
            "brief": "不必翻译"
        },
        "23": {
            "sn": "02543",
            "brief": "驴"
        },
        "literal": "他们因为被领到约瑟的屋里，就害怕，说：『…银子，(…处填入下二行)…必是因为头次归还在我们袋里的(…处填入下行)领我们到这里来，找机会滚我们，落在我们身上，抓我们作奴仆，抢夺我们的驴。』"
    },
    "13": {
        "0": {
            "sn": "00410",
            "brief": "上帝、神明、能力、力量"
        },
        "1": {
            "sn": "07706",
            "brief": "全能者"
        },
        "2": {
            "sn": "05414",
            "brief": "允许、赠与、让与"
        },
        "3": {
            "sn": "09001",
            "brief": "给、往、向、到、归属于"
        },
        "4": {
            "sn": "07356",
            "brief": "单数：子宫，复数：怜悯"
        },
        "5": {
            "sn": "03942",
            "brief": "在…前面"
        },
        "6": {
            "sn": "00376",
            "brief": "各人、人、男人、丈夫"
        },
        "7": {
            "sn": "07971",
            "brief": "差遣、释放、送走、伸出、伸展"
        },
        "8": {
            "sn": "09001",
            "brief": "给、往、向、到、归属于"
        },
        "9": {
            "sn": "00853",
            "brief": "不必翻译"
        },
        "10": {
            "sn": "00251",
            "brief": "兄弟"
        },
        "11": {
            "sn": "00312",
            "brief": "别的"
        },
        "12": {
            "sn": "00853",
            "brief": "不必翻译"
        },
        "13": {
            "sn": "01144",
            "brief": "便雅悯"
        },
        "14": {
            "sn": "00589",
            "brief": "我"
        },
        "15": {
            "sn": "00834",
            "brief": "不必翻译"
        },
        "16": {
            "sn": "07921",
            "brief": "成为丧失...的、丧子、流产"
        },
        "17": {
            "sn": "07921",
            "brief": "丧子、流产、成为丧失...的"
        },
        "literal": "但愿全能者使你们在那人面前蒙怜悯，释放你们的那兄弟和便雅悯给你们。我若丧了儿子，就丧了吧!』"
    },
    "14": {
        "0": {
            "sn": "03947",
            "brief": "带出"
        },
        "1": {
            "sn": "00376",
            "brief": "各人、人、男人、丈夫"
        },
        "2": {
            "sn": "00853",
            "brief": "不必翻译"
        },
        "3": {
            "sn": "04503",
            "brief": "供物、礼物、祭物、素祭"
        },
        "4": {
            "sn": "02063",
            "brief": "这个"
        },
        "5": {
            "sn": "04932",
            "brief": "加倍、重复"
        },
        "6": {
            "sn": "03701",
            "brief": "银子、钱"
        },
        "7": {
            "sn": "03947",
            "brief": "带出"
        },
        "8": {
            "sn": "03027",
            "brief": "手、边、力量、权势"
        },
        "9": {
            "sn": "00853",
            "brief": "不必翻译"
        },
        "10": {
            "sn": "01144",
            "brief": "便雅悯"
        },
        "11": {
            "sn": "06965",
            "brief": "起来、设立、坚立"
        },
        "12": {
            "sn": "03381",
            "brief": "下去、降临"
        },
        "13": {
            "sn": "04714",
            "brief": "埃及"
        },
        "14": {
            "sn": "05975",
            "brief": "Qal 站立、侍立、停留，Hif‘il 设立、使坚定"
        },
        "15": {
            "sn": "03942",
            "brief": "在…前面"
        },
        "16": {
            "sn": "03130",
            "brief": "约瑟"
        },
        "literal": "于是，他们拿着那礼物，又手里加倍地带银子，并且带着便雅悯，起身下到埃及，站在约瑟面前。"
    },
    "15": {
        "0": {
            "sn": "07200",
            "brief": "Qal 看见、看顾、察觉，Nif‘al 显现，Hif‘il 显明"
        },
        "1": {
            "sn": "03130",
            "brief": "约瑟"
        },
        "2": {
            "sn": "00854",
            "brief": "与、跟"
        },
        "3": {
            "sn": "00853",
            "brief": "不必翻译"
        },
        "4": {
            "sn": "01144",
            "brief": "便雅悯"
        },
        "5": {
            "sn": "00559",
            "brief": "说"
        },
        "6": {
            "sn": "00834",
            "brief": "不必翻译"
        },
        "literal": "约瑟见便雅悯和他们同来，就对家宰说：『将这些人领到屋里。要宰杀牲畜，预备筵席，因为晌午这些人同我吃饭。』",
        "7": {
            "sn": "05921",
            "brief": "在…上面"
        },
        "8": {
            "sn": "01004",
            "brief": "家、房子、殿"
        },
        "9": {
            "sn": "00935",
            "brief": "来、进入、临到、发生"
        },
        "10": {
            "sn": "00853",
            "brief": "不必翻译"
        },
        "11": {
            "sn": "00376",
            "brief": "各人、人、男人、丈夫"
        },
        "12": {
            "sn": "01004",
            "brief": "家、房子、殿"
        },
        "13": {
            "sn": "02873",
            "brief": "屠杀、屠宰"
        },
        "14": {
            "sn": "02874",
            "brief": "动物"
        },
        "15": {
            "sn": "03559",
            "brief": "Hif‘il 预备、建立、坚立"
        },
        "16": {
            "sn": "03588",
            "brief": "因为、不必翻译"
        },
        "17": {
            "sn": "00854",
            "brief": "与、跟"
        },
        "18": {
            "sn": "00398",
            "brief": "吃、吞吃"
        },
        "19": {
            "sn": "00376",
            "brief": "各人、人、男人、丈夫"
        },
        "20": {
            "sn": "06672",
            "brief": "正午"
        }
    },
    "16": {
        "0": {
            "sn": "06213",
            "brief": "做"
        },
        "1": {
            "sn": "00376",
            "brief": "各人、人、男人、丈夫"
        },
        "2": {
            "sn": "00834",
            "brief": "不必翻译"
        },
        "3": {
            "sn": "00559",
            "brief": "说"
        },
        "4": {
            "sn": "03130",
            "brief": "约瑟"
        },
        "5": {
            "sn": "00935",
            "brief": "来、进入、临到、发生"
        },
        "6": {
            "sn": "00376",
            "brief": "各人、人、男人、丈夫"
        },
        "7": {
            "sn": "00853",
            "brief": "不必翻译"
        },
        "8": {
            "sn": "00376",
            "brief": "各人、人、男人、丈夫"
        },
        "9": {
            "sn": "01004",
            "brief": "家、房子、殿"
        },
        "10": {
            "sn": "03130",
            "brief": "约瑟"
        },
        "literal": "家宰就遵着约瑟的命去行，领他们进约瑟的屋里。"
    },
    "18": {
        "0": {
            "sn": "05066",
            "brief": "靠近"
        },
        "1": {
            "sn": "00413",
            "brief": "对、向、往"
        },
        "2": {
            "sn": "00376",
            "brief": "各人、人、男人、丈夫"
        },
        "3": {
            "sn": "00834",
            "brief": "不必翻译"
        },
        "4": {
            "sn": "05921",
            "brief": "在…上面"
        },
        "5": {
            "sn": "01004",
            "brief": "家、房子、殿"
        },
        "6": {
            "sn": "03130",
            "brief": "约瑟"
        },
        "7": {
            "sn": "01696",
            "brief": "Pi‘el 讲、说、指挥"
        },
        "8": {
            "sn": "00413",
            "brief": "对、向、往"
        },
        "9": {
            "sn": "06607",
            "brief": "通道、入口"
        },
        "10": {
            "sn": "01004",
            "brief": "家、房子、殿"
        },
        "literal": "他们就挨近约瑟的家宰，在屋门口和他说话，"
    },
    "19": {
        "0": {
            "sn": "00559",
            "brief": "说"
        },
        "1": {
            "sn": "00994",
            "brief": "如果可能的话, 请..."
        },
        "2": {
            "sn": "00113",
            "brief": "主人"
        },
        "3": {
            "sn": "03381",
            "brief": "降临、送下去"
        },
        "4": {
            "sn": "03381",
            "brief": "降临、送下去"
        },
        "5": {
            "sn": "08462",
            "brief": "起先、开始"
        },
        "6": {
            "sn": "07666",
            "brief": "Qal 买，Hif‘il 卖"
        },
        "7": {
            "sn": "00400",
            "brief": "食物"
        },
        "literal": "说：『我主啊，我们头次下来，实在是要买粮食。"
    },
    "20": {
        "0": {
            "sn": "01961",
            "brief": "是、成为、临到"
        },
        "1": {
            "sn": "03588",
            "brief": "因为、不必翻译"
        },
        "2": {
            "sn": "00935",
            "brief": "来、进入、临到、发生"
        },
        "3": {
            "sn": "00413",
            "brief": "对、向、往"
        },
        "4": {
            "sn": "04411",
            "brief": "住宿的地方"
        },
        "5": {
            "sn": "06605",
            "brief": "打开、松开、雕刻"
        },
        "6": {
            "sn": "00853",
            "brief": "不必翻译"
        },
        "7": {
            "sn": "00572",
            "brief": "袋子"
        },
        "8": {
            "sn": "02009",
            "brief": "看哪"
        },
        "9": {
            "sn": "03701",
            "brief": "银子、钱"
        },
        "10": {
            "sn": "00376",
            "brief": "各人、人、男人、丈夫"
        },
        "11": {
            "sn": "06310",
            "brief": "口、命令、末端、沿岸、比例"
        },
        "12": {
            "sn": "00572",
            "brief": "袋子"
        },
        "13": {
            "sn": "03701",
            "brief": "银子、钱"
        },
        "14": {
            "sn": "04948",
            "brief": "重量"
        },
        "15": {
            "sn": "07725",
            "brief": "Qal 回复、回转、重复，Po‘lel 带回、复兴、更新，Hif‘il 回报、报告、带回"
        },
        "16": {
            "sn": "00853",
            "brief": "不必翻译"
        },
        "17": {
            "sn": "03027",
            "brief": "手、边、力量、权势"
        },
        "literal": "后来到了住宿的地方，我们打开口袋，不料，各人的银子，仍在各人的口袋内，分量足数，现在我们又带回来了；"
    },
    "21": {
        "0": {
            "sn": "03701",
            "brief": "银子、钱"
        },
        "1": {
            "sn": "00312",
            "brief": "别的"
        },
        "2": {
            "sn": "03381",
            "brief": "降临、送下去"
        },
        "3": {
            "sn": "03027",
            "brief": "手、边、力量、权势"
        },
        "4": {
            "sn": "07666",
            "brief": "Qal 买，Hif‘il 卖"
        },
        "5": {
            "sn": "00400",
            "brief": "食物"
        },
        "6": {
            "sn": "03808",
            "brief": "不"
        },
        "7": {
            "sn": "03045",
            "brief": "Qal 知道、认识、辨别、经历，Hif‘il 使知道、宣告"
        },
        "8": {
            "sn": "04310",
            "brief": "谁"
        },
        "9": {
            "sn": "07760",
            "brief": "置、放"
        },
        "10": {
            "sn": "03701",
            "brief": "银子、钱"
        },
        "11": {
            "sn": "00572",
            "brief": "袋子"
        },
        "literal": "另外又带下银子来买粮食。不知道先前谁把银子放在我们的口袋里。』"
    },
    "22": {
        "0": {
            "sn": "00559",
            "brief": "说"
        },
        "1": {
            "sn": "07965",
            "brief": "平安、完全、全部"
        },
        "2": {
            "sn": "09001",
            "brief": "给、往、向、到、归属于"
        },
        "3": {
            "sn": "00408",
            "brief": "不"
        },
        "4": {
            "sn": "03372",
            "brief": "Qal 害怕，Nif‘al 令人畏惧"
        },
        "5": {
            "sn": "00430",
            "brief": "上帝、神、神明"
        },
        "6": {
            "sn": "00430",
            "brief": "上帝、神、神明"
        },
        "7": {
            "sn": "00001",
            "brief": "父亲、祖先"
        },
        "8": {
            "sn": "05414",
            "brief": "赐、给"
        },
        "9": {
            "sn": "09001",
            "brief": "给、往、向、到、归属于"
        },
        "10": {
            "sn": "04301",
            "brief": "隐藏的财宝、财宝"
        },
        "11": {
            "sn": "00572",
            "brief": "袋子"
        },
        "12": {
            "sn": "03701",
            "brief": "银子、钱"
        },
        "13": {
            "sn": "00935",
            "brief": "来、进入、临到、发生"
        },
        "14": {
            "sn": "00413",
            "brief": "对、向、往"
        },
        "15": {
            "sn": "03318",
            "brief": "带出、领出"
        },
        "16": {
            "sn": "00413",
            "brief": "对、向、往"
        },
        "17": {
            "sn": "00853",
            "brief": "不必翻译"
        },
        "18": {
            "sn": "08095",
            "brief": "西缅"
        },
        "literal": "家宰说：『你们可以放心，不要害怕，是你们的上帝和你们父亲的上帝赐给你们财宝在你们的口袋里；你们的银子，我早已收了。』他就把西缅带出来，交给他们。"
    },
    "23": {
        "0": {
            "sn": "00935",
            "brief": "来、进入、临到、发生"
        },
        "1": {
            "sn": "00376",
            "brief": "各人、人、男人、丈夫"
        },
        "2": {
            "sn": "00853",
            "brief": "不必翻译"
        },
        "3": {
            "sn": "00376",
            "brief": "各人、人、男人、丈夫"
        },
        "4": {
            "sn": "01004",
            "brief": "家、房子、殿"
        },
        "5": {
            "sn": "03130",
            "brief": "约瑟"
        },
        "6": {
            "sn": "05414",
            "brief": "赐、给"
        },
        "7": {
            "sn": "04325",
            "brief": "水"
        },
        "8": {
            "sn": "07364",
            "brief": "洗、沐浴"
        },
        "9": {
            "sn": "07272",
            "brief": "脚"
        },
        "10": {
            "sn": "05414",
            "brief": "赐、给"
        },
        "11": {
            "sn": "04554",
            "brief": "饲料"
        },
        "12": {
            "sn": "02543",
            "brief": "(雄性) 驴子"
        },
        "literal": "家宰就领他们进约瑟的屋里，给他们水让他们洗脚，又给他们草料喂驴。"
    },
    "24": {
        "0": {
            "sn": "03559",
            "brief": "Hif‘il 预备、建立、坚立"
        },
        "1": {
            "sn": "00853",
            "brief": "不必翻译"
        },
        "2": {
            "sn": "04503",
            "brief": "供物、礼物、祭物、素祭"
        },
        "3": {
            "sn": "05704",
            "brief": "直到"
        },
        "4": {
            "sn": "00935",
            "brief": "来、进入、临到、发生"
        },
        "5": {
            "sn": "03130",
            "brief": "约瑟"
        },
        "6": {
            "sn": "06672",
            "brief": "正午"
        },
        "7": {
            "sn": "03588",
            "brief": "因为、不必翻译"
        },
        "8": {
            "sn": "08085",
            "brief": "Qal 听、听从，Hif‘il 说明、使…听"
        },
        "9": {
            "sn": "03588",
            "brief": "因为、不必翻译"
        },
        "10": {
            "sn": "08033",
            "brief": "那里"
        },
        "11": {
            "sn": "00398",
            "brief": "吃、吞吃"
        },
        "12": {
            "sn": "03899",
            "brief": "饼、面包、食物"
        },
        "literal": "他们就预备那礼物，等候约瑟晌午来，因为他们听见要在那里吃饭。"
    },
    "25": {
        "0": {
            "sn": "00935",
            "brief": "来、进入、临到、发生"
        },
        "1": {
            "sn": "03130",
            "brief": "约瑟"
        },
        "2": {
            "sn": "01004",
            "brief": "家、房子、殿"
        },
        "3": {
            "sn": "00935",
            "brief": "来、进入、临到、发生"
        },
        "4": {
            "sn": "09001",
            "brief": "给、往、向、到、归属于"
        },
        "5": {
            "sn": "00853",
            "brief": "不必翻译"
        },
        "6": {
            "sn": "04503",
            "brief": "供物、礼物、祭物、素祭"
        },
        "7": {
            "sn": "00834",
            "brief": "不必翻译"
        },
        "8": {
            "sn": "03027",
            "brief": "手、边、力量、权势"
        },
        "9": {
            "sn": "01004",
            "brief": "家、房子、殿"
        },
        "10": {
            "sn": "09013",
            "brief": "跪拜、下拜"
        },
        "11": {
            "sn": "09001",
            "brief": "给、往、向、到、归属于"
        },
        "12": {
            "sn": "00776",
            "brief": "地、邦国、疆界"
        },
        "literal": "约瑟来到家里，他们就把…给他，(…处填入下行)手中的礼物拿进屋去又俯伏在地，向他下拜。"
    },
    "26": {
        "0": {
            "sn": "07592",
            "brief": "问、询问"
        },
        "1": {
            "sn": "09001",
            "brief": "给、往、向、到、归属于"
        },
        "2": {
            "sn": "07965",
            "brief": "平安、完全、全部"
        },
        "3": {
            "sn": "00559",
            "brief": "说"
        },
        "4": {
            "sn": "07965",
            "brief": "平安、完全、全部"
        },
        "5": {
            "sn": "00001",
            "brief": "父亲、祖先"
        },
        "6": {
            "sn": "02205",
            "brief": "年老的"
        },
        "7": {
            "sn": "00834",
            "brief": "不必翻译"
        },
        "8": {
            "sn": "00559",
            "brief": "说"
        },
        "10": {
            "sn": "02416",
            "brief": "活的"
        },
        "literal": "约瑟问他们安，又说：『你们的父亲，就是你们所说的那老人家平安吗？他还活着吗？』",
        "9": {
            "sn": "05750",
            "brief": "再、仍然、持续"
        }
    },
    "28": {
        "0": {
            "sn": "05375",
            "brief": "高举、举起、背负、承担"
        },
        "1": {
            "sn": "05869",
            "brief": "眼睛"
        },
        "2": {
            "sn": "07200",
            "brief": "Qal 看见、看顾、察觉，Nif‘al 显现，Hif‘il 显明"
        },
        "3": {
            "sn": "00853",
            "brief": "不必翻译"
        },
        "4": {
            "sn": "01144",
            "brief": "便雅悯"
        },
        "5": {
            "sn": "00251",
            "brief": "兄弟"
        },
        "6": {
            "sn": "01121",
            "brief": "儿子、孙子、后裔、成员"
        },
        "7": {
            "sn": "00517",
            "brief": "母亲"
        },
        "8": {
            "sn": "00559",
            "brief": "说"
        },
        "9": {
            "sn": "02088",
            "brief": "这个"
        },
        "10": {
            "sn": "00251",
            "brief": "兄弟"
        },
        "11": {
            "sn": "06996",
            "brief": "小的"
        },
        "12": {
            "sn": "00834",
            "brief": "不必翻译"
        },
        "13": {
            "sn": "00559",
            "brief": "说"
        },
        "14": {
            "sn": "00413",
            "brief": "对、向、往"
        },
        "15": {
            "sn": "00559",
            "brief": "说"
        },
        "16": {
            "sn": "00430",
            "brief": "上帝、神、神明"
        },
        "17": {
            "sn": "02603",
            "brief": "恩待、怜悯，Hitpa‘el 求恩"
        },
        "18": {
            "sn": "01121",
            "brief": "儿子、孙子、后裔、成员"
        },
        "literal": "约瑟举起他的双目看见他的弟弟，他母亲的儿子便雅悯，就说：『这就是你们向我所说那顶小的弟弟吗？』又说：『我儿啊，愿上帝赐恩给你!』"
    },
    "27": {
        "0": {
            "sn": "00559",
            "brief": "说"
        },
        "1": {
            "sn": "07965",
            "brief": "平安、完全、全部"
        },
        "2": {
            "sn": "05650",
            "brief": "仆人、奴隶"
        },
        "3": {
            "sn": "00001",
            "brief": "父亲、祖先"
        },
        "5": {
            "sn": "02416",
            "brief": "生命"
        },
        "6": {
            "sn": "06915",
            "brief": "低头"
        },
        "7": {
            "sn": "09013",
            "brief": "跪拜、下拜"
        },
        "literal": "他们说：『你仆人―我们的父亲平安；他还活着。』于是他们低头下拜。",
        "4": {
            "sn": "05750",
            "brief": "再、仍然、持续"
        }
    },
    "29": {
        "0": {
            "sn": "04116",
            "brief": "Pi‘el 快速的"
        },
        "1": {
            "sn": "03130",
            "brief": "约瑟"
        },
        "2": {
            "sn": "03588",
            "brief": "因为、不必翻译"
        },
        "3": {
            "sn": "03648",
            "brief": "变得温暖及柔和、变热"
        },
        "4": {
            "sn": "07356",
            "brief": "单数：子宫，复数：怜悯"
        },
        "5": {
            "sn": "00413",
            "brief": "对、向、往"
        },
        "6": {
            "sn": "00251",
            "brief": "兄弟"
        },
        "7": {
            "sn": "01245",
            "brief": "Pi‘el 寻找、渴求、想望、索求"
        },
        "8": {
            "sn": "01058",
            "brief": "哭"
        },
        "9": {
            "sn": "00935",
            "brief": "来、进入、临到、发生"
        },
        "10": {
            "sn": "02315",
            "brief": "房间、寝室"
        },
        "11": {
            "sn": "01058",
            "brief": "哭"
        },
        "12": {
            "sn": "08033",
            "brief": "那里"
        },
        "literal": "约瑟爱弟之情发动，就急忙寻找地方哭。他进入自己的房间，哭了一场。"
    },
    "30": {
        "0": {
            "sn": "07364",
            "brief": "洗、沐浴"
        },
        "1": {
            "sn": "06440",
            "brief": "脸面"
        },
        "2": {
            "sn": "03318",
            "brief": "出去"
        },
        "3": {
            "sn": "00662",
            "brief": "克制、抓住、撤退"
        },
        "4": {
            "sn": "00559",
            "brief": "说"
        },
        "5": {
            "sn": "07760",
            "brief": "置、放"
        },
        "6": {
            "sn": "03899",
            "brief": "饼、面包、食物"
        },
        "literal": "他洗了脸出来，勉强隐忍，说：「上菜。」"
    },
    "31": {
        "0": {
            "sn": "07760",
            "brief": "置、放"
        },
        "1": {
            "sn": "09001",
            "brief": "给、往、向、到、归属于"
        },
        "2": {
            "sn": "00905",
            "brief": "分开、门闩、片段"
        },
        "3": {
            "sn": "09001",
            "brief": "给、往、向、到、归属于"
        },
        "4": {
            "sn": "00905",
            "brief": "分开、门闩、片段"
        },
        "5": {
            "sn": "04713",
            "brief": "埃及人"
        },
        "6": {
            "sn": "00398",
            "brief": "吃、吞吃"
        },
        "7": {
            "sn": "00854",
            "brief": "与、跟"
        },
        "8": {
            "sn": "00905",
            "brief": "分开、门闩、片段"
        },
        "9": {
            "sn": "03588",
            "brief": "因为、不必翻译"
        },
        "10": {
            "sn": "03808",
            "brief": "不"
        },
        "11": {
            "sn": "03201",
            "brief": "能够、有能力"
        },
        "12": {
            "sn": "04713",
            "brief": "埃及人"
        },
        "13": {
            "sn": "00398",
            "brief": "吃、吞吃"
        },
        "14": {
            "sn": "00853",
            "brief": "不必翻译"
        },
        "15": {
            "sn": "05680",
            "brief": "希伯来人"
        },
        "16": {
            "sn": "03899",
            "brief": "饼、面包、食物"
        },
        "17": {
            "sn": "03588",
            "brief": "因为、不必翻译"
        },
        "18": {
            "sn": "08441",
            "brief": "憎恶"
        },
        "19": {
            "sn": "01931",
            "brief": "他；她"
        },
        "20": {
            "sn": "04713",
            "brief": "埃及人"
        },
        "literal": "人就为约瑟单摆了一席，为他们又摆了一席，也为和约瑟同吃饭的埃及人另摆了一席；因为埃及人不可和希伯来人一同吃饭，那原是埃及人所厌恶的。"
    },
    "32": {
        "0": {
            "sn": "03427",
            "brief": "居住、坐、停留"
        },
        "1": {
            "sn": "03942",
            "brief": "在…前面"
        },
        "2": {
            "sn": "01060",
            "brief": "头生的、长子"
        },
        "3": {
            "sn": "01062",
            "brief": "长子继承权、长子的身分、长子的权利"
        },
        "4": {
            "sn": "06810",
            "brief": "微小的，年轻的"
        },
        "5": {
            "sn": "06812",
            "brief": "年轻"
        },
        "6": {
            "sn": "08539",
            "brief": "惊奇"
        },
        "7": {
            "sn": "00376",
            "brief": "各人、人、男人、丈夫"
        },
        "8": {
            "sn": "00376",
            "brief": "各人、人、男人、丈夫"
        },
        "9": {
            "sn": "00413",
            "brief": "对、向、往"
        },
        "10": {
            "sn": "07453",
            "brief": "彼此、互相、朋友"
        },
        "literal": "约瑟使众弟兄在他面前排列坐席，都按着长幼的次序，众弟兄就彼此诧异。"
    },
    "33": {
        "0": {
            "sn": "05375",
            "brief": "高举、举起、背负、承担"
        },
        "1": {
            "sn": "04864",
            "brief": "一份、礼物"
        },
        "2": {
            "sn": "00854",
            "brief": "跟、与"
        },
        "3": {
            "sn": "06440",
            "brief": "脸面"
        },
        "4": {
            "sn": "00413",
            "brief": "对、向、往"
        },
        "5": {
            "sn": "07235",
            "brief": "多、变多"
        },
        "6": {
            "sn": "04864",
            "brief": "一份、礼物"
        },
        "7": {
            "sn": "01144",
            "brief": "便雅悯"
        },
        "8": {
            "sn": "04864",
            "brief": "一份、礼物"
        },
        "9": {
            "sn": "03605",
            "brief": "各、全部、整个"
        },
        "10": {
            "sn": "02568",
            "brief": "数目的「五」"
        },
        "11": {
            "sn": "03027",
            "brief": "手、边、力量、权势"
        },
        "12": {
            "sn": "08354",
            "brief": "喝"
        },
        "13": {
            "sn": "07937",
            "brief": "喝醉"
        },
        "14": {
            "sn": "05973",
            "brief": "跟"
        },
        "literal": "约瑟从他面前分送礼物给他们；但便雅悯的礼物比他们所有人的礼物多出五倍。他们就饮酒，和他(指约瑟)一同喝醉。"
    }
}