{
    "2": {
        "literal": "约瑟对他弟兄们说：「我是约瑟，我的父亲还在吗？」他弟兄不能回答，因为在他面前都惊惶。",
        "0": {
            "sn": "00559",
            "brief": "说"
        },
        "1": {
            "sn": "03130",
            "brief": "约瑟"
        },
        "2": {
            "sn": "00413",
            "brief": "向、往"
        },
        "3": {
            "sn": "00251",
            "brief": "兄弟"
        },
        "4": {
            "sn": "00589",
            "brief": "我"
        },
        "5": {
            "sn": "03130",
            "brief": "约瑟"
        },
        "7": {
            "sn": "00001",
            "brief": "父亲、祖先"
        },
        "8": {
            "sn": "02416",
            "brief": "活的"
        },
        "9": {
            "sn": "03808",
            "brief": "不"
        },
        "10": {
            "sn": "03201",
            "brief": "能够、有能力"
        },
        "11": {
            "sn": "00251",
            "brief": "兄弟"
        },
        "12": {
            "sn": "06030",
            "brief": "I. 回答、作证；II. 忙；III. 使受苦、 使低微；IV. 唱歌 (I, IV 的 SN 为 6030. II, III 的 SN 为 6031)"
        },
        "13": {
            "sn": "00853",
            "brief": "不必翻译"
        },
        "14": {
            "sn": "03588",
            "brief": "因为、不必翻译"
        },
        "15": {
            "sn": "00926",
            "brief": "催促、惊慌"
        },
        "16": {
            "sn": "06440",
            "brief": "脸面"
        },
        "6": {
            "sn": "05750",
            "brief": "再、仍然、持续"
        }
    },
    "1": {
        "7": {
            "sn": "01004",
            "brief": "殿、房屋"
        },
        "0": {
            "sn": "05414",
            "brief": "给"
        },
        "1": {
            "sn": "00853",
            "brief": "不必翻译"
        },
        "2": {
            "sn": "06963",
            "brief": "声音"
        },
        "3": {
            "sn": "01065",
            "brief": "哭泣"
        },
        "4": {
            "sn": "08085",
            "brief": "Qal 听到、听从，Hif‘il 说明、使…听"
        },
        "5": {
            "sn": "04713",
            "brief": "埃及人"
        },
        "6": {
            "sn": "08085",
            "brief": "Qal 听到、听从，Hif‘il 说明、使…听"
        },
        "8": {
            "sn": "06547",
            "brief": "法老"
        },
        "literal": "他就放声大哭，埃及人和法老家中的人都听见了。"
    },
    "0": {
        "0": {
            "sn": "03808",
            "brief": "不"
        },
        "1": {
            "sn": "03201",
            "brief": "能够、有能力"
        },
        "2": {
            "sn": "03130",
            "brief": "约瑟"
        },
        "3": {
            "sn": "00662",
            "brief": "克制、抓住、撤退"
        },
        "4": {
            "sn": "03605",
            "brief": "全部、整个、各"
        },
        "5": {
            "sn": "05324",
            "brief": "Nif’al 起来、立起，Hif‘il 安置、安排"
        },
        "6": {
            "sn": "05921",
            "brief": "在…上面"
        },
        "7": {
            "sn": "07121",
            "brief": "喊叫、召集、称呼、求告、朗读"
        },
        "8": {
            "sn": "03318",
            "brief": "出去"
        },
        "9": {
            "sn": "03605",
            "brief": "全部、整个、各"
        },
        "10": {
            "sn": "00376",
            "brief": "各人、人、男人、丈夫"
        },
        "11": {
            "sn": "05921",
            "brief": "在…上面"
        },
        "12": {
            "sn": "03808",
            "brief": "不"
        },
        "13": {
            "sn": "05975",
            "brief": "Qal 站立、侍立、停留，Hif‘il 设立、使坚定"
        },
        "14": {
            "sn": "00376",
            "brief": "各人、人、男人、丈夫"
        },
        "15": {
            "sn": "00854",
            "brief": "跟"
        },
        "16": {
            "sn": "03045",
            "brief": "Qal 知道、认识、辨别、经历，Hif‘il 使知道、宣告"
        },
        "17": {
            "sn": "03130",
            "brief": "约瑟"
        },
        "18": {
            "sn": "00413",
            "brief": "向、往"
        },
        "19": {
            "sn": "00251",
            "brief": "兄弟"
        },
        "literal": "约瑟在站着的人面前情不自禁，喊说：「叫每个人离开我出去。」…并没有一人站在他那里。(…处填入下行)约瑟和弟兄们相认的时候，"
    },
    "5": {
        "1": {
            "sn": "02088",
            "brief": "这个"
        },
        "2": {
            "sn": "08141",
            "brief": "两年"
        },
        "0": {
            "sn": "03588",
            "brief": "因为、不必翻译"
        },
        "3": {
            "sn": "07458",
            "brief": "饥饿、饥荒"
        },
        "4": {
            "sn": "07130",
            "brief": "中间、内脏"
        },
        "5": {
            "sn": "00776",
            "brief": "地、邦国、疆界"
        },
        "7": {
            "sn": "02568",
            "brief": "数目的「五」"
        },
        "8": {
            "sn": "08141",
            "brief": "年"
        },
        "9": {
            "sn": "00834",
            "brief": "不必翻译"
        },
        "10": {
            "sn": "00369",
            "brief": "除非、没有"
        },
        "11": {
            "sn": "02758",
            "brief": "耕地、耕种季节"
        },
        "12": {
            "sn": "07105",
            "brief": "庄稼、树枝、收割"
        },
        "literal": "现在这地的饥荒已经两年了，还有五年不能耕种，不能收成。",
        "6": {
            "sn": "05750",
            "brief": "再、仍然、持续"
        }
    },
    "3": {
        "0": {
            "sn": "00559",
            "brief": "说"
        },
        "1": {
            "sn": "03130",
            "brief": "约瑟"
        },
        "2": {
            "sn": "00413",
            "brief": "向、往"
        },
        "3": {
            "sn": "00251",
            "brief": "兄弟"
        },
        "4": {
            "sn": "05066",
            "brief": "靠近"
        },
        "5": {
            "sn": "04994",
            "brief": "作为鼓励语的一部份"
        },
        "6": {
            "sn": "00413",
            "brief": "向、往"
        },
        "7": {
            "sn": "05066",
            "brief": "靠近"
        },
        "8": {
            "sn": "00559",
            "brief": "说"
        },
        "9": {
            "sn": "00589",
            "brief": "我"
        },
        "10": {
            "sn": "03130",
            "brief": "约瑟"
        },
        "11": {
            "sn": "00251",
            "brief": "兄弟"
        },
        "12": {
            "sn": "00834",
            "brief": "不必翻译"
        },
        "13": {
            "sn": "04376",
            "brief": "卖"
        },
        "14": {
            "sn": "00853",
            "brief": "不必翻译"
        },
        "15": {
            "sn": "04714",
            "brief": "埃及"
        },
        "literal": "约瑟又对他弟兄们说：「请你们近前来。」他们就近前来。他说：「我是你们的兄弟约瑟，就是你们所卖到埃及的。"
    },
    "4": {
        "0": {
            "sn": "06258",
            "brief": "现在"
        },
        "1": {
            "sn": "00408",
            "brief": "不"
        },
        "2": {
            "sn": "06087",
            "brief": "I. 受伤；II. 塑形"
        },
        "3": {
            "sn": "00408",
            "brief": "不"
        },
        "4": {
            "sn": "02734",
            "brief": "发怒、燃烧"
        },
        "5": {
            "sn": "05869",
            "brief": "眼睛"
        },
        "6": {
            "sn": "03588",
            "brief": "因为、不必翻译"
        },
        "7": {
            "sn": "04376",
            "brief": "卖"
        },
        "8": {
            "sn": "00853",
            "brief": "不必翻译"
        },
        "9": {
            "sn": "02008",
            "brief": "现在、这里"
        },
        "10": {
            "sn": "03588",
            "brief": "因为、不必翻译"
        },
        "11": {
            "sn": "04241",
            "brief": "维持生命"
        },
        "12": {
            "sn": "07971",
            "brief": "差遣、释放、送走、伸出、伸展"
        },
        "13": {
            "sn": "00430",
            "brief": "上帝、神、神明"
        },
        "14": {
            "sn": "03942",
            "brief": "在…面前"
        },
        "literal": "现在不要…自忧自恨，(…处填入下行)因为你们把我卖到这里这是上帝差我在你们以先来，为要保全生命。"
    },
    "6": {
        "0": {
            "sn": "07971",
            "brief": "差遣、释放、送走、伸出、伸展"
        },
        "1": {
            "sn": "00430",
            "brief": "上帝、神、神明"
        },
        "2": {
            "sn": "03942",
            "brief": "在…面前"
        },
        "3": {
            "sn": "07760",
            "brief": "放、置、立"
        },
        "4": {
            "sn": "09001",
            "brief": "给、往、向、到、归属于"
        },
        "5": {
            "sn": "07611",
            "brief": "剩余"
        },
        "6": {
            "sn": "00776",
            "brief": "地、邦国、疆界"
        },
        "7": {
            "sn": "02421",
            "brief": "Qal 活、存活，Pi‘el 生长、复苏、保存生命，Hif‘il 使存活、复活"
        },
        "8": {
            "sn": "09001",
            "brief": "给、往、向、到、归属于"
        },
        "9": {
            "sn": "06413",
            "brief": "拯救、残存之民、逃脱"
        },
        "10": {
            "sn": "01419",
            "brief": "大的、伟大的"
        },
        "literal": "上帝差我在你们以先来，为要给你们存留余种在世上，又要大施拯救，保全你们的生命。"
    },
    "7": {
        "0": {
            "sn": "06258",
            "brief": "现在"
        },
        "1": {
            "sn": "03808",
            "brief": "不"
        },
        "2": {
            "sn": "00859",
            "brief": "你们"
        },
        "3": {
            "sn": "07971",
            "brief": "差遣、释放、送走、伸出、伸展"
        },
        "4": {
            "sn": "00853",
            "brief": "不必翻译"
        },
        "5": {
            "sn": "02008",
            "brief": "这里、现在"
        },
        "6": {
            "sn": "03588",
            "brief": "因为、不必翻译"
        },
        "7": {
            "sn": "00430",
            "brief": "上帝、神、神明"
        },
        "8": {
            "sn": "07760",
            "brief": "放、置、立"
        },
        "9": {
            "sn": "00001",
            "brief": "父亲、祖先、顾问"
        },
        "10": {
            "sn": "06547",
            "brief": "法老"
        },
        "11": {
            "sn": "00113",
            "brief": "主人"
        },
        "12": {
            "sn": "03605",
            "brief": "全部、整个、各"
        },
        "13": {
            "sn": "01004",
            "brief": "殿、房屋"
        },
        "14": {
            "sn": "04910",
            "brief": "辖制、管理、统治"
        },
        "15": {
            "sn": "03605",
            "brief": "全部、整个、各"
        },
        "16": {
            "sn": "00776",
            "brief": "地、邦国、疆界"
        },
        "17": {
            "sn": "04714",
            "brief": "埃及"
        },
        "literal": "因此现在差我到这里来的不是你们，而是上帝。他又使我作法老的顾问，作他全家的主，并埃及全地治理的人。"
    },
    "8": {
        "0": {
            "sn": "04116",
            "brief": "Pi‘el 快速的"
        },
        "1": {
            "sn": "05927",
            "brief": "上去、升高、生长、献上"
        },
        "2": {
            "sn": "00413",
            "brief": "向、往"
        },
        "3": {
            "sn": "00001",
            "brief": "父亲、祖先"
        },
        "4": {
            "sn": "00559",
            "brief": "说"
        },
        "5": {
            "sn": "00413",
            "brief": "向、往"
        },
        "6": {
            "sn": "03541",
            "brief": "如此、这样"
        },
        "7": {
            "sn": "00559",
            "brief": "说"
        },
        "8": {
            "sn": "01121",
            "brief": "儿子、孙子、后裔、成员"
        },
        "9": {
            "sn": "03130",
            "brief": "约瑟"
        },
        "10": {
            "sn": "07760",
            "brief": "放、置、立"
        },
        "11": {
            "sn": "00430",
            "brief": "上帝、神、神明"
        },
        "12": {
            "sn": "00113",
            "brief": "主人"
        },
        "13": {
            "sn": "03605",
            "brief": "全部、整个、各"
        },
        "14": {
            "sn": "04714",
            "brief": "埃及"
        },
        "15": {
            "sn": "03381",
            "brief": "下来、倒在地上"
        },
        "16": {
            "sn": "00413",
            "brief": "向、往"
        },
        "17": {
            "sn": "00408",
            "brief": "不"
        },
        "18": {
            "sn": "05975",
            "brief": "Qal 站立、侍立、停留，Hif‘il 设立、使坚定"
        },
        "literal": "你们要赶紧上到我父亲那里，对他说：『你儿子约瑟这样说，上帝使我作全埃及的主，请你下到我这里来，不要耽延。"
    },
    "9": {
        "0": {
            "sn": "03427",
            "brief": "居住、坐、停留"
        },
        "1": {
            "sn": "00776",
            "brief": "地、邦国、疆界"
        },
        "2": {
            "sn": "01657",
            "brief": "歌珊"
        },
        "3": {
            "sn": "01961",
            "brief": "是、成为、临到"
        },
        "4": {
            "sn": "07138",
            "brief": "近的"
        },
        "5": {
            "sn": "00413",
            "brief": "向、往"
        },
        "6": {
            "sn": "00859",
            "brief": "你、你们"
        },
        "7": {
            "sn": "01121",
            "brief": "儿子、孙子、后裔、成员"
        },
        "8": {
            "sn": "01121",
            "brief": "儿子、孙子、后裔、成员"
        },
        "9": {
            "sn": "01121",
            "brief": "儿子、孙子、后裔、成员"
        },
        "10": {
            "sn": "06629",
            "brief": "羊"
        },
        "11": {
            "sn": "01241",
            "brief": "牛"
        },
        "12": {
            "sn": "03605",
            "brief": "全部、整个、各"
        },
        "13": {
            "sn": "00834",
            "brief": "不必翻译"
        },
        "14": {
            "sn": "09001",
            "brief": "给、往、向、到、归属于"
        },
        "literal": "…都可以住在歌珊地，与我相近。(…处填入以下二行)你和你的儿子、孙子，连牛群、羊群，并一切所有的，"
    },
    "10": {
        "0": {
            "sn": "03557",
            "brief": "盛、装、抓住、容纳、维持"
        },
        "1": {
            "sn": "00853",
            "brief": "不必翻译"
        },
        "2": {
            "sn": "08033",
            "brief": "那里"
        },
        "3": {
            "sn": "03588",
            "brief": "因为、不必翻译"
        },
        "5": {
            "sn": "02568",
            "brief": "数目的「五」"
        },
        "6": {
            "sn": "08141",
            "brief": "年"
        },
        "7": {
            "sn": "07458",
            "brief": "饥饿、饥荒"
        },
        "8": {
            "sn": "06435",
            "brief": "免得、恐怕、为了不"
        },
        "9": {
            "sn": "03423",
            "brief": "夺取、获得、赶出、破坏、继承"
        },
        "10": {
            "sn": "00859",
            "brief": "你"
        },
        "11": {
            "sn": "01004",
            "brief": "殿、房屋"
        },
        "12": {
            "sn": "03605",
            "brief": "全部、整个、各"
        },
        "13": {
            "sn": "00834",
            "brief": "不必翻译"
        },
        "14": {
            "sn": "09001",
            "brief": "给、往、向、到、归属于"
        },
        "literal": "我要在那里奉养你，因为还有五年的饥荒，免得你和你的眷属，并一切所有的，都穷乏。』",
        "4": {
            "sn": "05750",
            "brief": "再、仍然、持续"
        }
    },
    "11": {
        "0": {
            "sn": "02009",
            "brief": "看哪"
        },
        "1": {
            "sn": "05869",
            "brief": "眼睛"
        },
        "2": {
            "sn": "07200",
            "brief": "Qal 看见、看顾、察觉，Nif‘al 显现，Hif‘il 显明"
        },
        "3": {
            "sn": "05869",
            "brief": "眼睛"
        },
        "4": {
            "sn": "00251",
            "brief": "兄弟"
        },
        "5": {
            "sn": "01144",
            "brief": "便雅悯"
        },
        "6": {
            "sn": "03588",
            "brief": "因为、不必翻译"
        },
        "7": {
            "sn": "06310",
            "brief": "口、命令、末端、沿岸、比例"
        },
        "8": {
            "sn": "01696",
            "brief": "Pi‘el 讲、说、指挥"
        },
        "9": {
            "sn": "00413",
            "brief": "向、往"
        },
        "literal": "看哪，你们的眼睛和我弟弟便雅悯的眼睛，都看见是我亲口对你们说话。"
    },
    "13": {
        "0": {
            "sn": "05307",
            "brief": "跌落、跌倒、使签落在..."
        },
        "1": {
            "sn": "05921",
            "brief": "在…上面"
        },
        "2": {
            "sn": "06677",
            "brief": "颈项"
        },
        "3": {
            "sn": "01144",
            "brief": "便雅悯"
        },
        "4": {
            "sn": "00251",
            "brief": "兄弟"
        },
        "5": {
            "sn": "01058",
            "brief": "哭"
        },
        "6": {
            "sn": "01144",
            "brief": "便雅悯"
        },
        "7": {
            "sn": "01058",
            "brief": "哭"
        },
        "8": {
            "sn": "05921",
            "brief": "在…上面"
        },
        "9": {
            "sn": "06677",
            "brief": "颈项"
        },
        "literal": "于是约瑟伏在他兄弟便雅悯的颈项上哭，便雅悯也在他的颈项上哭。"
    },
    "14": {
        "0": {
            "sn": "05401",
            "brief": "I. 放一起、亲嘴；II. 配备"
        },
        "1": {
            "sn": "03605",
            "brief": "全部、整个、各"
        },
        "2": {
            "sn": "00251",
            "brief": "兄弟"
        },
        "3": {
            "sn": "01058",
            "brief": "哭"
        },
        "4": {
            "sn": "05921",
            "brief": "在…上面"
        },
        "5": {
            "sn": "00310",
            "brief": "后来"
        },
        "6": {
            "sn": "03651",
            "brief": "副词：因此、如此、这样；形容词：对、真的、公平、诚实"
        },
        "7": {
            "sn": "01696",
            "brief": "Pi‘el 讲、说、指挥"
        },
        "8": {
            "sn": "00251",
            "brief": "兄弟"
        },
        "9": {
            "sn": "00854",
            "brief": "跟"
        },
        "literal": "他又与众兄弟亲嘴，抱着他们哭，这样之后他的兄弟们才和他说话。"
    },
    "15": {
        "0": {
            "sn": "06963",
            "brief": "声音"
        },
        "1": {
            "sn": "08085",
            "brief": "Qal 听、听从，Nif‘al 被听见 (声音或响声)，Hif‘il 说明、使…听"
        },
        "2": {
            "sn": "01004",
            "brief": "殿、房屋"
        },
        "3": {
            "sn": "06547",
            "brief": "法老"
        },
        "4": {
            "sn": "00559",
            "brief": "说"
        },
        "5": {
            "sn": "00935",
            "brief": "来、进入、临到、发生"
        },
        "6": {
            "sn": "00251",
            "brief": "兄弟"
        },
        "7": {
            "sn": "03130",
            "brief": "约瑟"
        },
        "8": {
            "sn": "03190",
            "brief": "Qal 是良善的，Hif‘il 做得好、降福"
        },
        "9": {
            "sn": "05869",
            "brief": "眼睛"
        },
        "10": {
            "sn": "06547",
            "brief": "法老"
        },
        "11": {
            "sn": "05869",
            "brief": "眼睛"
        },
        "12": {
            "sn": "05650",
            "brief": "仆人、奴隶"
        },
        "literal": "这风声传到法老的宫里，说：「约瑟的兄弟们来了。」这在法老和他的臣仆们眼前都(看)为好。"
    },
    "16": {
        "0": {
            "sn": "00559",
            "brief": "说"
        },
        "1": {
            "sn": "06547",
            "brief": "法老"
        },
        "2": {
            "sn": "00413",
            "brief": "向、往"
        },
        "3": {
            "sn": "03130",
            "brief": "约瑟"
        },
        "4": {
            "sn": "00559",
            "brief": "说"
        },
        "5": {
            "sn": "00413",
            "brief": "向、往"
        },
        "6": {
            "sn": "00251",
            "brief": "兄弟"
        },
        "7": {
            "sn": "02063",
            "brief": "这个"
        },
        "8": {
            "sn": "06213",
            "brief": "做"
        },
        "9": {
            "sn": "02943",
            "brief": "负载"
        },
        "10": {
            "sn": "00853",
            "brief": "不必翻译"
        },
        "11": {
            "sn": "01165",
            "brief": "野兽、牛群"
        },
        "12": {
            "sn": "01980",
            "brief": "走路"
        },
        "13": {
            "sn": "00935",
            "brief": "来、进入、临到、发生"
        },
        "14": {
            "sn": "00776",
            "brief": "地、邦国、疆界"
        },
        "15": {
            "sn": "03667",
            "brief": "迦南"
        },
        "literal": "法老对约瑟说：「你吩咐你的兄弟们说：『你们要这样行，把货物负载在牲口上，起身往迦南地去。"
    },
    "17": {
        "literal": "将你们的父亲和你们的眷属都接来，到我这里来，我要把埃及地的美物赐给你们，你们也要吃这地的脂油。",
        "0": {
            "sn": "03947",
            "brief": "取、娶、拿"
        },
        "1": {
            "sn": "00853",
            "brief": "不必翻译"
        },
        "2": {
            "sn": "00001",
            "brief": "父亲、祖先"
        },
        "3": {
            "sn": "00853",
            "brief": "不必翻译"
        },
        "4": {
            "sn": "01004",
            "brief": "殿、房屋"
        },
        "5": {
            "sn": "00935",
            "brief": "来、进入、临到、发生"
        },
        "6": {
            "sn": "00413",
            "brief": "向、往"
        },
        "7": {
            "sn": "05414",
            "brief": "给"
        },
        "8": {
            "sn": "09001",
            "brief": "给、往、向、到、归属于"
        },
        "9": {
            "sn": "00853",
            "brief": "不必翻译"
        },
        "10": {
            "sn": "02898",
            "brief": "美物"
        },
        "11": {
            "sn": "00776",
            "brief": "地、邦国、疆界"
        },
        "12": {
            "sn": "04714",
            "brief": "埃及"
        },
        "13": {
            "sn": "00398",
            "brief": "吃、吞吃"
        },
        "14": {
            "sn": "00853",
            "brief": "不必翻译"
        },
        "16": {
            "sn": "00776",
            "brief": "地、邦国、疆界"
        },
        "15": {
            "sn": "02459",
            "brief": "脂油"
        }
    },
    "19": {
        "0": {
            "sn": "05869",
            "brief": "眼睛"
        },
        "1": {
            "sn": "00408",
            "brief": "不"
        },
        "2": {
            "sn": "02347",
            "brief": "顾惜、怜悯"
        },
        "3": {
            "sn": "05921",
            "brief": "在…上面"
        },
        "4": {
            "sn": "03627",
            "brief": "器皿、器械、器具"
        },
        "5": {
            "sn": "03588",
            "brief": "因为、不必翻译"
        },
        "6": {
            "sn": "02898",
            "brief": "美物"
        },
        "7": {
            "sn": "03605",
            "brief": "全部、整个、各"
        },
        "8": {
            "sn": "00776",
            "brief": "地、邦国、疆界"
        },
        "9": {
            "sn": "04714",
            "brief": "埃及"
        },
        "10": {
            "sn": "09001",
            "brief": "给、往、向、到、归属于"
        },
        "11": {
            "sn": "01931",
            "brief": "他"
        },
        "literal": "你们眼中不要爱惜你们的家具，因为埃及全地的美物，它是你们的。』」"
    },
    "20": {
        "0": {
            "sn": "06213",
            "brief": "做"
        },
        "1": {
            "sn": "03651",
            "brief": "副词：因此、如此、这样；形容词：对、真的、公平、诚实"
        },
        "2": {
            "sn": "01121",
            "brief": "儿子、孙子、后裔、成员"
        },
        "3": {
            "sn": "03478",
            "brief": "以色列"
        },
        "4": {
            "sn": "05414",
            "brief": "给"
        },
        "5": {
            "sn": "09001",
            "brief": "给、往、向、到、归属于"
        },
        "6": {
            "sn": "03130",
            "brief": "约瑟"
        },
        "7": {
            "sn": "05699",
            "brief": "车子"
        },
        "8": {
            "sn": "05921",
            "brief": "在…上面"
        },
        "9": {
            "sn": "06310",
            "brief": "口、命令、末端、沿岸、比例"
        },
        "10": {
            "sn": "06547",
            "brief": "法老"
        },
        "11": {
            "sn": "05414",
            "brief": "给"
        },
        "12": {
            "sn": "09001",
            "brief": "给、往、向、到、归属于"
        },
        "13": {
            "sn": "06720",
            "brief": "食物"
        },
        "14": {
            "sn": "01870",
            "brief": "道路、行为、方向、方法"
        },
        "literal": "以色列的儿子们就如此行。约瑟照着法老的吩咐，给他们车辆和路上用的食物，"
    },
    "21": {
        "0": {
            "sn": "03605",
            "brief": "全部、整个、各"
        },
        "1": {
            "sn": "05414",
            "brief": "给"
        },
        "2": {
            "sn": "00376",
            "brief": "各人、人、男人、丈夫"
        },
        "3": {
            "sn": "02487",
            "brief": "变化、更换 (衣服)"
        },
        "4": {
            "sn": "08071",
            "brief": "外衣、衣服"
        },
        "5": {
            "sn": "01144",
            "brief": "便雅悯"
        },
        "6": {
            "sn": "05414",
            "brief": "给"
        },
        "7": {
            "sn": "07969",
            "brief": "数目的「三」"
        },
        "8": {
            "sn": "03967",
            "brief": "数目的「一百」"
        },
        "9": {
            "sn": "03701",
            "brief": "银子、钱"
        },
        "10": {
            "sn": "02568",
            "brief": "数目的「五」"
        },
        "11": {
            "sn": "02487",
            "brief": "变化、更换 (衣服)"
        },
        "12": {
            "sn": "08071",
            "brief": "外衣、衣服"
        },
        "literal": "又给他们各人一套衣服，惟独给便雅悯三百银子、五套衣服；"
    },
    "12": {
        "0": {
            "sn": "05046",
            "brief": "Hif‘il 告诉、宣布、声明、通知"
        },
        "1": {
            "sn": "00001",
            "brief": "父亲、祖先"
        },
        "2": {
            "sn": "00853",
            "brief": "不必翻译"
        },
        "3": {
            "sn": "03605",
            "brief": "全部、整个、各"
        },
        "4": {
            "sn": "03519",
            "brief": "荣耀"
        },
        "5": {
            "sn": "04714",
            "brief": "埃及"
        },
        "6": {
            "sn": "00853",
            "brief": "不必翻译"
        },
        "7": {
            "sn": "03605",
            "brief": "全部、整个、各"
        },
        "8": {
            "sn": "00834",
            "brief": "不必翻译"
        },
        "9": {
            "sn": "07200",
            "brief": "Qal 看见、看顾、察觉，Nif‘al 显现，Hif‘il 显明"
        },
        "10": {
            "sn": "04116",
            "brief": "Pi‘el 快速的"
        },
        "11": {
            "sn": "03381",
            "brief": "领下来、倒在地上"
        },
        "12": {
            "sn": "00853",
            "brief": "不必翻译"
        },
        "13": {
            "sn": "00001",
            "brief": "父亲、祖先"
        },
        "14": {
            "sn": "02008",
            "brief": "现在、这里"
        },
        "literal": "你们也要将我在埃及一切的荣耀，…都告诉我父亲，(…处填入下行)和你们所看见的一切事，又要赶紧地将我父亲接到我这里来。」"
    },
    "18": {
        "0": {
            "sn": "00859",
            "brief": "你、你们"
        },
        "1": {
            "sn": "06680",
            "brief": "Pi‘el 命令、吩咐"
        },
        "2": {
            "sn": "02063",
            "brief": "这个"
        },
        "3": {
            "sn": "06213",
            "brief": "做"
        },
        "4": {
            "sn": "03947",
            "brief": "取、娶、拿"
        },
        "5": {
            "sn": "09001",
            "brief": "给、往、向、到、归属于"
        },
        "6": {
            "sn": "00776",
            "brief": "地、邦国、疆界"
        },
        "7": {
            "sn": "04714",
            "brief": "埃及"
        },
        "8": {
            "sn": "05699",
            "brief": "车子"
        },
        "9": {
            "sn": "02945",
            "brief": "幼儿"
        },
        "10": {
            "sn": "00802",
            "brief": "妇人、女人、妻子"
        },
        "11": {
            "sn": "05375",
            "brief": "高举、举起、背负、承担"
        },
        "12": {
            "sn": "00853",
            "brief": "不必翻译"
        },
        "13": {
            "sn": "00001",
            "brief": "父亲、祖先"
        },
        "14": {
            "sn": "00935",
            "brief": "来、进入、临到、发生"
        },
        "literal": "现在我吩咐你们要这样行：从埃及地带着车辆去，把你们的孩子和妻子，并你们的父亲都接来。"
    },
    "23": {
        "0": {
            "sn": "07971",
            "brief": "差遣、释放、送走、伸出、伸展"
        },
        "1": {
            "sn": "00853",
            "brief": "不必翻译"
        },
        "2": {
            "sn": "00251",
            "brief": "兄弟"
        },
        "3": {
            "sn": "01980",
            "brief": "去、行走"
        },
        "4": {
            "sn": "00559",
            "brief": "说、应许"
        },
        "5": {
            "sn": "00413",
            "brief": "向、往"
        },
        "6": {
            "sn": "00408",
            "brief": "不"
        },
        "7": {
            "sn": "07264",
            "brief": "发怒、颤抖、震动"
        },
        "8": {
            "sn": "01870",
            "brief": "道路、行为、方向、方法"
        },
        "literal": "于是约瑟打发他兄弟们回去，又对他们说：你们不要在路上相争。"
    },
    "24": {
        "0": {
            "sn": "05927",
            "brief": "上去、升高、生长、献上"
        },
        "1": {
            "sn": "04714",
            "brief": "埃及"
        },
        "2": {
            "sn": "00935",
            "brief": "来、进入、临到、发生"
        },
        "3": {
            "sn": "00776",
            "brief": "地、邦国、疆界"
        },
        "4": {
            "sn": "03667",
            "brief": "迦南"
        },
        "5": {
            "sn": "00413",
            "brief": "向、往"
        },
        "6": {
            "sn": "03290",
            "brief": "雅各"
        },
        "7": {
            "sn": "00001",
            "brief": "父亲、祖先"
        },
        "literal": "他们从埃及上去，来到迦南地、他们的父亲雅各那里，"
    },
    "22": {
        "0": {
            "sn": "00001",
            "brief": "父亲、祖先"
        },
        "1": {
            "sn": "07971",
            "brief": "差遣、释放、送走、伸出、伸展"
        },
        "2": {
            "sn": "02063",
            "brief": "这个"
        },
        "3": {
            "sn": "06235",
            "brief": "数目的「十」"
        },
        "4": {
            "sn": "02543",
            "brief": "驴"
        },
        "5": {
            "sn": "05375",
            "brief": "高举、举起、背负、承担"
        },
        "6": {
            "sn": "02898",
            "brief": "美物"
        },
        "7": {
            "sn": "04714",
            "brief": "埃及"
        },
        "8": {
            "sn": "06235",
            "brief": "数目的「十」"
        },
        "9": {
            "sn": "00860",
            "brief": "母驴"
        },
        "10": {
            "sn": "05375",
            "brief": "高举、举起、背负、承担"
        },
        "11": {
            "sn": "01250",
            "brief": "谷物"
        },
        "12": {
            "sn": "03899",
            "brief": "饼、面包、食物"
        },
        "13": {
            "sn": "04202",
            "brief": "食物、维持生命的东西"
        },
        "14": {
            "sn": "00001",
            "brief": "父亲、祖先"
        },
        "15": {
            "sn": "01870",
            "brief": "道路、行为、方向、方法"
        },
        "literal": "送给他父亲公驴十匹，载着埃及的美物，母驴十匹，载着谷与饼和食物，为他父亲路上用。"
    },
    "25": {
        "0": {
            "sn": "05046",
            "brief": "Hif‘il 告诉、宣布、声明、通知"
        },
        "1": {
            "sn": "09001",
            "brief": "给、往、向、到、归属于"
        },
        "2": {
            "sn": "00559",
            "brief": "说"
        },
        "4": {
            "sn": "03130",
            "brief": "约瑟"
        },
        "5": {
            "sn": "02416",
            "brief": "活着"
        },
        "6": {
            "sn": "03588",
            "brief": "因为、不必翻译"
        },
        "7": {
            "sn": "01931",
            "brief": "他"
        },
        "8": {
            "sn": "04910",
            "brief": "辖制、管理、统治"
        },
        "9": {
            "sn": "03605",
            "brief": "全部、整个、各"
        },
        "10": {
            "sn": "00776",
            "brief": "地、邦国、疆界"
        },
        "11": {
            "sn": "04714",
            "brief": "埃及"
        },
        "12": {
            "sn": "06313",
            "brief": "虚弱、麻木、没感觉"
        },
        "13": {
            "sn": "03820",
            "brief": "心"
        },
        "14": {
            "sn": "03588",
            "brief": "因为、不必翻译"
        },
        "15": {
            "sn": "03808",
            "brief": "不"
        },
        "16": {
            "sn": "00539",
            "brief": "Qal 坚定、支持，Nif‘al 确立、忠心、可靠的，Hif‘il 相信、确信"
        },
        "17": {
            "sn": "09001",
            "brief": "给、往、向、到、归属于"
        },
        "literal": "告诉他说：「约瑟还在，并且他作埃及全地治理的人。」他的心没感觉，因为不相信他们。",
        "3": {
            "sn": "05750",
            "brief": "再、仍然、持续"
        }
    },
    "26": {
        "0": {
            "sn": "01696",
            "brief": "Pi‘el 讲、说、指挥"
        },
        "1": {
            "sn": "00413",
            "brief": "向、往"
        },
        "2": {
            "sn": "00853",
            "brief": "不必翻译"
        },
        "3": {
            "sn": "03605",
            "brief": "全部、整个、各"
        },
        "4": {
            "sn": "01697",
            "brief": "话语、事情"
        },
        "5": {
            "sn": "03130",
            "brief": "约瑟"
        },
        "6": {
            "sn": "00834",
            "brief": "不必翻译"
        },
        "7": {
            "sn": "01696",
            "brief": "Pi‘el 讲、说、指挥"
        },
        "8": {
            "sn": "00413",
            "brief": "向、往"
        },
        "9": {
            "sn": "07200",
            "brief": "Qal 看见、看顾、察觉，Nif‘al 显现，Hif‘il 显明"
        },
        "10": {
            "sn": "00853",
            "brief": "不必翻译"
        },
        "11": {
            "sn": "05699",
            "brief": "车子"
        },
        "12": {
            "sn": "00834",
            "brief": "不必翻译"
        },
        "13": {
            "sn": "07971",
            "brief": "差遣、释放、送走、伸出、伸展"
        },
        "14": {
            "sn": "03130",
            "brief": "约瑟"
        },
        "15": {
            "sn": "05375",
            "brief": "高举、举起、背负、承担"
        },
        "16": {
            "sn": "00853",
            "brief": "不必翻译"
        },
        "17": {
            "sn": "02421",
            "brief": "Qal 活、存活，Pi‘el 生长、复苏、保存生命，Hif‘il 使存活、复活"
        },
        "18": {
            "sn": "07307",
            "brief": "灵、风、气息"
        },
        "19": {
            "sn": "03290",
            "brief": "雅各"
        },
        "20": {
            "sn": "00001",
            "brief": "父亲、祖先"
        },
        "literal": "他们便将…一切话都告诉了他，(…处填入下行)约瑟对他们说的他又看见…车辆，(…处填入下行)约瑟打发来接他的他们父亲雅各心就苏醒了。"
    },
    "27": {
        "0": {
            "sn": "00559",
            "brief": "说"
        },
        "1": {
            "sn": "03478",
            "brief": "以色列"
        },
        "2": {
            "sn": "07227",
            "brief": "I. 形容词：大量的、充足的、足够，II. 名词：统帅、首领。"
        },
        "4": {
            "sn": "03130",
            "brief": "约瑟"
        },
        "5": {
            "sn": "01121",
            "brief": "儿子、孙子、后裔、成员"
        },
        "6": {
            "sn": "02416",
            "brief": "活着"
        },
        "7": {
            "sn": "01980",
            "brief": "走路"
        },
        "8": {
            "sn": "07200",
            "brief": "Qal 看见、看顾、察觉，Nif‘al 显现，Hif‘il 显明"
        },
        "9": {
            "sn": "02962",
            "brief": "以前"
        },
        "10": {
            "sn": "04191",
            "brief": "死、灭绝"
        },
        "literal": "以色列说：「赞，我的儿子约瑟还在，趁我未死以先，我要去见他一面。」",
        "3": {
            "sn": "05750",
            "brief": "再、仍然、持续"
        }
    }
}