{
    "14": {
        "10": {
            "sn": "09002",
            "brief": "在、用、藉着、与、敌对"
        },
        "0": {
            "sn": "00935",
            "brief": "来、进入、临到、发生"
        },
        "1": {
            "sn": "00413",
            "brief": "向、往"
        },
        "2": {
            "sn": "05146",
            "brief": "挪亚"
        },
        "3": {
            "sn": "00413",
            "brief": "向、往"
        },
        "4": {
            "sn": "08392",
            "brief": "方舟"
        },
        "5": {
            "sn": "08147",
            "brief": "数目的「二」"
        },
        "6": {
            "sn": "08147",
            "brief": "数目的「二」"
        },
        "7": {
            "sn": "03605",
            "brief": "全部、整个、各"
        },
        "8": {
            "sn": "01320",
            "brief": "肉、身体"
        },
        "9": {
            "sn": "00834",
            "brief": "不必翻译"
        },
        "11": {
            "sn": "07307",
            "brief": "灵、风、气息"
        },
        "12": {
            "sn": "02416",
            "brief": "生命"
        },
        "literal": "…都一对一对地到挪亚那里进入方舟。(…处填入下行)凡有血肉，有生命气息在里头的，"
    },
    "17": {
        "literal": "水势浩大，在地上变得极多，方舟在水面上漂来漂去。",
        "0": {
            "sn": "01396",
            "brief": "有力量、确定"
        },
        "1": {
            "sn": "04325",
            "brief": "水"
        },
        "2": {
            "sn": "07235",
            "brief": "多、变多"
        },
        "5": {
            "sn": "00776",
            "brief": "地、邦国、疆界"
        },
        "6": {
            "sn": "01980",
            "brief": "行走、去"
        },
        "7": {
            "sn": "08392",
            "brief": "方舟"
        },
        "9": {
            "sn": "06440",
            "brief": "脸"
        },
        "3": {
            "sn": "03966",
            "brief": "极其、非常"
        },
        "4": {
            "sn": "05921",
            "brief": "在…上面"
        },
        "8": {
            "sn": "05921",
            "brief": "在…上面"
        },
        "10": {
            "sn": "04325",
            "brief": "水"
        }
    },
    "19": {
        "literal": "水势(比山)高过十五肘，山岭都淹没了。",
        "0": {
            "sn": "02568",
            "brief": "数目的「五」"
        },
        "1": {
            "sn": "06240",
            "brief": "数目的「十」"
        },
        "2": {
            "sn": "00520",
            "brief": "1.根基；2.一肘，约 18-22 寸，即 45-56 公分"
        },
        "3": {
            "sn": "04605",
            "brief": "上面"
        },
        "4": {
            "sn": "01396",
            "brief": "有力量、确定"
        },
        "5": {
            "sn": "04325",
            "brief": "水"
        },
        "7": {
            "sn": "02022",
            "brief": "山"
        },
        "6": {
            "sn": "03680",
            "brief": "遮盖、隐藏"
        }
    },
    "0": {
        "0": {
            "sn": "00559",
            "brief": "说"
        },
        "1": {
            "sn": "03068",
            "brief": "上帝的名字「雅威」，犹太人尊称为「上主」"
        },
        "2": {
            "sn": "05146",
            "brief": "挪亚"
        },
        "3": {
            "sn": "00935",
            "brief": "来、进入、临到、发生"
        },
        "4": {
            "sn": "00859",
            "brief": "你"
        },
        "5": {
            "sn": "03605",
            "brief": "全部、整个、各"
        },
        "6": {
            "sn": "01004",
            "brief": "殿、房屋"
        },
        "7": {
            "sn": "00413",
            "brief": "向、往"
        },
        "8": {
            "sn": "08392",
            "brief": "方舟"
        },
        "9": {
            "sn": "03588",
            "brief": "因为、不必翻译"
        },
        "10": {
            "sn": "00853",
            "brief": "不必翻译"
        },
        "12": {
            "sn": "06662",
            "brief": "公义的"
        },
        "13": {
            "sn": "03942",
            "brief": "在…前面"
        },
        "14": {
            "sn": "01755",
            "brief": "年代、世代、后代、居所"
        },
        "15": {
            "sn": "02088",
            "brief": "这个"
        },
        "11": {
            "sn": "07200",
            "brief": "Qal 看见、看顾、察觉，Nif‘al 显现，Hif‘il 显明"
        },
        "literal": "雅威对挪亚说：「你和你的全家都要进入方舟；因为在这世代中，我见你在我面前是个义人。"
    },
    "2": {
        "0": {
            "sn": "01571",
            "brief": "也"
        },
        "1": {
            "sn": "05775",
            "brief": "鸟"
        },
        "2": {
            "sn": "08064",
            "brief": "天"
        },
        "3": {
            "sn": "07651",
            "brief": "数目的「七」"
        },
        "4": {
            "sn": "07651",
            "brief": "数目的「七」"
        },
        "5": {
            "sn": "02145",
            "brief": "男人、男的"
        },
        "6": {
            "sn": "05347",
            "brief": "女人、雌性动物"
        },
        "8": {
            "sn": "02233",
            "brief": "后裔、子孙"
        },
        "9": {
            "sn": "05921",
            "brief": "在…上面"
        },
        "10": {
            "sn": "06440",
            "brief": "脸"
        },
        "11": {
            "sn": "03605",
            "brief": "全部、整个、各"
        },
        "12": {
            "sn": "00776",
            "brief": "地、邦国、疆界"
        },
        "7": {
            "sn": "02421",
            "brief": "Qal 活、存活，Pi‘el 生长、复苏、保存生命，Hif‘il 使存活、复活"
        },
        "literal": "空中的飞鸟也要带七公七母，可以留种，在全地的表面上存活。"
    },
    "3": {
        "literal": "因为再过七天，我要降雨在地上四十天四十夜，把我所造的各种活物都…除灭。(…处填入下行)从土地的表面上",
        "0": {
            "sn": "03588",
            "brief": "因为、不必翻译"
        },
        "1": {
            "sn": "03117",
            "brief": "日子、时候"
        },
        "3": {
            "sn": "07651",
            "brief": "数目的「七」"
        },
        "4": {
            "sn": "00595",
            "brief": "我"
        },
        "6": {
            "sn": "05921",
            "brief": "在…上面"
        },
        "7": {
            "sn": "00776",
            "brief": "地、邦国、疆界"
        },
        "5": {
            "sn": "04305",
            "brief": "下雨"
        },
        "8": {
            "sn": "00705",
            "brief": "数目的「四十」"
        },
        "9": {
            "sn": "03117",
            "brief": "日子、时候"
        },
        "10": {
            "sn": "00705",
            "brief": "数目的「四十」"
        },
        "11": {
            "sn": "03915",
            "brief": "夜晚"
        },
        "12": {
            "sn": "04229",
            "brief": "涂抹、擦去"
        },
        "13": {
            "sn": "00853",
            "brief": "不必翻译"
        },
        "14": {
            "sn": "03605",
            "brief": "全部、整个、各"
        },
        "15": {
            "sn": "03351",
            "brief": "活物"
        },
        "16": {
            "sn": "00834",
            "brief": "不必翻译"
        },
        "17": {
            "sn": "06213",
            "brief": "做"
        },
        "18": {
            "sn": "05921",
            "brief": "在…上面"
        },
        "19": {
            "sn": "06440",
            "brief": "脸、脸面"
        },
        "20": {
            "sn": "00127",
            "brief": "土地"
        },
        "2": {
            "sn": "05750",
            "brief": "再、仍然、持续"
        }
    },
    "7": {
        "0": {
            "sn": "04480",
            "brief": "从、出、离"
        },
        "1": {
            "sn": "00929",
            "brief": "野兽"
        },
        "2": {
            "sn": "02889",
            "brief": "纯正的、洁净的"
        },
        "3": {
            "sn": "04480",
            "brief": "从、出、离"
        },
        "4": {
            "sn": "00929",
            "brief": "野兽"
        },
        "5": {
            "sn": "00834",
            "brief": "不必翻译"
        },
        "6": {
            "sn": "00369",
            "brief": "不存在、没有"
        },
        "7": {
            "sn": "02889",
            "brief": "纯正的、洁净的"
        },
        "8": {
            "sn": "04480",
            "brief": "从、出、离"
        },
        "9": {
            "sn": "05775",
            "brief": "鸟"
        },
        "10": {
            "sn": "03605",
            "brief": "全部、整个、各"
        },
        "11": {
            "sn": "00834",
            "brief": "不必翻译"
        },
        "12": {
            "sn": "07430",
            "brief": "爬行"
        },
        "13": {
            "sn": "05921",
            "brief": "在…上面"
        },
        "14": {
            "sn": "00127",
            "brief": "土地"
        },
        "literal": "洁净的牲畜和不洁净的牲畜，和飞鸟，和所有爬行在土地上的，"
    },
    "8": {
        "literal": "都是一对一对的，到挪亚那里进入方舟，有公有母，正如上帝所吩咐挪亚的。",
        "0": {
            "sn": "08147",
            "brief": "数目的「二」"
        },
        "1": {
            "sn": "08147",
            "brief": "数目的「二」"
        },
        "2": {
            "sn": "00935",
            "brief": "来、进入、临到、发生"
        },
        "3": {
            "sn": "00413",
            "brief": "向、往"
        },
        "4": {
            "sn": "05146",
            "brief": "挪亚"
        },
        "5": {
            "sn": "00413",
            "brief": "向、往"
        },
        "6": {
            "sn": "08392",
            "brief": "方舟"
        },
        "7": {
            "sn": "02145",
            "brief": "男人、男的"
        },
        "8": {
            "sn": "05347",
            "brief": "女人、雌性动物"
        },
        "9": {
            "sn": "00834",
            "brief": "不必翻译"
        },
        "11": {
            "sn": "00430",
            "brief": "上帝、神、神明"
        },
        "12": {
            "sn": "00853",
            "brief": "不必翻译"
        },
        "13": {
            "sn": "05146",
            "brief": "挪亚"
        },
        "10": {
            "sn": "06680",
            "brief": "Pi‘el 命令、吩咐"
        }
    },
    "10": {
        "17": {
            "sn": "08415",
            "brief": "深渊、大洋、海"
        },
        "0": {
            "sn": "08141",
            "brief": "年"
        },
        "1": {
            "sn": "08337",
            "brief": "数目的「六」"
        },
        "2": {
            "sn": "03967",
            "brief": "数目的「一百」"
        },
        "3": {
            "sn": "08141",
            "brief": "年"
        },
        "4": {
            "sn": "02416",
            "brief": "生命"
        },
        "5": {
            "sn": "05146",
            "brief": "挪亚"
        },
        "6": {
            "sn": "02320",
            "brief": "新月、初一"
        },
        "7": {
            "sn": "08145",
            "brief": "序数的第二"
        },
        "8": {
            "sn": "07651",
            "brief": "数目的「七」"
        },
        "9": {
            "sn": "06240",
            "brief": "数目的「十」"
        },
        "10": {
            "sn": "03117",
            "brief": "日子、时候"
        },
        "11": {
            "sn": "02320",
            "brief": "新月、初一"
        },
        "12": {
            "sn": "03117",
            "brief": "日子、时候"
        },
        "13": {
            "sn": "02088",
            "brief": "这个"
        },
        "14": {
            "sn": "01234",
            "brief": "裂开"
        },
        "15": {
            "sn": "03605",
            "brief": "全部、整个、各"
        },
        "16": {
            "sn": "04599",
            "brief": "水泉"
        },
        "18": {
            "sn": "07227",
            "brief": "I. 形容词：大量的、许多的、充足的，II. 名词：统帅、首领。"
        },
        "19": {
            "sn": "00699",
            "brief": "窗户"
        },
        "20": {
            "sn": "08064",
            "brief": "天"
        },
        "21": {
            "sn": "06605",
            "brief": "打开、松开、雕刻"
        },
        "literal": "当挪亚六百岁那年，第二个月，那个月的十七日，就在这一天，大渊的泉源都裂开，天上的窗户也敞开了。"
    },
    "13": {
        "literal": "就是他们和各样走兽，各从其类，和各样牲畜，各从其类，和在地上爬行的各种爬行动物，各从其类，和各种飞鸟，各从其类，各种禽鸟，有翅膀的。",
        "0": {
            "sn": "01992",
            "brief": "他们"
        },
        "1": {
            "sn": "03605",
            "brief": "全部、整个、各"
        },
        "2": {
            "sn": "02416",
            "brief": "动物、活物"
        },
        "3": {
            "sn": "04327",
            "brief": "类别"
        },
        "4": {
            "sn": "03605",
            "brief": "全部、整个、各"
        },
        "5": {
            "sn": "00929",
            "brief": "野兽"
        },
        "6": {
            "sn": "04327",
            "brief": "类别"
        },
        "7": {
            "sn": "03605",
            "brief": "全部、整个、各"
        },
        "8": {
            "sn": "07431",
            "brief": "爬行动物"
        },
        "9": {
            "sn": "07430",
            "brief": "爬行"
        },
        "10": {
            "sn": "05921",
            "brief": "在…上面"
        },
        "11": {
            "sn": "00776",
            "brief": "地、邦国、疆界"
        },
        "12": {
            "sn": "04327",
            "brief": "类别"
        },
        "13": {
            "sn": "03605",
            "brief": "全部、整个、各"
        },
        "14": {
            "sn": "05775",
            "brief": "鸟"
        },
        "15": {
            "sn": "04327",
            "brief": "类别"
        },
        "16": {
            "sn": "03605",
            "brief": "全部、整个、各"
        },
        "17": {
            "sn": "06833",
            "brief": "雀鸟、鸟"
        },
        "18": {
            "sn": "03605",
            "brief": "全部、整个、各"
        },
        "19": {
            "sn": "03671",
            "brief": "翅膀"
        }
    },
    "15": {
        "0": {
            "sn": "00935",
            "brief": "来、进入、临到、发生"
        },
        "1": {
            "sn": "02145",
            "brief": "男人、男的"
        },
        "2": {
            "sn": "05347",
            "brief": "女人、雌性动物"
        },
        "3": {
            "sn": "03605",
            "brief": "全部、整个、各"
        },
        "4": {
            "sn": "01320",
            "brief": "肉、身体"
        },
        "5": {
            "sn": "00935",
            "brief": "来、进入、临到、发生"
        },
        "6": {
            "sn": "00834",
            "brief": "不必翻译"
        },
        "8": {
            "sn": "00853",
            "brief": "不必翻译"
        },
        "9": {
            "sn": "00430",
            "brief": "上帝、神、神明"
        },
        "10": {
            "sn": "05462",
            "brief": "Qal 关闭、堵塞，Pi‘el 关闭、交付，Hif‘il 关闭、交付"
        },
        "11": {
            "sn": "03068",
            "brief": "上帝的名字「雅威」，犹太人尊称为「上主」"
        },
        "12": {
            "sn": "01157",
            "brief": "为了、背后、穿过、围绕"
        },
        "7": {
            "sn": "06680",
            "brief": "Pi‘el 命令、吩咐"
        },
        "literal": "那些进去的每一样血肉之躯，都是公和母(一起)进入，正如上帝所吩咐挪亚的。雅威就把他关在方舟里头。"
    },
    "16": {
        "0": {
            "sn": "01961",
            "brief": "是、成为、临到"
        },
        "1": {
            "sn": "03999",
            "brief": "洪水"
        },
        "2": {
            "sn": "00705",
            "brief": "数目的「四十」"
        },
        "3": {
            "sn": "03117",
            "brief": "日子、时候"
        },
        "4": {
            "sn": "05921",
            "brief": "在…上面"
        },
        "5": {
            "sn": "00776",
            "brief": "地、邦国、疆界"
        },
        "6": {
            "sn": "07235",
            "brief": "多、变多"
        },
        "7": {
            "sn": "04325",
            "brief": "水"
        },
        "8": {
            "sn": "05375",
            "brief": "高举、举起、背负、承担"
        },
        "9": {
            "sn": "00853",
            "brief": "不必翻译"
        },
        "10": {
            "sn": "08392",
            "brief": "方舟"
        },
        "11": {
            "sn": "07311",
            "brief": "高举、抬高"
        },
        "12": {
            "sn": "05921",
            "brief": "在…上面"
        },
        "13": {
            "sn": "00776",
            "brief": "地、邦国、疆界"
        },
        "literal": "洪水泛滥在地上四十天，水越来越多，把方舟漂起，它(原文用阴性，指方舟)就从地上浮起来。"
    },
    "18": {
        "0": {
            "sn": "04325",
            "brief": "水"
        },
        "1": {
            "sn": "01396",
            "brief": "有力量、确定"
        },
        "2": {
            "sn": "03966",
            "brief": "极其、非常"
        },
        "3": {
            "sn": "03966",
            "brief": "极其、非常"
        },
        "4": {
            "sn": "05921",
            "brief": "在…上面"
        },
        "5": {
            "sn": "00776",
            "brief": "地、邦国、疆界"
        },
        "7": {
            "sn": "03605",
            "brief": "全部、整个、各"
        },
        "8": {
            "sn": "02022",
            "brief": "山"
        },
        "9": {
            "sn": "01364",
            "brief": "高大的"
        },
        "10": {
            "sn": "00834",
            "brief": "不必翻译"
        },
        "11": {
            "sn": "08478",
            "brief": "1. 名词：位置、地方；2. 介系词：在…之下；3. 介系词：代替、因为"
        },
        "12": {
            "sn": "03605",
            "brief": "全部、整个、各"
        },
        "13": {
            "sn": "08064",
            "brief": "天"
        },
        "6": {
            "sn": "03680",
            "brief": "遮盖、隐藏"
        },
        "literal": "水势在地上极其浩大，所有…高山都淹没了。(…处填入下行)在天底下的"
    },
    "20": {
        "0": {
            "sn": "01478",
            "brief": "断气、死亡"
        },
        "1": {
            "sn": "03605",
            "brief": "全部、整个、各"
        },
        "2": {
            "sn": "01320",
            "brief": "肉、身体"
        },
        "3": {
            "sn": "07430",
            "brief": "爬行"
        },
        "4": {
            "sn": "05921",
            "brief": "在…上面"
        },
        "5": {
            "sn": "00776",
            "brief": "地、邦国、疆界"
        },
        "6": {
            "sn": "05775",
            "brief": "鸟"
        },
        "7": {
            "sn": "00929",
            "brief": "野兽"
        },
        "8": {
            "sn": "02416",
            "brief": "活物"
        },
        "9": {
            "sn": "03605",
            "brief": "全部、整个、各"
        },
        "10": {
            "sn": "08318",
            "brief": "昆虫"
        },
        "11": {
            "sn": "08317",
            "brief": "挤满、繁殖"
        },
        "12": {
            "sn": "05921",
            "brief": "在…上面"
        },
        "13": {
            "sn": "00776",
            "brief": "地、邦国、疆界"
        },
        "14": {
            "sn": "03605",
            "brief": "全部、整个、各"
        },
        "15": {
            "sn": "00120",
            "brief": "人"
        },
        "literal": "凡在地上有血肉的动物，…都死了。(…处填入下三行)飞鸟、和牲畜、和走兽，并一切爬行在地上的昆虫，以及所有的人"
    },
    "21": {
        "0": {
            "sn": "03605",
            "brief": "全部、整个、各"
        },
        "1": {
            "sn": "00834",
            "brief": "不必翻译"
        },
        "2": {
            "sn": "05397",
            "brief": "气息、灵"
        },
        "3": {
            "sn": "07307",
            "brief": "灵、风、气息"
        },
        "4": {
            "sn": "02416",
            "brief": "活物"
        },
        "5": {
            "sn": "00639",
            "brief": "怒气、鼻子"
        },
        "6": {
            "sn": "03605",
            "brief": "全部、整个、各"
        },
        "7": {
            "sn": "00834",
            "brief": "不必翻译"
        },
        "8": {
            "sn": "02724",
            "brief": "干地"
        },
        "9": {
            "sn": "04191",
            "brief": "死"
        },
        "literal": "…一切鼻孔有生命之灵之气息的(…处填入下行)凡在陆地上、都死了。"
    },
    "22": {
        "0": {
            "sn": "04229",
            "brief": "涂抹、擦去"
        },
        "1": {
            "sn": "00853",
            "brief": "不必翻译"
        },
        "2": {
            "sn": "03605",
            "brief": "全部、整个、各"
        },
        "3": {
            "sn": "03351",
            "brief": "活物"
        },
        "4": {
            "sn": "00834",
            "brief": "不必翻译"
        },
        "5": {
            "sn": "05921",
            "brief": "在…上面"
        },
        "6": {
            "sn": "06440",
            "brief": "脸"
        },
        "7": {
            "sn": "00127",
            "brief": "地"
        },
        "8": {
            "sn": "00120",
            "brief": "人"
        },
        "9": {
            "sn": "05704",
            "brief": "直到"
        },
        "10": {
            "sn": "00929",
            "brief": "野兽"
        },
        "11": {
            "sn": "05704",
            "brief": "直到"
        },
        "12": {
            "sn": "07431",
            "brief": "爬行生物"
        },
        "13": {
            "sn": "05704",
            "brief": "直到"
        },
        "14": {
            "sn": "05775",
            "brief": "鸟"
        },
        "15": {
            "sn": "08064",
            "brief": "天"
        },
        "16": {
            "sn": "04229",
            "brief": "涂抹、擦去"
        },
        "17": {
            "sn": "04480",
            "brief": "从、出、离"
        },
        "18": {
            "sn": "00776",
            "brief": "地、邦国、疆界"
        },
        "19": {
            "sn": "07604",
            "brief": "剩下"
        },
        "20": {
            "sn": "00389",
            "brief": "然而、其实、当然"
        },
        "21": {
            "sn": "05146",
            "brief": "挪亚"
        },
        "22": {
            "sn": "00834",
            "brief": "不必翻译"
        },
        "23": {
            "sn": "00854",
            "brief": "与、跟"
        },
        "24": {
            "sn": "08392",
            "brief": "方舟"
        },
        "literal": "他除灭了土地表面上各类的活物，连人带牲畜、爬行动物，以及空中的飞鸟，他们就都从地上除灭了，只留下挪亚和那些与他同在方舟里的。"
    },
    "23": {
        "0": {
            "sn": "01396",
            "brief": "有力量、确定"
        },
        "1": {
            "sn": "04325",
            "brief": "水"
        },
        "2": {
            "sn": "05921",
            "brief": "在…上面"
        },
        "3": {
            "sn": "00776",
            "brief": "地、邦国、疆界"
        },
        "4": {
            "sn": "02572",
            "brief": "数目的「五十」"
        },
        "5": {
            "sn": "03967",
            "brief": "数目的「一百」"
        },
        "6": {
            "sn": "03117",
            "brief": "日子、时候"
        },
        "literal": "水势浩大，在地上共一百五十天。"
    },
    "4": {
        "3": {
            "sn": "00834",
            "brief": "不必翻译"
        },
        "5": {
            "sn": "03068",
            "brief": "上帝的名字「雅威」，犹太人尊称为「上主」"
        },
        "4": {
            "sn": "06680",
            "brief": "Pi‘el 命令、吩咐"
        },
        "literal": "挪亚就照着雅威所吩咐的去做。",
        "1": {
            "sn": "05146",
            "brief": "挪亚"
        },
        "2": {
            "sn": "03605",
            "brief": "全部、整个、各"
        },
        "0": {
            "sn": "06213",
            "brief": "做"
        }
    },
    "1": {
        "4": {
            "sn": "09001",
            "brief": "给、往、向、到、归属于"
        },
        "12": {
            "sn": "03808",
            "brief": "不"
        },
        "literal": "凡洁净的牲畜，你要带七公七母；不洁净的牲畜，(你要带)一公一母；",
        "0": {
            "sn": "03605",
            "brief": "全部、整个、各"
        },
        "1": {
            "sn": "00929",
            "brief": "牲畜、野兽"
        },
        "2": {
            "sn": "02889",
            "brief": "纯正的、洁净的"
        },
        "3": {
            "sn": "03947",
            "brief": "取、娶、拿"
        },
        "5": {
            "sn": "07651",
            "brief": "数目的「七」"
        },
        "6": {
            "sn": "07651",
            "brief": "数目的「七」"
        },
        "7": {
            "sn": "00376",
            "brief": "各人、人、男人、丈夫"
        },
        "8": {
            "sn": "00802",
            "brief": "女人、妻子"
        },
        "9": {
            "sn": "04480",
            "brief": "从、出、离"
        },
        "10": {
            "sn": "00929",
            "brief": "牲畜、野兽"
        },
        "11": {
            "sn": "00834",
            "brief": "不必翻译"
        },
        "13": {
            "sn": "02889",
            "brief": "纯正的、洁净的"
        },
        "14": {
            "sn": "01931",
            "brief": "他、她"
        },
        "15": {
            "sn": "08147",
            "brief": "数目的「二」"
        },
        "16": {
            "sn": "00376",
            "brief": "各人、人、男人、丈夫"
        },
        "17": {
            "sn": "00802",
            "brief": "女人、妻子"
        }
    },
    "5": {
        "4": {
            "sn": "08141",
            "brief": "年"
        },
        "5": {
            "sn": "03999",
            "brief": "洪水"
        },
        "6": {
            "sn": "01961",
            "brief": "是、成为、临到"
        },
        "7": {
            "sn": "04325",
            "brief": "水"
        },
        "8": {
            "sn": "05921",
            "brief": "在…上面"
        },
        "9": {
            "sn": "00776",
            "brief": "地、邦国、疆界"
        },
        "literal": "…挪亚六百岁。(…处填入下行)当洪水泛滥在地上的时候，",
        "0": {
            "sn": "05146",
            "brief": "挪亚"
        },
        "1": {
            "sn": "01121",
            "brief": "儿子、孙子、后裔、成员"
        },
        "2": {
            "sn": "08337",
            "brief": "数目的「六」"
        },
        "3": {
            "sn": "03967",
            "brief": "数目的「一百」"
        }
    },
    "6": {
        "literal": "挪亚就…进入(…处填入下行)和同他在一起的他的儿子、和他的妻子和他儿子的妻子方舟，躲避洪水。",
        "0": {
            "sn": "00935",
            "brief": "来、进入、临到、发生"
        },
        "1": {
            "sn": "05146",
            "brief": "挪亚"
        },
        "2": {
            "sn": "01121",
            "brief": "儿子、孙子、后裔、成员"
        },
        "3": {
            "sn": "00802",
            "brief": "女人、妻子"
        },
        "4": {
            "sn": "00802",
            "brief": "女人、妻子"
        },
        "5": {
            "sn": "01121",
            "brief": "儿子、孙子、后裔、成员"
        },
        "6": {
            "sn": "00854",
            "brief": "与、跟"
        },
        "7": {
            "sn": "00413",
            "brief": "向、往"
        },
        "8": {
            "sn": "08392",
            "brief": "方舟"
        },
        "9": {
            "sn": "06440",
            "brief": "脸"
        },
        "10": {
            "sn": "04325",
            "brief": "水"
        },
        "11": {
            "sn": "03999",
            "brief": "洪水"
        }
    },
    "9": {
        "literal": "过了那七天，洪水泛滥在地上。",
        "0": {
            "sn": "01961",
            "brief": "是、成为、临到"
        },
        "1": {
            "sn": "07651",
            "brief": "数目的「七」"
        },
        "2": {
            "sn": "03117",
            "brief": "日子、时候"
        },
        "3": {
            "sn": "04325",
            "brief": "水"
        },
        "4": {
            "sn": "03999",
            "brief": "洪水"
        },
        "5": {
            "sn": "01961",
            "brief": "是、成为、临到"
        },
        "6": {
            "sn": "05921",
            "brief": "在…上面"
        },
        "7": {
            "sn": "00776",
            "brief": "地、邦国、疆界"
        }
    },
    "11": {
        "6": {
            "sn": "00705",
            "brief": "数目的「四十」"
        },
        "literal": "…雨降在地上。(…处填入下行)四十天四十夜",
        "0": {
            "sn": "01961",
            "brief": "是、成为、临到"
        },
        "1": {
            "sn": "01653",
            "brief": "雨"
        },
        "2": {
            "sn": "05921",
            "brief": "在…上面"
        },
        "3": {
            "sn": "00776",
            "brief": "地、邦国、疆界"
        },
        "4": {
            "sn": "00705",
            "brief": "数目的「四十」"
        },
        "5": {
            "sn": "03117",
            "brief": "日子、时候"
        },
        "7": {
            "sn": "03915",
            "brief": "夜晚"
        }
    },
    "12": {
        "15": {
            "sn": "00854",
            "brief": "与、跟"
        },
        "16": {
            "sn": "00413",
            "brief": "向、往"
        },
        "literal": "正当那日，挪亚和挪亚的儿子闪、和含、和雅弗，…进入(…处填入下行)并同他们在一起的挪亚的妻子和他三个儿子的妻子，方舟―",
        "0": {
            "sn": "06106",
            "brief": "本体、精髓、骨头"
        },
        "1": {
            "sn": "03117",
            "brief": "日子、时候"
        },
        "2": {
            "sn": "02088",
            "brief": "这个"
        },
        "3": {
            "sn": "00935",
            "brief": "来、进入、临到、发生"
        },
        "4": {
            "sn": "05146",
            "brief": "挪亚"
        },
        "5": {
            "sn": "08035",
            "brief": "闪"
        },
        "6": {
            "sn": "02526",
            "brief": "含"
        },
        "7": {
            "sn": "03315",
            "brief": "雅弗"
        },
        "8": {
            "sn": "01121",
            "brief": "儿子、孙子、后裔、成员"
        },
        "9": {
            "sn": "05146",
            "brief": "挪亚"
        },
        "10": {
            "sn": "00802",
            "brief": "女人、妻子"
        },
        "11": {
            "sn": "05146",
            "brief": "挪亚"
        },
        "12": {
            "sn": "07969",
            "brief": "数目的「三」"
        },
        "13": {
            "sn": "00802",
            "brief": "女人、妻子"
        },
        "14": {
            "sn": "01121",
            "brief": "儿子、孙子、后裔、成员"
        },
        "17": {
            "sn": "08392",
            "brief": "方舟"
        }
    }
}