{
    "2": {
        "5": {
            "sn": "09001",
            "brief": "给、往、向、到、归属于"
        },
        "11": {
            "sn": "09001",
            "brief": "给、往、向、到、归属于"
        },
        "0": {
            "sn": "03605",
            "brief": "全部、整个、各"
        },
        "1": {
            "sn": "07431",
            "brief": "会动的生物、爬行生物"
        },
        "2": {
            "sn": "00834",
            "brief": "不必翻译"
        },
        "3": {
            "sn": "01931",
            "brief": "他"
        },
        "4": {
            "sn": "02416",
            "brief": "活的"
        },
        "6": {
            "sn": "01961",
            "brief": "是、成为、临到"
        },
        "7": {
            "sn": "00402",
            "brief": "食物"
        },
        "8": {
            "sn": "03418",
            "brief": "绿色植物、青绿物"
        },
        "9": {
            "sn": "06212",
            "brief": "绿色植物、青草"
        },
        "10": {
            "sn": "05414",
            "brief": "给"
        },
        "12": {
            "sn": "00853",
            "brief": "不必翻译"
        },
        "13": {
            "sn": "03605",
            "brief": "全部、整个、各"
        },
        "literal": "凡活着的动物都给你们作食物；这一切我都赐给你们，如同绿色的菜蔬一样。"
    },
    "25": {
        "8": {
            "sn": "09001",
            "brief": "给、往、向、到、归属于"
        },
        "literal": "又说：雅威―闪的上帝是应当称颂的！愿迦南作闪的奴仆。",
        "0": {
            "sn": "00559",
            "brief": "说"
        },
        "1": {
            "sn": "01288",
            "brief": "祝福、赞美"
        },
        "2": {
            "sn": "03068",
            "brief": "上帝的名字「雅威」，犹太人尊称为「上主」"
        },
        "3": {
            "sn": "00430",
            "brief": "上帝、神、神明"
        },
        "4": {
            "sn": "08035",
            "brief": "闪"
        },
        "5": {
            "sn": "01961",
            "brief": "作、是、成为、临到"
        },
        "6": {
            "sn": "03667",
            "brief": "商人、迦南"
        },
        "7": {
            "sn": "05650",
            "brief": "仆人、奴隶"
        }
    },
    "6": {
        "6": {
            "sn": "09002",
            "brief": "在、用、藉着、与、敌对"
        },
        "0": {
            "sn": "00859",
            "brief": "你、你们"
        },
        "1": {
            "sn": "06509",
            "brief": "结实、生产"
        },
        "2": {
            "sn": "07235",
            "brief": "多、变多"
        },
        "3": {
            "sn": "08317",
            "brief": "挤满、繁殖"
        },
        "4": {
            "sn": "00776",
            "brief": "地、邦国、疆界"
        },
        "5": {
            "sn": "07235",
            "brief": "多、变多"
        },
        "7": {
            "sn": "09014",
            "brief": "关闭的意思"
        },
        "literal": "你们要生养，要增多，要在地上繁衍，在其上增多。"
    },
    "27": {
        "literal": "洪水以后，挪亚又活了三百五十年。",
        "1": {
            "sn": "05146",
            "brief": "挪亚"
        },
        "3": {
            "sn": "03999",
            "brief": "洪水"
        },
        "0": {
            "sn": "02421",
            "brief": "Qal 活、存活，Pi‘el 生长、复苏、保存生命，Hif‘il 使存活、复活"
        },
        "2": {
            "sn": "00310",
            "brief": "后面、跟着"
        },
        "4": {
            "sn": "07969",
            "brief": "数目的「三」"
        },
        "5": {
            "sn": "03967",
            "brief": "数目的「一百」"
        },
        "6": {
            "sn": "08141",
            "brief": "年"
        },
        "7": {
            "sn": "02572",
            "brief": "数目的「五十」"
        },
        "8": {
            "sn": "08141",
            "brief": "年"
        }
    },
    "1": {
        "0": {
            "sn": "04172",
            "brief": "害怕"
        },
        "1": {
            "sn": "02844",
            "brief": "害怕"
        },
        "2": {
            "sn": "01961",
            "brief": "是、成为、临到"
        },
        "literal": "(对)你们的惊恐和(对)你们的惧怕要临到地上一切的走兽和空中一切的飞鸟， 土地上一切爬行的，并海里一切的鱼；它们都要交付你们的手。",
        "3": {
            "sn": "05921",
            "brief": "在…上面"
        },
        "4": {
            "sn": "03605",
            "brief": "全部、整个、各"
        },
        "5": {
            "sn": "02416",
            "brief": "动物、活物"
        },
        "6": {
            "sn": "00776",
            "brief": "地、邦国、疆界"
        },
        "7": {
            "sn": "05921",
            "brief": "在…上面"
        },
        "8": {
            "sn": "03605",
            "brief": "全部、整个、各"
        },
        "9": {
            "sn": "05775",
            "brief": "鸟"
        },
        "10": {
            "sn": "08064",
            "brief": "天"
        },
        "11": {
            "sn": "03605",
            "brief": "全部、整个、各"
        },
        "12": {
            "sn": "00834",
            "brief": "不必翻译"
        },
        "13": {
            "sn": "07430",
            "brief": "爬行"
        },
        "14": {
            "sn": "00127",
            "brief": "土地"
        },
        "15": {
            "sn": "03605",
            "brief": "全部、整个、各"
        },
        "16": {
            "sn": "01709",
            "brief": "鱼"
        },
        "17": {
            "sn": "03220",
            "brief": "海、西方"
        },
        "18": {
            "sn": "03027",
            "brief": "手、边、力量、权势"
        },
        "19": {
            "sn": "05414",
            "brief": "给"
        }
    },
    "3": {
        "0": {
            "sn": "00389",
            "brief": "然而、其实、当然"
        },
        "1": {
            "sn": "01320",
            "brief": "肉、身体"
        },
        "2": {
            "sn": "05315",
            "brief": "生命、人"
        },
        "3": {
            "sn": "01818",
            "brief": "血"
        },
        "5": {
            "sn": "00398",
            "brief": "吃、吞吃"
        },
        "4": {
            "sn": "03808",
            "brief": "不"
        },
        "literal": "然而肉带着它的生命，就是它的血，你们不可吃。"
    },
    "4": {
        "0": {
            "sn": "00389",
            "brief": "然而、其实、当然"
        },
        "1": {
            "sn": "00853",
            "brief": "不必翻译"
        },
        "2": {
            "sn": "01818",
            "brief": "血"
        },
        "3": {
            "sn": "05315",
            "brief": "生命、人"
        },
        "4": {
            "sn": "01875",
            "brief": "寻求、寻找"
        },
        "5": {
            "sn": "03027",
            "brief": "手、边、力量、权势"
        },
        "6": {
            "sn": "03605",
            "brief": "全部、整个、各"
        },
        "7": {
            "sn": "02416",
            "brief": "动物、活物"
        },
        "8": {
            "sn": "01875",
            "brief": "寻求、寻找"
        },
        "9": {
            "sn": "03027",
            "brief": "手、边、力量、权势"
        },
        "10": {
            "sn": "00120",
            "brief": "人"
        },
        "11": {
            "sn": "03027",
            "brief": "手、边、力量、权势"
        },
        "12": {
            "sn": "00376",
            "brief": "各人、人、男人、丈夫"
        },
        "13": {
            "sn": "00251",
            "brief": "兄弟"
        },
        "14": {
            "sn": "01875",
            "brief": "寻求、寻找"
        },
        "15": {
            "sn": "00853",
            "brief": "不必翻译"
        },
        "16": {
            "sn": "05315",
            "brief": "生命、人"
        },
        "17": {
            "sn": "00120",
            "brief": "人"
        },
        "literal": "实在，为你们的命我要追讨(流)你们的血(的罪)，我要从兽的手追讨它；从人的手，从人的弟兄的手，我要追讨人的性命。"
    },
    "5": {
        "0": {
            "sn": "08210",
            "brief": "流、倒出"
        },
        "1": {
            "sn": "01818",
            "brief": "血"
        },
        "2": {
            "sn": "00120",
            "brief": "人"
        },
        "3": {
            "sn": "00120",
            "brief": "人"
        },
        "4": {
            "sn": "01818",
            "brief": "血"
        },
        "5": {
            "sn": "08210",
            "brief": "倒出"
        },
        "6": {
            "sn": "03588",
            "brief": "因为、不必翻译"
        },
        "7": {
            "sn": "06754",
            "brief": "形像、影子、偶像"
        },
        "8": {
            "sn": "00430",
            "brief": "上帝、神、神明"
        },
        "9": {
            "sn": "06213",
            "brief": "做"
        },
        "10": {
            "sn": "00853",
            "brief": "不必翻译"
        },
        "11": {
            "sn": "00120",
            "brief": "人"
        },
        "literal": "凡流人血的，他的血也必被人所流，因为按着上帝的形像，他造了人。"
    },
    "7": {
        "0": {
            "sn": "00559",
            "brief": "说"
        },
        "1": {
            "sn": "00430",
            "brief": "上帝、神、神明"
        },
        "2": {
            "sn": "00413",
            "brief": "向、往"
        },
        "3": {
            "sn": "05146",
            "brief": "挪亚"
        },
        "4": {
            "sn": "00413",
            "brief": "向、往"
        },
        "5": {
            "sn": "01121",
            "brief": "儿子、孙子、后裔、成员"
        },
        "6": {
            "sn": "00854",
            "brief": "与、跟"
        },
        "7": {
            "sn": "00559",
            "brief": "说"
        },
        "literal": "上帝对挪亚和同他在一起的他的儿子们说话，说："
    },
    "8": {
        "0": {
            "sn": "00589",
            "brief": "我"
        },
        "1": {
            "sn": "02009",
            "brief": "看哪"
        },
        "3": {
            "sn": "00853",
            "brief": "不必翻译"
        },
        "4": {
            "sn": "01285",
            "brief": "约"
        },
        "5": {
            "sn": "00854",
            "brief": "与、跟"
        },
        "6": {
            "sn": "00854",
            "brief": "不必翻译"
        },
        "7": {
            "sn": "02233",
            "brief": "后裔、子孙"
        },
        "8": {
            "sn": "00310",
            "brief": "后面、跟着"
        },
        "2": {
            "sn": "06965",
            "brief": "起来、设立、坚立"
        },
        "literal": "「我要…立我的约。(…处填入下行和下节)与你们、和你们之后的后裔、"
    },
    "9": {
        "0": {
            "sn": "00854",
            "brief": "不必翻译"
        },
        "1": {
            "sn": "03605",
            "brief": "所有、全部、整个、各"
        },
        "2": {
            "sn": "05315",
            "brief": "生命、人"
        },
        "3": {
            "sn": "02416",
            "brief": "活物"
        },
        "4": {
            "sn": "00834",
            "brief": "不必翻译"
        },
        "5": {
            "sn": "00854",
            "brief": "不必翻译"
        },
        "6": {
            "sn": "05775",
            "brief": "鸟"
        },
        "7": {
            "sn": "00929",
            "brief": "牲畜"
        },
        "8": {
            "sn": "03605",
            "brief": "所有、全部、整个、各"
        },
        "9": {
            "sn": "02416",
            "brief": "活物"
        },
        "10": {
            "sn": "00776",
            "brief": "地、邦国、疆界"
        },
        "11": {
            "sn": "00854",
            "brief": "不必翻译"
        },
        "12": {
            "sn": "03605",
            "brief": "所有、全部、整个、各"
        },
        "13": {
            "sn": "03318",
            "brief": "出去"
        },
        "14": {
            "sn": "08392",
            "brief": "方舟"
        },
        "15": {
            "sn": "03605",
            "brief": "所有、全部、整个、各"
        },
        "16": {
            "sn": "02416",
            "brief": "活物"
        },
        "17": {
            "sn": "00776",
            "brief": "地、邦国、疆界"
        },
        "literal": "(接续上节末行)并同你们一起的一切生物―同你们在一起的飞鸟、牲畜、地上的走兽―凡从方舟里出来的和地上所有的生物"
    },
    "10": {
        "4": {
            "sn": "03808",
            "brief": "不"
        },
        "1": {
            "sn": "00853",
            "brief": "不必翻译"
        },
        "2": {
            "sn": "01285",
            "brief": "约"
        },
        "3": {
            "sn": "00854",
            "brief": "不必翻译"
        },
        "5": {
            "sn": "03772",
            "brief": "立约、剪除、切开、砍下"
        },
        "6": {
            "sn": "03605",
            "brief": "所有、全部、整个、各"
        },
        "7": {
            "sn": "01320",
            "brief": "肉、身体"
        },
        "9": {
            "sn": "04325",
            "brief": "水"
        },
        "10": {
            "sn": "03999",
            "brief": "洪水"
        },
        "12": {
            "sn": "01961",
            "brief": "作、是、成为、临到"
        },
        "14": {
            "sn": "03999",
            "brief": "洪水"
        },
        "16": {
            "sn": "00776",
            "brief": "地、邦国、疆界"
        },
        "11": {
            "sn": "03808",
            "brief": "不"
        },
        "0": {
            "sn": "06965",
            "brief": "起来、设立、坚立"
        },
        "15": {
            "sn": "07843",
            "brief": "腐败、败坏、毁坏、毁灭"
        },
        "literal": "我要坚立我与你们所立的约，凡有血肉的，不再被洪水灭绝，也不再有洪水毁坏这地了。」",
        "8": {
            "sn": "05750",
            "brief": "再、仍然、持续"
        },
        "13": {
            "sn": "05750",
            "brief": "再、仍然、持续"
        }
    },
    "11": {
        "0": {
            "sn": "00559",
            "brief": "说"
        },
        "1": {
            "sn": "00430",
            "brief": "上帝、神明、神"
        },
        "2": {
            "sn": "02063",
            "brief": "这个"
        },
        "3": {
            "sn": "00226",
            "brief": "记号"
        },
        "4": {
            "sn": "01285",
            "brief": "约"
        },
        "5": {
            "sn": "00834",
            "brief": "不必翻译"
        },
        "6": {
            "sn": "00589",
            "brief": "我"
        },
        "7": {
            "sn": "05414",
            "brief": "给"
        },
        "8": {
            "sn": "00996",
            "brief": "在…之间"
        },
        "9": {
            "sn": "00996",
            "brief": "在…之间"
        },
        "10": {
            "sn": "00996",
            "brief": "在…之间"
        },
        "11": {
            "sn": "03605",
            "brief": "全部、整个、各"
        },
        "12": {
            "sn": "05315",
            "brief": "生命、人"
        },
        "13": {
            "sn": "02416",
            "brief": "活的"
        },
        "14": {
            "sn": "00834",
            "brief": "不必翻译"
        },
        "15": {
            "sn": "00854",
            "brief": "不必翻译"
        },
        "16": {
            "sn": "01755",
            "brief": "年代、世代、后代、居所"
        },
        "17": {
            "sn": "05769",
            "brief": "永远"
        },
        "literal": "上帝说：「这就是…的约的记号，(…处填入下三行)我所赐的，在我与你们之间并同你们在一起的各种生物之间，直到世世代代"
    },
    "12": {
        "0": {
            "sn": "00853",
            "brief": "不必翻译"
        },
        "1": {
            "sn": "07198",
            "brief": "弓、彩虹"
        },
        "2": {
            "sn": "05414",
            "brief": "给"
        },
        "3": {
            "sn": "06051",
            "brief": "云"
        },
        "4": {
            "sn": "01961",
            "brief": "作、是、成为、临到"
        },
        "5": {
            "sn": "00226",
            "brief": "记号"
        },
        "6": {
            "sn": "01285",
            "brief": "约"
        },
        "7": {
            "sn": "00996",
            "brief": "在…之间"
        },
        "8": {
            "sn": "00996",
            "brief": "在…之间"
        },
        "9": {
            "sn": "00776",
            "brief": "地、邦国、疆界"
        },
        "literal": "我把彩虹放在云中，这就成为我与地之间立约的记号。"
    },
    "13": {
        "0": {
            "sn": "01961",
            "brief": "作、是、成为、临到"
        },
        "2": {
            "sn": "06051",
            "brief": "云"
        },
        "3": {
            "sn": "05921",
            "brief": "在…上面"
        },
        "4": {
            "sn": "00776",
            "brief": "地、邦国、疆界"
        },
        "6": {
            "sn": "07198",
            "brief": "弓、彩虹"
        },
        "7": {
            "sn": "06051",
            "brief": "云"
        },
        "1": {
            "sn": "06049",
            "brief": "Pi‘el 使出现，Po'el 观兆、占卜"
        },
        "5": {
            "sn": "07200",
            "brief": "Qal 看见、看顾、察觉，Nif‘al 显现，Hif‘il 显明"
        },
        "literal": "我使云彩遮盖大地的时候，必有彩虹出现在云中，"
    },
    "14": {
        "12": {
            "sn": "03808",
            "brief": "不"
        },
        "0": {
            "sn": "02142",
            "brief": "提说、纪念、回想"
        },
        "1": {
            "sn": "00853",
            "brief": "不必翻译"
        },
        "2": {
            "sn": "01285",
            "brief": "约"
        },
        "3": {
            "sn": "00834",
            "brief": "不必翻译"
        },
        "4": {
            "sn": "00996",
            "brief": "在…之间"
        },
        "5": {
            "sn": "00996",
            "brief": "在…之间"
        },
        "6": {
            "sn": "00996",
            "brief": "在…之间"
        },
        "7": {
            "sn": "03605",
            "brief": "全部、整个、各"
        },
        "8": {
            "sn": "05315",
            "brief": "生命、人"
        },
        "9": {
            "sn": "02416",
            "brief": "活的"
        },
        "10": {
            "sn": "03605",
            "brief": "全部、整个、各"
        },
        "11": {
            "sn": "01320",
            "brief": "肉、身体"
        },
        "13": {
            "sn": "01961",
            "brief": "作、是、成为、临到"
        },
        "15": {
            "sn": "04325",
            "brief": "水"
        },
        "16": {
            "sn": "03999",
            "brief": "洪水"
        },
        "18": {
            "sn": "03605",
            "brief": "全部、整个、各"
        },
        "19": {
            "sn": "01320",
            "brief": "肉、身体"
        },
        "17": {
            "sn": "07843",
            "brief": "腐败、败坏、毁坏、毁灭"
        },
        "literal": "我便记念我与你们之间…所立的约，(…处填入下行)和与各样有血肉的生物之间水就不再变为洪水来毁坏凡有血肉之物了。",
        "14": {
            "sn": "05750",
            "brief": "再、仍然、持续"
        }
    },
    "15": {
        "0": {
            "sn": "01961",
            "brief": "作、是、成为、临到"
        },
        "1": {
            "sn": "07198",
            "brief": "弓、彩虹"
        },
        "2": {
            "sn": "06051",
            "brief": "云"
        },
        "4": {
            "sn": "02142",
            "brief": "提说、纪念、回想"
        },
        "5": {
            "sn": "01285",
            "brief": "约"
        },
        "6": {
            "sn": "05769",
            "brief": "永远"
        },
        "7": {
            "sn": "00996",
            "brief": "在…之间"
        },
        "8": {
            "sn": "00430",
            "brief": "上帝、神明、神"
        },
        "9": {
            "sn": "00996",
            "brief": "在…之间"
        },
        "10": {
            "sn": "03605",
            "brief": "全部、整个、各"
        },
        "11": {
            "sn": "05315",
            "brief": "生命、人"
        },
        "12": {
            "sn": "02416",
            "brief": "活的"
        },
        "13": {
            "sn": "03605",
            "brief": "全部、整个、各"
        },
        "14": {
            "sn": "01320",
            "brief": "肉、身体"
        },
        "15": {
            "sn": "00834",
            "brief": "不必翻译"
        },
        "16": {
            "sn": "05921",
            "brief": "在…上面"
        },
        "17": {
            "sn": "00776",
            "brief": "地、邦国、疆界"
        },
        "3": {
            "sn": "07200",
            "brief": "Qal 看见、看顾、察觉，Nif‘al 显现，Hif‘il 显明"
        },
        "literal": "彩虹必出现在云中，我看见它，就要记念…所立的永约。」(…处填入二行)上帝与…生物之间(…处填入下行)地上各样有血肉的"
    },
    "16": {
        "literal": "上帝对挪亚说：「这就是我所立，…的约的记号。」(…处填入下行)在我与地上一切有血肉之物之间",
        "0": {
            "sn": "00559",
            "brief": "说"
        },
        "1": {
            "sn": "00430",
            "brief": "上帝、神明、神"
        },
        "2": {
            "sn": "00413",
            "brief": "向、往"
        },
        "3": {
            "sn": "05146",
            "brief": "挪亚"
        },
        "4": {
            "sn": "02063",
            "brief": "这个"
        },
        "5": {
            "sn": "00226",
            "brief": "记号"
        },
        "6": {
            "sn": "01285",
            "brief": "约"
        },
        "7": {
            "sn": "00834",
            "brief": "不必翻译"
        },
        "9": {
            "sn": "00996",
            "brief": "在…之间"
        },
        "10": {
            "sn": "00996",
            "brief": "在…之间"
        },
        "11": {
            "sn": "03605",
            "brief": "全部、整个、各"
        },
        "12": {
            "sn": "01320",
            "brief": "肉、身体"
        },
        "13": {
            "sn": "00834",
            "brief": "不必翻译"
        },
        "14": {
            "sn": "05921",
            "brief": "在…上面"
        },
        "15": {
            "sn": "00776",
            "brief": "地、邦国、疆界"
        },
        "16": {
            "sn": "09015",
            "brief": "开的意思"
        },
        "8": {
            "sn": "06965",
            "brief": "起来、设立、坚立"
        }
    },
    "17": {
        "0": {
            "sn": "01961",
            "brief": "作、是、成为、临到"
        },
        "1": {
            "sn": "01121",
            "brief": "儿子、孙子、后裔、成员"
        },
        "2": {
            "sn": "05146",
            "brief": "挪亚"
        },
        "3": {
            "sn": "03318",
            "brief": "出去"
        },
        "4": {
            "sn": "04480",
            "brief": "从、出、离"
        },
        "5": {
            "sn": "08392",
            "brief": "方舟"
        },
        "6": {
            "sn": "08035",
            "brief": "闪"
        },
        "7": {
            "sn": "02526",
            "brief": "含"
        },
        "8": {
            "sn": "03315",
            "brief": "雅弗"
        },
        "9": {
            "sn": "02526",
            "brief": "含"
        },
        "10": {
            "sn": "01931",
            "brief": "他"
        },
        "11": {
            "sn": "00001",
            "brief": "父亲、祖先"
        },
        "12": {
            "sn": "03667",
            "brief": "商人、迦南"
        },
        "literal": "出方舟的挪亚的儿子就是闪、和含、和雅弗。含，他是迦南的父亲。"
    },
    "18": {
        "0": {
            "sn": "07969",
            "brief": "数目的「三」"
        },
        "1": {
            "sn": "00428",
            "brief": "这些"
        },
        "2": {
            "sn": "01121",
            "brief": "儿子、孙子、后裔、成员"
        },
        "3": {
            "sn": "05146",
            "brief": "挪亚"
        },
        "4": {
            "sn": "00428",
            "brief": "这些"
        },
        "5": {
            "sn": "05310",
            "brief": "打碎、分散"
        },
        "6": {
            "sn": "03605",
            "brief": "全部、整个、各"
        },
        "7": {
            "sn": "00776",
            "brief": "地、邦国、疆界"
        },
        "literal": "这是挪亚的三个儿子，他们的后裔分散在全地。"
    },
    "20": {
        "0": {
            "sn": "08354",
            "brief": "喝"
        },
        "1": {
            "sn": "04480",
            "brief": "从、出、离"
        },
        "2": {
            "sn": "03196",
            "brief": "酒"
        },
        "3": {
            "sn": "07937",
            "brief": "喝醉"
        },
        "5": {
            "sn": "08432",
            "brief": "在中间"
        },
        "6": {
            "sn": "00168",
            "brief": "帐棚、帐蓬"
        },
        "4": {
            "sn": "01540",
            "brief": "显露、揭开、移除、迁移"
        },
        "literal": "他喝了酒便醉了，在自己的帐棚里赤着身子。"
    },
    "19": {
        "1": {
            "sn": "05146",
            "brief": "挪亚"
        },
        "2": {
            "sn": "00376",
            "brief": "各人、人、男人、丈夫"
        },
        "3": {
            "sn": "00127",
            "brief": "地"
        },
        "4": {
            "sn": "05193",
            "brief": "栽种"
        },
        "5": {
            "sn": "03754",
            "brief": "葡萄园"
        },
        "0": {
            "sn": "02490",
            "brief": "I. Qal 刺杀、伤害；II. Pi‘el 吹笛子；III. Pi‘el 亵渎、污辱、玷污、俗化，Hif‘il 亵渎、开始"
        },
        "literal": "农夫挪亚最先开始栽种葡萄园。"
    },
    "22": {
        "19": {
            "sn": "03808",
            "brief": "不"
        },
        "0": {
            "sn": "03947",
            "brief": "拿、取"
        },
        "1": {
            "sn": "08035",
            "brief": "闪"
        },
        "2": {
            "sn": "03315",
            "brief": "雅弗"
        },
        "3": {
            "sn": "00853",
            "brief": "不必翻译"
        },
        "4": {
            "sn": "08071",
            "brief": "外衣、衣服"
        },
        "5": {
            "sn": "07760",
            "brief": "置、放"
        },
        "6": {
            "sn": "05921",
            "brief": "在…上面、敌对"
        },
        "7": {
            "sn": "07926",
            "brief": "肩膀、背部"
        },
        "8": {
            "sn": "08147",
            "brief": "数目的「二」"
        },
        "9": {
            "sn": "01980",
            "brief": "行走"
        },
        "10": {
            "sn": "00322",
            "brief": "后退"
        },
        "12": {
            "sn": "00853",
            "brief": "不必翻译"
        },
        "13": {
            "sn": "06172",
            "brief": "羞辱、裸体"
        },
        "14": {
            "sn": "00001",
            "brief": "父亲、祖先"
        },
        "15": {
            "sn": "06440",
            "brief": "脸"
        },
        "16": {
            "sn": "00322",
            "brief": "后退"
        },
        "17": {
            "sn": "06172",
            "brief": "羞辱、裸体"
        },
        "18": {
            "sn": "00001",
            "brief": "父亲、祖先"
        },
        "20": {
            "sn": "07200",
            "brief": "Qal 看见、看顾、察觉，Nif‘al 显现，Hif‘il 显明"
        },
        "literal": "于是闪和雅弗拿件衣服搭在他们两人的肩上，倒退着进去，遮盖他们父亲的赤身；他们背着脸就看不见父亲的赤身。",
        "11": {
            "sn": "03680",
            "brief": "遮盖、隐藏"
        }
    },
    "21": {
        "1": {
            "sn": "02526",
            "brief": "含"
        },
        "2": {
            "sn": "00001",
            "brief": "父亲、祖先"
        },
        "3": {
            "sn": "03667",
            "brief": "商人、迦南"
        },
        "4": {
            "sn": "00853",
            "brief": "不必翻译"
        },
        "5": {
            "sn": "06172",
            "brief": "羞辱、裸体"
        },
        "6": {
            "sn": "00001",
            "brief": "父亲、祖先"
        },
        "8": {
            "sn": "08147",
            "brief": "数目的「二」"
        },
        "9": {
            "sn": "00251",
            "brief": "兄弟"
        },
        "10": {
            "sn": "02351",
            "brief": "街上、外头"
        },
        "7": {
            "sn": "05046",
            "brief": "Hif‘il 告诉、宣布、声明、通知"
        },
        "0": {
            "sn": "07200",
            "brief": "Qal 看见、看顾、察觉，Nif‘al 显现，Hif‘il 显明"
        },
        "literal": "迦南的父亲含看见自己父亲赤裸的身体，就在外边告诉他的两个兄弟。"
    },
    "28": {
        "0": {
            "sn": "01961",
            "brief": "是、成为、临到"
        },
        "1": {
            "sn": "03605",
            "brief": "全部、整个、各"
        },
        "2": {
            "sn": "03117",
            "brief": "日子、时候"
        },
        "3": {
            "sn": "05146",
            "brief": "挪亚"
        },
        "4": {
            "sn": "08672",
            "brief": "数目的「九」"
        },
        "5": {
            "sn": "03967",
            "brief": "数目的「一百」"
        },
        "6": {
            "sn": "08141",
            "brief": "年"
        },
        "7": {
            "sn": "02572",
            "brief": "数目的「五十」"
        },
        "8": {
            "sn": "08141",
            "brief": "年"
        },
        "9": {
            "sn": "04191",
            "brief": "死"
        },
        "10": {
            "sn": "09015",
            "brief": "开的意思"
        },
        "literal": "挪亚一生的日子一共有九百五十岁，他就死了。"
    },
    "0": {
        "1": {
            "sn": "00430",
            "brief": "上帝、神、神明"
        },
        "2": {
            "sn": "00853",
            "brief": "不必翻译"
        },
        "3": {
            "sn": "05146",
            "brief": "挪亚"
        },
        "4": {
            "sn": "00853",
            "brief": "不必翻译"
        },
        "5": {
            "sn": "01121",
            "brief": "儿子、孙子、后裔、成员"
        },
        "6": {
            "sn": "00559",
            "brief": "说"
        },
        "7": {
            "sn": "09001",
            "brief": "给、往、向、到、归属于"
        },
        "8": {
            "sn": "06509",
            "brief": "结实、生产"
        },
        "9": {
            "sn": "07235",
            "brief": "多、变多"
        },
        "10": {
            "sn": "04390",
            "brief": "充满"
        },
        "11": {
            "sn": "00853",
            "brief": "不必翻译"
        },
        "12": {
            "sn": "00776",
            "brief": "地、邦国、疆界"
        },
        "0": {
            "sn": "01288",
            "brief": "祝福"
        },
        "literal": "上帝赐福给挪亚和他的儿子，对他们说：「你们要生养众多，遍满了地。"
    },
    "24": {
        "literal": "就说：迦南当受咒诅，必给他兄弟们作奴仆中的奴仆；",
        "0": {
            "sn": "00559",
            "brief": "说"
        },
        "1": {
            "sn": "00779",
            "brief": "诅咒"
        },
        "2": {
            "sn": "03667",
            "brief": "商人、迦南"
        },
        "3": {
            "sn": "05650",
            "brief": "仆人、奴隶"
        },
        "4": {
            "sn": "05650",
            "brief": "仆人、奴隶"
        },
        "5": {
            "sn": "01961",
            "brief": "作、是、成为、临到"
        },
        "6": {
            "sn": "00251",
            "brief": "兄弟"
        }
    },
    "26": {
        "0": {
            "sn": "06601",
            "brief": "I. 打散、散开；II. 引诱、欺骗、劝服"
        },
        "literal": "愿上帝使雅弗扩张，愿他住在闪的帐棚里；又愿迦南作他们的奴仆。",
        "1": {
            "sn": "00430",
            "brief": "上帝、神、神明"
        },
        "2": {
            "sn": "03315",
            "brief": "雅弗"
        },
        "3": {
            "sn": "07931",
            "brief": "居住"
        },
        "4": {
            "sn": "00168",
            "brief": "帐棚、帐蓬"
        },
        "5": {
            "sn": "08035",
            "brief": "闪"
        },
        "6": {
            "sn": "01961",
            "brief": "作、是、成为、临到"
        },
        "7": {
            "sn": "03667",
            "brief": "商人、迦南"
        },
        "8": {
            "sn": "05650",
            "brief": "仆人、奴隶"
        },
        "9": {
            "sn": "09001",
            "brief": "给、往、向、到、归属于"
        }
    },
    "23": {
        "literal": "挪亚从他的酒醉中醒过来，知道他的小儿子向他所作的事，",
        "0": {
            "sn": "03364",
            "brief": "唤起、醒起"
        },
        "1": {
            "sn": "05146",
            "brief": "挪亚"
        },
        "2": {
            "sn": "03196",
            "brief": "酒"
        },
        "4": {
            "sn": "00853",
            "brief": "不必翻译"
        },
        "5": {
            "sn": "00834",
            "brief": "不必翻译"
        },
        "6": {
            "sn": "06213",
            "brief": "做"
        },
        "7": {
            "sn": "09001",
            "brief": "给、往、向、到、归属于"
        },
        "8": {
            "sn": "01121",
            "brief": "儿子、孙子、后裔、成员"
        },
        "9": {
            "sn": "06996",
            "brief": "小的"
        },
        "3": {
            "sn": "03045",
            "brief": "Qal 知道、认识、辨别、经历，Hif‘il 使知道、宣告"
        }
    }
}