{
    "2": {
        "1": {
            "sn": "08033",
            "brief": "那里"
        },
        "18": {
            "sn": "04735",
            "brief": "牲畜"
        },
        "19": {
            "sn": "06772",
            "brief": "口渴"
        },
        "0": {
            "sn": "06770",
            "brief": "渴"
        },
        "literal": "百姓在那里甚渴，要喝水，就向摩西发怨言，说：「你为甚么将我们从埃及领出来，使我和我的众子并我的牲畜都渴死呢？」",
        "2": {
            "sn": "05971",
            "brief": "百姓、国民"
        },
        "3": {
            "sn": "04325",
            "brief": "水"
        },
        "5": {
            "sn": "05971",
            "brief": "百姓、国民"
        },
        "4": {
            "sn": "03885",
            "brief": "I. 居住、休息、过夜；II. Nif‘al 发牢骚、抱怨"
        },
        "6": {
            "sn": "05921",
            "brief": "在…上面"
        },
        "7": {
            "sn": "04872",
            "brief": "摩西"
        },
        "8": {
            "sn": "00559",
            "brief": "说"
        },
        "9": {
            "sn": "04100",
            "brief": "什么"
        },
        "10": {
            "sn": "02088",
            "brief": "这个"
        },
        "12": {
            "sn": "04714",
            "brief": "埃及"
        },
        "14": {
            "sn": "00853",
            "brief": "不必翻译"
        },
        "15": {
            "sn": "00853",
            "brief": "不必翻译"
        },
        "16": {
            "sn": "01121",
            "brief": "儿子、孙子、后裔、成员"
        },
        "17": {
            "sn": "00853",
            "brief": "不必翻译"
        },
        "11": {
            "sn": "05927",
            "brief": "上去、升高、生长、献上"
        },
        "13": {
            "sn": "04191",
            "brief": "死亡"
        }
    },
    "9": {
        "1": {
            "sn": "03091",
            "brief": "约书亚"
        },
        "6": {
            "sn": "03898",
            "brief": "I. Qal 攻击、打仗，Nif‘al 参战、攻打；II 吃"
        },
        "literal": "于是约书亚照着摩西对他所说的话行，和亚玛力人争战。摩西、亚伦，与户珥都上了山顶。",
        "0": {
            "sn": "06213",
            "brief": "做"
        },
        "2": {
            "sn": "00834",
            "brief": "不必翻译"
        },
        "3": {
            "sn": "00559",
            "brief": "说"
        },
        "4": {
            "sn": "09001",
            "brief": "给、往、向、到、归属于"
        },
        "5": {
            "sn": "04872",
            "brief": "摩西"
        },
        "7": {
            "sn": "06002",
            "brief": "亚玛力"
        },
        "8": {
            "sn": "04872",
            "brief": "摩西"
        },
        "9": {
            "sn": "00175",
            "brief": "亚伦"
        },
        "10": {
            "sn": "02354",
            "brief": "户珥"
        },
        "11": {
            "sn": "05927",
            "brief": "上去、升高、生长、献上"
        },
        "12": {
            "sn": "07218",
            "brief": "头、起头、山顶、领袖"
        },
        "13": {
            "sn": "01390",
            "brief": "基比亚"
        }
    },
    "11": {
        "11": {
            "sn": "08551",
            "brief": "抓紧、支持"
        },
        "12": {
            "sn": "03027",
            "brief": "手、边、力量、权势"
        },
        "13": {
            "sn": "02088",
            "brief": "这个"
        },
        "14": {
            "sn": "00259",
            "brief": "数目的「一」"
        },
        "15": {
            "sn": "02088",
            "brief": "这个"
        },
        "16": {
            "sn": "00259",
            "brief": "数目的「一」"
        },
        "17": {
            "sn": "01961",
            "brief": "是、成为、临到"
        },
        "18": {
            "sn": "03027",
            "brief": "手、边、力量、权势"
        },
        "19": {
            "sn": "00530",
            "brief": "信实"
        },
        "literal": "但摩西的手发沉，他们就搬石头来，放在他以下，他就坐在上面。亚伦与户珥扶着他的手，一个在这边，一个在那边，他的手就稳住，直到日落的时候。",
        "0": {
            "sn": "03027",
            "brief": "手、边、力量、权势"
        },
        "1": {
            "sn": "04872",
            "brief": "摩西"
        },
        "2": {
            "sn": "03515",
            "brief": "大的、重的、多的"
        },
        "3": {
            "sn": "03947",
            "brief": "Qal 拿、取"
        },
        "4": {
            "sn": "00068",
            "brief": "石头、法码、宝石"
        },
        "5": {
            "sn": "07760",
            "brief": "置、放"
        },
        "6": {
            "sn": "08478",
            "brief": "1. 名词：位置、地方；2. 介系词：在…之下；3. 介系词：代替、因为"
        },
        "7": {
            "sn": "03427",
            "brief": "居住、坐、停留"
        },
        "8": {
            "sn": "05921",
            "brief": "在…上面"
        },
        "9": {
            "sn": "00175",
            "brief": "亚伦"
        },
        "10": {
            "sn": "02354",
            "brief": "户珥"
        },
        "20": {
            "sn": "05704",
            "brief": "直到、甚至"
        },
        "21": {
            "sn": "00935",
            "brief": "来、进入、临到、发生"
        },
        "22": {
            "sn": "08121",
            "brief": "太阳"
        }
    },
    "1": {
        "1": {
            "sn": "05971",
            "brief": "百姓、国民"
        },
        "7": {
            "sn": "04325",
            "brief": "水"
        },
        "8": {
            "sn": "08354",
            "brief": "喝"
        },
        "9": {
            "sn": "00559",
            "brief": "说"
        },
        "10": {
            "sn": "09001",
            "brief": "给、往、向、到、归属于"
        },
        "literal": "他们与摩西争闹，说：「给我们水喝吧！」摩西对他们说：「你们为甚么与我争闹？为甚么试探雅威呢？」",
        "0": {
            "sn": "07378",
            "brief": "争辩、争讼"
        },
        "2": {
            "sn": "05973",
            "brief": "跟，和"
        },
        "3": {
            "sn": "04872",
            "brief": "摩西"
        },
        "4": {
            "sn": "00559",
            "brief": "说"
        },
        "5": {
            "sn": "05414",
            "brief": "赐、给"
        },
        "6": {
            "sn": "09001",
            "brief": "给、往、向、到、归属于"
        },
        "16": {
            "sn": "05254",
            "brief": "试验、试探"
        },
        "11": {
            "sn": "04872",
            "brief": "摩西"
        },
        "12": {
            "sn": "04100",
            "brief": "什么"
        },
        "13": {
            "sn": "07378",
            "brief": "争辩、争讼"
        },
        "14": {
            "sn": "05978",
            "brief": "跟"
        },
        "15": {
            "sn": "04100",
            "brief": "什么"
        },
        "17": {
            "sn": "00853",
            "brief": "不必翻译"
        },
        "18": {
            "sn": "03068",
            "brief": "上帝的名字「雅威」，犹太人尊称为「上主」"
        }
    },
    "7": {
        "3": {
            "sn": "05973",
            "brief": "跟，和"
        },
        "literal": "亚玛力人来在利非订和以色列人争战。",
        "0": {
            "sn": "00935",
            "brief": "来、进入、临到、发生"
        },
        "1": {
            "sn": "06002",
            "brief": "亚玛力"
        },
        "4": {
            "sn": "03478",
            "brief": "以色列"
        },
        "5": {
            "sn": "07508",
            "brief": "利非订"
        },
        "2": {
            "sn": "03898",
            "brief": "I. Qal 攻击、打仗，Nif‘al 参战、攻打；II 吃"
        }
    },
    "4": {
        "12": {
            "sn": "00834",
            "brief": "不必翻译"
        },
        "5": {
            "sn": "03942",
            "brief": "在…面前"
        },
        "6": {
            "sn": "05971",
            "brief": "百姓、国民"
        },
        "15": {
            "sn": "00853",
            "brief": "不必翻译"
        },
        "4": {
            "sn": "05674",
            "brief": "经过、穿越、涨溢、离开、拿走、违犯、废除"
        },
        "literal": "雅威对摩西说：「你从百姓面前过去，带以色列的几个长老跟着你。你先前击打河水的杖，要拿在你的手里，去吧！」",
        "13": {
            "sn": "05221",
            "brief": "Hif‘il 击打、击杀"
        },
        "0": {
            "sn": "00559",
            "brief": "说"
        },
        "1": {
            "sn": "03068",
            "brief": "上帝的名字「雅威」，犹太人尊称为「上主」"
        },
        "2": {
            "sn": "00413",
            "brief": "向、往"
        },
        "3": {
            "sn": "04872",
            "brief": "摩西"
        },
        "7": {
            "sn": "03947",
            "brief": "Qal 拿、取"
        },
        "8": {
            "sn": "00854",
            "brief": "与、跟"
        },
        "9": {
            "sn": "02205",
            "brief": "年老的"
        },
        "10": {
            "sn": "03478",
            "brief": "以色列"
        },
        "11": {
            "sn": "04294",
            "brief": "杖、支派、分支"
        },
        "14": {
            "sn": "09002",
            "brief": "在、用、藉着、与、敌对"
        },
        "16": {
            "sn": "02975",
            "brief": "尼罗河、河流"
        },
        "17": {
            "sn": "03947",
            "brief": "Qal 拿、取"
        },
        "18": {
            "sn": "03027",
            "brief": "手、边、力量、权势"
        },
        "19": {
            "sn": "01980",
            "brief": "去、来"
        }
    },
    "5": {
        "7": {
            "sn": "05221",
            "brief": "Hif‘il 击打、击杀"
        },
        "literal": "看哪，我要在那里站在你面前，在何烈的磐石旁。你要击打磐石，从磐石里必有水流出来，使百姓可以喝。」摩西就在以色列的长老眼前这样行了。",
        "0": {
            "sn": "02009",
            "brief": "看哪"
        },
        "2": {
            "sn": "03942",
            "brief": "在…面前"
        },
        "3": {
            "sn": "08033",
            "brief": "那里"
        },
        "4": {
            "sn": "05921",
            "brief": "在…上面"
        },
        "6": {
            "sn": "02722",
            "brief": "何烈山"
        },
        "9": {
            "sn": "03318",
            "brief": "出去"
        },
        "10": {
            "sn": "04480",
            "brief": "从、离开"
        },
        "11": {
            "sn": "04325",
            "brief": "水"
        },
        "12": {
            "sn": "08354",
            "brief": "喝"
        },
        "13": {
            "sn": "05971",
            "brief": "百姓、国民"
        },
        "14": {
            "sn": "06213",
            "brief": "做"
        },
        "15": {
            "sn": "03651",
            "brief": "副词：因此、如此、这样；形容词：对、真的、公平、诚实"
        },
        "16": {
            "sn": "04872",
            "brief": "摩西"
        },
        "17": {
            "sn": "05869",
            "brief": "眼睛、水泉、泉源"
        },
        "18": {
            "sn": "02205",
            "brief": "年老的"
        },
        "19": {
            "sn": "03478",
            "brief": "以色列"
        },
        "1": {
            "sn": "05975",
            "brief": "Qal 站立、侍立、停留，Hif‘il 设立、使坚定"
        },
        "5": {
            "sn": "06697",
            "brief": "磐石、岩石"
        },
        "8": {
            "sn": "06697",
            "brief": "磐石、岩石"
        }
    },
    "8": {
        "5": {
            "sn": "09001",
            "brief": "给、往、向、到、归属于"
        },
        "6": {
            "sn": "00376",
            "brief": "各人、人、男人、丈夫"
        },
        "7": {
            "sn": "03318",
            "brief": "出去"
        },
        "9": {
            "sn": "06002",
            "brief": "亚玛力"
        },
        "8": {
            "sn": "03898",
            "brief": "I. Qal 攻击、打仗，Nif‘al 参战、攻打；II 吃"
        },
        "10": {
            "sn": "04279",
            "brief": "明天、未来"
        },
        "literal": "摩西对约书亚说：「你为我们选出人来，出去和亚玛力人争战。明天我要站在山顶上，上帝的杖在我手里。」",
        "0": {
            "sn": "00559",
            "brief": "说"
        },
        "1": {
            "sn": "04872",
            "brief": "摩西"
        },
        "2": {
            "sn": "00413",
            "brief": "向、往"
        },
        "3": {
            "sn": "03091",
            "brief": "约书亚"
        },
        "4": {
            "sn": "00977",
            "brief": "选择、拣选、挑选"
        },
        "11": {
            "sn": "00595",
            "brief": "我"
        },
        "13": {
            "sn": "05921",
            "brief": "在…上面"
        },
        "14": {
            "sn": "07218",
            "brief": "头、起头、山顶、领袖"
        },
        "15": {
            "sn": "01390",
            "brief": "基比亚"
        },
        "16": {
            "sn": "04294",
            "brief": "杖、支派、分支"
        },
        "17": {
            "sn": "00430",
            "brief": "上帝、神、神明"
        },
        "18": {
            "sn": "03027",
            "brief": "手、边、力量、权势"
        },
        "12": {
            "sn": "05324",
            "brief": "Nif’al 起来、立起，Hif‘il 安置、安排"
        }
    },
    "6": {
        "literal": "他给那地方起名叫玛撒，又叫米利巴；因以色列人争闹，又因他们试探雅威，说：「雅威是在我们中间不是？」",
        "0": {
            "sn": "07121",
            "brief": "喊叫、召集、称呼、求告、朗读"
        },
        "1": {
            "sn": "08034",
            "brief": "名、名字"
        },
        "2": {
            "sn": "04725",
            "brief": "地方"
        },
        "3": {
            "sn": "04532",
            "brief": "玛撒"
        },
        "4": {
            "sn": "04809",
            "brief": "米利巴"
        },
        "5": {
            "sn": "05921",
            "brief": "在…上面"
        },
        "6": {
            "sn": "07379",
            "brief": "案件、争辩、争讼"
        },
        "7": {
            "sn": "01121",
            "brief": "儿子、孙子、后裔、成员"
        },
        "8": {
            "sn": "03478",
            "brief": "以色列"
        },
        "9": {
            "sn": "05921",
            "brief": "在…上面"
        },
        "10": {
            "sn": "05254",
            "brief": "试验、试探"
        },
        "11": {
            "sn": "00853",
            "brief": "不必翻译"
        },
        "12": {
            "sn": "03068",
            "brief": "上帝的名字「雅威」，犹太人尊称为「上主」"
        },
        "13": {
            "sn": "00559",
            "brief": "说"
        },
        "14": {
            "sn": "03426",
            "brief": "存在、有、是"
        },
        "15": {
            "sn": "03068",
            "brief": "上帝的名字「雅威」，犹太人尊称为「上主」"
        },
        "16": {
            "sn": "07130",
            "brief": "中间、内脏"
        },
        "17": {
            "sn": "00518",
            "brief": "如果"
        },
        "18": {
            "sn": "00369",
            "brief": "不存在、没有"
        },
        "19": {
            "sn": "09015",
            "brief": "开的意思"
        }
    },
    "3": {
        "literal": "摩西就呼求雅威说：「我向这百姓怎样行呢？他们几乎要拿石头打死我。」",
        "1": {
            "sn": "04872",
            "brief": "摩西"
        },
        "2": {
            "sn": "00413",
            "brief": "向、往"
        },
        "3": {
            "sn": "03068",
            "brief": "上帝的名字「雅威」，犹太人尊称为「上主」"
        },
        "4": {
            "sn": "00559",
            "brief": "说"
        },
        "5": {
            "sn": "04100",
            "brief": "什么"
        },
        "6": {
            "sn": "06213",
            "brief": "做"
        },
        "7": {
            "sn": "05971",
            "brief": "百姓、国民"
        },
        "8": {
            "sn": "02088",
            "brief": "这个"
        },
        "10": {
            "sn": "04592",
            "brief": "一点点、很少"
        },
        "11": {
            "sn": "05619",
            "brief": "以石头攻击、清理石头"
        },
        "0": {
            "sn": "06817",
            "brief": "Qal 呼喊、哀求；Pi‘el 大声呼喊；Nif‘al 被召唤、聚集；Hif‘il 召集"
        },
        "9": {
            "sn": "05750",
            "brief": "再、仍然、持续"
        }
    },
    "13": {
        "2": {
            "sn": "00413",
            "brief": "向、往"
        },
        "literal": "雅威对摩西说：「你要将这话写在书上作纪念，又放在约书亚的耳边；我要将亚玛力的名号…全然涂抹了。」(…处填入下行)从天下",
        "0": {
            "sn": "00559",
            "brief": "说"
        },
        "1": {
            "sn": "03068",
            "brief": "上帝的名字「雅威」，犹太人尊称为「上主」"
        },
        "3": {
            "sn": "04872",
            "brief": "摩西"
        },
        "4": {
            "sn": "03789",
            "brief": "写"
        },
        "5": {
            "sn": "02063",
            "brief": "这个"
        },
        "6": {
            "sn": "02146",
            "brief": "纪念 (memorial, reminder)"
        },
        "7": {
            "sn": "05612",
            "brief": "书卷"
        },
        "8": {
            "sn": "07760",
            "brief": "置、放"
        },
        "9": {
            "sn": "00241",
            "brief": "耳朵"
        },
        "10": {
            "sn": "03091",
            "brief": "约书亚"
        },
        "11": {
            "sn": "03588",
            "brief": "因为、不必翻译"
        },
        "12": {
            "sn": "04229",
            "brief": "涂抹、擦去"
        },
        "13": {
            "sn": "04229",
            "brief": "涂抹、擦去"
        },
        "14": {
            "sn": "00853",
            "brief": "不必翻译"
        },
        "15": {
            "sn": "02143",
            "brief": "纪念、提醒之物"
        },
        "16": {
            "sn": "06002",
            "brief": "亚玛力"
        },
        "17": {
            "sn": "08478",
            "brief": "1. 名词：位置、地方；2. 介系词：在…之下；3. 介系词：代替、因为"
        },
        "18": {
            "sn": "08064",
            "brief": "天"
        }
    },
    "12": {
        "literal": "约书亚…杀退了亚玛力王和他的百姓。(…处填入下行)用刀",
        "0": {
            "sn": "02522",
            "brief": "攻败、削弱"
        },
        "1": {
            "sn": "03091",
            "brief": "约书亚"
        },
        "2": {
            "sn": "00853",
            "brief": "不必翻译"
        },
        "3": {
            "sn": "06002",
            "brief": "亚玛力"
        },
        "4": {
            "sn": "00853",
            "brief": "不必翻译"
        },
        "5": {
            "sn": "05971",
            "brief": "百姓、国民"
        },
        "6": {
            "sn": "06310",
            "brief": "口、命令、末端、沿岸、比例"
        },
        "7": {
            "sn": "02719",
            "brief": "刀"
        },
        "8": {
            "sn": "09015",
            "brief": "开的意思"
        }
    },
    "14": {
        "literal": "摩西筑了一座坛，起名叫雅威•尼西，",
        "0": {
            "sn": "01129",
            "brief": "建造"
        },
        "1": {
            "sn": "04872",
            "brief": "摩西"
        },
        "2": {
            "sn": "04196",
            "brief": "祭坛"
        },
        "3": {
            "sn": "07121",
            "brief": "喊叫、召集、称呼、求告、朗读"
        },
        "4": {
            "sn": "08034",
            "brief": "名、名字"
        },
        "5": {
            "sn": "03071",
            "brief": "雅威•尼西"
        },
        "6": {
            "sn": "03071",
            "brief": "雅威•尼西"
        }
    },
    "15": {
        "literal": "又说：「手放在雅威的宝座上，雅威必世世代代和亚玛力人争战。」",
        "0": {
            "sn": "00559",
            "brief": "说"
        },
        "1": {
            "sn": "03588",
            "brief": "因为、不必翻译"
        },
        "2": {
            "sn": "03027",
            "brief": "手、边、力量、权势"
        },
        "3": {
            "sn": "05921",
            "brief": "在…上面"
        },
        "4": {
            "sn": "03676",
            "brief": "王位、王权"
        },
        "5": {
            "sn": "03050",
            "brief": "上帝的名字「雅威」的短型式。"
        },
        "6": {
            "sn": "04421",
            "brief": "战争"
        },
        "7": {
            "sn": "03068",
            "brief": "上帝的名字「雅威」，犹太人尊称为「上主」"
        },
        "8": {
            "sn": "06002",
            "brief": "亚玛力"
        },
        "9": {
            "sn": "01755",
            "brief": "年代、世代、后代、居所"
        },
        "10": {
            "sn": "01755",
            "brief": "年代、世代、后代、居所"
        },
        "11": {
            "sn": "09015",
            "brief": "开的意思"
        }
    },
    "10": {
        "literal": "摩西何时举起他的手，以色列人就得胜，何时垂下他的手，亚玛力人就得胜。",
        "0": {
            "sn": "01961",
            "brief": "是、成为、临到"
        },
        "1": {
            "sn": "00834",
            "brief": "不必翻译"
        },
        "3": {
            "sn": "04872",
            "brief": "摩西"
        },
        "4": {
            "sn": "03027",
            "brief": "手、边、力量、权势"
        },
        "5": {
            "sn": "01396",
            "brief": "胜过、强壮的、加强"
        },
        "6": {
            "sn": "03478",
            "brief": "以色列"
        },
        "7": {
            "sn": "00834",
            "brief": "不必翻译"
        },
        "9": {
            "sn": "03027",
            "brief": "手、边、力量、权势"
        },
        "10": {
            "sn": "01396",
            "brief": "胜过、强壮的、加强"
        },
        "11": {
            "sn": "06002",
            "brief": "亚玛力"
        },
        "2": {
            "sn": "07311",
            "brief": "高举、抬高"
        },
        "8": {
            "sn": "05117",
            "brief": "安息、休息"
        }
    },
    "0": {
        "literal": "以色列全会众都…往前行，(…处填入下行)遵雅威的吩咐，从汛的旷野按着行程他们在利非订安营。百姓没有水喝，",
        "0": {
            "sn": "05265",
            "brief": "迁移、启程、前行、离开"
        },
        "1": {
            "sn": "03605",
            "brief": "全部、整个、各"
        },
        "2": {
            "sn": "05712",
            "brief": "会众"
        },
        "3": {
            "sn": "01121",
            "brief": "儿子、孙子、后裔、成员"
        },
        "4": {
            "sn": "03478",
            "brief": "以色列"
        },
        "5": {
            "sn": "04057",
            "brief": "旷野"
        },
        "6": {
            "sn": "05512",
            "brief": "训、汛"
        },
        "7": {
            "sn": "04550",
            "brief": "启程、旅程"
        },
        "8": {
            "sn": "05921",
            "brief": "在…上面"
        },
        "9": {
            "sn": "06310",
            "brief": "口、命令、末端、沿岸、比例"
        },
        "10": {
            "sn": "03068",
            "brief": "上帝的名字「雅威」，犹太人尊称为「上主」"
        },
        "11": {
            "sn": "02583",
            "brief": "安营、扎营、搭帐棚"
        },
        "12": {
            "sn": "07508",
            "brief": "利非订"
        },
        "13": {
            "sn": "00369",
            "brief": "不存在、没有"
        },
        "14": {
            "sn": "04325",
            "brief": "水"
        },
        "15": {
            "sn": "08354",
            "brief": "喝"
        },
        "16": {
            "sn": "05971",
            "brief": "百姓、国民"
        }
    }
}