{
    "12": {
        "1": {
            "sn": "04283",
            "brief": "翌日"
        },
        "7": {
            "sn": "05975",
            "brief": "Qal 站立、侍立、停留，Hif‘il 设立、使坚定"
        },
        "literal": "第二天，摩西坐着审判百姓，百姓从早到晚都站在摩西的左右。",
        "0": {
            "sn": "01961",
            "brief": "是、成为、临到"
        },
        "2": {
            "sn": "03427",
            "brief": "居住、坐、停留"
        },
        "3": {
            "sn": "04872",
            "brief": "摩西"
        },
        "4": {
            "sn": "08199",
            "brief": "断定是非、审判、辩白、处罚"
        },
        "5": {
            "sn": "00853",
            "brief": "不必翻译"
        },
        "6": {
            "sn": "05971",
            "brief": "百姓、国民"
        },
        "8": {
            "sn": "05971",
            "brief": "百姓、国民"
        },
        "9": {
            "sn": "05921",
            "brief": "在…上面"
        },
        "10": {
            "sn": "04872",
            "brief": "摩西"
        },
        "11": {
            "sn": "04480",
            "brief": "从、离开"
        },
        "12": {
            "sn": "01242",
            "brief": "早晨"
        },
        "13": {
            "sn": "05704",
            "brief": "直到、甚至"
        },
        "14": {
            "sn": "06153",
            "brief": "黄昏"
        }
    },
    "24": {
        "literal": "摩西从以色列人中拣选了有才能的人，立他们为首领管理百姓，有千夫长、百夫长、五十夫长、十夫长。",
        "15": {
            "sn": "08269",
            "brief": "领袖"
        },
        "1": {
            "sn": "04872",
            "brief": "摩西"
        },
        "2": {
            "sn": "00376",
            "brief": "各人、人、男人、丈夫"
        },
        "3": {
            "sn": "02428",
            "brief": "军队、力量、财富、能力"
        },
        "4": {
            "sn": "03605",
            "brief": "全部、整个、各"
        },
        "5": {
            "sn": "03478",
            "brief": "以色列"
        },
        "6": {
            "sn": "05414",
            "brief": "赐、给"
        },
        "7": {
            "sn": "00853",
            "brief": "不必翻译"
        },
        "8": {
            "sn": "07218",
            "brief": "头、起头、山顶、领袖"
        },
        "9": {
            "sn": "05921",
            "brief": "在…上面"
        },
        "10": {
            "sn": "05971",
            "brief": "百姓、国民"
        },
        "11": {
            "sn": "08269",
            "brief": "领袖"
        },
        "12": {
            "sn": "00505",
            "brief": "许多、数目的「一千」"
        },
        "13": {
            "sn": "08269",
            "brief": "领袖"
        },
        "14": {
            "sn": "03967",
            "brief": "数目的「一百」"
        },
        "16": {
            "sn": "02572",
            "brief": "数目的「五十」"
        },
        "17": {
            "sn": "08269",
            "brief": "领袖"
        },
        "18": {
            "sn": "06235",
            "brief": "数目的「十」"
        },
        "0": {
            "sn": "00977",
            "brief": "选择、拣选、挑选"
        }
    },
    "6": {
        "4": {
            "sn": "09013",
            "brief": "跪拜、下拜"
        },
        "literal": "摩西迎接他的岳父，向他下拜，与他亲嘴，彼此问安，就进帐棚。",
        "0": {
            "sn": "03318",
            "brief": "出去"
        },
        "1": {
            "sn": "04872",
            "brief": "摩西"
        },
        "2": {
            "sn": "07125",
            "brief": "迎接、遇见、偶然相遇"
        },
        "3": {
            "sn": "02859",
            "brief": "动词：联姻、成为某人的女婿；名词；岳父"
        },
        "7": {
            "sn": "07592",
            "brief": "Qal 问、调查、乞讨，Hif‘il 应允所求"
        },
        "5": {
            "sn": "05401",
            "brief": "I. 放一起、亲嘴；II. 配备"
        },
        "6": {
            "sn": "09001",
            "brief": "给、往、向、到、归属于"
        },
        "8": {
            "sn": "00376",
            "brief": "各人、人、男人、丈夫"
        },
        "9": {
            "sn": "07453",
            "brief": "邻舍、朋友"
        },
        "10": {
            "sn": "07965",
            "brief": "平安、完全、全部"
        },
        "11": {
            "sn": "00935",
            "brief": "来、进入、临到、发生"
        },
        "12": {
            "sn": "00168",
            "brief": "帐棚、帐蓬"
        }
    },
    "26": {
        "5": {
            "sn": "09001",
            "brief": "给、往、向、到、归属于"
        },
        "literal": "摩西让他的岳父走，他(指岳父)就往他的本地去了。",
        "1": {
            "sn": "04872",
            "brief": "摩西"
        },
        "2": {
            "sn": "00853",
            "brief": "不必翻译"
        },
        "3": {
            "sn": "02859",
            "brief": "动词：联姻、成为某人的女婿；名词；岳父"
        },
        "4": {
            "sn": "01980",
            "brief": "去、来"
        },
        "0": {
            "sn": "07971",
            "brief": "差遣、释放、送走、伸出、伸展"
        },
        "6": {
            "sn": "00413",
            "brief": "向、往"
        },
        "7": {
            "sn": "00776",
            "brief": "地、邦国、疆界"
        },
        "8": {
            "sn": "09015",
            "brief": "开的意思"
        }
    },
    "15": {
        "2": {
            "sn": "09001",
            "brief": "给、往、向、到、归属于"
        },
        "11": {
            "sn": "03045",
            "brief": "Qal 知道、认识、辨别、经历，Hif‘il 使知道、宣告"
        },
        "literal": "他们有事的时候就到我这里来，我便在两造之间施行审判；我又叫他们知道上帝的律例和律法。」",
        "0": {
            "sn": "03588",
            "brief": "因为、不必翻译"
        },
        "1": {
            "sn": "01961",
            "brief": "是、成为、临到"
        },
        "3": {
            "sn": "01697",
            "brief": "话语、事情"
        },
        "4": {
            "sn": "00935",
            "brief": "来、进入、临到、发生"
        },
        "5": {
            "sn": "00413",
            "brief": "向、往"
        },
        "6": {
            "sn": "08199",
            "brief": "断定是非、审判、辩白、处罚"
        },
        "7": {
            "sn": "00996",
            "brief": "在…之间"
        },
        "8": {
            "sn": "00376",
            "brief": "各人、人、男人、丈夫"
        },
        "9": {
            "sn": "00996",
            "brief": "在…之间"
        },
        "10": {
            "sn": "07453",
            "brief": "邻舍、朋友"
        },
        "12": {
            "sn": "00853",
            "brief": "不必翻译"
        },
        "13": {
            "sn": "02706",
            "brief": "律例、法令、条例、限度"
        },
        "14": {
            "sn": "00430",
            "brief": "上帝、神、神明"
        },
        "15": {
            "sn": "00853",
            "brief": "不必翻译"
        },
        "16": {
            "sn": "08451",
            "brief": "训诲、律法"
        }
    },
    "19": {
        "literal": "又要将律例和律法教导他们，指示他们他们所当行于其中的道和他们所当做的事；",
        "1": {
            "sn": "00853",
            "brief": "不必翻译"
        },
        "2": {
            "sn": "00853",
            "brief": "不必翻译"
        },
        "0": {
            "sn": "02094",
            "brief": "劝戒、教导、警告"
        },
        "3": {
            "sn": "02706",
            "brief": "律例、法令、条例、限度"
        },
        "4": {
            "sn": "00853",
            "brief": "不必翻译"
        },
        "5": {
            "sn": "08451",
            "brief": "训诲、律法"
        },
        "7": {
            "sn": "09001",
            "brief": "给、往、向、到、归属于"
        },
        "8": {
            "sn": "00853",
            "brief": "不必翻译"
        },
        "9": {
            "sn": "01870",
            "brief": "道路、行为、方向、方法"
        },
        "10": {
            "sn": "01980",
            "brief": "去、来"
        },
        "11": {
            "sn": "09002",
            "brief": "在、用、藉着、与、敌对"
        },
        "12": {
            "sn": "00853",
            "brief": "不必翻译"
        },
        "13": {
            "sn": "04639",
            "brief": "行为、工作"
        },
        "14": {
            "sn": "00834",
            "brief": "不必翻译"
        },
        "15": {
            "sn": "06213",
            "brief": "做"
        },
        "6": {
            "sn": "03045",
            "brief": "Qal 知道、认识、辨别、经历，Hif‘il 使知道、宣告"
        }
    },
    "22": {
        "5": {
            "sn": "06680",
            "brief": "Pi‘el 命令、吩咐"
        },
        "literal": "你若这样行，上帝也这样吩咐你，你就能受得住，这百姓也都平平安安归回他们的住处。」",
        "0": {
            "sn": "00518",
            "brief": "如果"
        },
        "1": {
            "sn": "00853",
            "brief": "不必翻译"
        },
        "2": {
            "sn": "01697",
            "brief": "话语、事情"
        },
        "3": {
            "sn": "02088",
            "brief": "这个"
        },
        "4": {
            "sn": "06213",
            "brief": "做"
        },
        "6": {
            "sn": "00430",
            "brief": "上帝、神、神明"
        },
        "7": {
            "sn": "03201",
            "brief": "能够"
        },
        "9": {
            "sn": "01571",
            "brief": "也"
        },
        "10": {
            "sn": "03605",
            "brief": "全部、整个、各"
        },
        "11": {
            "sn": "05971",
            "brief": "百姓、国民"
        },
        "12": {
            "sn": "02088",
            "brief": "这个"
        },
        "13": {
            "sn": "05921",
            "brief": "在…上面"
        },
        "14": {
            "sn": "04725",
            "brief": "地方"
        },
        "15": {
            "sn": "00935",
            "brief": "来、进入、临到、发生"
        },
        "16": {
            "sn": "07965",
            "brief": "平安、完全、全部"
        },
        "8": {
            "sn": "05975",
            "brief": "Qal 站立、侍立、停留，Hif‘il 设立、使坚定"
        }
    },
    "8": {
        "10": {
            "sn": "05337",
            "brief": "Nif‘al 获救，Pi‘el 拯救、夺取，Hif‘il 营救、抓走"
        },
        "9": {
            "sn": "00834",
            "brief": "不必翻译"
        },
        "literal": "叶忒罗因…一切好处，…便甚欢喜。(…处依序填入下二行)雅威待以色列的就是拯救他们脱离埃及人的手，",
        "0": {
            "sn": "02302",
            "brief": "欢喜"
        },
        "1": {
            "sn": "03503",
            "brief": "叶忒罗"
        },
        "2": {
            "sn": "05921",
            "brief": "在…上面"
        },
        "3": {
            "sn": "03605",
            "brief": "全部、整个、各"
        },
        "5": {
            "sn": "00834",
            "brief": "不必翻译"
        },
        "6": {
            "sn": "06213",
            "brief": "做"
        },
        "7": {
            "sn": "03068",
            "brief": "上帝的名字「雅威」，犹太人尊称为「上主」"
        },
        "8": {
            "sn": "03478",
            "brief": "以色列"
        },
        "4": {
            "sn": "02896",
            "brief": "名词：良善、美好、福乐；形容词：良善的、美好的"
        },
        "11": {
            "sn": "03027",
            "brief": "手、边、力量、权势"
        },
        "12": {
            "sn": "04714",
            "brief": "埃及"
        }
    },
    "18": {
        "12": {
            "sn": "00935",
            "brief": "来、进入、临到、发生"
        },
        "literal": "现在你要听我的话。我为你出个主意，愿上帝与你同在。你要替百姓到上帝面前，将案件奏告上帝；",
        "0": {
            "sn": "06258",
            "brief": "现在"
        },
        "1": {
            "sn": "08085",
            "brief": "听到、听从"
        },
        "2": {
            "sn": "06963",
            "brief": "声音"
        },
        "3": {
            "sn": "03289",
            "brief": "定意、谘询、劝告"
        },
        "4": {
            "sn": "01961",
            "brief": "是、成为、临到"
        },
        "5": {
            "sn": "00430",
            "brief": "上帝、神、神明"
        },
        "6": {
            "sn": "05973",
            "brief": "跟，和"
        },
        "7": {
            "sn": "01961",
            "brief": "是、成为、临到"
        },
        "8": {
            "sn": "00859",
            "brief": "你"
        },
        "9": {
            "sn": "05971",
            "brief": "百姓、国民"
        },
        "10": {
            "sn": "04136",
            "brief": "朝向前方、从前面"
        },
        "11": {
            "sn": "00430",
            "brief": "上帝、神、神明"
        },
        "13": {
            "sn": "00859",
            "brief": "你"
        },
        "14": {
            "sn": "00853",
            "brief": "不必翻译"
        },
        "15": {
            "sn": "01697",
            "brief": "话语、事情"
        },
        "16": {
            "sn": "00413",
            "brief": "向、往"
        },
        "17": {
            "sn": "00430",
            "brief": "上帝、神、神明"
        }
    },
    "9": {
        "5": {
            "sn": "05337",
            "brief": "Nif‘al 获救，Pi‘el 拯救、夺取，Hif‘il 营救、抓走"
        },
        "12": {
            "sn": "05337",
            "brief": "Nif‘al 获救，Pi‘el 拯救、夺取，Hif‘il 营救、抓走"
        },
        "literal": "叶忒罗说：「雅威是应当称颂的；他救了你们脱离埃及(人)的手和法老的手，将这百姓从埃及(人)的手下救出来。",
        "0": {
            "sn": "00559",
            "brief": "说"
        },
        "1": {
            "sn": "03503",
            "brief": "叶忒罗"
        },
        "2": {
            "sn": "01288",
            "brief": "称颂、祝福"
        },
        "3": {
            "sn": "03068",
            "brief": "上帝的名字「雅威」，犹太人尊称为「上主」"
        },
        "4": {
            "sn": "00834",
            "brief": "不必翻译"
        },
        "6": {
            "sn": "00853",
            "brief": "不必翻译"
        },
        "7": {
            "sn": "03027",
            "brief": "手、边、力量、权势"
        },
        "8": {
            "sn": "04714",
            "brief": "埃及"
        },
        "9": {
            "sn": "03027",
            "brief": "手、边、力量、权势"
        },
        "10": {
            "sn": "06547",
            "brief": "法老"
        },
        "11": {
            "sn": "00834",
            "brief": "不必翻译"
        },
        "13": {
            "sn": "00853",
            "brief": "不必翻译"
        },
        "14": {
            "sn": "05971",
            "brief": "百姓、国民"
        },
        "15": {
            "sn": "08478",
            "brief": "1. 名词：位置、地方；2. 介系词：在…之下；3. 介系词：代替、因为"
        },
        "16": {
            "sn": "03027",
            "brief": "手、边、力量、权势"
        },
        "17": {
            "sn": "04714",
            "brief": "埃及"
        }
    },
    "13": {
        "0": {
            "sn": "07200",
            "brief": "Qal 看见、看顾、察觉，Nif‘al 显现，Hif‘il 显明"
        },
        "literal": "摩西的岳父看见他向百姓所做的一切事，就说：「你向百姓做的是甚么事呢？你为甚么独自坐着，众百姓从早到晚都站在你的左右呢？」",
        "1": {
            "sn": "02859",
            "brief": "动词：联姻、成为某人的女婿；名词；岳父"
        },
        "2": {
            "sn": "04872",
            "brief": "摩西"
        },
        "3": {
            "sn": "00853",
            "brief": "不必翻译"
        },
        "4": {
            "sn": "03605",
            "brief": "全部、整个、各"
        },
        "5": {
            "sn": "00834",
            "brief": "不必翻译"
        },
        "6": {
            "sn": "01931",
            "brief": "他"
        },
        "7": {
            "sn": "06213",
            "brief": "做"
        },
        "8": {
            "sn": "05971",
            "brief": "百姓、国民"
        },
        "9": {
            "sn": "00559",
            "brief": "说"
        },
        "10": {
            "sn": "04100",
            "brief": "什么"
        },
        "11": {
            "sn": "01697",
            "brief": "话语、事情"
        },
        "12": {
            "sn": "02088",
            "brief": "这个"
        },
        "13": {
            "sn": "00834",
            "brief": "不必翻译"
        },
        "14": {
            "sn": "00859",
            "brief": "你"
        },
        "15": {
            "sn": "06213",
            "brief": "做"
        },
        "16": {
            "sn": "05971",
            "brief": "百姓、国民"
        },
        "17": {
            "sn": "04069",
            "brief": "为什么"
        },
        "18": {
            "sn": "00859",
            "brief": "你"
        },
        "19": {
            "sn": "03427",
            "brief": "居住、坐、停留"
        },
        "20": {
            "sn": "00905",
            "brief": "分开、门闩、片段"
        },
        "21": {
            "sn": "03605",
            "brief": "全部、整个、各"
        },
        "22": {
            "sn": "05971",
            "brief": "百姓、国民"
        },
        "24": {
            "sn": "05921",
            "brief": "在…上面"
        },
        "25": {
            "sn": "04480",
            "brief": "从、离开"
        },
        "26": {
            "sn": "01242",
            "brief": "早晨"
        },
        "27": {
            "sn": "05704",
            "brief": "直到、甚至"
        },
        "28": {
            "sn": "06153",
            "brief": "黄昏"
        },
        "23": {
            "sn": "05324",
            "brief": "Nif’al 起来、立起，Hif‘il 安置、安排"
        }
    },
    "20": {
        "7": {
            "sn": "00430",
            "brief": "上帝、神、神明"
        },
        "8": {
            "sn": "00376",
            "brief": "各人、人、男人、丈夫"
        },
        "literal": "你要从百姓中发掘有才能、敬畏上帝的人，诚实无妄、恨不义之财的人，设立…管理他们，(…处填入下行)千夫长、百夫长、五十夫长、十夫长，",
        "0": {
            "sn": "00859",
            "brief": "你"
        },
        "1": {
            "sn": "02372",
            "brief": "看见、察觉"
        },
        "2": {
            "sn": "03605",
            "brief": "全部、整个、各"
        },
        "3": {
            "sn": "05971",
            "brief": "百姓、国民"
        },
        "4": {
            "sn": "00376",
            "brief": "各人、人、男人、丈夫"
        },
        "5": {
            "sn": "02428",
            "brief": "军队、力量、财富、能力"
        },
        "6": {
            "sn": "03373",
            "brief": "敬畏、害怕"
        },
        "9": {
            "sn": "00571",
            "brief": "真理、诚信、真实、诚实"
        },
        "10": {
            "sn": "08130",
            "brief": "恨"
        },
        "11": {
            "sn": "01215",
            "brief": "利益、不义之财"
        },
        "12": {
            "sn": "07760",
            "brief": "置、放"
        },
        "13": {
            "sn": "05921",
            "brief": "在…上面"
        },
        "14": {
            "sn": "08269",
            "brief": "领袖"
        },
        "15": {
            "sn": "00505",
            "brief": "许多、数目的「一千」"
        },
        "16": {
            "sn": "08269",
            "brief": "领袖"
        },
        "17": {
            "sn": "03967",
            "brief": "数目的「一百」"
        },
        "18": {
            "sn": "08269",
            "brief": "领袖"
        },
        "19": {
            "sn": "02572",
            "brief": "数目的「五十」"
        },
        "20": {
            "sn": "08269",
            "brief": "领袖"
        },
        "21": {
            "sn": "06235",
            "brief": "数目的「十」"
        }
    },
    "2": {
        "7": {
            "sn": "03588",
            "brief": "因为、不必翻译"
        },
        "8": {
            "sn": "00559",
            "brief": "说"
        },
        "literal": "又带着西坡拉的两个儿子，一个名叫革顺，因为摩西说：「我在外邦作了寄居的」；",
        "0": {
            "sn": "00853",
            "brief": "不必翻译"
        },
        "1": {
            "sn": "08147",
            "brief": "数目的「二」"
        },
        "2": {
            "sn": "01121",
            "brief": "儿子、孙子、后裔、成员"
        },
        "3": {
            "sn": "00834",
            "brief": "不必翻译"
        },
        "4": {
            "sn": "08034",
            "brief": "名、名字"
        },
        "5": {
            "sn": "00259",
            "brief": "数目的「一」"
        },
        "6": {
            "sn": "01647",
            "brief": "革顺"
        },
        "9": {
            "sn": "01616",
            "brief": "寄居者"
        },
        "10": {
            "sn": "01961",
            "brief": "是、成为、临到"
        },
        "11": {
            "sn": "00776",
            "brief": "地、邦国、疆界"
        },
        "12": {
            "sn": "05237",
            "brief": "外邦的、外国的"
        }
    },
    "1": {
        "literal": "摩西的岳父叶忒罗便带着西坡拉，摩西的妻子，在他(指摩西)送她回去之后，",
        "0": {
            "sn": "03947",
            "brief": "Qal 拿、取"
        },
        "1": {
            "sn": "03503",
            "brief": "叶忒罗"
        },
        "2": {
            "sn": "02859",
            "brief": "动词：联姻、成为某人的女婿；名词；岳父"
        },
        "3": {
            "sn": "04872",
            "brief": "摩西"
        },
        "4": {
            "sn": "00853",
            "brief": "不必翻译"
        },
        "5": {
            "sn": "06855",
            "brief": "西坡拉"
        },
        "6": {
            "sn": "00802",
            "brief": "女人，妻子"
        },
        "7": {
            "sn": "04872",
            "brief": "摩西"
        },
        "8": {
            "sn": "00310",
            "brief": "后面"
        },
        "9": {
            "sn": "07964",
            "brief": "差遣走、送别礼"
        }
    },
    "16": {
        "literal": "摩西的岳父对他说：「你做的这件事不好。",
        "0": {
            "sn": "00559",
            "brief": "说"
        },
        "1": {
            "sn": "02859",
            "brief": "动词：联姻、成为某人的女婿；名词；岳父"
        },
        "2": {
            "sn": "04872",
            "brief": "摩西"
        },
        "3": {
            "sn": "00413",
            "brief": "向、往"
        },
        "6": {
            "sn": "01697",
            "brief": "话语、事情"
        },
        "7": {
            "sn": "00834",
            "brief": "不必翻译"
        },
        "8": {
            "sn": "00859",
            "brief": "你"
        },
        "9": {
            "sn": "06213",
            "brief": "做"
        },
        "4": {
            "sn": "03808",
            "brief": "不"
        },
        "5": {
            "sn": "02896",
            "brief": "名词：良善、美好、福乐；形容词：良善的、美好的"
        }
    },
    "23": {
        "literal": "于是，摩西听从他岳父的话，做了一切他所说的。",
        "0": {
            "sn": "08085",
            "brief": "听到、听从"
        },
        "1": {
            "sn": "04872",
            "brief": "摩西"
        },
        "2": {
            "sn": "06963",
            "brief": "声音"
        },
        "3": {
            "sn": "02859",
            "brief": "动词：联姻、成为某人的女婿；名词；岳父"
        },
        "4": {
            "sn": "06213",
            "brief": "做"
        },
        "5": {
            "sn": "03605",
            "brief": "全部、整个、各"
        },
        "6": {
            "sn": "00834",
            "brief": "不必翻译"
        },
        "7": {
            "sn": "00559",
            "brief": "说"
        }
    },
    "5": {
        "literal": "他对摩西说：「我是你岳父叶忒罗，带着你的妻子和与她在一起的她的两个儿子来到你这里。」",
        "0": {
            "sn": "00559",
            "brief": "说"
        },
        "1": {
            "sn": "00413",
            "brief": "向、往"
        },
        "2": {
            "sn": "04872",
            "brief": "摩西"
        },
        "3": {
            "sn": "00589",
            "brief": "我"
        },
        "4": {
            "sn": "02859",
            "brief": "动词：联姻、成为某人的女婿；名词；岳父"
        },
        "5": {
            "sn": "03503",
            "brief": "叶忒罗"
        },
        "6": {
            "sn": "00935",
            "brief": "来、进入、临到、发生"
        },
        "7": {
            "sn": "00413",
            "brief": "向、往"
        },
        "8": {
            "sn": "00802",
            "brief": "女人，妻子"
        },
        "9": {
            "sn": "08147",
            "brief": "数目的「二」"
        },
        "10": {
            "sn": "01121",
            "brief": "儿子、孙子、后裔、成员"
        },
        "11": {
            "sn": "05973",
            "brief": "跟，和"
        }
    },
    "17": {
        "literal": "你和…必都疲惫；(…处填入下行)与你在一起的这百姓因为这事对你太重，你独自一人无法办它。",
        "0": {
            "sn": "05034",
            "brief": "陷落、下沉、枯萎、无知"
        },
        "1": {
            "sn": "05034",
            "brief": "陷落、下沉、枯萎、无知"
        },
        "2": {
            "sn": "01571",
            "brief": "也"
        },
        "3": {
            "sn": "00859",
            "brief": "你"
        },
        "4": {
            "sn": "01571",
            "brief": "也"
        },
        "5": {
            "sn": "05971",
            "brief": "百姓、国民"
        },
        "6": {
            "sn": "02088",
            "brief": "这个"
        },
        "7": {
            "sn": "00834",
            "brief": "不必翻译"
        },
        "8": {
            "sn": "05973",
            "brief": "跟，和"
        },
        "9": {
            "sn": "03588",
            "brief": "因为、不必翻译"
        },
        "10": {
            "sn": "03515",
            "brief": "大的、重的、多的"
        },
        "11": {
            "sn": "04480",
            "brief": "从、离开"
        },
        "12": {
            "sn": "01697",
            "brief": "话语、事情"
        },
        "14": {
            "sn": "03201",
            "brief": "能够"
        },
        "15": {
            "sn": "06213",
            "brief": "做"
        },
        "16": {
            "sn": "00905",
            "brief": "分开、门闩、片段"
        },
        "13": {
            "sn": "03808",
            "brief": "不"
        }
    },
    "25": {
        "literal": "他们随时审判百姓，有难断的案件就呈到摩西那里，但各样小事他们自己审判。",
        "0": {
            "sn": "08199",
            "brief": "断定是非、审判、辩白、处罚"
        },
        "1": {
            "sn": "00853",
            "brief": "不必翻译"
        },
        "2": {
            "sn": "05971",
            "brief": "百姓、国民"
        },
        "3": {
            "sn": "03605",
            "brief": "全部、整个、各"
        },
        "4": {
            "sn": "06256",
            "brief": "时候、时刻"
        },
        "5": {
            "sn": "00853",
            "brief": "不必翻译"
        },
        "6": {
            "sn": "01697",
            "brief": "话语、事情"
        },
        "7": {
            "sn": "07186",
            "brief": "硬的、顽固的、艰苦的、残忍的"
        },
        "9": {
            "sn": "00413",
            "brief": "向、往"
        },
        "10": {
            "sn": "04872",
            "brief": "摩西"
        },
        "11": {
            "sn": "03605",
            "brief": "全部、整个、各"
        },
        "12": {
            "sn": "01697",
            "brief": "话语、事情"
        },
        "13": {
            "sn": "06996",
            "brief": "小的"
        },
        "14": {
            "sn": "08199",
            "brief": "断定是非、审判、辩白、处罚"
        },
        "15": {
            "sn": "01992",
            "brief": "他们"
        },
        "8": {
            "sn": "00935",
            "brief": "来、进入、临到、发生"
        }
    },
    "21": {
        "9": {
            "sn": "00935",
            "brief": "来、进入、临到、发生"
        },
        "literal": "叫他们随时审判百姓，大事都要呈到你这里，小事他们自己可以审判。这样，你就轻省些，他们也可与你同当此任。",
        "0": {
            "sn": "08199",
            "brief": "断定是非、审判、辩白、处罚"
        },
        "1": {
            "sn": "00853",
            "brief": "不必翻译"
        },
        "2": {
            "sn": "05971",
            "brief": "百姓、国民"
        },
        "3": {
            "sn": "03605",
            "brief": "全部、整个、各"
        },
        "4": {
            "sn": "06256",
            "brief": "时候、时刻"
        },
        "5": {
            "sn": "01961",
            "brief": "是、成为、临到"
        },
        "6": {
            "sn": "03605",
            "brief": "全部、整个、各"
        },
        "7": {
            "sn": "01697",
            "brief": "话语、事情"
        },
        "8": {
            "sn": "01419",
            "brief": "大的、伟大的"
        },
        "10": {
            "sn": "00413",
            "brief": "向、往"
        },
        "11": {
            "sn": "03605",
            "brief": "全部、整个、各"
        },
        "12": {
            "sn": "01697",
            "brief": "话语、事情"
        },
        "13": {
            "sn": "06996",
            "brief": "小的"
        },
        "14": {
            "sn": "08199",
            "brief": "断定是非、审判、辩白、处罚"
        },
        "15": {
            "sn": "01992",
            "brief": "他们"
        },
        "17": {
            "sn": "05921",
            "brief": "在…上面"
        },
        "18": {
            "sn": "05375",
            "brief": "高举、举起、背负、承担"
        },
        "19": {
            "sn": "00854",
            "brief": "与、跟"
        },
        "16": {
            "sn": "07043",
            "brief": "\tQal 轻，Pi‘el 咒骂、诅咒，Pu‘al 被咒骂、被诅咒，Nif‘al 看为轻、轻视，Hif‘il 减轻、轻视，Pilpel 摇动"
        }
    },
    "14": {
        "literal": "摩西对岳父说：「这是因百姓到我这里来求问上帝。",
        "0": {
            "sn": "00559",
            "brief": "说"
        },
        "1": {
            "sn": "04872",
            "brief": "摩西"
        },
        "2": {
            "sn": "02859",
            "brief": "动词：联姻、成为某人的女婿；名词；岳父"
        },
        "3": {
            "sn": "03588",
            "brief": "因为、不必翻译"
        },
        "4": {
            "sn": "00935",
            "brief": "来、进入、临到、发生"
        },
        "5": {
            "sn": "00413",
            "brief": "向、往"
        },
        "6": {
            "sn": "05971",
            "brief": "百姓、国民"
        },
        "7": {
            "sn": "01875",
            "brief": "寻求、寻找"
        },
        "8": {
            "sn": "00430",
            "brief": "上帝、神、神明"
        }
    },
    "4": {
        "7": {
            "sn": "04872",
            "brief": "摩西"
        },
        "6": {
            "sn": "00413",
            "brief": "向、往"
        },
        "literal": "摩西的岳父叶忒罗带着他(指摩西)的儿子们和他的妻子来到摩西那里，到旷野他安营在那里的地方，上帝的山。",
        "0": {
            "sn": "00935",
            "brief": "来、进入、临到、发生"
        },
        "1": {
            "sn": "03503",
            "brief": "叶忒罗"
        },
        "2": {
            "sn": "02859",
            "brief": "动词：联姻、成为某人的女婿；名词；岳父"
        },
        "3": {
            "sn": "04872",
            "brief": "摩西"
        },
        "4": {
            "sn": "01121",
            "brief": "儿子、孙子、后裔、成员"
        },
        "5": {
            "sn": "00802",
            "brief": "女人，妻子"
        },
        "8": {
            "sn": "00413",
            "brief": "向、往"
        },
        "9": {
            "sn": "04057",
            "brief": "旷野"
        },
        "10": {
            "sn": "00834",
            "brief": "不必翻译"
        },
        "11": {
            "sn": "01931",
            "brief": "他"
        },
        "12": {
            "sn": "02583",
            "brief": "安营、扎营、搭帐棚"
        },
        "13": {
            "sn": "08033",
            "brief": "那里"
        },
        "14": {
            "sn": "02022",
            "brief": "山"
        },
        "15": {
            "sn": "00430",
            "brief": "上帝、神、神明"
        }
    },
    "0": {
        "literal": "摩西的岳父，米甸祭司叶忒罗，听见上帝为摩西和上帝的百姓以色列所行的一切事，就是雅威将以色列从埃及领出来，",
        "0": {
            "sn": "08085",
            "brief": "听到、听从"
        },
        "1": {
            "sn": "03503",
            "brief": "叶忒罗"
        },
        "2": {
            "sn": "03548",
            "brief": "祭司"
        },
        "3": {
            "sn": "04080",
            "brief": "米甸"
        },
        "4": {
            "sn": "02859",
            "brief": "动词：联姻、成为某人的女婿；名词；岳父"
        },
        "5": {
            "sn": "04872",
            "brief": "摩西"
        },
        "6": {
            "sn": "00853",
            "brief": "不必翻译"
        },
        "7": {
            "sn": "03605",
            "brief": "全部、整个、各"
        },
        "8": {
            "sn": "00834",
            "brief": "不必翻译"
        },
        "9": {
            "sn": "06213",
            "brief": "做"
        },
        "10": {
            "sn": "00430",
            "brief": "上帝、神、神明"
        },
        "11": {
            "sn": "04872",
            "brief": "摩西"
        },
        "12": {
            "sn": "03478",
            "brief": "以色列"
        },
        "13": {
            "sn": "05971",
            "brief": "百姓、国民"
        },
        "14": {
            "sn": "03588",
            "brief": "因为、不必翻译"
        },
        "16": {
            "sn": "03068",
            "brief": "上帝的名字「雅威」，犹太人尊称为「上主」"
        },
        "17": {
            "sn": "00853",
            "brief": "不必翻译"
        },
        "18": {
            "sn": "03478",
            "brief": "以色列"
        },
        "19": {
            "sn": "04714",
            "brief": "埃及"
        },
        "15": {
            "sn": "03318",
            "brief": "出去"
        }
    },
    "11": {
        "literal": "摩西的岳父叶忒罗取了燔祭和祭物(献)给上帝。亚伦和以色列的众长老都来了，…吃饭。(…处填入下行)与摩西的岳父一起在上帝面前",
        "0": {
            "sn": "03947",
            "brief": "Qal 拿、取"
        },
        "1": {
            "sn": "03503",
            "brief": "叶忒罗"
        },
        "2": {
            "sn": "02859",
            "brief": "动词：联姻、成为某人的女婿；名词；岳父"
        },
        "3": {
            "sn": "04872",
            "brief": "摩西"
        },
        "4": {
            "sn": "05930",
            "brief": "燔祭、阶梯"
        },
        "5": {
            "sn": "02077",
            "brief": "祭、献祭"
        },
        "6": {
            "sn": "00430",
            "brief": "上帝、神、神明"
        },
        "7": {
            "sn": "00935",
            "brief": "来、进入、临到、发生"
        },
        "8": {
            "sn": "00175",
            "brief": "亚伦"
        },
        "9": {
            "sn": "03605",
            "brief": "全部、整个、各"
        },
        "10": {
            "sn": "02205",
            "brief": "年老的"
        },
        "11": {
            "sn": "03478",
            "brief": "以色列"
        },
        "12": {
            "sn": "00398",
            "brief": "吃、吞吃"
        },
        "13": {
            "sn": "03899",
            "brief": "面包、食物"
        },
        "14": {
            "sn": "05973",
            "brief": "跟，和"
        },
        "15": {
            "sn": "02859",
            "brief": "动词：联姻、成为某人的女婿；名词；岳父"
        },
        "16": {
            "sn": "04872",
            "brief": "摩西"
        },
        "17": {
            "sn": "03942",
            "brief": "在…面前"
        },
        "18": {
            "sn": "00430",
            "brief": "上帝、神、神明"
        }
    },
    "10": {
        "3": {
            "sn": "01419",
            "brief": "大的、伟大的"
        },
        "literal": "我现今…得知，(…处填入末行)雅威比万神都大。」在埃及人向这百姓发狂傲的事上",
        "0": {
            "sn": "06258",
            "brief": "现在"
        },
        "2": {
            "sn": "03588",
            "brief": "因为、不必翻译"
        },
        "1": {
            "sn": "03045",
            "brief": "Qal 知道、认识、辨别、经历，Hif‘il 使知道、宣告"
        },
        "4": {
            "sn": "03068",
            "brief": "上帝的名字「雅威」，犹太人尊称为「上主」"
        },
        "5": {
            "sn": "03605",
            "brief": "全部、整个、各"
        },
        "6": {
            "sn": "00430",
            "brief": "上帝、神、神明"
        },
        "7": {
            "sn": "03588",
            "brief": "因为、不必翻译"
        },
        "8": {
            "sn": "01697",
            "brief": "话语、事情"
        },
        "9": {
            "sn": "00834",
            "brief": "不必翻译"
        },
        "10": {
            "sn": "02102",
            "brief": "傲慢、自大、熬煮、煮沸"
        },
        "11": {
            "sn": "05921",
            "brief": "在…上面"
        }
    },
    "3": {
        "3": {
            "sn": "03588",
            "brief": "因为、不必翻译"
        },
        "4": {
            "sn": "00430",
            "brief": "上帝、神、神明"
        },
        "literal": "一个名叫以利以谢，因为(他说)：「我父亲的上帝帮助了我，救我脱离法老的刀。」",
        "0": {
            "sn": "08034",
            "brief": "名、名字"
        },
        "1": {
            "sn": "00259",
            "brief": "数目的「一」"
        },
        "2": {
            "sn": "00461",
            "brief": "以利以谢"
        },
        "5": {
            "sn": "00001",
            "brief": "父亲、祖先"
        },
        "6": {
            "sn": "05828",
            "brief": "帮助"
        },
        "8": {
            "sn": "02719",
            "brief": "刀"
        },
        "9": {
            "sn": "06547",
            "brief": "法老"
        },
        "7": {
            "sn": "05337",
            "brief": "Nif‘al 获救，Pi‘el 拯救、夺取，Hif‘il 营救、抓走"
        }
    },
    "7": {
        "literal": "摩西为他的岳父讲述雅威…向法老和埃及人所行的一切事，(…处填入下行)为以色列的缘故以及他们在路上他们所遭遇的一切艰难，并雅威怎样搭救他们，",
        "0": {
            "sn": "05608",
            "brief": "1. 动词：述说、计算；2. 名词：文士、书记"
        },
        "1": {
            "sn": "04872",
            "brief": "摩西"
        },
        "2": {
            "sn": "02859",
            "brief": "动词：联姻、成为某人的女婿；名词；岳父"
        },
        "3": {
            "sn": "00853",
            "brief": "不必翻译"
        },
        "4": {
            "sn": "03605",
            "brief": "全部、整个、各"
        },
        "5": {
            "sn": "00834",
            "brief": "不必翻译"
        },
        "6": {
            "sn": "06213",
            "brief": "做"
        },
        "7": {
            "sn": "03068",
            "brief": "上帝的名字「雅威」，犹太人尊称为「上主」"
        },
        "8": {
            "sn": "06547",
            "brief": "法老"
        },
        "9": {
            "sn": "04714",
            "brief": "埃及"
        },
        "10": {
            "sn": "05921",
            "brief": "在…上面"
        },
        "11": {
            "sn": "00182",
            "brief": "理由"
        },
        "12": {
            "sn": "03478",
            "brief": "以色列"
        },
        "13": {
            "sn": "00853",
            "brief": "不必翻译"
        },
        "14": {
            "sn": "03605",
            "brief": "全部、整个、各"
        },
        "15": {
            "sn": "08513",
            "brief": "艰难、困苦"
        },
        "16": {
            "sn": "00834",
            "brief": "不必翻译"
        },
        "17": {
            "sn": "04672",
            "brief": "寻找、追上、获得、发现"
        },
        "18": {
            "sn": "01870",
            "brief": "道路、行为、方向、方法"
        },
        "19": {
            "sn": "05337",
            "brief": "Nif‘al 获救，Pi‘el 拯救、夺取，Hif‘il 营救、抓走"
        },
        "20": {
            "sn": "03068",
            "brief": "上帝的名字「雅威」，犹太人尊称为「上主」"
        }
    }
}