{
    "4": {
        "1": {
            "sn": "09013",
            "brief": "跪拜、下拜"
        },
        "3": {
            "sn": "03808",
            "brief": "不"
        },
        "literal": "不可跪拜那些像，也不可事奉它们，因为我雅威―你的上帝是忌邪的上帝。…我要惩罚罪孽，自父及子，(…处填入末行)直到三四代；恨我的，",
        "2": {
            "sn": "09001",
            "brief": "给、往、向、到、归属于"
        },
        "4": {
            "sn": "05647",
            "brief": "工作、服事"
        },
        "5": {
            "sn": "03588",
            "brief": "因为、不必翻译"
        },
        "6": {
            "sn": "00595",
            "brief": "我"
        },
        "7": {
            "sn": "03068",
            "brief": "上帝的名字「雅威」，犹太人尊称为「上主」"
        },
        "8": {
            "sn": "00430",
            "brief": "上帝、神、神明"
        },
        "9": {
            "sn": "00410",
            "brief": "上帝、神明、能力、力量"
        },
        "10": {
            "sn": "07067",
            "brief": "忌妒的"
        },
        "11": {
            "sn": "06485",
            "brief": "访问、眷顾、惩罚、派定、计算、缺少"
        },
        "12": {
            "sn": "05771",
            "brief": "罪孽"
        },
        "13": {
            "sn": "00001",
            "brief": "父亲、祖先"
        },
        "14": {
            "sn": "05921",
            "brief": "在…上面"
        },
        "15": {
            "sn": "01121",
            "brief": "儿子、孙子、后裔、成员"
        },
        "16": {
            "sn": "05921",
            "brief": "在…上面"
        },
        "0": {
            "sn": "03808",
            "brief": "不"
        },
        "17": {
            "sn": "08029",
            "brief": "属第三"
        },
        "18": {
            "sn": "05921",
            "brief": "在…上面"
        },
        "19": {
            "sn": "07256",
            "brief": "属第四"
        },
        "20": {
            "sn": "08130",
            "brief": "恨"
        }
    },
    "10": {
        "14": {
            "sn": "09002",
            "brief": "在、用、藉着、与、敌对"
        },
        "25": {
            "sn": "06942",
            "brief": "分别为圣、把…奉献给上帝"
        },
        "literal": "因为六日之内，雅威造天、地、海，和其中的万物，第七日便安息，所以雅威赐福与安息日，定它为圣日。",
        "0": {
            "sn": "03588",
            "brief": "因为、不必翻译"
        },
        "1": {
            "sn": "08337",
            "brief": "数目的「六」"
        },
        "2": {
            "sn": "03117",
            "brief": "日子、时候"
        },
        "3": {
            "sn": "06213",
            "brief": "做"
        },
        "4": {
            "sn": "03068",
            "brief": "上帝的名字「雅威」，犹太人尊称为「上主」"
        },
        "5": {
            "sn": "00853",
            "brief": "不必翻译"
        },
        "6": {
            "sn": "08064",
            "brief": "天"
        },
        "7": {
            "sn": "00853",
            "brief": "不必翻译"
        },
        "8": {
            "sn": "00776",
            "brief": "地、邦国、疆界"
        },
        "9": {
            "sn": "00853",
            "brief": "不必翻译"
        },
        "10": {
            "sn": "03220",
            "brief": "海、西方"
        },
        "11": {
            "sn": "00853",
            "brief": "不必翻译"
        },
        "12": {
            "sn": "03605",
            "brief": "全部、整个、各"
        },
        "13": {
            "sn": "00834",
            "brief": "不必翻译"
        },
        "20": {
            "sn": "01288",
            "brief": "祝福"
        },
        "15": {
            "sn": "05117",
            "brief": "休息"
        },
        "16": {
            "sn": "03117",
            "brief": "日子、时候"
        },
        "17": {
            "sn": "07637",
            "brief": "序数的「第七」"
        },
        "18": {
            "sn": "05921",
            "brief": "在…上面"
        },
        "19": {
            "sn": "03651",
            "brief": "副词：因此、如此、这样；形容词：对、真的、公平、诚实"
        },
        "21": {
            "sn": "03068",
            "brief": "上帝的名字「雅威」，犹太人尊称为「上主」"
        },
        "22": {
            "sn": "00853",
            "brief": "不必翻译"
        },
        "23": {
            "sn": "03117",
            "brief": "日子、时候"
        },
        "24": {
            "sn": "07676",
            "brief": "安息日"
        },
        "26": {
            "sn": "09014",
            "brief": "关闭的意思"
        }
    },
    "17": {
        "8": {
            "sn": "06963",
            "brief": "声音"
        },
        "1": {
            "sn": "05971",
            "brief": "百姓、国民"
        },
        "14": {
            "sn": "05971",
            "brief": "百姓、国民"
        },
        "2": {
            "sn": "07200",
            "brief": "Qal 看见、看顾、察觉，Nif‘al 显现，Hif‘il 显明"
        },
        "literal": "众百姓看见雷轰、闪电、角声、山上冒烟，百姓看见就都发颤，远远的站立，",
        "0": {
            "sn": "03605",
            "brief": "全部、整个、各"
        },
        "3": {
            "sn": "00853",
            "brief": "不必翻译"
        },
        "4": {
            "sn": "06963",
            "brief": "声音"
        },
        "5": {
            "sn": "00853",
            "brief": "不必翻译"
        },
        "6": {
            "sn": "03940",
            "brief": "火炬、火把"
        },
        "7": {
            "sn": "00853",
            "brief": "不必翻译"
        },
        "9": {
            "sn": "07782",
            "brief": "角"
        },
        "10": {
            "sn": "00853",
            "brief": "不必翻译"
        },
        "11": {
            "sn": "02022",
            "brief": "山"
        },
        "12": {
            "sn": "06226",
            "brief": "冒烟的"
        },
        "13": {
            "sn": "07200",
            "brief": "Qal 看见、看顾、察觉，Nif‘al 显现，Hif‘il 显明"
        },
        "15": {
            "sn": "05128",
            "brief": "摇动"
        },
        "16": {
            "sn": "05975",
            "brief": "Qal 站立、侍立、停留，Hif‘il 设立、使坚定"
        },
        "17": {
            "sn": "07350",
            "brief": "远方的"
        }
    },
    "21": {
        "2": {
            "sn": "00413",
            "brief": "向、往"
        },
        "literal": "雅威对摩西说：「你要向以色列人这样说：『你们自己看见我从天上和你们说话了。",
        "0": {
            "sn": "00559",
            "brief": "说"
        },
        "1": {
            "sn": "03068",
            "brief": "上帝的名字「雅威」，犹太人尊称为「上主」"
        },
        "3": {
            "sn": "04872",
            "brief": "摩西"
        },
        "4": {
            "sn": "03541",
            "brief": "如此、这样"
        },
        "5": {
            "sn": "00559",
            "brief": "说"
        },
        "6": {
            "sn": "00413",
            "brief": "向、往"
        },
        "7": {
            "sn": "01121",
            "brief": "儿子、孙子、后裔、成员"
        },
        "8": {
            "sn": "03478",
            "brief": "以色列"
        },
        "9": {
            "sn": "00859",
            "brief": "你"
        },
        "11": {
            "sn": "03588",
            "brief": "因为、不必翻译"
        },
        "12": {
            "sn": "04480",
            "brief": "从、出、离"
        },
        "13": {
            "sn": "08064",
            "brief": "天"
        },
        "14": {
            "sn": "01696",
            "brief": "Pi‘el 讲、说、指挥"
        },
        "10": {
            "sn": "07200",
            "brief": "Qal 看见、看顾、察觉，Nif‘al 显现，Hif‘il 显明"
        },
        "15": {
            "sn": "05973",
            "brief": "跟，和"
        }
    },
    "20": {
        "9": {
            "sn": "00430",
            "brief": "上帝、神、神明"
        },
        "literal": "百姓远远地站立；摩西就挨近…幽暗之中。(…处填入下行)上帝所在的",
        "1": {
            "sn": "05971",
            "brief": "百姓、国民"
        },
        "2": {
            "sn": "07350",
            "brief": "远方的"
        },
        "3": {
            "sn": "04872",
            "brief": "摩西"
        },
        "4": {
            "sn": "05066",
            "brief": "带来、靠近"
        },
        "5": {
            "sn": "00413",
            "brief": "向、往"
        },
        "6": {
            "sn": "06205",
            "brief": "幽暗、密云"
        },
        "7": {
            "sn": "00834",
            "brief": "不必翻译"
        },
        "8": {
            "sn": "08033",
            "brief": "那里"
        },
        "10": {
            "sn": "09015",
            "brief": "开的意思"
        },
        "0": {
            "sn": "05975",
            "brief": "Qal 站立、侍立、停留，Hif‘il 设立、使坚定"
        }
    },
    "7": {
        "literal": "「当记念安息日，将它分别为圣。",
        "0": {
            "sn": "02142",
            "brief": "提说、纪念、回想"
        },
        "1": {
            "sn": "00853",
            "brief": "不必翻译"
        },
        "2": {
            "sn": "03117",
            "brief": "日子、时候"
        },
        "3": {
            "sn": "07676",
            "brief": "安息日"
        },
        "4": {
            "sn": "06942",
            "brief": "分别为圣、把…奉献给上帝"
        }
    },
    "8": {
        "literal": "六日要劳碌，做你一切的工，",
        "0": {
            "sn": "08337",
            "brief": "数目的「六」"
        },
        "1": {
            "sn": "03117",
            "brief": "日子、时候"
        },
        "2": {
            "sn": "05647",
            "brief": "工作、服事"
        },
        "3": {
            "sn": "06213",
            "brief": "做"
        },
        "4": {
            "sn": "03605",
            "brief": "全部、整个、各"
        },
        "5": {
            "sn": "04399",
            "brief": "工作"
        }
    },
    "9": {
        "literal": "但第七日是雅威―你上帝(所定)的安息日，你，…无论何工都不可做，(…处填入下三行)就是你、和你的儿子、和你的女儿、和你的仆人、和你的使女、和你一切的牲畜，以及(住)在你城门的寄居者，",
        "5": {
            "sn": "03808",
            "brief": "不"
        },
        "0": {
            "sn": "03117",
            "brief": "日子、时候"
        },
        "1": {
            "sn": "07637",
            "brief": "序数的「第七」"
        },
        "2": {
            "sn": "07676",
            "brief": "安息日"
        },
        "3": {
            "sn": "03068",
            "brief": "上帝的名字「雅威」，犹太人尊称为「上主」"
        },
        "4": {
            "sn": "00430",
            "brief": "上帝、神、神明"
        },
        "6": {
            "sn": "06213",
            "brief": "做"
        },
        "7": {
            "sn": "03605",
            "brief": "全部、整个、各"
        },
        "8": {
            "sn": "04399",
            "brief": "工作"
        },
        "9": {
            "sn": "00859",
            "brief": "你"
        },
        "10": {
            "sn": "01121",
            "brief": "儿子、孙子、后裔、成员"
        },
        "11": {
            "sn": "01323",
            "brief": "女子、女儿"
        },
        "12": {
            "sn": "05650",
            "brief": "仆人、奴隶"
        },
        "13": {
            "sn": "00519",
            "brief": "使女、婢女"
        },
        "14": {
            "sn": "00929",
            "brief": "野兽"
        },
        "15": {
            "sn": "01616",
            "brief": "寄居者"
        },
        "16": {
            "sn": "00834",
            "brief": "不必翻译"
        },
        "17": {
            "sn": "08179",
            "brief": "门"
        }
    },
    "1": {
        "0": {
            "sn": "00595",
            "brief": "我"
        },
        "1": {
            "sn": "03068",
            "brief": "上帝的名字「雅威」，犹太人尊称为「上主」"
        },
        "2": {
            "sn": "00430",
            "brief": "上帝、神、神明"
        },
        "3": {
            "sn": "00834",
            "brief": "不必翻译"
        },
        "5": {
            "sn": "00776",
            "brief": "地、邦国、疆界"
        },
        "6": {
            "sn": "04714",
            "brief": "埃及"
        },
        "7": {
            "sn": "01004",
            "brief": "殿、房子、家"
        },
        "8": {
            "sn": "05650",
            "brief": "仆人、奴隶"
        },
        "4": {
            "sn": "03318",
            "brief": "出去"
        },
        "literal": "「我是…雅威―你的上帝，(…处填入下行)曾将你从埃及地为奴之家领出来的"
    },
    "2": {
        "literal": "「你不可有别的神明在我面前。",
        "1": {
            "sn": "01961",
            "brief": "作、是、成为、临到"
        },
        "2": {
            "sn": "09001",
            "brief": "给、往、向、到、归属于"
        },
        "3": {
            "sn": "00430",
            "brief": "上帝、神、神明"
        },
        "4": {
            "sn": "00312",
            "brief": "别的"
        },
        "5": {
            "sn": "05921",
            "brief": "在…上面"
        },
        "6": {
            "sn": "06440",
            "brief": "脸"
        },
        "0": {
            "sn": "03808",
            "brief": "不"
        }
    },
    "3": {
        "literal": "「不可为自己做…任何形像的偶像。(…处填入下二行)上天、和下地和地底下水中",
        "0": {
            "sn": "03808",
            "brief": "不"
        },
        "1": {
            "sn": "06213",
            "brief": "做"
        },
        "2": {
            "sn": "09001",
            "brief": "给、往、向、到、归属于"
        },
        "3": {
            "sn": "06459",
            "brief": "偶像"
        },
        "4": {
            "sn": "03605",
            "brief": "全部、整个、各"
        },
        "5": {
            "sn": "08544",
            "brief": "形像"
        },
        "6": {
            "sn": "00834",
            "brief": "不必翻译"
        },
        "7": {
            "sn": "08064",
            "brief": "天"
        },
        "8": {
            "sn": "04605",
            "brief": "上面"
        },
        "9": {
            "sn": "00834",
            "brief": "不必翻译"
        },
        "10": {
            "sn": "00776",
            "brief": "地、邦国、疆界"
        },
        "11": {
            "sn": "08478",
            "brief": "1. 名词：位置、地方；2. 介系词：在…之下；3. 介系词：代替、因为"
        },
        "12": {
            "sn": "00834",
            "brief": "不必翻译"
        },
        "13": {
            "sn": "04325",
            "brief": "水"
        },
        "14": {
            "sn": "08478",
            "brief": "1. 名词：位置、地方；2. 介系词：在…之下；3. 介系词：代替、因为"
        },
        "15": {
            "sn": "00776",
            "brief": "地、邦国、疆界"
        }
    },
    "6": {
        "0": {
            "sn": "03808",
            "brief": "不"
        },
        "8": {
            "sn": "03808",
            "brief": "不"
        },
        "1": {
            "sn": "05375",
            "brief": "高举、举起、背负、承担"
        },
        "2": {
            "sn": "00853",
            "brief": "不必翻译"
        },
        "3": {
            "sn": "08034",
            "brief": "名字"
        },
        "4": {
            "sn": "03068",
            "brief": "上帝的名字「雅威」，犹太人尊称为「上主」"
        },
        "5": {
            "sn": "00430",
            "brief": "上帝、神、神明"
        },
        "6": {
            "sn": "07723",
            "brief": "空虚、虚浮、虚荣"
        },
        "7": {
            "sn": "03588",
            "brief": "因为、不必翻译"
        },
        "10": {
            "sn": "03068",
            "brief": "上帝的名字「雅威」，犹太人尊称为「上主」"
        },
        "11": {
            "sn": "00853",
            "brief": "不必翻译"
        },
        "12": {
            "sn": "00834",
            "brief": "不必翻译"
        },
        "13": {
            "sn": "05375",
            "brief": "高举、举起、背负、承担"
        },
        "14": {
            "sn": "00853",
            "brief": "不必翻译"
        },
        "15": {
            "sn": "08034",
            "brief": "名字"
        },
        "16": {
            "sn": "07723",
            "brief": "空虚、虚浮、虚荣"
        },
        "17": {
            "sn": "09015",
            "brief": "开的意思"
        },
        "literal": "「不可妄称雅威―你上帝的名；…雅威必不以他为无罪。(…处填入下行)因为妄称他名的，",
        "9": {
            "sn": "05352",
            "brief": "空的、荒凉的"
        }
    },
    "5": {
        "literal": "我必向…施慈爱，直到千代。(…处填入下行)爱我、守我诫命的",
        "0": {
            "sn": "06213",
            "brief": "做"
        },
        "1": {
            "sn": "02617",
            "brief": "良善、慈爱、忠诚"
        },
        "2": {
            "sn": "00505",
            "brief": "许多、数目的「一千」"
        },
        "3": {
            "sn": "00157",
            "brief": "爱"
        },
        "4": {
            "sn": "08104",
            "brief": "遵守、保护、小心"
        },
        "5": {
            "sn": "04687",
            "brief": "命令、吩咐"
        },
        "6": {
            "sn": "09014",
            "brief": "关闭的意思"
        }
    },
    "11": {
        "literal": "「当使你的父亲和你的母亲得尊荣，使你的日子在…地上得以长久。(…处填入下行)雅威―你上帝所赐你的",
        "1": {
            "sn": "00853",
            "brief": "不必翻译"
        },
        "2": {
            "sn": "00001",
            "brief": "父亲、祖先"
        },
        "3": {
            "sn": "00853",
            "brief": "不必翻译"
        },
        "4": {
            "sn": "00517",
            "brief": "母亲"
        },
        "5": {
            "sn": "04616",
            "brief": "为了"
        },
        "7": {
            "sn": "03117",
            "brief": "日子、时候"
        },
        "8": {
            "sn": "05921",
            "brief": "在…上面"
        },
        "9": {
            "sn": "00127",
            "brief": "地"
        },
        "10": {
            "sn": "00834",
            "brief": "不必翻译"
        },
        "11": {
            "sn": "03068",
            "brief": "上帝的名字「雅威」，犹太人尊称为「上主」"
        },
        "12": {
            "sn": "00430",
            "brief": "上帝、神、神明"
        },
        "13": {
            "sn": "05414",
            "brief": "给"
        },
        "14": {
            "sn": "09001",
            "brief": "给、往、向、到、归属于"
        },
        "15": {
            "sn": "09014",
            "brief": "关闭的意思"
        },
        "6": {
            "sn": "00748",
            "brief": "变长"
        },
        "0": {
            "sn": "03513",
            "brief": "Qal 是重的，Nif‘al 受尊重、得荣耀，Pi‘el 荣耀、加重、使迟钝，Hif‘il 加重"
        }
    },
    "12": {
        "1": {
            "sn": "07523",
            "brief": "杀、谋杀"
        },
        "2": {
            "sn": "09014",
            "brief": "关闭的意思"
        },
        "0": {
            "sn": "03808",
            "brief": "不"
        },
        "literal": "「不可杀人。"
    },
    "14": {
        "1": {
            "sn": "01589",
            "brief": "偷盗"
        },
        "2": {
            "sn": "09014",
            "brief": "关闭的意思"
        },
        "0": {
            "sn": "03808",
            "brief": "不"
        },
        "literal": "「不可偷盗。"
    },
    "13": {
        "literal": "「不可奸淫。",
        "1": {
            "sn": "05003",
            "brief": "行奸淫"
        },
        "2": {
            "sn": "09014",
            "brief": "关闭的意思"
        },
        "0": {
            "sn": "03808",
            "brief": "不"
        }
    },
    "15": {
        "literal": "「不可作假见证陷害人。",
        "1": {
            "sn": "06030",
            "brief": "I. 回答、作证；II. 忙；III. 使受苦、 使低微；IV. 唱歌 (I, IV 的 SN 为 6030. II, III 的 SN 为 6031)"
        },
        "2": {
            "sn": "07453",
            "brief": "邻舍、朋友"
        },
        "3": {
            "sn": "05707",
            "brief": "证据"
        },
        "4": {
            "sn": "08267",
            "brief": "虚假"
        },
        "5": {
            "sn": "09014",
            "brief": "关闭的意思"
        },
        "0": {
            "sn": "03808",
            "brief": "不"
        }
    },
    "0": {
        "literal": "上帝吩咐这一切的话说：",
        "1": {
            "sn": "00430",
            "brief": "上帝、神、神明"
        },
        "2": {
            "sn": "00853",
            "brief": "不必翻译"
        },
        "3": {
            "sn": "03605",
            "brief": "全部、整个、各"
        },
        "4": {
            "sn": "01697",
            "brief": "话语、事情"
        },
        "5": {
            "sn": "00428",
            "brief": "这些"
        },
        "6": {
            "sn": "00559",
            "brief": "说"
        },
        "7": {
            "sn": "09014",
            "brief": "关闭的意思"
        },
        "0": {
            "sn": "01696",
            "brief": "Pi‘el 讲、说、指挥"
        }
    },
    "16": {
        "0": {
            "sn": "03808",
            "brief": "不"
        },
        "literal": "「不可贪恋你邻舍的房屋；也不可贪恋你邻舍的妻子、他的仆、他的婢、他的牛、他的驴，就是他一切所有的。」",
        "4": {
            "sn": "03808",
            "brief": "不"
        },
        "2": {
            "sn": "01004",
            "brief": "殿、房子、家"
        },
        "3": {
            "sn": "07453",
            "brief": "邻舍、朋友"
        },
        "6": {
            "sn": "00802",
            "brief": "女人、妻子"
        },
        "7": {
            "sn": "07453",
            "brief": "邻舍、朋友"
        },
        "8": {
            "sn": "05650",
            "brief": "仆人、奴隶"
        },
        "9": {
            "sn": "00519",
            "brief": "使女、婢女"
        },
        "10": {
            "sn": "07794",
            "brief": "公牛"
        },
        "11": {
            "sn": "02543",
            "brief": "驴"
        },
        "12": {
            "sn": "03605",
            "brief": "全部、整个、各"
        },
        "13": {
            "sn": "00834",
            "brief": "不必翻译"
        },
        "14": {
            "sn": "07453",
            "brief": "邻舍、朋友"
        },
        "15": {
            "sn": "09015",
            "brief": "开的意思"
        },
        "1": {
            "sn": "02530",
            "brief": "Qal 喜爱、渴望， Pi‘el 高兴、欢喜"
        },
        "5": {
            "sn": "02530",
            "brief": "Qal 喜爱、渴望， Pi‘el 高兴、欢喜"
        }
    },
    "19": {
        "5": {
            "sn": "03372",
            "brief": "Qal 害怕，Nif‘al 令人畏惧"
        },
        "1": {
            "sn": "04872",
            "brief": "摩西"
        },
        "0": {
            "sn": "00559",
            "brief": "说"
        },
        "8": {
            "sn": "05254",
            "brief": "试验、试探"
        },
        "18": {
            "sn": "02398",
            "brief": "Qal 犯罪；Pi‘el 献赎罪祭、得洁净；Hif‘il 导致犯罪；Hitpa‘el 迷失、洁净自己"
        },
        "literal": "摩西对百姓说：「不要惧怕；因为上帝降临是要试验你们，叫你们时常敬畏他，不致犯罪。」",
        "2": {
            "sn": "00413",
            "brief": "向、往"
        },
        "3": {
            "sn": "05971",
            "brief": "百姓、国民"
        },
        "4": {
            "sn": "00408",
            "brief": "不"
        },
        "6": {
            "sn": "03588",
            "brief": "因为、不必翻译"
        },
        "7": {
            "sn": "05668",
            "brief": "为了"
        },
        "9": {
            "sn": "00853",
            "brief": "不必翻译"
        },
        "10": {
            "sn": "00935",
            "brief": "来、进入、临到、发生"
        },
        "11": {
            "sn": "00430",
            "brief": "上帝、神、神明"
        },
        "12": {
            "sn": "05668",
            "brief": "为了"
        },
        "13": {
            "sn": "01961",
            "brief": "是、成为、临到"
        },
        "14": {
            "sn": "03374",
            "brief": "敬畏、害怕"
        },
        "15": {
            "sn": "05921",
            "brief": "在…上面"
        },
        "16": {
            "sn": "06440",
            "brief": "脸"
        },
        "17": {
            "sn": "01115",
            "brief": "除了、不"
        }
    },
    "22": {
        "literal": "你们不可做银的神和金的神与我相配，不可为自己造(甚么神)。",
        "1": {
            "sn": "06213",
            "brief": "做"
        },
        "2": {
            "sn": "00854",
            "brief": "与、跟"
        },
        "3": {
            "sn": "00430",
            "brief": "上帝、神、神明"
        },
        "4": {
            "sn": "03701",
            "brief": "银子、钱"
        },
        "5": {
            "sn": "00430",
            "brief": "上帝、神、神明"
        },
        "6": {
            "sn": "02091",
            "brief": "金"
        },
        "8": {
            "sn": "06213",
            "brief": "做"
        },
        "9": {
            "sn": "09001",
            "brief": "给、往、向、到、归属于"
        },
        "0": {
            "sn": "03808",
            "brief": "不"
        },
        "7": {
            "sn": "03808",
            "brief": "不"
        }
    },
    "18": {
        "6": {
            "sn": "08085",
            "brief": "Qal 听、听从，Hif‘il 说明、使…听"
        },
        "3": {
            "sn": "01696",
            "brief": "Pi‘el 讲、说、指挥"
        },
        "8": {
            "sn": "01696",
            "brief": "Pi‘el 讲、说、指挥"
        },
        "literal": "他们对摩西说：「请你和我们说话，我们必听；不要上帝和我们说话，恐怕我们死亡。」",
        "0": {
            "sn": "00559",
            "brief": "说"
        },
        "1": {
            "sn": "00413",
            "brief": "向、往"
        },
        "2": {
            "sn": "04872",
            "brief": "摩西"
        },
        "4": {
            "sn": "00859",
            "brief": "你"
        },
        "5": {
            "sn": "05973",
            "brief": "跟，和"
        },
        "7": {
            "sn": "00408",
            "brief": "不"
        },
        "9": {
            "sn": "05973",
            "brief": "跟，和"
        },
        "10": {
            "sn": "00430",
            "brief": "上帝、神、神明"
        },
        "11": {
            "sn": "06435",
            "brief": "恐怕、免得、为了不"
        },
        "12": {
            "sn": "04191",
            "brief": "死"
        }
    },
    "23": {
        "literal": "你要为我筑土坛，在…上面献为燔祭和平安祭。(…处填入下行)以羊和牛凡记下我名的地方，我必到那里赐福给你。",
        "0": {
            "sn": "04196",
            "brief": "祭坛"
        },
        "1": {
            "sn": "00127",
            "brief": "地"
        },
        "2": {
            "sn": "06213",
            "brief": "做"
        },
        "3": {
            "sn": "09001",
            "brief": "给、往、向、到、归属于"
        },
        "4": {
            "sn": "02076",
            "brief": "屠宰、献祭"
        },
        "5": {
            "sn": "05921",
            "brief": "在…上面"
        },
        "6": {
            "sn": "00853",
            "brief": "不必翻译"
        },
        "7": {
            "sn": "05930",
            "brief": "燔祭、阶梯"
        },
        "8": {
            "sn": "00853",
            "brief": "不必翻译"
        },
        "9": {
            "sn": "08002",
            "brief": "平安祭"
        },
        "10": {
            "sn": "00853",
            "brief": "不必翻译"
        },
        "11": {
            "sn": "06629",
            "brief": "羊"
        },
        "12": {
            "sn": "00853",
            "brief": "不必翻译"
        },
        "13": {
            "sn": "01241",
            "brief": "牛"
        },
        "14": {
            "sn": "03605",
            "brief": "全部、整个、各"
        },
        "15": {
            "sn": "04725",
            "brief": "地方"
        },
        "16": {
            "sn": "00834",
            "brief": "不必翻译"
        },
        "17": {
            "sn": "02142",
            "brief": "提说、纪念、回想"
        },
        "18": {
            "sn": "00853",
            "brief": "不必翻译"
        },
        "19": {
            "sn": "08034",
            "brief": "名、名字"
        },
        "20": {
            "sn": "00935",
            "brief": "来、进入、临到、发生"
        },
        "21": {
            "sn": "00413",
            "brief": "向、往"
        },
        "22": {
            "sn": "01288",
            "brief": "称颂、祝福"
        }
    },
    "24": {
        "literal": "你若为我筑石坛，不可用凿成的石头，因你的刀在它(原文用阴性，下同)上头抡动，就把它污秽了。",
        "11": {
            "sn": "05130",
            "brief": "抡起、摇动、挥舞"
        },
        "0": {
            "sn": "00518",
            "brief": "如果"
        },
        "1": {
            "sn": "04196",
            "brief": "祭坛"
        },
        "2": {
            "sn": "00068",
            "brief": "石头、法码、宝石"
        },
        "3": {
            "sn": "06213",
            "brief": "做"
        },
        "4": {
            "sn": "09001",
            "brief": "给、往、向、到、归属于"
        },
        "5": {
            "sn": "03808",
            "brief": "不"
        },
        "6": {
            "sn": "01129",
            "brief": "建造"
        },
        "7": {
            "sn": "00853",
            "brief": "不必翻译"
        },
        "8": {
            "sn": "01496",
            "brief": "凿、切割"
        },
        "9": {
            "sn": "03588",
            "brief": "因为、不必翻译"
        },
        "10": {
            "sn": "02719",
            "brief": "刀"
        },
        "12": {
            "sn": "05921",
            "brief": "在…上面"
        },
        "13": {
            "sn": "02490",
            "brief": "I. Qal 刺杀、伤害；II. Pi‘el 吹笛子；III. Pi‘el 亵渎、污辱、玷污、俗化，Hif‘il 亵渎、开始"
        }
    },
    "25": {
        "literal": "你上我的坛，不可用台阶，免得露出你的下体来。』」",
        "0": {
            "sn": "03808",
            "brief": "不"
        },
        "1": {
            "sn": "05927",
            "brief": "上去、升高、生长、献上"
        },
        "2": {
            "sn": "04609",
            "brief": "上去、阶梯"
        },
        "3": {
            "sn": "05921",
            "brief": "在…上面"
        },
        "4": {
            "sn": "04196",
            "brief": "祭坛"
        },
        "5": {
            "sn": "00834",
            "brief": "不必翻译"
        },
        "6": {
            "sn": "03808",
            "brief": "不"
        },
        "7": {
            "sn": "01540",
            "brief": "显露、揭开、移除、迁移"
        },
        "8": {
            "sn": "06172",
            "brief": "羞辱、裸体"
        },
        "9": {
            "sn": "05921",
            "brief": "在…上面"
        },
        "10": {
            "sn": "09015",
            "brief": "开的意思"
        }
    }
}