{
    "32": {
        "14": {
            "sn": "09001",
            "brief": "给、往、向、到、归属于"
        },
        "5": {
            "sn": "00935",
            "brief": "来、进入、临到、发生"
        },
        "12": {
            "sn": "00914",
            "brief": "隔绝、分开、分别"
        },
        "literal": "要使幔子垂在钩子下，把法柜抬进那里，就是幔子内；这幔子要为你们将…隔开。(…处填入下行)圣所和至圣所",
        "0": {
            "sn": "05414",
            "brief": "赐、给、置"
        },
        "1": {
            "sn": "00853",
            "brief": "不必翻译"
        },
        "2": {
            "sn": "06532",
            "brief": "布幕、罩纱"
        },
        "3": {
            "sn": "08478",
            "brief": "1. 名词：位置、地方；2. 介系词：在…之下；3. 介系词：代替、因为"
        },
        "4": {
            "sn": "07165",
            "brief": "钩"
        },
        "6": {
            "sn": "08033",
            "brief": "那里"
        },
        "7": {
            "sn": "01004",
            "brief": "家、房子、殿"
        },
        "8": {
            "sn": "06532",
            "brief": "布幕、罩纱"
        },
        "9": {
            "sn": "00853",
            "brief": "不必翻译"
        },
        "10": {
            "sn": "00727",
            "brief": "约柜、盒子"
        },
        "11": {
            "sn": "05715",
            "brief": "见证、证言"
        },
        "13": {
            "sn": "06532",
            "brief": "布幕、罩纱"
        },
        "15": {
            "sn": "00996",
            "brief": "在…之间"
        },
        "16": {
            "sn": "06944",
            "brief": "圣所、圣物、神圣"
        },
        "17": {
            "sn": "00996",
            "brief": "在…之间"
        },
        "18": {
            "sn": "06944",
            "brief": "圣所、圣物、神圣"
        },
        "19": {
            "sn": "06944",
            "brief": "圣所、圣物、神圣"
        }
    },
    "31": {
        "9": {
            "sn": "02091",
            "brief": "金"
        },
        "0": {
            "sn": "05414",
            "brief": "赐、给、置"
        },
        "6": {
            "sn": "06823",
            "brief": "覆盖、镀"
        },
        "literal": "要把它(原文是阴性，指幔子)挂在四根…的皂荚木柱子上，(…处填入下行)包金它们的(指柱子)钩子是金的，在四个带卯的银座上。",
        "1": {
            "sn": "00853",
            "brief": "不必翻译"
        },
        "2": {
            "sn": "05921",
            "brief": "在…上面"
        },
        "3": {
            "sn": "00702",
            "brief": "数目的「四」"
        },
        "4": {
            "sn": "05982",
            "brief": "柱"
        },
        "5": {
            "sn": "07848",
            "brief": "皂荚木、皂荚树"
        },
        "7": {
            "sn": "02091",
            "brief": "金"
        },
        "8": {
            "sn": "02053",
            "brief": "钩子"
        },
        "10": {
            "sn": "05921",
            "brief": "在…上面"
        },
        "11": {
            "sn": "00702",
            "brief": "数目的「四」"
        },
        "12": {
            "sn": "00134",
            "brief": "底部、柱脚、托座"
        },
        "13": {
            "sn": "03701",
            "brief": "银子、钱"
        }
    },
    "4": {
        "literal": "你要在这一组幔子上做五十个钮扣；也要…做五十个钮扣，(…处填入下行)在第二组相连幔子的边缘上这些钮扣都要彼此相对。",
        "16": {
            "sn": "00413",
            "brief": "向、往"
        },
        "17": {
            "sn": "00269",
            "brief": "姊妹、心爱的人"
        },
        "0": {
            "sn": "02572",
            "brief": "数目的「五十」"
        },
        "1": {
            "sn": "03924",
            "brief": "扣环"
        },
        "2": {
            "sn": "06213",
            "brief": "做"
        },
        "3": {
            "sn": "03407",
            "brief": "帘、幔"
        },
        "4": {
            "sn": "00259",
            "brief": "数目的「一」"
        },
        "5": {
            "sn": "02572",
            "brief": "数目的「五十」"
        },
        "6": {
            "sn": "03924",
            "brief": "扣环"
        },
        "7": {
            "sn": "06213",
            "brief": "做"
        },
        "8": {
            "sn": "07097",
            "brief": "边缘、极处"
        },
        "9": {
            "sn": "03407",
            "brief": "帘、幔"
        },
        "10": {
            "sn": "00834",
            "brief": "不必翻译"
        },
        "11": {
            "sn": "04225",
            "brief": "连接处"
        },
        "12": {
            "sn": "08145",
            "brief": "序数的「第二」"
        },
        "13": {
            "sn": "06901",
            "brief": "取、接受、在...之前"
        },
        "14": {
            "sn": "03924",
            "brief": "扣环"
        },
        "15": {
            "sn": "00802",
            "brief": "女人、妻子"
        }
    },
    "33": {
        "0": {
            "sn": "05414",
            "brief": "赐、给、置"
        },
        "1": {
            "sn": "00853",
            "brief": "不必翻译"
        },
        "2": {
            "sn": "03727",
            "brief": "柜盖"
        },
        "3": {
            "sn": "05921",
            "brief": "在…上面"
        },
        "4": {
            "sn": "00727",
            "brief": "约柜、盒子"
        },
        "5": {
            "sn": "05715",
            "brief": "见证、证言"
        },
        "6": {
            "sn": "06944",
            "brief": "圣所、圣物、神圣"
        },
        "7": {
            "sn": "06944",
            "brief": "圣所、圣物、神圣"
        },
        "literal": "又要把柜盖安在至圣所内的法柜上，"
    },
    "29": {
        "literal": "要照着…它的样式立起帐幕。(…处填入下行)在山上你所受指示的",
        "0": {
            "sn": "06965",
            "brief": "起来、设立、坚立"
        },
        "1": {
            "sn": "00853",
            "brief": "不必翻译"
        },
        "2": {
            "sn": "04908",
            "brief": "住处、临时居所、帐蓬"
        },
        "3": {
            "sn": "04941",
            "brief": "正义、公平、审判、律例、规矩"
        },
        "4": {
            "sn": "00834",
            "brief": "不必翻译"
        },
        "5": {
            "sn": "07200",
            "brief": "Qal 看见、看顾、察觉，Nif‘al 显现，Hif‘il 显明"
        },
        "6": {
            "sn": "02022",
            "brief": "山"
        },
        "7": {
            "sn": "09014",
            "brief": "关闭的意思"
        }
    },
    "34": {
        "literal": "把桌子安放在幔子外，把灯台安放在…桌子的对面，(…处填入下行)帐幕南面、桌子要放在(帐幕)北面。",
        "0": {
            "sn": "07760",
            "brief": "置、放"
        },
        "1": {
            "sn": "00853",
            "brief": "不必翻译"
        },
        "2": {
            "sn": "07979",
            "brief": "桌子、筵席"
        },
        "3": {
            "sn": "02351",
            "brief": "街上、外头"
        },
        "4": {
            "sn": "06532",
            "brief": "布幕、罩纱"
        },
        "5": {
            "sn": "00853",
            "brief": "不必翻译"
        },
        "6": {
            "sn": "04501",
            "brief": "灯台"
        },
        "7": {
            "sn": "05227",
            "brief": "在前面"
        },
        "8": {
            "sn": "07979",
            "brief": "桌子、筵席"
        },
        "9": {
            "sn": "05921",
            "brief": "在…上面"
        },
        "10": {
            "sn": "06763",
            "brief": "物体的表面、肋骨、横梁"
        },
        "11": {
            "sn": "04908",
            "brief": "住处、临时居所、帐蓬"
        },
        "12": {
            "sn": "08486",
            "brief": "南方"
        },
        "13": {
            "sn": "07979",
            "brief": "桌子、筵席"
        },
        "14": {
            "sn": "05414",
            "brief": "赐、给、置"
        },
        "15": {
            "sn": "05921",
            "brief": "在…上面"
        },
        "16": {
            "sn": "06763",
            "brief": "物体的表面、肋骨、横梁"
        },
        "17": {
            "sn": "06828",
            "brief": "北方"
        }
    },
    "10": {
        "literal": "又要做五十个铜钩，用钩钩住钮扣，你(这样)连接罩棚，它就成为一整片。",
        "0": {
            "sn": "06213",
            "brief": "做"
        },
        "1": {
            "sn": "07165",
            "brief": "钩"
        },
        "2": {
            "sn": "05178",
            "brief": "铜"
        },
        "3": {
            "sn": "02572",
            "brief": "数目的「五十」"
        },
        "4": {
            "sn": "00935",
            "brief": "来、进入、临到、发生"
        },
        "5": {
            "sn": "00853",
            "brief": "不必翻译"
        },
        "6": {
            "sn": "07165",
            "brief": "钩"
        },
        "7": {
            "sn": "03924",
            "brief": "扣环"
        },
        "8": {
            "sn": "02266",
            "brief": "联合、结盟"
        },
        "9": {
            "sn": "00853",
            "brief": "不必翻译"
        },
        "10": {
            "sn": "00168",
            "brief": "帐棚、帐蓬"
        },
        "11": {
            "sn": "01961",
            "brief": "作、是、成为、临到"
        },
        "12": {
            "sn": "00259",
            "brief": "数目的「一」"
        }
    },
    "26": {
        "literal": "为帐幕那面的板(做)五根横木，又…(做)五根横木。(…处填入下行)为帐幕后头西方的板",
        "0": {
            "sn": "02568",
            "brief": "数目的「五」"
        },
        "1": {
            "sn": "01280",
            "brief": "闩、栏"
        },
        "2": {
            "sn": "07175",
            "brief": "板"
        },
        "3": {
            "sn": "06763",
            "brief": "物体的表面、肋骨、横梁"
        },
        "4": {
            "sn": "04908",
            "brief": "住处、临时居所、帐蓬"
        },
        "5": {
            "sn": "08145",
            "brief": "序数的「第二」"
        },
        "6": {
            "sn": "02568",
            "brief": "数目的「五」"
        },
        "7": {
            "sn": "01280",
            "brief": "闩、栏"
        },
        "8": {
            "sn": "07175",
            "brief": "板"
        },
        "9": {
            "sn": "06763",
            "brief": "物体的表面、肋骨、横梁"
        },
        "10": {
            "sn": "04908",
            "brief": "住处、临时居所、帐蓬"
        },
        "11": {
            "sn": "03411",
            "brief": "边、末端、尽头"
        },
        "12": {
            "sn": "03220",
            "brief": "海、西方"
        }
    },
    "28": {
        "literal": "你要把板子包上金子，又要用金子做它们的环来套横木；你也要把横木包上金子。",
        "0": {
            "sn": "00853",
            "brief": "不必翻译"
        },
        "1": {
            "sn": "07175",
            "brief": "板"
        },
        "2": {
            "sn": "06823",
            "brief": "覆盖、镀"
        },
        "3": {
            "sn": "02091",
            "brief": "金"
        },
        "4": {
            "sn": "00853",
            "brief": "不必翻译"
        },
        "5": {
            "sn": "02885",
            "brief": "戒指、图章、环"
        },
        "6": {
            "sn": "06213",
            "brief": "做"
        },
        "7": {
            "sn": "02091",
            "brief": "金"
        },
        "8": {
            "sn": "01004",
            "brief": "家、房子、殿"
        },
        "9": {
            "sn": "01280",
            "brief": "闩、栏"
        },
        "10": {
            "sn": "06823",
            "brief": "覆盖、镀"
        },
        "11": {
            "sn": "00853",
            "brief": "不必翻译"
        },
        "12": {
            "sn": "01280",
            "brief": "闩、栏"
        },
        "13": {
            "sn": "02091",
            "brief": "金"
        }
    },
    "36": {
        "literal": "要用皂荚木为门帘做五根柱子，用金子包裹，它们的钩子是金的；又要为它们用铜铸造五个带卯的座。」",
        "0": {
            "sn": "06213",
            "brief": "做"
        },
        "1": {
            "sn": "04539",
            "brief": "覆盖物、帘子、幔子"
        },
        "2": {
            "sn": "02568",
            "brief": "数目的「五」"
        },
        "3": {
            "sn": "05982",
            "brief": "柱"
        },
        "4": {
            "sn": "07848",
            "brief": "皂荚木、皂荚树"
        },
        "5": {
            "sn": "06823",
            "brief": "覆盖、镀"
        },
        "6": {
            "sn": "00853",
            "brief": "不必翻译"
        },
        "7": {
            "sn": "02091",
            "brief": "金"
        },
        "8": {
            "sn": "02053",
            "brief": "钩子"
        },
        "9": {
            "sn": "02091",
            "brief": "金"
        },
        "10": {
            "sn": "03332",
            "brief": "倒、浇灌、浇铸"
        },
        "11": {
            "sn": "09001",
            "brief": "给、往、向、到、归属于"
        },
        "12": {
            "sn": "02568",
            "brief": "数目的「五」"
        },
        "13": {
            "sn": "00134",
            "brief": "底部、柱脚、托座"
        },
        "14": {
            "sn": "05178",
            "brief": "铜"
        },
        "15": {
            "sn": "09014",
            "brief": "关闭的意思"
        }
    },
    "15": {
        "literal": "木板的长十肘，每块木板的宽一肘半；",
        "0": {
            "sn": "06235",
            "brief": "数目的「十」"
        },
        "1": {
            "sn": "00520",
            "brief": "1.根基；2.一肘，约 18-22 寸，即 45-56 公分"
        },
        "2": {
            "sn": "00753",
            "brief": "长"
        },
        "3": {
            "sn": "07175",
            "brief": "板"
        },
        "4": {
            "sn": "00520",
            "brief": "1.根基；2.一肘，约 18-22 寸，即 45-56 公分"
        },
        "5": {
            "sn": "02677",
            "brief": "一半"
        },
        "6": {
            "sn": "00520",
            "brief": "1.根基；2.一肘，约 18-22 寸，即 45-56 公分"
        },
        "7": {
            "sn": "07341",
            "brief": "宽度、幅度、广阔区域"
        },
        "8": {
            "sn": "07175",
            "brief": "板"
        },
        "9": {
            "sn": "00259",
            "brief": "数目的「一」"
        }
    },
    "24": {
        "literal": "必有八块板和它们带卯的银座，十六个带卯的座；这板底下有两卯，那板底下也有两卯。",
        "0": {
            "sn": "01961",
            "brief": "作、是、成为、临到"
        },
        "1": {
            "sn": "08083",
            "brief": "数目的「八」"
        },
        "2": {
            "sn": "07175",
            "brief": "板"
        },
        "3": {
            "sn": "00134",
            "brief": "底部、柱脚、托座"
        },
        "4": {
            "sn": "03701",
            "brief": "银子、钱"
        },
        "5": {
            "sn": "08337",
            "brief": "数目的「六」"
        },
        "6": {
            "sn": "06240",
            "brief": "数目的「十」"
        },
        "7": {
            "sn": "00134",
            "brief": "底部、柱脚、托座"
        },
        "8": {
            "sn": "08147",
            "brief": "数目的「二」"
        },
        "9": {
            "sn": "00134",
            "brief": "底部、柱脚、托座"
        },
        "10": {
            "sn": "08478",
            "brief": "1. 名词：位置、地方；2. 介系词：在…之下；3. 介系词：代替、因为"
        },
        "11": {
            "sn": "07175",
            "brief": "板"
        },
        "12": {
            "sn": "00259",
            "brief": "数目的「一」"
        },
        "13": {
            "sn": "08147",
            "brief": "数目的「二」"
        },
        "14": {
            "sn": "00134",
            "brief": "底部、柱脚、托座"
        },
        "15": {
            "sn": "08478",
            "brief": "1. 名词：位置、地方；2. 介系词：在…之下；3. 介系词：代替、因为"
        },
        "16": {
            "sn": "07175",
            "brief": "板"
        },
        "17": {
            "sn": "00259",
            "brief": "数目的「一」"
        }
    },
    "0": {
        "literal": "「至于帐幕，你要用十幅幔子来做，用捻的细麻和蓝色、和紫色、和朱红色线，用精巧匠的手工绣上基路伯，要(这样)做它们。",
        "0": {
            "sn": "00853",
            "brief": "不必翻译"
        },
        "1": {
            "sn": "04908",
            "brief": "住处、临时居所、帐蓬"
        },
        "2": {
            "sn": "06213",
            "brief": "做"
        },
        "3": {
            "sn": "06235",
            "brief": "数目的「十」"
        },
        "4": {
            "sn": "03407",
            "brief": "帘、幔"
        },
        "5": {
            "sn": "08336",
            "brief": "石膏、大理石、细麻、白色的东西"
        },
        "6": {
            "sn": "07806",
            "brief": "由搓捻而成的"
        },
        "7": {
            "sn": "08504",
            "brief": "蓝紫色"
        },
        "8": {
            "sn": "00713",
            "brief": "紫色"
        },
        "9": {
            "sn": "08438",
            "brief": "红色的东西、虫"
        },
        "10": {
            "sn": "08144",
            "brief": "鲜红、深红"
        },
        "11": {
            "sn": "03742",
            "brief": "基路伯"
        },
        "12": {
            "sn": "04639",
            "brief": "行为、工作"
        },
        "13": {
            "sn": "02803",
            "brief": "视为、思想、计划、数算"
        },
        "14": {
            "sn": "06213",
            "brief": "做"
        },
        "15": {
            "sn": "00853",
            "brief": "不必翻译"
        }
    },
    "1": {
        "literal": "每幅幔子要长二十八肘，每幅幔子要宽四肘，每幅幔子都要有一样的尺寸。",
        "0": {
            "sn": "00753",
            "brief": "长"
        },
        "1": {
            "sn": "03407",
            "brief": "帘、幔"
        },
        "2": {
            "sn": "00259",
            "brief": "数目的「一」"
        },
        "3": {
            "sn": "08083",
            "brief": "数目的「八」"
        },
        "4": {
            "sn": "06242",
            "brief": "数目的「二十」"
        },
        "5": {
            "sn": "00520",
            "brief": "1.根基；2.一肘，约 18-22 寸，即 45-56 公分"
        },
        "6": {
            "sn": "07341",
            "brief": "宽度、幅度、广阔区域"
        },
        "7": {
            "sn": "00702",
            "brief": "数目的「四」"
        },
        "8": {
            "sn": "00520",
            "brief": "1.根基；2.一肘，约 18-22 寸，即 45-56 公分"
        },
        "9": {
            "sn": "03407",
            "brief": "帘、幔"
        },
        "10": {
            "sn": "00259",
            "brief": "数目的「一」"
        },
        "11": {
            "sn": "04060",
            "brief": "范围、身量、大小"
        },
        "12": {
            "sn": "00259",
            "brief": "数目的「一」"
        },
        "13": {
            "sn": "03605",
            "brief": "全部、整个、任何事物"
        },
        "14": {
            "sn": "03407",
            "brief": "帘、幔"
        }
    },
    "16": {
        "4": {
            "sn": "07947",
            "brief": "连接"
        },
        "literal": "每块木板要有两个榫头彼此连接。帐幕一切的板你都要这样做。",
        "0": {
            "sn": "08147",
            "brief": "数目的「二」"
        },
        "1": {
            "sn": "03027",
            "brief": "手、边、力量、权势"
        },
        "2": {
            "sn": "07175",
            "brief": "板"
        },
        "3": {
            "sn": "00259",
            "brief": "数目的「一」"
        },
        "5": {
            "sn": "00802",
            "brief": "女人、妻子"
        },
        "6": {
            "sn": "00413",
            "brief": "向、往"
        },
        "7": {
            "sn": "00269",
            "brief": "姊妹、心爱的人"
        },
        "8": {
            "sn": "03651",
            "brief": "副词：因此、如此、这样；形容词：对、真的、公平、诚实"
        },
        "9": {
            "sn": "06213",
            "brief": "做"
        },
        "10": {
            "sn": "03605",
            "brief": "全部、整个、各"
        },
        "11": {
            "sn": "07175",
            "brief": "板"
        },
        "12": {
            "sn": "04908",
            "brief": "住处、临时居所、帐蓬"
        }
    },
    "12": {
        "6": {
            "sn": "03407",
            "brief": "帘、幔"
        },
        "7": {
            "sn": "00168",
            "brief": "帐棚、帐蓬"
        },
        "8": {
            "sn": "01961",
            "brief": "作、是、成为、临到"
        },
        "9": {
            "sn": "05628",
            "brief": "自由地、无拘束地、松散"
        },
        "10": {
            "sn": "05921",
            "brief": "在…上面"
        },
        "11": {
            "sn": "06654",
            "brief": "旁边"
        },
        "12": {
            "sn": "04908",
            "brief": "住处、临时居所、帐蓬"
        },
        "literal": "…这边一肘，那边一肘，(…处填入下行)罩棚的幔子所余下的长度，要让它垂在帐幕的两旁，从这边到那边，遮盖它(指帐幕)。",
        "0": {
            "sn": "00520",
            "brief": "1.根基；2.一肘，约 18-22 寸，即 45-56 公分"
        },
        "1": {
            "sn": "02088",
            "brief": "这个"
        },
        "2": {
            "sn": "00520",
            "brief": "1.根基；2.一肘，约 18-22 寸，即 45-56 公分"
        },
        "3": {
            "sn": "02088",
            "brief": "这个"
        },
        "4": {
            "sn": "05736",
            "brief": "过多的"
        },
        "5": {
            "sn": "00753",
            "brief": "长"
        },
        "13": {
            "sn": "02088",
            "brief": "这个"
        },
        "14": {
            "sn": "02088",
            "brief": "这个"
        },
        "15": {
            "sn": "03680",
            "brief": "遮盖、隐藏"
        }
    },
    "2": {
        "literal": "这五幅幔子要彼此相连；那五幅幔子也要彼此相连。",
        "0": {
            "sn": "02568",
            "brief": "数目的「五」"
        },
        "1": {
            "sn": "03407",
            "brief": "帘、幔"
        },
        "2": {
            "sn": "01961",
            "brief": "作、是、成为、临到"
        },
        "3": {
            "sn": "02266",
            "brief": "联合、结盟"
        },
        "4": {
            "sn": "00802",
            "brief": "女人、妻子"
        },
        "5": {
            "sn": "00413",
            "brief": "向、往"
        },
        "6": {
            "sn": "00269",
            "brief": "姊妹、心爱的人"
        },
        "7": {
            "sn": "02568",
            "brief": "数目的「五」"
        },
        "8": {
            "sn": "03407",
            "brief": "帘、幔"
        },
        "9": {
            "sn": "02266",
            "brief": "联合、结盟"
        },
        "10": {
            "sn": "00802",
            "brief": "女人、妻子"
        },
        "11": {
            "sn": "00413",
            "brief": "向、往"
        },
        "12": {
            "sn": "00269",
            "brief": "姊妹、心爱的人"
        }
    },
    "3": {
        "literal": "要…做蓝色的钮扣；(…处填入下行)在这一组相连的末幅幔子的边缘上也要…照样做。(…处填入下行)在相连的另一末幅幔子的边缘上",
        "0": {
            "sn": "06213",
            "brief": "做"
        },
        "1": {
            "sn": "03924",
            "brief": "扣环"
        },
        "2": {
            "sn": "08504",
            "brief": "蓝紫色"
        },
        "3": {
            "sn": "05921",
            "brief": "在…上面"
        },
        "4": {
            "sn": "08193",
            "brief": "嘴唇、边缘、言语"
        },
        "5": {
            "sn": "03407",
            "brief": "帘、幔"
        },
        "6": {
            "sn": "00259",
            "brief": "数目的「一」"
        },
        "7": {
            "sn": "07098",
            "brief": "尽头、末端"
        },
        "8": {
            "sn": "02279",
            "brief": "接合"
        },
        "9": {
            "sn": "03651",
            "brief": "副词：因此、如此、这样；形容词：对、真的、公平、诚实"
        },
        "10": {
            "sn": "06213",
            "brief": "做"
        },
        "11": {
            "sn": "08193",
            "brief": "嘴唇、边缘、言语"
        },
        "12": {
            "sn": "03407",
            "brief": "帘、幔"
        },
        "13": {
            "sn": "07020",
            "brief": "末端"
        },
        "14": {
            "sn": "04225",
            "brief": "连接处"
        },
        "15": {
            "sn": "08145",
            "brief": "序数的「第二」"
        }
    },
    "5": {
        "literal": "又要做五十个金钩，用这些钩子使幔子彼此相连，成为一个帐幕。",
        "0": {
            "sn": "06213",
            "brief": "做"
        },
        "1": {
            "sn": "02572",
            "brief": "数目的「五十」"
        },
        "2": {
            "sn": "07165",
            "brief": "钩"
        },
        "3": {
            "sn": "02091",
            "brief": "金"
        },
        "4": {
            "sn": "02266",
            "brief": "联合、结盟"
        },
        "5": {
            "sn": "00853",
            "brief": "不必翻译"
        },
        "6": {
            "sn": "03407",
            "brief": "帘、幔"
        },
        "7": {
            "sn": "00802",
            "brief": "女人、妻子"
        },
        "8": {
            "sn": "00413",
            "brief": "向、往"
        },
        "9": {
            "sn": "00269",
            "brief": "姊妹、心爱的人"
        },
        "10": {
            "sn": "07165",
            "brief": "钩"
        },
        "11": {
            "sn": "01961",
            "brief": "作、是、成为、临到"
        },
        "12": {
            "sn": "04908",
            "brief": "住处、临时居所、帐蓬"
        },
        "13": {
            "sn": "00259",
            "brief": "数目的「一」"
        },
        "14": {
            "sn": "09015",
            "brief": "开的意思"
        }
    },
    "6": {
        "literal": "「你要织山羊毛幔子，作帐幕以上的罩棚，把它们织成十一幅幔子。",
        "0": {
            "sn": "06213",
            "brief": "做"
        },
        "1": {
            "sn": "03407",
            "brief": "帘、幔"
        },
        "2": {
            "sn": "05795",
            "brief": "山羊、母山羊"
        },
        "3": {
            "sn": "00168",
            "brief": "帐棚、帐蓬"
        },
        "4": {
            "sn": "05921",
            "brief": "在…上面"
        },
        "5": {
            "sn": "04908",
            "brief": "住处、临时居所、帐蓬"
        },
        "6": {
            "sn": "06249",
            "brief": "数目的「十一」"
        },
        "7": {
            "sn": "06240",
            "brief": "数目的「十」"
        },
        "8": {
            "sn": "03407",
            "brief": "帘、幔"
        },
        "9": {
            "sn": "06213",
            "brief": "做"
        },
        "10": {
            "sn": "00853",
            "brief": "不必翻译"
        }
    },
    "7": {
        "literal": "每幅幔子要长三十肘，每幅幔子要宽四肘；十一幅幔子都要有一样的尺寸。",
        "0": {
            "sn": "00753",
            "brief": "长"
        },
        "1": {
            "sn": "03407",
            "brief": "帘、幔"
        },
        "2": {
            "sn": "00259",
            "brief": "数目的「一」"
        },
        "3": {
            "sn": "07970",
            "brief": "数目的「三十」"
        },
        "4": {
            "sn": "00520",
            "brief": "1.根基；2.一肘，约 18-22 寸，即 45-56 公分"
        },
        "5": {
            "sn": "07341",
            "brief": "宽度、幅度、广阔区域"
        },
        "6": {
            "sn": "00702",
            "brief": "数目的「四」"
        },
        "7": {
            "sn": "00520",
            "brief": "1.根基；2.一肘，约 18-22 寸，即 45-56 公分"
        },
        "8": {
            "sn": "03407",
            "brief": "帘、幔"
        },
        "9": {
            "sn": "00259",
            "brief": "数目的「一」"
        },
        "10": {
            "sn": "04060",
            "brief": "范围、身量、大小"
        },
        "11": {
            "sn": "00259",
            "brief": "数目的「一」"
        },
        "12": {
            "sn": "06249",
            "brief": "数目的「十一」"
        },
        "13": {
            "sn": "06240",
            "brief": "数目的「十」"
        },
        "14": {
            "sn": "03407",
            "brief": "帘、幔"
        }
    },
    "9": {
        "literal": "你要…做五十个钮扣；(…处填入下行)在这一组相连的末幅幔子的边缘上也要…(做)五十个钮扣；(…处填入下行)在另一相连幔子的边缘上",
        "0": {
            "sn": "06213",
            "brief": "做"
        },
        "1": {
            "sn": "02572",
            "brief": "数目的「五十」"
        },
        "2": {
            "sn": "03924",
            "brief": "扣环"
        },
        "3": {
            "sn": "05921",
            "brief": "在…上面"
        },
        "4": {
            "sn": "08193",
            "brief": "嘴唇、边缘、言语"
        },
        "5": {
            "sn": "03407",
            "brief": "帘、幔"
        },
        "6": {
            "sn": "00259",
            "brief": "数目的「一」"
        },
        "7": {
            "sn": "07020",
            "brief": "末端"
        },
        "8": {
            "sn": "02279",
            "brief": "接合"
        },
        "9": {
            "sn": "02572",
            "brief": "数目的「五十」"
        },
        "10": {
            "sn": "03924",
            "brief": "扣环"
        },
        "11": {
            "sn": "05921",
            "brief": "在…上面"
        },
        "12": {
            "sn": "08193",
            "brief": "嘴唇、边缘、言语"
        },
        "13": {
            "sn": "03407",
            "brief": "帘、幔"
        },
        "14": {
            "sn": "02279",
            "brief": "接合"
        },
        "15": {
            "sn": "08145",
            "brief": "序数的「第二」"
        }
    },
    "8": {
        "literal": "要把五幅幔子连成一幅，六幅幔子也(连)成一幅，你要把第六幅幔子对摺，在罩棚的前面叠上去。",
        "0": {
            "sn": "02266",
            "brief": "联合、结盟"
        },
        "1": {
            "sn": "00853",
            "brief": "不必翻译"
        },
        "2": {
            "sn": "02568",
            "brief": "数目的「五」"
        },
        "3": {
            "sn": "03407",
            "brief": "帘、幔"
        },
        "4": {
            "sn": "00905",
            "brief": "分开、门闩、片段"
        },
        "5": {
            "sn": "00853",
            "brief": "不必翻译"
        },
        "6": {
            "sn": "08337",
            "brief": "数目的「六」"
        },
        "7": {
            "sn": "03407",
            "brief": "帘、幔"
        },
        "8": {
            "sn": "00905",
            "brief": "分开、门闩、片段"
        },
        "9": {
            "sn": "03717",
            "brief": "加倍、对摺"
        },
        "10": {
            "sn": "00853",
            "brief": "不必翻译"
        },
        "11": {
            "sn": "03407",
            "brief": "帘、幔"
        },
        "12": {
            "sn": "08345",
            "brief": "序数的「第六」"
        },
        "13": {
            "sn": "00413",
            "brief": "向、往"
        },
        "14": {
            "sn": "04136",
            "brief": "从前面"
        },
        "15": {
            "sn": "06440",
            "brief": "脸"
        },
        "16": {
            "sn": "00168",
            "brief": "帐棚、帐蓬"
        }
    },
    "11": {
        "literal": "罩棚的幔子所余多出来的部分，就是所余的半幅幔子，要让它垂在帐幕的后头。",
        "0": {
            "sn": "05629",
            "brief": "多出的部分"
        },
        "1": {
            "sn": "05736",
            "brief": "过多的"
        },
        "2": {
            "sn": "03407",
            "brief": "帘、幔"
        },
        "3": {
            "sn": "00168",
            "brief": "帐棚、帐蓬"
        },
        "4": {
            "sn": "02677",
            "brief": "一半"
        },
        "5": {
            "sn": "03407",
            "brief": "帘、幔"
        },
        "6": {
            "sn": "05736",
            "brief": "过多的"
        },
        "7": {
            "sn": "05628",
            "brief": "自由地、无拘束地、松散"
        },
        "8": {
            "sn": "05921",
            "brief": "在…上面"
        },
        "9": {
            "sn": "00268",
            "brief": "后面、后来"
        },
        "10": {
            "sn": "04908",
            "brief": "住处、临时居所、帐蓬"
        }
    },
    "13": {
        "literal": "你要用染红的公羊皮做罩棚的盖；(再用)海狗皮做最上面的顶盖。",
        "0": {
            "sn": "06213",
            "brief": "做"
        },
        "1": {
            "sn": "04372",
            "brief": "盖子"
        },
        "2": {
            "sn": "00168",
            "brief": "帐棚、帐蓬"
        },
        "3": {
            "sn": "05785",
            "brief": "皮"
        },
        "4": {
            "sn": "00352",
            "brief": "公绵羊、高大的树、门框、柱子、强壮的人"
        },
        "5": {
            "sn": "00119",
            "brief": "是红的"
        },
        "6": {
            "sn": "04372",
            "brief": "盖子"
        },
        "7": {
            "sn": "05785",
            "brief": "皮"
        },
        "8": {
            "sn": "08476",
            "brief": "皮革、兽皮"
        },
        "9": {
            "sn": "04605",
            "brief": "上面"
        },
        "10": {
            "sn": "09015",
            "brief": "开的意思"
        }
    },
    "14": {
        "literal": "你要…做帐幕的竖板。(…处填入下行)用皂荚木",
        "0": {
            "sn": "06213",
            "brief": "做"
        },
        "1": {
            "sn": "00853",
            "brief": "不必翻译"
        },
        "2": {
            "sn": "07175",
            "brief": "板"
        },
        "3": {
            "sn": "04908",
            "brief": "住处、临时居所、帐蓬"
        },
        "4": {
            "sn": "06086",
            "brief": "树木、木头"
        },
        "5": {
            "sn": "07848",
            "brief": "皂荚木、皂荚树"
        },
        "6": {
            "sn": "05975",
            "brief": "Qal 站立、侍立、停留，Hif‘il 设立、使坚定"
        }
    },
    "17": {
        "literal": "你要为帐幕做板子，南边，就是面向南方的边缘，(做)二十块板子。",
        "0": {
            "sn": "06213",
            "brief": "做"
        },
        "1": {
            "sn": "00853",
            "brief": "不必翻译"
        },
        "2": {
            "sn": "07175",
            "brief": "板"
        },
        "3": {
            "sn": "04908",
            "brief": "住处、临时居所、帐蓬"
        },
        "4": {
            "sn": "06242",
            "brief": "数目的「二十」"
        },
        "5": {
            "sn": "07175",
            "brief": "板"
        },
        "6": {
            "sn": "06285",
            "brief": "边缘、角落"
        },
        "7": {
            "sn": "05045",
            "brief": "1. 南地、南方；2. 专有名词：尼格夫"
        },
        "8": {
            "sn": "08486",
            "brief": "南方"
        }
    },
    "18": {
        "literal": "在这二十块板子底下要做四十个带卯的银座，两卯接这块板上的两榫，两卯接那块板上的两榫。",
        "0": {
            "sn": "00705",
            "brief": "数目的「四十」"
        },
        "1": {
            "sn": "00134",
            "brief": "底部、柱脚、托座"
        },
        "2": {
            "sn": "03701",
            "brief": "银子、钱"
        },
        "3": {
            "sn": "06213",
            "brief": "做"
        },
        "4": {
            "sn": "08478",
            "brief": "1. 名词：位置、地方；2. 介系词：在…之下；3. 介系词：代替、因为"
        },
        "5": {
            "sn": "06242",
            "brief": "数目的「二十」"
        },
        "6": {
            "sn": "07175",
            "brief": "板"
        },
        "7": {
            "sn": "08147",
            "brief": "数目的「二」"
        },
        "8": {
            "sn": "00134",
            "brief": "底部、柱脚、托座"
        },
        "9": {
            "sn": "08478",
            "brief": "1. 名词：位置、地方；2. 介系词：在…之下；3. 介系词：代替、因为"
        },
        "10": {
            "sn": "07175",
            "brief": "板"
        },
        "11": {
            "sn": "00259",
            "brief": "数目的「一」"
        },
        "12": {
            "sn": "08147",
            "brief": "数目的「二」"
        },
        "13": {
            "sn": "03027",
            "brief": "手、边、力量、权势"
        },
        "14": {
            "sn": "08147",
            "brief": "数目的「二」"
        },
        "15": {
            "sn": "00134",
            "brief": "底部、柱脚、托座"
        },
        "16": {
            "sn": "08478",
            "brief": "1. 名词：位置、地方；2. 介系词：在…之下；3. 介系词：代替、因为"
        },
        "17": {
            "sn": "07175",
            "brief": "板"
        },
        "18": {
            "sn": "00259",
            "brief": "数目的「一」"
        },
        "19": {
            "sn": "08147",
            "brief": "数目的「二」"
        },
        "20": {
            "sn": "03027",
            "brief": "手、边、力量、权势"
        }
    },
    "21": {
        "literal": "为帐幕的后面，就是西面，要做六块板子。",
        "0": {
            "sn": "03411",
            "brief": "边、末端、尽头"
        },
        "1": {
            "sn": "04908",
            "brief": "住处、临时居所、帐蓬"
        },
        "2": {
            "sn": "03220",
            "brief": "海、西方"
        },
        "3": {
            "sn": "06213",
            "brief": "做"
        },
        "4": {
            "sn": "08337",
            "brief": "数目的「六」"
        },
        "5": {
            "sn": "07175",
            "brief": "板"
        }
    },
    "19": {
        "literal": "为帐幕的第二面，就是北面的边缘，(也要做)二十块板子",
        "0": {
            "sn": "06763",
            "brief": "物体的表面、肋骨、横梁"
        },
        "1": {
            "sn": "04908",
            "brief": "住处、临时居所、帐蓬"
        },
        "2": {
            "sn": "08145",
            "brief": "序数的「第二」"
        },
        "3": {
            "sn": "06285",
            "brief": "边缘、角落"
        },
        "4": {
            "sn": "06828",
            "brief": "北方"
        },
        "5": {
            "sn": "06242",
            "brief": "数目的「二十」"
        },
        "6": {
            "sn": "07175",
            "brief": "板"
        }
    },
    "20": {
        "literal": "和四十个带卯的银座；这板底下有两卯，那板底下也有两卯。",
        "0": {
            "sn": "00705",
            "brief": "数目的「四十」"
        },
        "1": {
            "sn": "00134",
            "brief": "底部、柱脚、托座"
        },
        "2": {
            "sn": "03701",
            "brief": "银子、钱"
        },
        "3": {
            "sn": "08147",
            "brief": "数目的「二」"
        },
        "4": {
            "sn": "00134",
            "brief": "底部、柱脚、托座"
        },
        "5": {
            "sn": "08478",
            "brief": "1. 名词：位置、地方；2. 介系词：在…之下；3. 介系词：代替、因为"
        },
        "6": {
            "sn": "07175",
            "brief": "板"
        },
        "7": {
            "sn": "00259",
            "brief": "数目的「一」"
        },
        "8": {
            "sn": "08147",
            "brief": "数目的「二」"
        },
        "9": {
            "sn": "00134",
            "brief": "底部、柱脚、托座"
        },
        "10": {
            "sn": "08478",
            "brief": "1. 名词：位置、地方；2. 介系词：在…之下；3. 介系词：代替、因为"
        },
        "11": {
            "sn": "07175",
            "brief": "板"
        },
        "12": {
            "sn": "00259",
            "brief": "数目的「一」"
        }
    },
    "22": {
        "literal": "…要做两块板子。(…处填入下行)为帐幕后面的拐角",
        "0": {
            "sn": "08147",
            "brief": "数目的「二」"
        },
        "1": {
            "sn": "07175",
            "brief": "板"
        },
        "2": {
            "sn": "06213",
            "brief": "做"
        },
        "3": {
            "sn": "04742",
            "brief": "转角处"
        },
        "4": {
            "sn": "04908",
            "brief": "住处、临时居所、帐蓬"
        },
        "5": {
            "sn": "03411",
            "brief": "边、末端、尽头"
        }
    },
    "23": {
        "literal": "在下面它们双双相对，在其顶端它们却连在一起成为完整的，成为一个环；它们两块都这样，形成两个拐角。",
        "0": {
            "sn": "01961",
            "brief": "作、是、成为、临到"
        },
        "1": {
            "sn": "08382",
            "brief": "双生"
        },
        "2": {
            "sn": "04295",
            "brief": "在下面"
        },
        "3": {
            "sn": "03162",
            "brief": "一起"
        },
        "4": {
            "sn": "01961",
            "brief": "作、是、成为、临到"
        },
        "5": {
            "sn": "08535",
            "brief": "完全的"
        },
        "6": {
            "sn": "05921",
            "brief": "在…上面"
        },
        "7": {
            "sn": "07218",
            "brief": "头、起头、山顶、领袖"
        },
        "8": {
            "sn": "00413",
            "brief": "向、往"
        },
        "9": {
            "sn": "02885",
            "brief": "戒指、图章、环"
        },
        "10": {
            "sn": "00259",
            "brief": "数目的「一」"
        },
        "11": {
            "sn": "03651",
            "brief": "副词：因此、如此、这样；形容词：对、真的、公平、诚实"
        },
        "12": {
            "sn": "01961",
            "brief": "作、是、成为、临到"
        },
        "13": {
            "sn": "08147",
            "brief": "数目的「二」"
        },
        "14": {
            "sn": "08147",
            "brief": "数目的「二」"
        },
        "15": {
            "sn": "04740",
            "brief": "转角处"
        },
        "16": {
            "sn": "01961",
            "brief": "作、是、成为、临到"
        }
    },
    "27": {
        "literal": "中间的横木要安在板腰，从这一头通到那一头。",
        "0": {
            "sn": "01280",
            "brief": "闩、栏"
        },
        "1": {
            "sn": "08484",
            "brief": "中间的"
        },
        "2": {
            "sn": "08432",
            "brief": "在中间"
        },
        "3": {
            "sn": "07175",
            "brief": "板"
        },
        "4": {
            "sn": "01272",
            "brief": "穿越、逃跑、赶快"
        },
        "5": {
            "sn": "04480",
            "brief": "从、出、离"
        },
        "6": {
            "sn": "07097",
            "brief": "边缘、极处"
        },
        "7": {
            "sn": "00413",
            "brief": "向、往"
        },
        "8": {
            "sn": "07097",
            "brief": "边缘、极处"
        }
    },
    "25": {
        "literal": "「你要用皂荚木做横木：为帐幕这面的板做五根，",
        "0": {
            "sn": "06213",
            "brief": "做"
        },
        "1": {
            "sn": "01280",
            "brief": "闩、栏"
        },
        "2": {
            "sn": "06086",
            "brief": "树木、木头"
        },
        "3": {
            "sn": "07848",
            "brief": "皂荚木、皂荚树"
        },
        "4": {
            "sn": "02568",
            "brief": "数目的「五」"
        },
        "5": {
            "sn": "07175",
            "brief": "板"
        },
        "6": {
            "sn": "06763",
            "brief": "物体的表面、肋骨、横梁"
        },
        "7": {
            "sn": "04908",
            "brief": "住处、临时居所、帐蓬"
        },
        "8": {
            "sn": "00259",
            "brief": "数目的「一」"
        }
    },
    "30": {
        "literal": "「你要用蓝色、紫色、…织幔子，(…处填入下行)朱红色(线)，和捻的细麻以巧匠的手工为它(原文是阴性)绣上基路伯。",
        "0": {
            "sn": "06213",
            "brief": "做"
        },
        "1": {
            "sn": "06532",
            "brief": "布幕、罩纱"
        },
        "2": {
            "sn": "08504",
            "brief": "蓝紫色"
        },
        "3": {
            "sn": "00713",
            "brief": "紫色"
        },
        "4": {
            "sn": "08438",
            "brief": "红色的东西、虫"
        },
        "5": {
            "sn": "08144",
            "brief": "鲜红、深红"
        },
        "6": {
            "sn": "08336",
            "brief": "石膏、大理石、细麻、白色的东西"
        },
        "7": {
            "sn": "07806",
            "brief": "由搓捻而成的"
        },
        "8": {
            "sn": "04639",
            "brief": "行为、工作"
        },
        "9": {
            "sn": "02803",
            "brief": "视为、思想、计划、数算"
        },
        "10": {
            "sn": "06213",
            "brief": "做"
        },
        "11": {
            "sn": "00853",
            "brief": "不必翻译"
        },
        "12": {
            "sn": "03742",
            "brief": "基路伯"
        }
    },
    "35": {
        "literal": "「你要…织帐幕的门帘。(…处填入下二行)拿蓝色、紫色、朱红色(线)，和捻的细麻，用配色编织的手工，",
        "0": {
            "sn": "06213",
            "brief": "做"
        },
        "1": {
            "sn": "04539",
            "brief": "覆盖物、帘子、幔子"
        },
        "2": {
            "sn": "06607",
            "brief": "通道、入口"
        },
        "3": {
            "sn": "00168",
            "brief": "帐棚、帐蓬"
        },
        "4": {
            "sn": "08504",
            "brief": "蓝紫色"
        },
        "5": {
            "sn": "00713",
            "brief": "紫色"
        },
        "6": {
            "sn": "08438",
            "brief": "红色的东西、虫"
        },
        "7": {
            "sn": "08144",
            "brief": "鲜红、深红"
        },
        "8": {
            "sn": "08336",
            "brief": "石膏、大理石、细麻、白色的东西"
        },
        "9": {
            "sn": "07806",
            "brief": "由搓捻而成的"
        },
        "10": {
            "sn": "04639",
            "brief": "行为、工作"
        },
        "11": {
            "sn": "07551",
            "brief": "配色编织"
        }
    }
}