{
    "10": {
        "0": {
            "sn": "00853",
            "brief": "不必翻译"
        },
        "literal": "膏油和圣所用的馨香的香料。他们都要照我一切所吩咐你的去做。」",
        "1": {
            "sn": "08081",
            "brief": "油、脂肪"
        },
        "2": {
            "sn": "04888",
            "brief": "受油膏的部分"
        },
        "3": {
            "sn": "00853",
            "brief": "不必翻译"
        },
        "9": {
            "sn": "06680",
            "brief": "Pi‘el 命令、吩咐"
        },
        "4": {
            "sn": "07004",
            "brief": "香品、香味、烟"
        },
        "5": {
            "sn": "05561",
            "brief": "香料"
        },
        "6": {
            "sn": "06944",
            "brief": "圣所、圣物、神圣"
        },
        "7": {
            "sn": "03605",
            "brief": "全部、整个、各"
        },
        "8": {
            "sn": "00834",
            "brief": "不必翻译"
        },
        "10": {
            "sn": "06213",
            "brief": "做"
        },
        "11": {
            "sn": "09015",
            "brief": "开的意思"
        }
    },
    "14": {
        "0": {
            "sn": "08337",
            "brief": "数目的「六」"
        },
        "1": {
            "sn": "03117",
            "brief": "日子、时候"
        },
        "2": {
            "sn": "06213",
            "brief": "做"
        },
        "3": {
            "sn": "04399",
            "brief": "工作、财产"
        },
        "4": {
            "sn": "03117",
            "brief": "日子、时候"
        },
        "5": {
            "sn": "07637",
            "brief": "序数的「第七」"
        },
        "6": {
            "sn": "07676",
            "brief": "安息日"
        },
        "7": {
            "sn": "07677",
            "brief": "守安息日、安息礼仪"
        },
        "8": {
            "sn": "06944",
            "brief": "圣所、圣物、神圣"
        },
        "9": {
            "sn": "03068",
            "brief": "上帝的名字「雅威」，犹太人尊称为「上主」"
        },
        "10": {
            "sn": "03605",
            "brief": "全部、整个、各"
        },
        "11": {
            "sn": "06213",
            "brief": "做"
        },
        "12": {
            "sn": "04399",
            "brief": "工作、财产"
        },
        "13": {
            "sn": "03117",
            "brief": "日子、时候"
        },
        "14": {
            "sn": "07676",
            "brief": "安息日"
        },
        "15": {
            "sn": "04191",
            "brief": "死、治死"
        },
        "16": {
            "sn": "04191",
            "brief": "死、治死"
        },
        "literal": "六日要做工，但第七日是向雅威守安息圣礼的安息日，凡在安息日做工的，必定被治死。』"
    },
    "0": {
        "1": {
            "sn": "03068",
            "brief": "上帝的名字「雅威」，犹太人尊称为「上主」"
        },
        "2": {
            "sn": "00413",
            "brief": "对、向、往"
        },
        "3": {
            "sn": "04872",
            "brief": "摩西"
        },
        "4": {
            "sn": "00559",
            "brief": "说"
        },
        "literal": "雅威对摩西说：",
        "0": {
            "sn": "01696",
            "brief": "Pi‘el 讲、说、指挥"
        }
    },
    "6": {
        "0": {
            "sn": "00853",
            "brief": "不必翻译"
        },
        "1": {
            "sn": "00168",
            "brief": "帐棚、帐蓬"
        },
        "2": {
            "sn": "04150",
            "brief": "指定的节期、指定的聚会"
        },
        "3": {
            "sn": "00853",
            "brief": "不必翻译"
        },
        "4": {
            "sn": "00727",
            "brief": "约柜、盒子"
        },
        "5": {
            "sn": "05715",
            "brief": "见证、证言"
        },
        "6": {
            "sn": "00853",
            "brief": "不必翻译"
        },
        "7": {
            "sn": "03727",
            "brief": "柜盖"
        },
        "8": {
            "sn": "00834",
            "brief": "不必翻译"
        },
        "9": {
            "sn": "05921",
            "brief": "在…上面"
        },
        "10": {
            "sn": "00853",
            "brief": "不必翻译"
        },
        "11": {
            "sn": "03605",
            "brief": "全部、整个、各"
        },
        "12": {
            "sn": "03627",
            "brief": "器皿、器械、器具"
        },
        "13": {
            "sn": "00168",
            "brief": "帐棚、帐蓬"
        },
        "literal": "就是会幕和法柜，并其上的柜盖，与会幕的一切器具，"
    },
    "5": {
        "0": {
            "sn": "00589",
            "brief": "我"
        },
        "1": {
            "sn": "02009",
            "brief": "看哪"
        },
        "2": {
            "sn": "05414",
            "brief": "赐、给、置"
        },
        "3": {
            "sn": "00854",
            "brief": "与、跟"
        },
        "4": {
            "sn": "00853",
            "brief": "不必翻译"
        },
        "5": {
            "sn": "00171",
            "brief": "亚何利亚伯"
        },
        "6": {
            "sn": "01121",
            "brief": "儿子、孙子、后裔、成员"
        },
        "7": {
            "sn": "00294",
            "brief": "亚希撒抹"
        },
        "8": {
            "sn": "04294",
            "brief": "杖、支派、分支"
        },
        "9": {
            "sn": "01835",
            "brief": "但"
        },
        "10": {
            "sn": "03820",
            "brief": "心"
        },
        "11": {
            "sn": "03605",
            "brief": "全部、整个、各"
        },
        "12": {
            "sn": "02450",
            "brief": "有智慧的"
        },
        "13": {
            "sn": "03820",
            "brief": "心"
        },
        "14": {
            "sn": "05414",
            "brief": "赐、给、置"
        },
        "15": {
            "sn": "02451",
            "brief": "智慧"
        },
        "16": {
            "sn": "06213",
            "brief": "做"
        },
        "17": {
            "sn": "00853",
            "brief": "不必翻译"
        },
        "18": {
            "sn": "03605",
            "brief": "全部、整个、各"
        },
        "19": {
            "sn": "00834",
            "brief": "不必翻译"
        },
        "20": {
            "sn": "06680",
            "brief": "Pi‘el 命令、吩咐"
        },
        "literal": "看哪，我分派…与他同工。(…处填入下行)但支派的亚希撒抹的儿子亚何利亚伯凡心里有智慧的人的心，我(更)赏赐智慧，使他们做我所吩咐的一切，"
    },
    "17": {
        "0": {
            "sn": "05414",
            "brief": "赐、给、置"
        },
        "1": {
            "sn": "00413",
            "brief": "对、向、往"
        },
        "2": {
            "sn": "04872",
            "brief": "摩西"
        },
        "5": {
            "sn": "00854",
            "brief": "与、跟"
        },
        "6": {
            "sn": "02022",
            "brief": "山"
        },
        "7": {
            "sn": "05514",
            "brief": "西奈山"
        },
        "8": {
            "sn": "08147",
            "brief": "数目的「二」"
        },
        "9": {
            "sn": "03871",
            "brief": "板、木板"
        },
        "10": {
            "sn": "05715",
            "brief": "见证、证言"
        },
        "11": {
            "sn": "03871",
            "brief": "板、木板"
        },
        "12": {
            "sn": "00068",
            "brief": "石头、法码、宝石"
        },
        "13": {
            "sn": "03789",
            "brief": "写、刻"
        },
        "14": {
            "sn": "00676",
            "brief": "指头"
        },
        "15": {
            "sn": "00430",
            "brief": "上帝、神、神明"
        },
        "3": {
            "sn": "03615",
            "brief": "Qal 完成、结束、停止，Pi‘el 完成、毁坏、根除"
        },
        "4": {
            "sn": "01696",
            "brief": "Pi‘el 讲、说、指挥"
        },
        "literal": "他在西奈山和他说完了话，就把…交给摩西。(…处填入下二行)两块法版，就是用上帝的指头写的石版，"
    },
    "16": {
        "17": {
            "sn": "07637",
            "brief": "序数的「第七」"
        },
        "literal": "这是我和以色列人永远的证据；因为六日之内雅威造天和地，第七日便安息舒畅。」",
        "0": {
            "sn": "00996",
            "brief": "在…之间"
        },
        "1": {
            "sn": "00996",
            "brief": "在…之间"
        },
        "2": {
            "sn": "01121",
            "brief": "儿子、孙子、后裔、成员"
        },
        "3": {
            "sn": "03478",
            "brief": "以色列"
        },
        "4": {
            "sn": "00226",
            "brief": "兆头、记号"
        },
        "5": {
            "sn": "01931",
            "brief": "他"
        },
        "6": {
            "sn": "05769",
            "brief": "永远"
        },
        "7": {
            "sn": "03588",
            "brief": "因为、不必翻译"
        },
        "8": {
            "sn": "08337",
            "brief": "数目的「六」"
        },
        "9": {
            "sn": "03117",
            "brief": "日子、时候"
        },
        "10": {
            "sn": "06213",
            "brief": "做"
        },
        "11": {
            "sn": "03068",
            "brief": "上帝的名字「雅威」，犹太人尊称为「上主」"
        },
        "12": {
            "sn": "00853",
            "brief": "不必翻译"
        },
        "13": {
            "sn": "08064",
            "brief": "天"
        },
        "14": {
            "sn": "00853",
            "brief": "不必翻译"
        },
        "15": {
            "sn": "00776",
            "brief": "地、邦国、疆界"
        },
        "16": {
            "sn": "03117",
            "brief": "日子、时候"
        },
        "18": {
            "sn": "07673",
            "brief": "止住、停止、止息"
        },
        "19": {
            "sn": "05314",
            "brief": "使自己重新得力"
        },
        "20": {
            "sn": "09014",
            "brief": "关闭的意思"
        }
    },
    "3": {
        "literal": "能想出巧工，用金、用银、用铜来制造，",
        "0": {
            "sn": "02803",
            "brief": "视为、思想、计划、数算"
        },
        "1": {
            "sn": "04284",
            "brief": "意念、思想、设计"
        },
        "2": {
            "sn": "06213",
            "brief": "做"
        },
        "3": {
            "sn": "02091",
            "brief": "金"
        },
        "4": {
            "sn": "03701",
            "brief": "银子、钱"
        },
        "5": {
            "sn": "05178",
            "brief": "铜"
        }
    },
    "9": {
        "literal": "精工做的礼服，祭司亚伦的圣衣和他儿子们的衣服，供祭司职分使用。",
        "0": {
            "sn": "00853",
            "brief": "不必翻译"
        },
        "1": {
            "sn": "00899",
            "brief": "诡诈、衣服"
        },
        "2": {
            "sn": "08278",
            "brief": "编织成辫状的东西"
        },
        "3": {
            "sn": "00853",
            "brief": "不必翻译"
        },
        "4": {
            "sn": "00899",
            "brief": "诡诈、衣服"
        },
        "5": {
            "sn": "06944",
            "brief": "圣所、圣物、神圣"
        },
        "6": {
            "sn": "00175",
            "brief": "亚伦"
        },
        "7": {
            "sn": "03548",
            "brief": "祭司"
        },
        "8": {
            "sn": "00853",
            "brief": "不必翻译"
        },
        "9": {
            "sn": "00899",
            "brief": "诡诈、衣服"
        },
        "10": {
            "sn": "01121",
            "brief": "儿子、孙子、后裔、成员"
        },
        "11": {
            "sn": "03547",
            "brief": "装扮、做祭司"
        }
    },
    "7": {
        "literal": "桌子和它的器具，纯金的灯台和它(原文用阴性)的一切器具并香坛，",
        "0": {
            "sn": "00853",
            "brief": "不必翻译"
        },
        "1": {
            "sn": "07979",
            "brief": "桌子、筵席"
        },
        "2": {
            "sn": "00853",
            "brief": "不必翻译"
        },
        "3": {
            "sn": "03627",
            "brief": "器皿、器械、器具"
        },
        "4": {
            "sn": "00853",
            "brief": "不必翻译"
        },
        "5": {
            "sn": "04501",
            "brief": "灯台"
        },
        "6": {
            "sn": "02889",
            "brief": "纯正的、洁净的"
        },
        "7": {
            "sn": "00853",
            "brief": "不必翻译"
        },
        "8": {
            "sn": "03605",
            "brief": "全部、整个、各"
        },
        "9": {
            "sn": "03627",
            "brief": "器皿、器械、器具"
        },
        "10": {
            "sn": "00853",
            "brief": "不必翻译"
        },
        "11": {
            "sn": "04196",
            "brief": "祭坛"
        },
        "12": {
            "sn": "07004",
            "brief": "香品、香味、烟"
        }
    },
    "12": {
        "1": {
            "sn": "01696",
            "brief": "Pi‘el 讲、说、指挥"
        },
        "literal": "「你要吩咐以色列人说：『你们务要守我的安息日；因为这是我和你们之间，作你们世世代代的证据，好知道我―雅威是叫你们成为圣的。",
        "0": {
            "sn": "00859",
            "brief": "你们"
        },
        "2": {
            "sn": "00413",
            "brief": "对、向、往"
        },
        "3": {
            "sn": "01121",
            "brief": "儿子、孙子、后裔、成员"
        },
        "4": {
            "sn": "03478",
            "brief": "以色列"
        },
        "5": {
            "sn": "00559",
            "brief": "说"
        },
        "6": {
            "sn": "00389",
            "brief": "然而、其实、当然"
        },
        "16": {
            "sn": "03045",
            "brief": "Qal 知道、认识、辨别、经历，Hif‘il 使知道、宣告"
        },
        "7": {
            "sn": "00853",
            "brief": "不必翻译"
        },
        "8": {
            "sn": "07676",
            "brief": "安息日"
        },
        "9": {
            "sn": "08104",
            "brief": "观看、遵守、保护、小心"
        },
        "10": {
            "sn": "03588",
            "brief": "因为、不必翻译"
        },
        "11": {
            "sn": "00226",
            "brief": "兆头、记号"
        },
        "12": {
            "sn": "01931",
            "brief": "他"
        },
        "13": {
            "sn": "00996",
            "brief": "在…之间"
        },
        "14": {
            "sn": "00996",
            "brief": "在…之间"
        },
        "15": {
            "sn": "01755",
            "brief": "年代、世代、后代、居所"
        },
        "17": {
            "sn": "03588",
            "brief": "因为、不必翻译"
        },
        "18": {
            "sn": "00589",
            "brief": "我"
        },
        "19": {
            "sn": "03068",
            "brief": "上帝的名字「雅威」，犹太人尊称为「上主」"
        },
        "20": {
            "sn": "06942",
            "brief": "分别为圣、把…奉献给上帝"
        }
    },
    "8": {
        "literal": "燔祭坛和它的一切器具，并洗濯盆与它的座，",
        "0": {
            "sn": "00853",
            "brief": "不必翻译"
        },
        "1": {
            "sn": "04196",
            "brief": "祭坛"
        },
        "2": {
            "sn": "05930",
            "brief": "燔祭、阶梯"
        },
        "3": {
            "sn": "00853",
            "brief": "不必翻译"
        },
        "4": {
            "sn": "03605",
            "brief": "全部、整个、各"
        },
        "5": {
            "sn": "03627",
            "brief": "器皿、器械、器具"
        },
        "6": {
            "sn": "00853",
            "brief": "不必翻译"
        },
        "7": {
            "sn": "03595",
            "brief": "锅、盆、碗"
        },
        "8": {
            "sn": "00853",
            "brief": "不必翻译"
        },
        "9": {
            "sn": "03653",
            "brief": "根基、地方、官职、职位"
        }
    },
    "11": {
        "literal": "雅威晓谕摩西说：",
        "0": {
            "sn": "00559",
            "brief": "说"
        },
        "1": {
            "sn": "03068",
            "brief": "上帝的名字「雅威」，犹太人尊称为「上主」"
        },
        "2": {
            "sn": "00413",
            "brief": "对、向、往"
        },
        "3": {
            "sn": "04872",
            "brief": "摩西"
        },
        "4": {
            "sn": "00559",
            "brief": "说"
        }
    },
    "13": {
        "literal": "所以你们要守安息日，要以它为圣日。凡干犯这日的，必要把他治死；凡在这日做工的，他的性命必从它(原文用阴性)的民中剪除。",
        "0": {
            "sn": "08104",
            "brief": "观看、遵守、保护、小心"
        },
        "1": {
            "sn": "00853",
            "brief": "不必翻译"
        },
        "9": {
            "sn": "04191",
            "brief": "死 (如刑罚)、治死"
        },
        "7": {
            "sn": "02490",
            "brief": "I. Qal 刺杀、伤害；II. Pi‘el 吹笛子；III. Pi‘el 亵渎、污辱、玷污、俗化，Hif‘il 亵渎、开始"
        },
        "2": {
            "sn": "07676",
            "brief": "安息日"
        },
        "3": {
            "sn": "03588",
            "brief": "因为、不必翻译"
        },
        "4": {
            "sn": "06944",
            "brief": "圣所、圣物、神圣"
        },
        "5": {
            "sn": "01931",
            "brief": "他"
        },
        "6": {
            "sn": "09001",
            "brief": "给、往、向、到、归属于"
        },
        "8": {
            "sn": "04191",
            "brief": "死 (如刑罚)、治死"
        },
        "10": {
            "sn": "03588",
            "brief": "因为、不必翻译"
        },
        "11": {
            "sn": "03605",
            "brief": "全部、整个、各"
        },
        "12": {
            "sn": "06213",
            "brief": "做"
        },
        "13": {
            "sn": "09002",
            "brief": "在、用、藉着、与、敌对"
        },
        "14": {
            "sn": "04399",
            "brief": "工作、财产"
        },
        "15": {
            "sn": "03772",
            "brief": "立约、剪除、切开、砍下"
        },
        "16": {
            "sn": "05315",
            "brief": "生命、人"
        },
        "17": {
            "sn": "01931",
            "brief": "他"
        },
        "18": {
            "sn": "07130",
            "brief": "里面、在中间"
        },
        "19": {
            "sn": "05971",
            "brief": "百姓、国民"
        }
    },
    "15": {
        "literal": "以色列人要守安息日，他们要世世代代守安息日，作为永远的约。",
        "0": {
            "sn": "08104",
            "brief": "观看、遵守、保护、小心"
        },
        "1": {
            "sn": "01121",
            "brief": "儿子、孙子、后裔、成员"
        },
        "2": {
            "sn": "03478",
            "brief": "以色列"
        },
        "3": {
            "sn": "00853",
            "brief": "不必翻译"
        },
        "4": {
            "sn": "07676",
            "brief": "安息日"
        },
        "5": {
            "sn": "06213",
            "brief": "做"
        },
        "6": {
            "sn": "00853",
            "brief": "不必翻译"
        },
        "7": {
            "sn": "07676",
            "brief": "安息日"
        },
        "8": {
            "sn": "01755",
            "brief": "年代、世代、后代、居所"
        },
        "9": {
            "sn": "01285",
            "brief": "约、盟约"
        },
        "10": {
            "sn": "05769",
            "brief": "永远"
        }
    },
    "1": {
        "literal": "「看哪，我已经按名字召…比撒列。(…处填入下行)犹大支派的户珥的孙子乌利的儿子",
        "0": {
            "sn": "07200",
            "brief": "Qal 看见、看顾、察觉，Nif‘al 显现，Hif‘il 显明"
        },
        "1": {
            "sn": "07121",
            "brief": "喊叫、召集、称呼、求告、朗读"
        },
        "2": {
            "sn": "08034",
            "brief": "名、名字"
        },
        "3": {
            "sn": "01212",
            "brief": "比撒列"
        },
        "4": {
            "sn": "01121",
            "brief": "儿子、孙子、后裔、成员"
        },
        "5": {
            "sn": "00221",
            "brief": "乌利"
        },
        "6": {
            "sn": "01121",
            "brief": "儿子、孙子、后裔、成员"
        },
        "7": {
            "sn": "02354",
            "brief": "户珥"
        },
        "8": {
            "sn": "04294",
            "brief": "杖、支派、分支"
        },
        "9": {
            "sn": "03063",
            "brief": "犹大"
        }
    },
    "4": {
        "4": {
            "sn": "06086",
            "brief": "树木、木头"
        },
        "5": {
            "sn": "06213",
            "brief": "做"
        },
        "6": {
            "sn": "03605",
            "brief": "全部、整个、各"
        },
        "literal": "又能刻宝石来镶嵌，能雕刻木头做各样的工。",
        "0": {
            "sn": "02799",
            "brief": "雕刻"
        },
        "1": {
            "sn": "00068",
            "brief": "石头、法码、宝石"
        },
        "2": {
            "sn": "04390",
            "brief": "充满、镶嵌"
        },
        "3": {
            "sn": "02799",
            "brief": "雕刻"
        },
        "7": {
            "sn": "04399",
            "brief": "工作、财产"
        }
    },
    "2": {
        "literal": "我也以上帝的灵充满他，(使他有)智慧，和聪明，和知识，和各样的巧工，",
        "0": {
            "sn": "04390",
            "brief": "充满"
        },
        "1": {
            "sn": "00853",
            "brief": "不必翻译"
        },
        "2": {
            "sn": "07307",
            "brief": "灵、风、气息"
        },
        "3": {
            "sn": "00430",
            "brief": "上帝、神、神明"
        },
        "4": {
            "sn": "02451",
            "brief": "智慧"
        },
        "5": {
            "sn": "08394",
            "brief": "聪明、知识"
        },
        "6": {
            "sn": "01847",
            "brief": "知识"
        },
        "7": {
            "sn": "03605",
            "brief": "全部、整个、各"
        },
        "8": {
            "sn": "04399",
            "brief": "工作、财产"
        }
    }
}