{
    "5": {
        "1": {
            "sn": "04283",
            "brief": "翌日"
        },
        "literal": "次日，他们早起献上燔祭，带来平安祭，百姓就坐下吃喝，起来玩耍。",
        "11": {
            "sn": "06711",
            "brief": "戏弄、玩、开玩笑、玩弄"
        },
        "2": {
            "sn": "05927",
            "brief": "上去、升高、生长、献上"
        },
        "3": {
            "sn": "05930",
            "brief": "燔祭、阶梯"
        },
        "5": {
            "sn": "08002",
            "brief": "平安祭"
        },
        "6": {
            "sn": "03427",
            "brief": "居住、坐、停留"
        },
        "7": {
            "sn": "05971",
            "brief": "百姓、国民"
        },
        "8": {
            "sn": "00398",
            "brief": "吃、吞吃"
        },
        "9": {
            "sn": "08354",
            "brief": "喝"
        },
        "10": {
            "sn": "06965",
            "brief": "起来、设立、坚立"
        },
        "12": {
            "sn": "09015",
            "brief": "开的意思"
        },
        "0": {
            "sn": "07925",
            "brief": "Hif‘il 早起"
        },
        "4": {
            "sn": "05066",
            "brief": "带来、靠近"
        }
    },
    "19": {
        "literal": "又取他们所铸的牛犊用火焚烧，磨得粉碎，撒在水面上，叫以色列人喝。",
        "0": {
            "sn": "03947",
            "brief": "取、娶、拿"
        },
        "1": {
            "sn": "00853",
            "brief": "不必翻译"
        },
        "2": {
            "sn": "05695",
            "brief": "牛犊"
        },
        "3": {
            "sn": "00834",
            "brief": "不必翻译"
        },
        "4": {
            "sn": "06213",
            "brief": "做"
        },
        "5": {
            "sn": "08313",
            "brief": "燃烧"
        },
        "6": {
            "sn": "00784",
            "brief": "火"
        },
        "7": {
            "sn": "02912",
            "brief": "磨、压碎"
        },
        "8": {
            "sn": "05704",
            "brief": "直到、甚至"
        },
        "9": {
            "sn": "00834",
            "brief": "不必翻译"
        },
        "10": {
            "sn": "01854",
            "brief": "磨碎、压碎"
        },
        "11": {
            "sn": "02219",
            "brief": "分散"
        },
        "12": {
            "sn": "05921",
            "brief": "在…上面"
        },
        "13": {
            "sn": "06440",
            "brief": "脸"
        },
        "14": {
            "sn": "04325",
            "brief": "水"
        },
        "16": {
            "sn": "00853",
            "brief": "不必翻译"
        },
        "17": {
            "sn": "01121",
            "brief": "儿子、孙子、后裔、成员"
        },
        "18": {
            "sn": "03478",
            "brief": "以色列"
        },
        "15": {
            "sn": "08248",
            "brief": "喝、灌溉"
        }
    },
    "8": {
        "9": {
            "sn": "05971",
            "brief": "百姓、国民"
        },
        "literal": "雅威对摩西说：「我看这百姓，看哪，它是硬着颈项的百姓。",
        "0": {
            "sn": "00559",
            "brief": "说"
        },
        "1": {
            "sn": "03068",
            "brief": "上帝的名字「雅威」，犹太人尊称为「上主」"
        },
        "2": {
            "sn": "00413",
            "brief": "对、向、往"
        },
        "3": {
            "sn": "04872",
            "brief": "摩西"
        },
        "5": {
            "sn": "00853",
            "brief": "不必翻译"
        },
        "6": {
            "sn": "05971",
            "brief": "百姓、国民"
        },
        "7": {
            "sn": "02088",
            "brief": "这个"
        },
        "8": {
            "sn": "02009",
            "brief": "看哪"
        },
        "10": {
            "sn": "07186",
            "brief": "顽固的、暴烈的、残忍的、严厉的"
        },
        "11": {
            "sn": "06203",
            "brief": "颈项、背"
        },
        "12": {
            "sn": "01931",
            "brief": "他"
        },
        "4": {
            "sn": "07200",
            "brief": "Qal 看见、看顾、察觉，Nif‘al 显现，Hif‘il 显明"
        }
    },
    "20": {
        "6": {
            "sn": "09001",
            "brief": "给、往、向、到、归属于"
        },
        "literal": "摩西对亚伦说：「这百姓向你做了甚么？你竟使他(指百姓)陷在大罪里！」",
        "0": {
            "sn": "00559",
            "brief": "说"
        },
        "1": {
            "sn": "04872",
            "brief": "摩西"
        },
        "2": {
            "sn": "00413",
            "brief": "对、向、往"
        },
        "3": {
            "sn": "00175",
            "brief": "亚伦"
        },
        "4": {
            "sn": "04100",
            "brief": "什么"
        },
        "5": {
            "sn": "06213",
            "brief": "做"
        },
        "7": {
            "sn": "05971",
            "brief": "百姓、国民"
        },
        "8": {
            "sn": "02088",
            "brief": "这个"
        },
        "9": {
            "sn": "03588",
            "brief": "因为、不必翻译"
        },
        "11": {
            "sn": "05921",
            "brief": "在…上面"
        },
        "12": {
            "sn": "02401",
            "brief": "罪、赎罪祭"
        },
        "13": {
            "sn": "01419",
            "brief": "大的、伟大的"
        },
        "10": {
            "sn": "00935",
            "brief": "来、进入、临到、发生"
        }
    },
    "23": {
        "1": {
            "sn": "09001",
            "brief": "给、往、向、到、归属于"
        },
        "6": {
            "sn": "09001",
            "brief": "给、往、向、到、归属于"
        },
        "10": {
            "sn": "05695",
            "brief": "牛犊"
        },
        "11": {
            "sn": "02088",
            "brief": "这个"
        },
        "literal": "我对他们说：『凡有金子的，要摘下来。』他们就给了我。我把它扔在火中，这牛犊便冒出来了。」",
        "0": {
            "sn": "00559",
            "brief": "说"
        },
        "2": {
            "sn": "04310",
            "brief": "谁"
        },
        "3": {
            "sn": "02091",
            "brief": "金"
        },
        "5": {
            "sn": "05414",
            "brief": "赐、给、置"
        },
        "8": {
            "sn": "00784",
            "brief": "火"
        },
        "9": {
            "sn": "03318",
            "brief": "带出、从....带出来"
        },
        "7": {
            "sn": "07993",
            "brief": "Hif‘il 抛弃、抛出、赶出、掷"
        },
        "4": {
            "sn": "06561",
            "brief": "拯救、抓走、撕开"
        }
    },
    "6": {
        "literal": "雅威吩咐摩西说：下去吧，因为你从埃及地带上来的你的百姓，已经败坏了。",
        "10": {
            "sn": "05927",
            "brief": "上去、升高、生长、献上"
        },
        "1": {
            "sn": "03068",
            "brief": "上帝的名字「雅威」，犹太人尊称为「上主」"
        },
        "2": {
            "sn": "00413",
            "brief": "对、向、往"
        },
        "3": {
            "sn": "04872",
            "brief": "摩西"
        },
        "4": {
            "sn": "01980",
            "brief": "去、来"
        },
        "5": {
            "sn": "03381",
            "brief": "前进、下去"
        },
        "6": {
            "sn": "03588",
            "brief": "因为、不必翻译"
        },
        "8": {
            "sn": "05971",
            "brief": "百姓、国民"
        },
        "9": {
            "sn": "00834",
            "brief": "不必翻译"
        },
        "11": {
            "sn": "00776",
            "brief": "地、邦国、疆界"
        },
        "12": {
            "sn": "04714",
            "brief": "埃及"
        },
        "7": {
            "sn": "07843",
            "brief": "败坏、破坏"
        },
        "0": {
            "sn": "01696",
            "brief": "Pi‘el 讲、说、指挥"
        }
    },
    "7": {
        "literal": "他们快快偏离了我吩咐他们的道，为自己铸了一只牛犊，向它下拜献祭，说：『以色列啊，这就是领你出埃及地的神。』」",
        "0": {
            "sn": "05493",
            "brief": "转离、除去"
        },
        "1": {
            "sn": "04118",
            "brief": "I. 形容词，快速的；II. 副词，快速地"
        },
        "2": {
            "sn": "04480",
            "brief": "从、出、离"
        },
        "3": {
            "sn": "01870",
            "brief": "道路、行为、方向、方法"
        },
        "4": {
            "sn": "00834",
            "brief": "不必翻译"
        },
        "6": {
            "sn": "06213",
            "brief": "做"
        },
        "7": {
            "sn": "09001",
            "brief": "给、往、向、到、归属于"
        },
        "8": {
            "sn": "05695",
            "brief": "牛犊"
        },
        "9": {
            "sn": "04541",
            "brief": "铸造的偶像"
        },
        "11": {
            "sn": "09001",
            "brief": "给、往、向、到、归属于"
        },
        "12": {
            "sn": "02076",
            "brief": "屠宰、献祭"
        },
        "13": {
            "sn": "09001",
            "brief": "给、往、向、到、归属于"
        },
        "14": {
            "sn": "00559",
            "brief": "说"
        },
        "15": {
            "sn": "00428",
            "brief": "这些"
        },
        "16": {
            "sn": "00430",
            "brief": "上帝、神、神明"
        },
        "17": {
            "sn": "03478",
            "brief": "以色列"
        },
        "18": {
            "sn": "00834",
            "brief": "不必翻译"
        },
        "20": {
            "sn": "00776",
            "brief": "地、邦国、疆界"
        },
        "21": {
            "sn": "04714",
            "brief": "埃及"
        },
        "19": {
            "sn": "05927",
            "brief": "上去、升高、生长、献上"
        },
        "10": {
            "sn": "09013",
            "brief": "跪拜、下拜"
        },
        "5": {
            "sn": "06680",
            "brief": "Pi‘el 命令、吩咐"
        }
    },
    "9": {
        "0": {
            "sn": "06258",
            "brief": "现在"
        },
        "2": {
            "sn": "09001",
            "brief": "给、往、向、到、归属于"
        },
        "3": {
            "sn": "02734",
            "brief": "发怒、燃烧"
        },
        "4": {
            "sn": "00639",
            "brief": "鼻子、怒气"
        },
        "5": {
            "sn": "09002",
            "brief": "在、用、藉着、与、敌对"
        },
        "7": {
            "sn": "06213",
            "brief": "做"
        },
        "8": {
            "sn": "00853",
            "brief": "不必翻译"
        },
        "9": {
            "sn": "01471",
            "brief": "国家、国民"
        },
        "10": {
            "sn": "01419",
            "brief": "大的、伟大的"
        },
        "1": {
            "sn": "03240",
            "brief": "安顿、允许、遗弃"
        },
        "6": {
            "sn": "03615",
            "brief": "Qal 完成、结束、停止，Pi‘el 完成、毁坏、根除"
        },
        "literal": "你且由着我，让我的怒气向他们发作，灭绝他们，但我要使你成为大国。」"
    },
    "22": {
        "1": {
            "sn": "09001",
            "brief": "给、往、向、到、归属于"
        },
        "3": {
            "sn": "09001",
            "brief": "给、往、向、到、归属于"
        },
        "20": {
            "sn": "09001",
            "brief": "给、往、向、到、归属于"
        },
        "literal": "他们对我说：『求你为我们做神像，可以走在我们前面；因为领我们出埃及地的那个人摩西，我们不知道他发生了甚么事。』",
        "0": {
            "sn": "00559",
            "brief": "说"
        },
        "13": {
            "sn": "05927",
            "brief": "上去、升高、生长、献上"
        },
        "2": {
            "sn": "06213",
            "brief": "做"
        },
        "4": {
            "sn": "00430",
            "brief": "上帝、神、神明"
        },
        "5": {
            "sn": "00834",
            "brief": "不必翻译"
        },
        "6": {
            "sn": "01980",
            "brief": "去、来"
        },
        "7": {
            "sn": "03942",
            "brief": "在…面前"
        },
        "8": {
            "sn": "03588",
            "brief": "因为、不必翻译"
        },
        "9": {
            "sn": "02088",
            "brief": "这个"
        },
        "10": {
            "sn": "04872",
            "brief": "摩西"
        },
        "11": {
            "sn": "00376",
            "brief": "各人、人、男人、丈夫"
        },
        "12": {
            "sn": "00834",
            "brief": "不必翻译"
        },
        "14": {
            "sn": "00776",
            "brief": "地、邦国、疆界"
        },
        "15": {
            "sn": "04714",
            "brief": "埃及"
        },
        "17": {
            "sn": "03045",
            "brief": "Qal 知道、认识、辨别、经历，Hif‘il 使知道、宣告"
        },
        "18": {
            "sn": "04100",
            "brief": "什么"
        },
        "19": {
            "sn": "01961",
            "brief": "是，成为，临到"
        },
        "16": {
            "sn": "03808",
            "brief": "不"
        }
    },
    "0": {
        "16": {
            "sn": "09001",
            "brief": "给、往、向、到、归属于"
        },
        "33": {
            "sn": "09001",
            "brief": "给、往、向、到、归属于"
        },
        "0": {
            "sn": "07200",
            "brief": "Qal 看见、看顾、察觉，Nif‘al 显现，Hif‘il 显明"
        },
        "10": {
            "sn": "05921",
            "brief": "在…上面"
        },
        "11": {
            "sn": "00175",
            "brief": "亚伦"
        },
        "literal": "百姓见摩西迟延不下山，百姓就聚集到亚伦那里，对他说：「起来！为我们做神像，可以在我们前面引路；因为那个摩西，就是领我们出埃及地的那人，我们不知道他发生了甚么事。」",
        "1": {
            "sn": "05971",
            "brief": "百姓、国民"
        },
        "2": {
            "sn": "03588",
            "brief": "因为、不必翻译"
        },
        "3": {
            "sn": "00954",
            "brief": "蒙羞、羞愧、在羞愧中耽搁"
        },
        "4": {
            "sn": "04872",
            "brief": "摩西"
        },
        "5": {
            "sn": "03381",
            "brief": "前进、下去"
        },
        "6": {
            "sn": "04480",
            "brief": "从、出、离"
        },
        "7": {
            "sn": "02022",
            "brief": "山"
        },
        "8": {
            "sn": "06950",
            "brief": "聚集"
        },
        "9": {
            "sn": "05971",
            "brief": "百姓、国民"
        },
        "12": {
            "sn": "00559",
            "brief": "说"
        },
        "13": {
            "sn": "00413",
            "brief": "对、向、往"
        },
        "14": {
            "sn": "06965",
            "brief": "起来、设立、坚立"
        },
        "15": {
            "sn": "06213",
            "brief": "做"
        },
        "17": {
            "sn": "00430",
            "brief": "上帝、神、神明"
        },
        "18": {
            "sn": "00834",
            "brief": "不必翻译"
        },
        "19": {
            "sn": "01980",
            "brief": "去、来"
        },
        "20": {
            "sn": "03942",
            "brief": "在…面前"
        },
        "21": {
            "sn": "03588",
            "brief": "因为、不必翻译"
        },
        "22": {
            "sn": "02088",
            "brief": "这个"
        },
        "23": {
            "sn": "04872",
            "brief": "摩西"
        },
        "24": {
            "sn": "00376",
            "brief": "各人、人、男人、丈夫"
        },
        "25": {
            "sn": "00834",
            "brief": "不必翻译"
        },
        "27": {
            "sn": "00776",
            "brief": "地、邦国、疆界"
        },
        "28": {
            "sn": "04714",
            "brief": "埃及"
        },
        "26": {
            "sn": "05927",
            "brief": "上去、升高、生长、献上"
        },
        "31": {
            "sn": "04100",
            "brief": "什么"
        },
        "32": {
            "sn": "01961",
            "brief": "是，成为，临到"
        },
        "30": {
            "sn": "03045",
            "brief": "Qal 知道、认识、辨别、经历，Hif‘il 使知道、宣告"
        },
        "29": {
            "sn": "03808",
            "brief": "不"
        }
    },
    "30": {
        "5": {
            "sn": "00577",
            "brief": "唉"
        },
        "literal": "摩西回到雅威那里，说：「唉！这百姓犯了大罪，为自己做了金像。",
        "1": {
            "sn": "04872",
            "brief": "摩西"
        },
        "2": {
            "sn": "00413",
            "brief": "对、向、往"
        },
        "3": {
            "sn": "03068",
            "brief": "上帝的名字「雅威」，犹太人尊称为「上主」"
        },
        "4": {
            "sn": "00559",
            "brief": "说"
        },
        "7": {
            "sn": "05971",
            "brief": "百姓、国民"
        },
        "8": {
            "sn": "02088",
            "brief": "这个"
        },
        "9": {
            "sn": "02401",
            "brief": "罪、赎罪祭"
        },
        "10": {
            "sn": "01419",
            "brief": "大的、伟大的"
        },
        "12": {
            "sn": "09001",
            "brief": "给、往、向、到、归属于"
        },
        "13": {
            "sn": "00430",
            "brief": "上帝、神、神明"
        },
        "14": {
            "sn": "02091",
            "brief": "金"
        },
        "11": {
            "sn": "06213",
            "brief": "做"
        },
        "0": {
            "sn": "07725",
            "brief": "Qal 回复、回转、重复，Po‘lel 带回、复兴、更新，Hif‘il 回报、报告、带回"
        },
        "6": {
            "sn": "02398",
            "brief": "Qal 犯罪；Pi‘el 献赎罪祭、得洁净；Hif‘il 导致犯罪；Hitpa‘el 迷失、洁净自己"
        }
    },
    "31": {
        "2": {
            "sn": "05375",
            "brief": "高举、举起、背负、承担"
        },
        "3": {
            "sn": "02403",
            "brief": "罪、赎罪祭、除罪、罪罚"
        },
        "literal": "倘或你肯赦免他们的罪……不然，求你从你所写的册上把我涂去。」",
        "0": {
            "sn": "06258",
            "brief": "现在"
        },
        "1": {
            "sn": "00518",
            "brief": "如果、或是"
        },
        "4": {
            "sn": "00518",
            "brief": "如果、或是"
        },
        "5": {
            "sn": "00369",
            "brief": "不存在、没有"
        },
        "6": {
            "sn": "04229",
            "brief": "涂抹、擦去"
        },
        "7": {
            "sn": "04994",
            "brief": "作为鼓励语的一部份"
        },
        "8": {
            "sn": "05612",
            "brief": "圣经、正典、书卷"
        },
        "9": {
            "sn": "00834",
            "brief": "不必翻译"
        },
        "10": {
            "sn": "03789",
            "brief": "写、刻"
        }
    },
    "32": {
        "7": {
            "sn": "09001",
            "brief": "给、往、向、到、归属于"
        },
        "8": {
            "sn": "04229",
            "brief": "涂抹、擦去"
        },
        "9": {
            "sn": "05612",
            "brief": "圣经、正典、书卷"
        },
        "literal": "雅威对摩西说：「谁得罪我，我就从我的册上涂去他。」",
        "0": {
            "sn": "00559",
            "brief": "说"
        },
        "1": {
            "sn": "03068",
            "brief": "上帝的名字「雅威」，犹太人尊称为「上主」"
        },
        "2": {
            "sn": "00413",
            "brief": "对、向、往"
        },
        "3": {
            "sn": "04872",
            "brief": "摩西"
        },
        "4": {
            "sn": "04310",
            "brief": "谁"
        },
        "5": {
            "sn": "00834",
            "brief": "不必翻译"
        },
        "6": {
            "sn": "02398",
            "brief": "Qal 犯罪；Pi‘el 献赎罪祭、得洁净；Hif‘il 导致犯罪；Hitpa‘el 迷失、洁净自己"
        }
    },
    "11": {
        "1": {
            "sn": "00559",
            "brief": "说"
        },
        "2": {
            "sn": "04714",
            "brief": "埃及"
        },
        "0": {
            "sn": "04100",
            "brief": "什么"
        },
        "literal": "为甚么使埃及议论说『他领他们出去，是要降祸与他们，把他们杀在山中，将他们从地上除灭』？求你转意，不发你的烈怒，怜悯，不降祸与你的百姓。",
        "3": {
            "sn": "00559",
            "brief": "说"
        },
        "4": {
            "sn": "07451",
            "brief": "恶的、邪恶的"
        },
        "5": {
            "sn": "03318",
            "brief": "带出、从....带出来"
        },
        "6": {
            "sn": "02026",
            "brief": "杀"
        },
        "7": {
            "sn": "00853",
            "brief": "不必翻译"
        },
        "9": {
            "sn": "03615",
            "brief": "Qal 完成、结束、停止，Pi‘el 完成、毁坏、根除"
        },
        "16": {
            "sn": "05162",
            "brief": "Qal、Pi‘el 安慰、怜恤，Nif‘al 怜悯、反悔、遗憾、悲伤"
        },
        "13": {
            "sn": "07725",
            "brief": "Qal 回复、回转、重复，Po‘lel 带回、复兴、更新，Hif‘il 回报、报告、带回"
        },
        "8": {
            "sn": "02022",
            "brief": "山"
        },
        "10": {
            "sn": "05921",
            "brief": "在…上面"
        },
        "11": {
            "sn": "06440",
            "brief": "脸"
        },
        "12": {
            "sn": "00127",
            "brief": "地"
        },
        "14": {
            "sn": "02740",
            "brief": "生气、愤怒、烧着"
        },
        "15": {
            "sn": "00639",
            "brief": "鼻子、怒气"
        },
        "17": {
            "sn": "05921",
            "brief": "在…上面"
        },
        "18": {
            "sn": "07451",
            "brief": "恶的、邪恶的"
        },
        "19": {
            "sn": "05971",
            "brief": "百姓、国民"
        }
    },
    "4": {
        "9": {
            "sn": "03068",
            "brief": "上帝的名字「雅威」，犹太人尊称为「上主」"
        },
        "10": {
            "sn": "04279",
            "brief": "明天、未来"
        },
        "5": {
            "sn": "07121",
            "brief": "喊叫、召集、称呼、求告、朗读"
        },
        "0": {
            "sn": "07200",
            "brief": "Qal 看见、看顾、察觉，Nif‘al 显现，Hif‘il 显明"
        },
        "literal": "亚伦看见，就在牛犊面前筑坛，且宣告说：「明日是雅威的节日。」",
        "1": {
            "sn": "00175",
            "brief": "亚伦"
        },
        "2": {
            "sn": "01129",
            "brief": "建造"
        },
        "3": {
            "sn": "04196",
            "brief": "祭坛"
        },
        "4": {
            "sn": "03942",
            "brief": "在…面前"
        },
        "6": {
            "sn": "00175",
            "brief": "亚伦"
        },
        "7": {
            "sn": "00559",
            "brief": "说"
        },
        "8": {
            "sn": "02282",
            "brief": "节期、节庆"
        }
    },
    "18": {
        "16": {
            "sn": "07665",
            "brief": "Qal 拆毁、折断、打碎，Nif‘al 遭破坏、被折断，Hif‘il 使生产"
        },
        "5": {
            "sn": "07200",
            "brief": "Qal 看见、看顾、察觉，Nif‘al 显现，Hif‘il 显明"
        },
        "literal": "他挨近营前时看见牛犊和跳舞，摩西的怒气就发作，从他双手扔出版子，把它们摔碎在山下，",
        "0": {
            "sn": "01961",
            "brief": "是、成为、临到"
        },
        "1": {
            "sn": "00834",
            "brief": "不必翻译"
        },
        "2": {
            "sn": "07126",
            "brief": "带来、呈献、靠近"
        },
        "3": {
            "sn": "00413",
            "brief": "对、向、往"
        },
        "4": {
            "sn": "04264",
            "brief": "军旅、军营、军队"
        },
        "6": {
            "sn": "00853",
            "brief": "不必翻译"
        },
        "7": {
            "sn": "05695",
            "brief": "牛犊"
        },
        "8": {
            "sn": "04246",
            "brief": "跳舞、跳舞的"
        },
        "9": {
            "sn": "02734",
            "brief": "发怒、燃烧"
        },
        "10": {
            "sn": "00639",
            "brief": "鼻子、怒气"
        },
        "11": {
            "sn": "04872",
            "brief": "摩西"
        },
        "13": {
            "sn": "03027",
            "brief": "手、边、力量、权势"
        },
        "14": {
            "sn": "00853",
            "brief": "不必翻译"
        },
        "15": {
            "sn": "03871",
            "brief": "板、木板"
        },
        "12": {
            "sn": "07993",
            "brief": "Hif‘il 抛弃、抛出、赶出、掷"
        },
        "17": {
            "sn": "00853",
            "brief": "不必翻译"
        },
        "18": {
            "sn": "08478",
            "brief": "1. 名词：位置、地方；2. 介系词：在…之下；3. 介系词：代替、因为"
        },
        "19": {
            "sn": "02022",
            "brief": "山"
        }
    },
    "10": {
        "0": {
            "sn": "02470",
            "brief": "I. Qal 生病，Hof‘al 受伤，II. Pi‘el 恳求施恩"
        },
        "15": {
            "sn": "04714",
            "brief": "埃及"
        },
        "literal": "摩西便恳求雅威―他的上帝说：「雅威啊，为甚么向祢…的百姓发烈怒呢？(…处填入下二行)…从埃及地领出来的(…处填入下行)用大力和大能的手",
        "1": {
            "sn": "04872",
            "brief": "摩西"
        },
        "2": {
            "sn": "00853",
            "brief": "不必翻译"
        },
        "3": {
            "sn": "06440",
            "brief": "脸"
        },
        "4": {
            "sn": "03068",
            "brief": "上帝的名字「雅威」，犹太人尊称为「上主」"
        },
        "5": {
            "sn": "00430",
            "brief": "上帝、神、神明"
        },
        "6": {
            "sn": "00559",
            "brief": "说"
        },
        "7": {
            "sn": "04100",
            "brief": "什么"
        },
        "8": {
            "sn": "03068",
            "brief": "上帝的名字「雅威」，犹太人尊称为「上主」"
        },
        "9": {
            "sn": "02734",
            "brief": "发怒、燃烧"
        },
        "10": {
            "sn": "00639",
            "brief": "鼻子、怒气"
        },
        "11": {
            "sn": "05971",
            "brief": "百姓、国民"
        },
        "12": {
            "sn": "00834",
            "brief": "不必翻译"
        },
        "14": {
            "sn": "00776",
            "brief": "地、邦国、疆界"
        },
        "16": {
            "sn": "03581",
            "brief": "能力、财富"
        },
        "17": {
            "sn": "01419",
            "brief": "大的、伟大的"
        },
        "18": {
            "sn": "03027",
            "brief": "手、边、力量、权势"
        },
        "19": {
            "sn": "02389",
            "brief": "强壮的、有能力的"
        },
        "13": {
            "sn": "03318",
            "brief": "带出、从....带出来"
        }
    },
    "24": {
        "0": {
            "sn": "07200",
            "brief": "Qal 看见、看顾、察觉，Nif‘al 显现，Hif‘il 显明"
        },
        "literal": "摩西见百姓，他(指百姓)不受约束，因亚伦纵容，使他们在起来攻击他们的人中被讥刺，",
        "1": {
            "sn": "04872",
            "brief": "摩西"
        },
        "2": {
            "sn": "00853",
            "brief": "不必翻译"
        },
        "3": {
            "sn": "05971",
            "brief": "百姓、国民"
        },
        "4": {
            "sn": "03588",
            "brief": "因为、不必翻译"
        },
        "5": {
            "sn": "06544",
            "brief": "忽视、放松"
        },
        "6": {
            "sn": "01931",
            "brief": "他"
        },
        "7": {
            "sn": "03588",
            "brief": "因为、不必翻译"
        },
        "8": {
            "sn": "06544",
            "brief": "忽视、放松"
        },
        "9": {
            "sn": "00175",
            "brief": "亚伦"
        },
        "10": {
            "sn": "08103",
            "brief": "嘲弄"
        },
        "11": {
            "sn": "06965",
            "brief": "起来、设立、坚立"
        }
    },
    "3": {
        "14": {
            "sn": "00776",
            "brief": "地、邦国、疆界"
        },
        "15": {
            "sn": "04714",
            "brief": "埃及"
        },
        "13": {
            "sn": "05927",
            "brief": "上去、升高、生长、献上"
        },
        "literal": "他从他们手里接过来，用雕刻的工具塑造它，把它铸成一只牛犊。他们就说：「以色列啊，这是领你出埃及地的你的神。」",
        "0": {
            "sn": "03947",
            "brief": "取、娶、拿"
        },
        "1": {
            "sn": "03027",
            "brief": "手、边、力量、权势"
        },
        "2": {
            "sn": "03335",
            "brief": "造作、形成"
        },
        "3": {
            "sn": "00853",
            "brief": "不必翻译"
        },
        "4": {
            "sn": "02747",
            "brief": "雕刻工具、铁笔、尖笔"
        },
        "5": {
            "sn": "06213",
            "brief": "做"
        },
        "6": {
            "sn": "05695",
            "brief": "牛犊"
        },
        "7": {
            "sn": "04541",
            "brief": "铸造的偶像"
        },
        "8": {
            "sn": "00559",
            "brief": "说"
        },
        "9": {
            "sn": "00428",
            "brief": "这些"
        },
        "10": {
            "sn": "00430",
            "brief": "上帝、神、神明"
        },
        "11": {
            "sn": "03478",
            "brief": "以色列"
        },
        "12": {
            "sn": "00834",
            "brief": "不必翻译"
        }
    },
    "1": {
        "9": {
            "sn": "01121",
            "brief": "儿子、孙子、后裔、成员"
        },
        "10": {
            "sn": "01323",
            "brief": "女儿"
        },
        "12": {
            "sn": "00413",
            "brief": "对、向、往"
        },
        "11": {
            "sn": "00935",
            "brief": "来、进入、临到、发生"
        },
        "literal": "亚伦对他们说：「摘下…金环，(…处填入下行)你们的妻子、你们的儿子们、和你们的女儿们耳上的拿来给我。」",
        "0": {
            "sn": "00559",
            "brief": "说"
        },
        "1": {
            "sn": "00413",
            "brief": "对、向、往"
        },
        "2": {
            "sn": "00175",
            "brief": "亚伦"
        },
        "4": {
            "sn": "05141",
            "brief": "环、圈、耳环、鼻环、指环"
        },
        "5": {
            "sn": "02091",
            "brief": "金"
        },
        "6": {
            "sn": "00834",
            "brief": "不必翻译"
        },
        "7": {
            "sn": "00241",
            "brief": "耳朵"
        },
        "8": {
            "sn": "00802",
            "brief": "各人、女人、妻子"
        },
        "3": {
            "sn": "06561",
            "brief": "拯救、抓走、撕开"
        }
    },
    "2": {
        "literal": "百姓就都摘下他们耳上的金环，拿来给亚伦。",
        "4": {
            "sn": "05141",
            "brief": "环、圈、耳环、鼻环、指环"
        },
        "5": {
            "sn": "02091",
            "brief": "金"
        },
        "6": {
            "sn": "00834",
            "brief": "不必翻译"
        },
        "0": {
            "sn": "06561",
            "brief": "拯救、抓走、撕开"
        },
        "1": {
            "sn": "03605",
            "brief": "全部、整个、各"
        },
        "2": {
            "sn": "05971",
            "brief": "百姓、国民"
        },
        "3": {
            "sn": "00853",
            "brief": "不必翻译"
        },
        "7": {
            "sn": "00241",
            "brief": "耳朵"
        },
        "9": {
            "sn": "00413",
            "brief": "对、向、往"
        },
        "10": {
            "sn": "00175",
            "brief": "亚伦"
        },
        "8": {
            "sn": "00935",
            "brief": "来、进入、临到、发生"
        }
    },
    "12": {
        "6": {
            "sn": "07650",
            "brief": "Qal Nif‘al 发誓，Hif‘il 使起誓、嘱咐"
        },
        "9": {
            "sn": "01696",
            "brief": "Pi‘el 讲、说、指挥"
        },
        "11": {
            "sn": "07235",
            "brief": "多、变多"
        },
        "literal": "求你记念你的仆人亚伯拉罕、以撒、以色列，你曾指着自己起誓，对他们说：『我必使你们的后裔像天上的星那样多，并且我所说的这全地，我要给你们的后裔，使他们永远承受为业。』」",
        "0": {
            "sn": "02142",
            "brief": "提说、纪念、回想"
        },
        "1": {
            "sn": "00085",
            "brief": "亚伯拉罕"
        },
        "2": {
            "sn": "03327",
            "brief": "以撒"
        },
        "3": {
            "sn": "03478",
            "brief": "以色列"
        },
        "4": {
            "sn": "05650",
            "brief": "仆人、奴隶"
        },
        "5": {
            "sn": "00834",
            "brief": "不必翻译"
        },
        "7": {
            "sn": "09001",
            "brief": "给、往、向、到、归属于"
        },
        "8": {
            "sn": "09002",
            "brief": "在、用、藉着、与、敌对"
        },
        "10": {
            "sn": "00413",
            "brief": "对、向、往"
        },
        "12": {
            "sn": "00853",
            "brief": "不必翻译"
        },
        "23": {
            "sn": "05157",
            "brief": "Qal 继承、获得，Pi‘el 分配财产"
        },
        "13": {
            "sn": "02233",
            "brief": "后裔、子孙"
        },
        "14": {
            "sn": "03556",
            "brief": "星星"
        },
        "15": {
            "sn": "08064",
            "brief": "天"
        },
        "16": {
            "sn": "03605",
            "brief": "全部、整个、各"
        },
        "17": {
            "sn": "00776",
            "brief": "地、邦国、疆界"
        },
        "18": {
            "sn": "02063",
            "brief": "这个"
        },
        "19": {
            "sn": "00834",
            "brief": "不必翻译"
        },
        "20": {
            "sn": "00559",
            "brief": "说"
        },
        "21": {
            "sn": "05414",
            "brief": "赐、给、置"
        },
        "22": {
            "sn": "02233",
            "brief": "后裔、子孙"
        },
        "24": {
            "sn": "05769",
            "brief": "永远"
        }
    },
    "34": {
        "literal": "雅威因他们…所做的事击打百姓。(…处填入下行)对亚伦所做的牛犊",
        "0": {
            "sn": "05062",
            "brief": "击打"
        },
        "1": {
            "sn": "03068",
            "brief": "上帝的名字「雅威」，犹太人尊称为「上主」"
        },
        "2": {
            "sn": "00853",
            "brief": "不必翻译"
        },
        "3": {
            "sn": "05971",
            "brief": "百姓、国民"
        },
        "4": {
            "sn": "05921",
            "brief": "在…上面"
        },
        "5": {
            "sn": "00834",
            "brief": "不必翻译"
        },
        "6": {
            "sn": "06213",
            "brief": "做"
        },
        "7": {
            "sn": "00853",
            "brief": "不必翻译"
        },
        "8": {
            "sn": "05695",
            "brief": "牛犊"
        },
        "9": {
            "sn": "00834",
            "brief": "不必翻译"
        },
        "10": {
            "sn": "06213",
            "brief": "做"
        },
        "11": {
            "sn": "00175",
            "brief": "亚伦"
        },
        "12": {
            "sn": "09014",
            "brief": "关闭的意思"
        }
    },
    "13": {
        "0": {
            "sn": "05162",
            "brief": "Qal、Pi‘el 安慰、怜恤，Nif‘al 怜悯、反悔、遗憾、悲伤"
        },
        "5": {
            "sn": "01696",
            "brief": "Pi‘el 讲、说、指挥"
        },
        "literal": "于是雅威怜悯，不降…灾祸。(…处填入下行)他所说要降给他百姓的",
        "1": {
            "sn": "03068",
            "brief": "上帝的名字「雅威」，犹太人尊称为「上主」"
        },
        "2": {
            "sn": "05921",
            "brief": "在…上面"
        },
        "3": {
            "sn": "07451",
            "brief": "恶的、邪恶的"
        },
        "4": {
            "sn": "00834",
            "brief": "不必翻译"
        },
        "6": {
            "sn": "06213",
            "brief": "做"
        },
        "7": {
            "sn": "05971",
            "brief": "百姓、国民"
        },
        "8": {
            "sn": "09015",
            "brief": "开的意思"
        }
    },
    "14": {
        "literal": "摩西转身从山上下来，他的手里有两块法版。这版它们的两面都写了字，这面和那面，它们都写了字，",
        "0": {
            "sn": "06437",
            "brief": "转向、转离、走离"
        },
        "1": {
            "sn": "03381",
            "brief": "前进、下去"
        },
        "2": {
            "sn": "04872",
            "brief": "摩西"
        },
        "3": {
            "sn": "04480",
            "brief": "从、出、离"
        },
        "4": {
            "sn": "02022",
            "brief": "山"
        },
        "5": {
            "sn": "08147",
            "brief": "数目的「二」"
        },
        "6": {
            "sn": "03871",
            "brief": "板、木板"
        },
        "7": {
            "sn": "05715",
            "brief": "见证、证言"
        },
        "8": {
            "sn": "03027",
            "brief": "手、边、力量、权势"
        },
        "9": {
            "sn": "03871",
            "brief": "板、木板"
        },
        "10": {
            "sn": "03789",
            "brief": "写、刻"
        },
        "11": {
            "sn": "08147",
            "brief": "数目的「二」"
        },
        "12": {
            "sn": "05676",
            "brief": "…外、对面、旁边"
        },
        "13": {
            "sn": "02088",
            "brief": "这个"
        },
        "14": {
            "sn": "02088",
            "brief": "这个"
        },
        "15": {
            "sn": "01992",
            "brief": "他们"
        },
        "16": {
            "sn": "03789",
            "brief": "写、刻"
        }
    },
    "17": {
        "10": {
            "sn": "06030",
            "brief": "I. 回答、作证；II. 忙；III. 使受苦、 使低微；IV. 唱歌 (I, IV 的 SN 为 6030. II, III 的 SN 为 6031)"
        },
        "12": {
            "sn": "08085",
            "brief": "Qal 听、听从，Hif‘il 说明、使…听"
        },
        "literal": "他(指摩西)说：「这不是打胜仗呼喊的声音，也不是打败仗呼喊的声音，我所听见的是歌唱的声音。」",
        "0": {
            "sn": "00559",
            "brief": "说"
        },
        "1": {
            "sn": "00369",
            "brief": "不存在、没有"
        },
        "2": {
            "sn": "06963",
            "brief": "声音"
        },
        "3": {
            "sn": "06030",
            "brief": "I. 回答、作证；II. 忙；III. 使受苦、 使低微；IV. 唱歌 (I, IV 的 SN 为 6030. II, III 的 SN 为 6031)"
        },
        "4": {
            "sn": "01369",
            "brief": "力量"
        },
        "5": {
            "sn": "00369",
            "brief": "不存在、没有"
        },
        "6": {
            "sn": "06963",
            "brief": "声音"
        },
        "7": {
            "sn": "06030",
            "brief": "I. 回答、作证；II. 忙；III. 使受苦、 使低微；IV. 唱歌 (I, IV 的 SN 为 6030. II, III 的 SN 为 6031)"
        },
        "8": {
            "sn": "02476",
            "brief": "挫败"
        },
        "9": {
            "sn": "06963",
            "brief": "声音"
        },
        "11": {
            "sn": "00595",
            "brief": "我"
        }
    },
    "21": {
        "literal": "亚伦说：「愿我主的鼻子不要燃烧(意思是发烈怒)。你了解这百姓，他(指百姓)倾向于作恶。",
        "0": {
            "sn": "00559",
            "brief": "说"
        },
        "1": {
            "sn": "00175",
            "brief": "亚伦"
        },
        "2": {
            "sn": "00408",
            "brief": "不"
        },
        "3": {
            "sn": "02734",
            "brief": "发怒、燃烧"
        },
        "4": {
            "sn": "00639",
            "brief": "鼻子、怒气"
        },
        "5": {
            "sn": "00113",
            "brief": "主人"
        },
        "6": {
            "sn": "00859",
            "brief": "你们"
        },
        "8": {
            "sn": "00853",
            "brief": "不必翻译"
        },
        "9": {
            "sn": "05971",
            "brief": "百姓、国民"
        },
        "10": {
            "sn": "03588",
            "brief": "因为、不必翻译"
        },
        "11": {
            "sn": "07451",
            "brief": "恶的、邪恶的"
        },
        "12": {
            "sn": "01931",
            "brief": "他"
        },
        "7": {
            "sn": "03045",
            "brief": "Qal 知道、认识、辨别、经历，Hif‘il 使知道、宣告"
        }
    },
    "25": {
        "0": {
            "sn": "05975",
            "brief": "Qal 站立、侍立、停留，Hif‘il 设立、使坚定"
        },
        "literal": "摩西就站在营门口，说：「凡属雅威的，都要到我这里来！」于是利未的子孙都到他那里聚集。",
        "1": {
            "sn": "04872",
            "brief": "摩西"
        },
        "2": {
            "sn": "08179",
            "brief": "门"
        },
        "3": {
            "sn": "04264",
            "brief": "军旅、军营、军队"
        },
        "4": {
            "sn": "00559",
            "brief": "说"
        },
        "5": {
            "sn": "04310",
            "brief": "谁"
        },
        "6": {
            "sn": "03068",
            "brief": "上帝的名字「雅威」，犹太人尊称为「上主」"
        },
        "7": {
            "sn": "00413",
            "brief": "对、向、往"
        },
        "8": {
            "sn": "00622",
            "brief": "聚集"
        },
        "9": {
            "sn": "00413",
            "brief": "对、向、往"
        },
        "10": {
            "sn": "03605",
            "brief": "全部、整个、各"
        },
        "11": {
            "sn": "01121",
            "brief": "儿子、孙子、后裔、成员"
        },
        "12": {
            "sn": "03878",
            "brief": "利未"
        }
    },
    "16": {
        "0": {
            "sn": "08085",
            "brief": "Qal 听、听从，Hif‘il 说明、使…听"
        },
        "literal": "约书亚听见百姓在他(指百姓)呼喊时的声音，就对摩西说：「在营里有争战的声音。」",
        "1": {
            "sn": "03091",
            "brief": "约书亚"
        },
        "2": {
            "sn": "00853",
            "brief": "不必翻译"
        },
        "3": {
            "sn": "06963",
            "brief": "声音"
        },
        "4": {
            "sn": "05971",
            "brief": "百姓、国民"
        },
        "5": {
            "sn": "07452",
            "brief": "喊叫"
        },
        "6": {
            "sn": "00559",
            "brief": "说"
        },
        "7": {
            "sn": "00413",
            "brief": "对、向、往"
        },
        "8": {
            "sn": "04872",
            "brief": "摩西"
        },
        "9": {
            "sn": "06963",
            "brief": "声音"
        },
        "10": {
            "sn": "04421",
            "brief": "战争"
        },
        "11": {
            "sn": "04264",
            "brief": "军旅、军营、军队"
        }
    },
    "27": {
        "literal": "利未的子孙照摩西的话做了。那一天百姓中倒毙的约有三千人。",
        "0": {
            "sn": "06213",
            "brief": "做"
        },
        "1": {
            "sn": "01121",
            "brief": "儿子、孙子、后裔、成员"
        },
        "2": {
            "sn": "03878",
            "brief": "利未"
        },
        "3": {
            "sn": "01697",
            "brief": "话语、言词"
        },
        "4": {
            "sn": "04872",
            "brief": "摩西"
        },
        "5": {
            "sn": "05307",
            "brief": "跌落、跌倒、使签落在..."
        },
        "6": {
            "sn": "04480",
            "brief": "从、出、离"
        },
        "7": {
            "sn": "05971",
            "brief": "百姓、国民"
        },
        "8": {
            "sn": "03117",
            "brief": "日子、时候"
        },
        "9": {
            "sn": "01931",
            "brief": "他"
        },
        "10": {
            "sn": "07969",
            "brief": "数目的「三」"
        },
        "11": {
            "sn": "00505",
            "brief": "许多、数目的「一千」"
        },
        "12": {
            "sn": "00376",
            "brief": "各人、人、男人、丈夫"
        }
    },
    "28": {
        "literal": "摩西说：「今天你们要分别自己归雅威―因为各人攻击了他的儿子和他的弟兄―好使他今天赐福给你们。」",
        "0": {
            "sn": "00559",
            "brief": "说"
        },
        "1": {
            "sn": "04872",
            "brief": "摩西"
        },
        "2": {
            "sn": "04390",
            "brief": "充满"
        },
        "3": {
            "sn": "03027",
            "brief": "手、边、力量、权势"
        },
        "4": {
            "sn": "03117",
            "brief": "日子、时候"
        },
        "5": {
            "sn": "03068",
            "brief": "上帝的名字「雅威」，犹太人尊称为「上主」"
        },
        "6": {
            "sn": "03588",
            "brief": "因为、不必翻译"
        },
        "7": {
            "sn": "00376",
            "brief": "各人、人、男人、丈夫"
        },
        "8": {
            "sn": "01121",
            "brief": "儿子、孙子、后裔、成员"
        },
        "9": {
            "sn": "00251",
            "brief": "兄弟"
        },
        "10": {
            "sn": "05414",
            "brief": "赐、给、置"
        },
        "11": {
            "sn": "05921",
            "brief": "在…上面"
        },
        "12": {
            "sn": "03117",
            "brief": "日子、时候"
        },
        "13": {
            "sn": "01293",
            "brief": "祝福、和平之约"
        }
    },
    "29": {
        "1": {
            "sn": "04283",
            "brief": "翌日"
        },
        "literal": "到了第二天，摩西对百姓说：「你们犯了大罪。现在我要上雅威那里去，或者可以为你们的罪来赎罪。」",
        "0": {
            "sn": "01961",
            "brief": "是，成为，临到"
        },
        "15": {
            "sn": "03722",
            "brief": "赎罪、为了...赎罪、洁净"
        },
        "2": {
            "sn": "00559",
            "brief": "说"
        },
        "3": {
            "sn": "04872",
            "brief": "摩西"
        },
        "4": {
            "sn": "00413",
            "brief": "对、向、往"
        },
        "5": {
            "sn": "05971",
            "brief": "百姓、国民"
        },
        "6": {
            "sn": "00859",
            "brief": "你们"
        },
        "8": {
            "sn": "02401",
            "brief": "罪、赎罪祭"
        },
        "9": {
            "sn": "01419",
            "brief": "大的、伟大的"
        },
        "10": {
            "sn": "06258",
            "brief": "现在"
        },
        "11": {
            "sn": "05927",
            "brief": "上去、升高、生长、献上"
        },
        "12": {
            "sn": "00413",
            "brief": "对、向、往"
        },
        "13": {
            "sn": "03068",
            "brief": "上帝的名字「雅威」，犹太人尊称为「上主」"
        },
        "14": {
            "sn": "00194",
            "brief": "或者、或许"
        },
        "16": {
            "sn": "01157",
            "brief": "为了、背后、穿过、围绕"
        },
        "17": {
            "sn": "02403",
            "brief": "罪、赎罪祭、除罪、罪罚"
        },
        "7": {
            "sn": "02398",
            "brief": "Qal 犯罪；Pi‘el 献赎罪祭、得洁净；Hif‘il 导致犯罪；Hitpa‘el 迷失、洁净自己"
        }
    },
    "15": {
        "literal": "至于这些版，它们是上帝的工作，所写的字是上帝写的，它被刻在版上。",
        "0": {
            "sn": "03871",
            "brief": "板、木板"
        },
        "1": {
            "sn": "04639",
            "brief": "行为、工作"
        },
        "2": {
            "sn": "00430",
            "brief": "上帝、神、神明"
        },
        "3": {
            "sn": "01992",
            "brief": "他们"
        },
        "4": {
            "sn": "04385",
            "brief": "笔迹、书写之物"
        },
        "5": {
            "sn": "04385",
            "brief": "笔迹、书写之物"
        },
        "6": {
            "sn": "00430",
            "brief": "上帝、神、神明"
        },
        "7": {
            "sn": "01931",
            "brief": "他"
        },
        "8": {
            "sn": "02801",
            "brief": "刻"
        },
        "9": {
            "sn": "05921",
            "brief": "在…上面"
        },
        "10": {
            "sn": "03871",
            "brief": "板、木板"
        }
    },
    "26": {
        "literal": "他对他们说：「雅威―以色列的上帝这样说：『你们各人要把他的刀跨在他的腰间，在营中从这门到那门来回走，各人要杀他的弟兄，各人(要杀)他的同伴，各人(要杀)他的邻舍。』」",
        "0": {
            "sn": "00559",
            "brief": "说"
        },
        "1": {
            "sn": "09001",
            "brief": "给、往、向、到、归属于"
        },
        "2": {
            "sn": "03541",
            "brief": "如此、这样"
        },
        "3": {
            "sn": "00559",
            "brief": "说"
        },
        "4": {
            "sn": "03068",
            "brief": "上帝的名字「雅威」，犹太人尊称为「上主」"
        },
        "5": {
            "sn": "00430",
            "brief": "上帝、神、神明"
        },
        "6": {
            "sn": "03478",
            "brief": "以色列"
        },
        "7": {
            "sn": "07760",
            "brief": "放、置"
        },
        "8": {
            "sn": "00376",
            "brief": "各人、人、男人、丈夫"
        },
        "9": {
            "sn": "02719",
            "brief": "刀、刀剑"
        },
        "10": {
            "sn": "05921",
            "brief": "在…上面"
        },
        "11": {
            "sn": "03409",
            "brief": "腰、根基"
        },
        "12": {
            "sn": "05674",
            "brief": "经过、穿越、涨溢、离开、拿走、违犯、废除"
        },
        "14": {
            "sn": "08179",
            "brief": "门"
        },
        "15": {
            "sn": "08179",
            "brief": "门"
        },
        "16": {
            "sn": "04264",
            "brief": "军旅、军营、军队"
        },
        "18": {
            "sn": "00376",
            "brief": "各人、人、男人、丈夫"
        },
        "19": {
            "sn": "00853",
            "brief": "不必翻译"
        },
        "20": {
            "sn": "00251",
            "brief": "兄弟"
        },
        "21": {
            "sn": "00376",
            "brief": "各人、人、男人、丈夫"
        },
        "22": {
            "sn": "00853",
            "brief": "不必翻译"
        },
        "23": {
            "sn": "07453",
            "brief": "邻舍、朋友"
        },
        "24": {
            "sn": "00376",
            "brief": "各人、人、男人、丈夫"
        },
        "25": {
            "sn": "00853",
            "brief": "不必翻译"
        },
        "26": {
            "sn": "07138",
            "brief": "近的"
        },
        "17": {
            "sn": "02026",
            "brief": "杀"
        },
        "13": {
            "sn": "07725",
            "brief": "Qal 回复、回转、重复，Po‘lel 带回、复兴、更新，Hif‘il 回报、报告、带回"
        }
    },
    "33": {
        "literal": "现在你去领这百姓往我所告诉你的地方去，看哪，我的使者必走在你前面；只是到我追讨的日子，我必追讨他们的罪。」",
        "0": {
            "sn": "06258",
            "brief": "现在"
        },
        "1": {
            "sn": "01980",
            "brief": "去、来"
        },
        "2": {
            "sn": "05148",
            "brief": "引导"
        },
        "3": {
            "sn": "00853",
            "brief": "不必翻译"
        },
        "4": {
            "sn": "05971",
            "brief": "百姓、国民"
        },
        "5": {
            "sn": "00413",
            "brief": "对、向、往"
        },
        "6": {
            "sn": "00834",
            "brief": "不必翻译"
        },
        "7": {
            "sn": "01696",
            "brief": "Pi‘el 讲、说、指挥"
        },
        "8": {
            "sn": "09001",
            "brief": "给、往、向、到、归属于"
        },
        "9": {
            "sn": "02009",
            "brief": "看哪"
        },
        "10": {
            "sn": "04397",
            "brief": "使者"
        },
        "11": {
            "sn": "01980",
            "brief": "去、来"
        },
        "12": {
            "sn": "03942",
            "brief": "在…面前"
        },
        "13": {
            "sn": "03117",
            "brief": "日子、时候"
        },
        "14": {
            "sn": "06485",
            "brief": "访问、眷顾、惩罚、派定、计算、缺少"
        },
        "15": {
            "sn": "06485",
            "brief": "访问、眷顾、惩罚、派定、计算、缺少"
        },
        "16": {
            "sn": "05921",
            "brief": "在…上面"
        },
        "17": {
            "sn": "02403",
            "brief": "罪、赎罪祭、除罪、罪罚"
        }
    }
}