{
    "4": {
        "24": {
            "sn": "09001",
            "brief": "给、往、向、到、归属于"
        },
        "16": {
            "sn": "03615",
            "brief": "Qal 完成、结束、停止，Pi‘el 完成、毁坏、根除"
        },
        "literal": "雅威对摩西说：「你要对以色列人说：『你们是硬着颈项的百姓，我若一霎时临到你们中间，必灭绝你们。现在你们要把你们身上的妆饰摘下来，使我可以知道怎样待你们。』」",
        "0": {
            "sn": "00559",
            "brief": "说"
        },
        "1": {
            "sn": "03068",
            "brief": "上帝的名字「雅威」，犹太人尊称为「上主」"
        },
        "2": {
            "sn": "00413",
            "brief": "向、往"
        },
        "3": {
            "sn": "04872",
            "brief": "摩西"
        },
        "4": {
            "sn": "00559",
            "brief": "说"
        },
        "5": {
            "sn": "00413",
            "brief": "向、往"
        },
        "6": {
            "sn": "01121",
            "brief": "儿子、孙子、后裔、成员"
        },
        "7": {
            "sn": "03478",
            "brief": "以色列"
        },
        "8": {
            "sn": "00859",
            "brief": "你们"
        },
        "9": {
            "sn": "05971",
            "brief": "百姓、国民"
        },
        "10": {
            "sn": "07186",
            "brief": "顽固的、暴烈的、残忍的、严厉的"
        },
        "11": {
            "sn": "06203",
            "brief": "颈项、背"
        },
        "12": {
            "sn": "07281",
            "brief": "一时之间"
        },
        "13": {
            "sn": "00259",
            "brief": "数目的「一」"
        },
        "14": {
            "sn": "05927",
            "brief": "上去、升高、生长、献上"
        },
        "15": {
            "sn": "07130",
            "brief": "里面、在中间"
        },
        "17": {
            "sn": "06258",
            "brief": "现在"
        },
        "19": {
            "sn": "05716",
            "brief": "马饰、装饰品"
        },
        "20": {
            "sn": "05921",
            "brief": "在…上面"
        },
        "22": {
            "sn": "04100",
            "brief": "什么"
        },
        "23": {
            "sn": "06213",
            "brief": "做"
        },
        "18": {
            "sn": "03381",
            "brief": "前进、下去"
        },
        "21": {
            "sn": "03045",
            "brief": "Qal 知道、认识、辨别、经历，Hif‘il 使知道、宣告"
        }
    },
    "6": {
        "5": {
            "sn": "09001",
            "brief": "给、往、向、到、归属于"
        },
        "12": {
            "sn": "09001",
            "brief": "给、往、向、到、归属于"
        },
        "literal": "摩西取了帐棚，把它支搭在离营远的营外他称它为会幕。凡求问雅威的，就到营外的会幕那里去。",
        "0": {
            "sn": "04872",
            "brief": "摩西"
        },
        "1": {
            "sn": "03947",
            "brief": "取、娶、拿"
        },
        "2": {
            "sn": "00853",
            "brief": "不必翻译"
        },
        "3": {
            "sn": "00168",
            "brief": "帐棚、帐蓬"
        },
        "6": {
            "sn": "02351",
            "brief": "街上、外头"
        },
        "7": {
            "sn": "04264",
            "brief": "军旅、军营、军队"
        },
        "9": {
            "sn": "04480",
            "brief": "从、出、离"
        },
        "10": {
            "sn": "04264",
            "brief": "军旅、军营、军队"
        },
        "11": {
            "sn": "07121",
            "brief": "喊叫、召集、称呼、求告、朗读"
        },
        "8": {
            "sn": "07368",
            "brief": "远离"
        },
        "4": {
            "sn": "05186",
            "brief": "Qal 伸出、铺张、伸展、延长，Hif‘il 屈枉、转弯、 丢一边"
        },
        "13": {
            "sn": "00168",
            "brief": "帐棚、帐蓬"
        },
        "14": {
            "sn": "04150",
            "brief": "指定的节期、指定的聚会"
        },
        "15": {
            "sn": "01961",
            "brief": "作、是、成为、临到"
        },
        "16": {
            "sn": "03605",
            "brief": "全部、整个、各"
        },
        "18": {
            "sn": "03068",
            "brief": "上帝的名字「雅威」，犹太人尊称为「上主」"
        },
        "19": {
            "sn": "03318",
            "brief": "带出、从....带出来"
        },
        "20": {
            "sn": "00413",
            "brief": "向、往"
        },
        "21": {
            "sn": "00168",
            "brief": "帐棚、帐蓬"
        },
        "22": {
            "sn": "04150",
            "brief": "指定的节期、指定的聚会"
        },
        "23": {
            "sn": "00834",
            "brief": "不必翻译"
        },
        "24": {
            "sn": "02351",
            "brief": "街上、外头"
        },
        "25": {
            "sn": "04264",
            "brief": "军旅、军营、军队"
        },
        "17": {
            "sn": "01245",
            "brief": "Pi‘el 寻找、渴求、想望、索求"
        }
    },
    "0": {
        "16": {
            "sn": "07650",
            "brief": "Qal Nif‘al 发誓，Hif‘il 使起誓、嘱咐"
        },
        "0": {
            "sn": "01696",
            "brief": "Pi‘el 讲、说、指挥"
        },
        "literal": "雅威吩咐摩西说：「…要从这里上来，(…处填入下二行)你和你从埃及地所领出来的百姓，往…的地去。(…处填入下二行)我起誓应许亚伯拉罕、以撒、雅各说：要把它赐给你的后裔",
        "1": {
            "sn": "03068",
            "brief": "上帝的名字「雅威」，犹太人尊称为「上主」"
        },
        "2": {
            "sn": "00413",
            "brief": "对、向、往"
        },
        "3": {
            "sn": "04872",
            "brief": "摩西"
        },
        "4": {
            "sn": "01980",
            "brief": "去、来"
        },
        "5": {
            "sn": "05927",
            "brief": "上去、升高、生长、献上"
        },
        "6": {
            "sn": "02088",
            "brief": "这个"
        },
        "7": {
            "sn": "00859",
            "brief": "你们"
        },
        "8": {
            "sn": "05971",
            "brief": "百姓、国民"
        },
        "9": {
            "sn": "00834",
            "brief": "不必翻译"
        },
        "11": {
            "sn": "00776",
            "brief": "地、邦国、疆界"
        },
        "12": {
            "sn": "04714",
            "brief": "埃及"
        },
        "13": {
            "sn": "00413",
            "brief": "对、向、往"
        },
        "14": {
            "sn": "00776",
            "brief": "地、邦国、疆界"
        },
        "15": {
            "sn": "00834",
            "brief": "不必翻译"
        },
        "10": {
            "sn": "05927",
            "brief": "上去、升高、生长、献上"
        },
        "17": {
            "sn": "00085",
            "brief": "亚伯拉罕"
        },
        "18": {
            "sn": "03327",
            "brief": "以撒"
        },
        "19": {
            "sn": "03290",
            "brief": "雅各"
        },
        "20": {
            "sn": "00559",
            "brief": "说"
        },
        "21": {
            "sn": "02233",
            "brief": "后裔、子孙"
        },
        "22": {
            "sn": "05414",
            "brief": "赐、给、置"
        }
    },
    "11": {
        "24": {
            "sn": "04672",
            "brief": "寻找、追上、获得、发现"
        },
        "14": {
            "sn": "03045",
            "brief": "Qal 知道、认识、辨别、经历，Hif‘il 使知道、宣告"
        },
        "4": {
            "sn": "07200",
            "brief": "Qal 看见、看顾、察觉，Nif‘al 显现，Hif‘il 显明"
        },
        "19": {
            "sn": "00859",
            "brief": "你"
        },
        "literal": "摩西对雅威说：「你看，你对我说：『要将这百姓领上去』，你却没有让我知道你要打发谁跟着我。你说：『我按名认识你，你在我眼前也蒙了恩。』",
        "0": {
            "sn": "00559",
            "brief": "说"
        },
        "1": {
            "sn": "04872",
            "brief": "摩西"
        },
        "2": {
            "sn": "00413",
            "brief": "向、往"
        },
        "3": {
            "sn": "03068",
            "brief": "上帝的名字「雅威」，犹太人尊称为「上主」"
        },
        "13": {
            "sn": "03808",
            "brief": "不"
        },
        "5": {
            "sn": "00859",
            "brief": "你"
        },
        "6": {
            "sn": "00559",
            "brief": "说"
        },
        "7": {
            "sn": "00413",
            "brief": "向、往"
        },
        "9": {
            "sn": "00853",
            "brief": "不必翻译"
        },
        "10": {
            "sn": "05971",
            "brief": "百姓、国民"
        },
        "11": {
            "sn": "02088",
            "brief": "这个"
        },
        "12": {
            "sn": "00859",
            "brief": "你"
        },
        "8": {
            "sn": "05927",
            "brief": "上去、升高、生长、献上"
        },
        "15": {
            "sn": "00853",
            "brief": "不必翻译"
        },
        "16": {
            "sn": "00834",
            "brief": "不必翻译"
        },
        "17": {
            "sn": "07971",
            "brief": "差遣、释放、送走、伸出、伸展"
        },
        "18": {
            "sn": "05973",
            "brief": "跟"
        },
        "20": {
            "sn": "00559",
            "brief": "说"
        },
        "22": {
            "sn": "08034",
            "brief": "名字"
        },
        "23": {
            "sn": "01571",
            "brief": "也"
        },
        "25": {
            "sn": "02580",
            "brief": "恩典、恩惠"
        },
        "26": {
            "sn": "05869",
            "brief": "眼目、眼睛"
        },
        "21": {
            "sn": "03045",
            "brief": "Qal 知道、认识、辨别、经历，Hif‘il 使知道、宣告"
        }
    },
    "1": {
        "literal": "我要差遣使者在你前面，撵出迦南人、亚摩利人、和赫人、和比利洗人、希未人、和耶布斯人，",
        "0": {
            "sn": "07971",
            "brief": "差遣、释放、送走、伸出、伸展"
        },
        "1": {
            "sn": "03942",
            "brief": "在…面前"
        },
        "2": {
            "sn": "04397",
            "brief": "使者"
        },
        "3": {
            "sn": "01644",
            "brief": "驱赶、翻腾"
        },
        "4": {
            "sn": "00853",
            "brief": "不必翻译"
        },
        "5": {
            "sn": "03669",
            "brief": "I. 迦南人，II. 商人"
        },
        "6": {
            "sn": "00567",
            "brief": "亚摩利人"
        },
        "7": {
            "sn": "02850",
            "brief": "赫人"
        },
        "8": {
            "sn": "06522",
            "brief": "比利洗人"
        },
        "9": {
            "sn": "02340",
            "brief": "希未人"
        },
        "10": {
            "sn": "02983",
            "brief": "耶布斯人"
        }
    },
    "2": {
        "0": {
            "sn": "00413",
            "brief": "对、向、往"
        },
        "1": {
            "sn": "00776",
            "brief": "地、邦国、疆界"
        },
        "2": {
            "sn": "02100",
            "brief": "涌出、喷出"
        },
        "3": {
            "sn": "02461",
            "brief": "奶"
        },
        "literal": "领你到那流奶与蜜之地。我不会在你们中间上去；因为你(们)是硬着颈项的百姓，恐怕我在路上把你们灭绝。」",
        "4": {
            "sn": "01706",
            "brief": "蜜"
        },
        "5": {
            "sn": "03588",
            "brief": "因为、不必翻译"
        },
        "6": {
            "sn": "03808",
            "brief": "不"
        },
        "7": {
            "sn": "05927",
            "brief": "上去、升高、生长、献上"
        },
        "8": {
            "sn": "07130",
            "brief": "里面、在中间"
        },
        "9": {
            "sn": "03588",
            "brief": "因为、不必翻译"
        },
        "10": {
            "sn": "05971",
            "brief": "百姓、国民"
        },
        "11": {
            "sn": "07186",
            "brief": "顽固的、暴烈的、残忍的、严厉的"
        },
        "12": {
            "sn": "06203",
            "brief": "颈项、背"
        },
        "13": {
            "sn": "00859",
            "brief": "你们"
        },
        "14": {
            "sn": "06435",
            "brief": "恐怕、免得、为了不"
        },
        "16": {
            "sn": "01870",
            "brief": "道路、行为、方向、方法"
        },
        "15": {
            "sn": "03615",
            "brief": "Qal 完成、结束、停止，Pi‘el 完成、毁坏、根除"
        }
    },
    "13": {
        "4": {
            "sn": "09001",
            "brief": "给、往、向、到、归属于"
        },
        "3": {
            "sn": "05117",
            "brief": "安息、休息"
        },
        "literal": "他说：「我的脸(意思是亲自)要去，使你得安息。」",
        "0": {
            "sn": "00559",
            "brief": "说"
        },
        "1": {
            "sn": "06440",
            "brief": "脸"
        },
        "2": {
            "sn": "01980",
            "brief": "去、来"
        }
    },
    "10": {
        "0": {
            "sn": "01696",
            "brief": "Pi‘el 讲、说、指挥"
        },
        "8": {
            "sn": "01696",
            "brief": "Pi‘el 讲、说、指挥"
        },
        "15": {
            "sn": "08334",
            "brief": "Pi‘el 事奉、管理、伺候、供职"
        },
        "literal": "雅威跟摩西面对面说话，好像人跟他的朋友说话一般。摩西转到营里去，他的帮手―一个少年嫩的儿子约书亚不从帐棚离开。",
        "1": {
            "sn": "03068",
            "brief": "上帝的名字「雅威」，犹太人尊称为「上主」"
        },
        "2": {
            "sn": "00413",
            "brief": "向、往"
        },
        "3": {
            "sn": "04872",
            "brief": "摩西"
        },
        "4": {
            "sn": "06440",
            "brief": "脸"
        },
        "5": {
            "sn": "00413",
            "brief": "向、往"
        },
        "6": {
            "sn": "06440",
            "brief": "脸"
        },
        "7": {
            "sn": "00834",
            "brief": "不必翻译"
        },
        "9": {
            "sn": "00376",
            "brief": "各人、人、男人、丈夫"
        },
        "10": {
            "sn": "00413",
            "brief": "向、往"
        },
        "11": {
            "sn": "07453",
            "brief": "邻舍、朋友"
        },
        "13": {
            "sn": "00413",
            "brief": "向、往"
        },
        "12": {
            "sn": "07725",
            "brief": "Qal 回复、回转、重复，Po‘lel 带回、复兴、更新，Hif‘il 回报、报告、带回"
        },
        "14": {
            "sn": "04264",
            "brief": "军旅、军营、军队"
        },
        "20": {
            "sn": "03808",
            "brief": "不"
        },
        "16": {
            "sn": "03091",
            "brief": "约书亚"
        },
        "17": {
            "sn": "01121",
            "brief": "儿子、孙子、后裔、成员"
        },
        "18": {
            "sn": "05126",
            "brief": "嫩"
        },
        "19": {
            "sn": "05288",
            "brief": "男孩、少年、年轻人、仆人"
        },
        "22": {
            "sn": "08432",
            "brief": "在中间"
        },
        "23": {
            "sn": "00168",
            "brief": "帐棚、帐蓬"
        },
        "24": {
            "sn": "09014",
            "brief": "关闭的意思"
        },
        "21": {
            "sn": "04185",
            "brief": "离开"
        }
    },
    "14": {
        "literal": "他对他说：「祢的脸(意思是亲自)若不去，就不要把我们从这里领上去。」",
        "7": {
            "sn": "05927",
            "brief": "上去、升高、生长、献上"
        },
        "0": {
            "sn": "00559",
            "brief": "说"
        },
        "1": {
            "sn": "00413",
            "brief": "对、向、往"
        },
        "2": {
            "sn": "00518",
            "brief": "若、如果"
        },
        "3": {
            "sn": "00369",
            "brief": "没有、不存在"
        },
        "4": {
            "sn": "06440",
            "brief": "脸"
        },
        "5": {
            "sn": "01980",
            "brief": "来、去"
        },
        "6": {
            "sn": "00408",
            "brief": "不"
        },
        "8": {
            "sn": "02088",
            "brief": "这个"
        }
    },
    "19": {
        "8": {
            "sn": "07200",
            "brief": "Qal 看见、看顾、察觉，Nif‘al 显现，Hif‘il 显明"
        },
        "1": {
            "sn": "03808",
            "brief": "不"
        },
        "3": {
            "sn": "07200",
            "brief": "Qal 看见、看顾、察觉，Nif‘al 显现，Hif‘il 显明"
        },
        "4": {
            "sn": "00853",
            "brief": "不必翻译"
        },
        "0": {
            "sn": "00559",
            "brief": "说"
        },
        "literal": "他说：「你不能看见我的面，因为人不能看见我而又存活。」",
        "2": {
            "sn": "03201",
            "brief": "能够"
        },
        "5": {
            "sn": "06440",
            "brief": "脸"
        },
        "6": {
            "sn": "03588",
            "brief": "因为、不必翻译"
        },
        "7": {
            "sn": "03808",
            "brief": "不"
        },
        "9": {
            "sn": "00120",
            "brief": "人"
        },
        "10": {
            "sn": "02425",
            "brief": "Qal 活；Pi‘el 养育、使生存"
        }
    },
    "9": {
        "0": {
            "sn": "07200",
            "brief": "Qal 看见、看顾、察觉，Nif‘al 显现，Hif‘il 显明"
        },
        "literal": "全体百姓看见云柱立在帐棚门前，全体百姓就起来，各人在自己帐棚门口下拜。",
        "6": {
            "sn": "05975",
            "brief": "Qal 站立、侍立、停留，Hif‘il 设立、使坚定"
        },
        "1": {
            "sn": "03605",
            "brief": "全部、整个、各"
        },
        "2": {
            "sn": "05971",
            "brief": "百姓、国民"
        },
        "3": {
            "sn": "00853",
            "brief": "不必翻译"
        },
        "4": {
            "sn": "05982",
            "brief": "柱"
        },
        "5": {
            "sn": "06051",
            "brief": "云"
        },
        "7": {
            "sn": "06607",
            "brief": "通道、入口"
        },
        "8": {
            "sn": "00168",
            "brief": "帐棚、帐蓬"
        },
        "9": {
            "sn": "06965",
            "brief": "起来、设立、坚立"
        },
        "10": {
            "sn": "03605",
            "brief": "全部、整个、各"
        },
        "11": {
            "sn": "05971",
            "brief": "百姓、国民"
        },
        "13": {
            "sn": "00376",
            "brief": "各人、人、男人、丈夫"
        },
        "14": {
            "sn": "06607",
            "brief": "通道、入口"
        },
        "15": {
            "sn": "00168",
            "brief": "帐棚、帐蓬"
        },
        "12": {
            "sn": "09013",
            "brief": "跪拜、下拜"
        }
    },
    "12": {
        "15": {
            "sn": "07200",
            "brief": "Qal 看见、看顾、察觉，Nif‘al 显现，Hif‘il 显明"
        },
        "literal": "现在，我若在你眼前蒙恩，求你将你的道指示我，使我认识你，我好在你眼前蒙恩。求你顾念到这国是你的子民。」",
        "0": {
            "sn": "06258",
            "brief": "现在"
        },
        "1": {
            "sn": "00518",
            "brief": "如果、或是"
        },
        "2": {
            "sn": "04994",
            "brief": "作为鼓励语的一部份"
        },
        "3": {
            "sn": "04672",
            "brief": "寻找、追上、获得、发现"
        },
        "4": {
            "sn": "02580",
            "brief": "恩典、恩惠"
        },
        "5": {
            "sn": "05869",
            "brief": "眼目、眼睛"
        },
        "7": {
            "sn": "04994",
            "brief": "作为鼓励语的一部份"
        },
        "8": {
            "sn": "00853",
            "brief": "不必翻译"
        },
        "9": {
            "sn": "01870",
            "brief": "道路、行为、方向、方法"
        },
        "11": {
            "sn": "04616",
            "brief": "为了"
        },
        "12": {
            "sn": "04672",
            "brief": "寻找、追上、获得、发现"
        },
        "13": {
            "sn": "02580",
            "brief": "恩典、恩惠"
        },
        "14": {
            "sn": "05869",
            "brief": "眼目、眼睛"
        },
        "16": {
            "sn": "03588",
            "brief": "因为、不必翻译"
        },
        "17": {
            "sn": "05971",
            "brief": "百姓、国民"
        },
        "18": {
            "sn": "01471",
            "brief": "国家、国民"
        },
        "19": {
            "sn": "02088",
            "brief": "这个"
        },
        "6": {
            "sn": "03045",
            "brief": "Qal 知道、认识、辨别、经历，Hif‘il 使知道、宣告"
        },
        "10": {
            "sn": "03045",
            "brief": "Qal 知道、认识、辨别、经历，Hif‘il 使知道、宣告"
        }
    },
    "7": {
        "3": {
            "sn": "00413",
            "brief": "向、往"
        },
        "14": {
            "sn": "04872",
            "brief": "摩西"
        },
        "12": {
            "sn": "05027",
            "brief": "Qal 看，Hif‘il 仰望、看、注意"
        },
        "8": {
            "sn": "05324",
            "brief": "Nif’al 起来、立起，Hif‘il 安置、安排"
        },
        "literal": "当摩西出到那帐棚去的时候，所有的百姓都起来，各人站在自己帐棚门口，望着摩西的背面，直等到他进了那个帐棚。",
        "0": {
            "sn": "01961",
            "brief": "作、是、成为、临到"
        },
        "1": {
            "sn": "03318",
            "brief": "带出、从....带出来"
        },
        "2": {
            "sn": "04872",
            "brief": "摩西"
        },
        "4": {
            "sn": "00168",
            "brief": "帐棚、帐蓬"
        },
        "5": {
            "sn": "06965",
            "brief": "起来、设立、坚立"
        },
        "6": {
            "sn": "03605",
            "brief": "全部、整个、各"
        },
        "7": {
            "sn": "05971",
            "brief": "百姓、国民"
        },
        "9": {
            "sn": "00376",
            "brief": "各人、人、男人、丈夫"
        },
        "10": {
            "sn": "06607",
            "brief": "通道、入口"
        },
        "11": {
            "sn": "00168",
            "brief": "帐棚、帐蓬"
        },
        "13": {
            "sn": "00310",
            "brief": "后面"
        },
        "15": {
            "sn": "05704",
            "brief": "直到、甚至"
        },
        "16": {
            "sn": "00935",
            "brief": "来、进入、临到、发生"
        },
        "17": {
            "sn": "00168",
            "brief": "帐棚、帐蓬"
        }
    },
    "17": {
        "literal": "他(指摩西)说：「求你显出你的荣耀给我看。」",
        "0": {
            "sn": "00559",
            "brief": "说"
        },
        "2": {
            "sn": "04994",
            "brief": "作为鼓励语的一部份"
        },
        "3": {
            "sn": "00853",
            "brief": "不必翻译"
        },
        "4": {
            "sn": "03519",
            "brief": "尊荣、贵重"
        },
        "1": {
            "sn": "07200",
            "brief": "Qal 看见、看顾、察觉，Nif‘al 显现，Hif‘il 显明"
        }
    },
    "22": {
        "literal": "然后我要将我的手掌收回，你就得见我的背，我的面却不被看见。」",
        "1": {
            "sn": "00853",
            "brief": "不必翻译"
        },
        "2": {
            "sn": "03709",
            "brief": "手掌"
        },
        "0": {
            "sn": "05493",
            "brief": "转离、除去"
        },
        "4": {
            "sn": "00853",
            "brief": "不必翻译"
        },
        "5": {
            "sn": "00268",
            "brief": "后面、后来"
        },
        "6": {
            "sn": "06440",
            "brief": "脸"
        },
        "9": {
            "sn": "09014",
            "brief": "关闭的意思"
        },
        "7": {
            "sn": "03808",
            "brief": "不"
        },
        "3": {
            "sn": "07200",
            "brief": "Qal 看见、看顾、察觉，Nif‘al 显现，Hif‘il 显明"
        },
        "8": {
            "sn": "07200",
            "brief": "Qal 看见、看顾、察觉，Nif‘al 显现，Hif‘il 显明"
        }
    },
    "15": {
        "1": {
            "sn": "03045",
            "brief": "Qal 知道、认识、辨别、经历，Hif‘il 使知道、宣告"
        },
        "9": {
            "sn": "03808",
            "brief": "不"
        },
        "literal": "那么，人在何事上得以知道我和你的百姓在你眼前蒙恩呢？岂不是因你与我们同去，使我和你的百姓与…有分别吗？」(…处填入下行)地面上的万民",
        "0": {
            "sn": "04100",
            "brief": "什么"
        },
        "2": {
            "sn": "00645",
            "brief": "那么"
        },
        "3": {
            "sn": "03588",
            "brief": "因为、不必翻译"
        },
        "4": {
            "sn": "04672",
            "brief": "寻找、追上、获得、发现"
        },
        "5": {
            "sn": "02580",
            "brief": "恩典、恩惠"
        },
        "6": {
            "sn": "05869",
            "brief": "眼目、眼睛"
        },
        "7": {
            "sn": "00589",
            "brief": "我"
        },
        "8": {
            "sn": "05971",
            "brief": "百姓、国民"
        },
        "10": {
            "sn": "01980",
            "brief": "来、去"
        },
        "11": {
            "sn": "05973",
            "brief": "跟"
        },
        "12": {
            "sn": "06395",
            "brief": "分别出来"
        },
        "13": {
            "sn": "00589",
            "brief": "我"
        },
        "14": {
            "sn": "05971",
            "brief": "百姓、国民"
        },
        "15": {
            "sn": "03605",
            "brief": "全部、整个、各"
        },
        "16": {
            "sn": "05971",
            "brief": "百姓、国民"
        },
        "17": {
            "sn": "00834",
            "brief": "不必翻译"
        },
        "18": {
            "sn": "05921",
            "brief": "在…上面"
        },
        "19": {
            "sn": "06440",
            "brief": "脸"
        },
        "20": {
            "sn": "00127",
            "brief": "地"
        },
        "21": {
            "sn": "09015",
            "brief": "开的意思"
        }
    },
    "3": {
        "literal": "百姓听见这凶信就悲哀，也没有人佩戴妆饰。",
        "1": {
            "sn": "05971",
            "brief": "百姓、国民"
        },
        "2": {
            "sn": "00853",
            "brief": "不必翻译"
        },
        "3": {
            "sn": "01697",
            "brief": "话语、言词"
        },
        "4": {
            "sn": "07451",
            "brief": "恶的、邪恶的"
        },
        "5": {
            "sn": "02088",
            "brief": "这个"
        },
        "8": {
            "sn": "07896",
            "brief": "置、放、定"
        },
        "9": {
            "sn": "00376",
            "brief": "各人、人、男人、丈夫"
        },
        "10": {
            "sn": "05716",
            "brief": "装饰品"
        },
        "11": {
            "sn": "05921",
            "brief": "在…上面"
        },
        "6": {
            "sn": "00056",
            "brief": "悲哀、哀悼"
        },
        "7": {
            "sn": "03808",
            "brief": "不"
        },
        "0": {
            "sn": "08085",
            "brief": "Qal 听、听从，Hif‘il 说明、使…听"
        }
    },
    "16": {
        "literal": "雅威对摩西说：「你这所说的这件事，我也会做；因为你在我眼前蒙恩，并且我按名字认识了你。",
        "0": {
            "sn": "00559",
            "brief": "说"
        },
        "1": {
            "sn": "03068",
            "brief": "上帝的名字「雅威」，犹太人尊称为「上主」"
        },
        "2": {
            "sn": "00413",
            "brief": "对、向、往"
        },
        "3": {
            "sn": "04872",
            "brief": "摩西"
        },
        "4": {
            "sn": "01571",
            "brief": "也"
        },
        "5": {
            "sn": "00853",
            "brief": "不必翻译"
        },
        "6": {
            "sn": "01697",
            "brief": "话语、言词"
        },
        "7": {
            "sn": "02088",
            "brief": "这个"
        },
        "8": {
            "sn": "00834",
            "brief": "不必翻译"
        },
        "10": {
            "sn": "06213",
            "brief": "做"
        },
        "11": {
            "sn": "03588",
            "brief": "因为、不必翻译"
        },
        "12": {
            "sn": "04672",
            "brief": "寻找、追上、获得、发现"
        },
        "13": {
            "sn": "02580",
            "brief": "恩典、恩惠"
        },
        "14": {
            "sn": "05869",
            "brief": "眼目、眼睛"
        },
        "16": {
            "sn": "08034",
            "brief": "名字"
        },
        "9": {
            "sn": "01696",
            "brief": "Pi‘el 讲、说、指挥"
        },
        "15": {
            "sn": "03045",
            "brief": "Qal 知道、认识、辨别、经历，Hif‘il 使知道、宣告"
        }
    },
    "5": {
        "0": {
            "sn": "05337",
            "brief": "Nif‘al 获救，Pi‘el 拯救、夺取，Hif‘il 营救、抓走"
        },
        "literal": "以色列人…就把他们身上的妆饰摘得干净。(…处填入下行)离开何烈山以后，",
        "1": {
            "sn": "01121",
            "brief": "儿子、孙子、后裔、成员"
        },
        "2": {
            "sn": "03478",
            "brief": "以色列"
        },
        "3": {
            "sn": "00853",
            "brief": "不必翻译"
        },
        "4": {
            "sn": "05716",
            "brief": "马饰、装饰品"
        },
        "5": {
            "sn": "02022",
            "brief": "山"
        },
        "6": {
            "sn": "02722",
            "brief": "何烈山"
        }
    },
    "8": {
        "10": {
            "sn": "01696",
            "brief": "Pi‘el 讲、说、指挥"
        },
        "literal": "摩西进帐棚的时候，云柱降下来，立在帐棚门前，他便跟摩西说话。",
        "0": {
            "sn": "01961",
            "brief": "作、是、成为、临到"
        },
        "1": {
            "sn": "00935",
            "brief": "来、进入、临到、发生"
        },
        "2": {
            "sn": "04872",
            "brief": "摩西"
        },
        "3": {
            "sn": "00168",
            "brief": "帐棚、帐蓬"
        },
        "4": {
            "sn": "03381",
            "brief": "前进、下去"
        },
        "5": {
            "sn": "05982",
            "brief": "柱"
        },
        "6": {
            "sn": "06051",
            "brief": "云"
        },
        "8": {
            "sn": "06607",
            "brief": "通道、入口"
        },
        "9": {
            "sn": "00168",
            "brief": "帐棚、帐蓬"
        },
        "7": {
            "sn": "05975",
            "brief": "Qal 站立、侍立、停留，Hif‘il 设立、使坚定"
        },
        "11": {
            "sn": "05973",
            "brief": "跟，和"
        },
        "12": {
            "sn": "04872",
            "brief": "摩西"
        }
    },
    "20": {
        "5": {
            "sn": "05324",
            "brief": "Nif’al 起来、立起，Hif‘il 安置、安排"
        },
        "literal": "雅威说：「看哪，在我这里有地方，你要立在磐石上。",
        "0": {
            "sn": "00559",
            "brief": "说"
        },
        "1": {
            "sn": "03068",
            "brief": "上帝的名字「雅威」，犹太人尊称为「上主」"
        },
        "2": {
            "sn": "02009",
            "brief": "看哪"
        },
        "3": {
            "sn": "04725",
            "brief": "地方"
        },
        "4": {
            "sn": "00854",
            "brief": "与、跟"
        },
        "6": {
            "sn": "05921",
            "brief": "在…上面"
        },
        "7": {
            "sn": "06697",
            "brief": "磐石、岩石"
        }
    },
    "21": {
        "literal": "我的荣耀经过的时候，我必将你放在磐石穴中，用我的手掌遮掩你，等我过去，",
        "0": {
            "sn": "01961",
            "brief": "作、是、成为、临到"
        },
        "1": {
            "sn": "05674",
            "brief": "经过、穿越、涨溢、离开、拿走、违犯、废除"
        },
        "2": {
            "sn": "03519",
            "brief": "尊荣、贵重"
        },
        "3": {
            "sn": "07760",
            "brief": "放、置"
        },
        "4": {
            "sn": "05366",
            "brief": "洞"
        },
        "6": {
            "sn": "05526",
            "brief": "遮盖、编织、围篱、阻塞"
        },
        "7": {
            "sn": "03709",
            "brief": "手掌"
        },
        "8": {
            "sn": "05921",
            "brief": "在…上面"
        },
        "9": {
            "sn": "05704",
            "brief": "直到、甚至"
        },
        "10": {
            "sn": "05674",
            "brief": "经过、穿越、涨溢、离开、拿走、违犯、废除"
        },
        "5": {
            "sn": "06697",
            "brief": "磐石、岩石"
        }
    },
    "18": {
        "2": {
            "sn": "05674",
            "brief": "经过、穿越、涨溢、离开、拿走、违犯、废除"
        },
        "literal": "他说：「我要使我一切的美德在你面前经过，并要在你面前宣告雅威的名。我要恩待谁就恩待谁，要怜悯谁就怜悯谁。」",
        "0": {
            "sn": "00559",
            "brief": "说"
        },
        "1": {
            "sn": "00589",
            "brief": "我"
        },
        "3": {
            "sn": "03605",
            "brief": "全部、整个、各"
        },
        "4": {
            "sn": "02898",
            "brief": "美物"
        },
        "5": {
            "sn": "05921",
            "brief": "在…上面"
        },
        "6": {
            "sn": "06440",
            "brief": "脸"
        },
        "7": {
            "sn": "07121",
            "brief": "喊叫、召集、称呼、求告、朗读"
        },
        "8": {
            "sn": "08034",
            "brief": "名字"
        },
        "9": {
            "sn": "03068",
            "brief": "上帝的名字「雅威」，犹太人尊称为「上主」"
        },
        "10": {
            "sn": "03942",
            "brief": "在…之前"
        },
        "12": {
            "sn": "00853",
            "brief": "不必翻译"
        },
        "13": {
            "sn": "00834",
            "brief": "不必翻译"
        },
        "16": {
            "sn": "00853",
            "brief": "不必翻译"
        },
        "17": {
            "sn": "00834",
            "brief": "不必翻译"
        },
        "15": {
            "sn": "07355",
            "brief": "怜悯、怜恤"
        },
        "18": {
            "sn": "07355",
            "brief": "怜悯、怜恤"
        },
        "11": {
            "sn": "02603",
            "brief": "恩待、怜悯，Hitpa‘el 求恩"
        },
        "14": {
            "sn": "02603",
            "brief": "恩待、怜悯，Hitpa‘el 求恩"
        }
    }
}