{
    "14": {
        "10": {
            "sn": "09001",
            "brief": "给、往、向、到、归属于"
        },
        "8": {
            "sn": "01961",
            "brief": "是、成为、临到"
        },
        "6": {
            "sn": "03547",
            "brief": "装扮、做祭司"
        },
        "0": {
            "sn": "04886",
            "brief": "膏抹、涂抹"
        },
        "1": {
            "sn": "00853",
            "brief": "不必翻译"
        },
        "literal": "你怎样膏他们的父亲，也要照样膏他们，使他们给我供祭司的职分。他们的受膏将使他们永远当祭司的职任，直到世世代代。」",
        "2": {
            "sn": "00834",
            "brief": "不必翻译"
        },
        "3": {
            "sn": "04886",
            "brief": "膏抹、涂抹"
        },
        "4": {
            "sn": "00853",
            "brief": "不必翻译"
        },
        "5": {
            "sn": "00001",
            "brief": "父亲、祖先"
        },
        "7": {
            "sn": "09001",
            "brief": "给、往、向、到、归属于"
        },
        "9": {
            "sn": "01961",
            "brief": "是、成为、临到"
        },
        "11": {
            "sn": "04886",
            "brief": "膏抹、涂抹"
        },
        "12": {
            "sn": "03550",
            "brief": "祭司的职分"
        },
        "13": {
            "sn": "05769",
            "brief": "永远"
        },
        "14": {
            "sn": "01755",
            "brief": "年代、世代、后代、居所"
        }
    },
    "37": {
        "9": {
            "sn": "09002",
            "brief": "在、用、藉着、与、敌对"
        },
        "literal": "日间，雅威的云彩是在帐幕以上；夜间，云中有火，在以色列全家的眼前，在他们所行的路上。",
        "0": {
            "sn": "03588",
            "brief": "因为、不必翻译"
        },
        "1": {
            "sn": "06051",
            "brief": "云"
        },
        "2": {
            "sn": "03068",
            "brief": "上帝的名字「雅威」，犹太人尊称为「上主」"
        },
        "3": {
            "sn": "05921",
            "brief": "在…上面"
        },
        "4": {
            "sn": "04908",
            "brief": "居所、帐幕"
        },
        "5": {
            "sn": "03119",
            "brief": "白天"
        },
        "6": {
            "sn": "00784",
            "brief": "火"
        },
        "7": {
            "sn": "01961",
            "brief": "是、成为、临到"
        },
        "8": {
            "sn": "03915",
            "brief": "夜晚"
        },
        "10": {
            "sn": "05869",
            "brief": "眼睛"
        },
        "11": {
            "sn": "03605",
            "brief": "全部、整个、各"
        },
        "12": {
            "sn": "01004",
            "brief": "殿、房子、家"
        },
        "13": {
            "sn": "03478",
            "brief": "以色列"
        },
        "14": {
            "sn": "03605",
            "brief": "全部、整个、各"
        },
        "15": {
            "sn": "04550",
            "brief": "启程、旅程"
        }
    },
    "34": {
        "0": {
            "sn": "03808",
            "brief": "不"
        },
        "literal": "摩西不能进会幕；因为云彩停在其上，并且雅威的荣光充满了帐幕。",
        "1": {
            "sn": "03201",
            "brief": "能够"
        },
        "2": {
            "sn": "04872",
            "brief": "摩西"
        },
        "3": {
            "sn": "00935",
            "brief": "来、进入、临到、发生"
        },
        "4": {
            "sn": "00413",
            "brief": "对、向、往"
        },
        "5": {
            "sn": "00168",
            "brief": "帐棚、帐蓬"
        },
        "6": {
            "sn": "04150",
            "brief": "指定的节期、指定的聚会"
        },
        "7": {
            "sn": "03588",
            "brief": "因为、不必翻译"
        },
        "8": {
            "sn": "07931",
            "brief": "居住"
        },
        "9": {
            "sn": "05921",
            "brief": "在…上面"
        },
        "10": {
            "sn": "06051",
            "brief": "云"
        },
        "11": {
            "sn": "03519",
            "brief": "尊荣、贵重"
        },
        "12": {
            "sn": "03068",
            "brief": "上帝的名字「雅威」，犹太人尊称为「上主」"
        },
        "13": {
            "sn": "04390",
            "brief": "充满"
        },
        "14": {
            "sn": "00853",
            "brief": "不必翻译"
        },
        "15": {
            "sn": "04908",
            "brief": "居所、帐幕"
        }
    },
    "1": {
        "1": {
            "sn": "02320",
            "brief": "月朔、新月"
        },
        "3": {
            "sn": "00259",
            "brief": "数目的「一」"
        },
        "4": {
            "sn": "02320",
            "brief": "月朔、新月"
        },
        "6": {
            "sn": "00853",
            "brief": "不必翻译"
        },
        "7": {
            "sn": "04908",
            "brief": "居所、帐幕"
        },
        "5": {
            "sn": "06965",
            "brief": "起来、设立、坚立"
        },
        "literal": "「正月初一日，你要立起帐幕，",
        "0": {
            "sn": "03117",
            "brief": "日子、时候"
        },
        "2": {
            "sn": "07223",
            "brief": "先前的、首先的"
        },
        "8": {
            "sn": "00168",
            "brief": "帐棚、帐蓬"
        },
        "9": {
            "sn": "04150",
            "brief": "指定的节期、指定的聚会"
        }
    },
    "4": {
        "0": {
            "sn": "05414",
            "brief": "给"
        },
        "1": {
            "sn": "00853",
            "brief": "不必翻译"
        },
        "2": {
            "sn": "04196",
            "brief": "祭坛"
        },
        "3": {
            "sn": "02091",
            "brief": "金"
        },
        "9": {
            "sn": "00853",
            "brief": "不必翻译"
        },
        "10": {
            "sn": "04539",
            "brief": "覆盖物、帘子、幔子"
        },
        "11": {
            "sn": "06607",
            "brief": "通道、入口"
        },
        "12": {
            "sn": "04908",
            "brief": "居所、帐幕"
        },
        "literal": "把烧香的金坛安在法柜前，挂上帐幕的门帘。",
        "4": {
            "sn": "07004",
            "brief": "香品、香味、烟"
        },
        "5": {
            "sn": "03942",
            "brief": "在…之前"
        },
        "6": {
            "sn": "00727",
            "brief": "约柜、盒子"
        },
        "7": {
            "sn": "05715",
            "brief": "见证、证言"
        },
        "8": {
            "sn": "07760",
            "brief": "放、置"
        }
    },
    "15": {
        "1": {
            "sn": "04872",
            "brief": "摩西"
        },
        "literal": "摩西这样做了，雅威所吩咐他的一切，他都照样做。",
        "0": {
            "sn": "06213",
            "brief": "做"
        },
        "2": {
            "sn": "03605",
            "brief": "全部、整个、各"
        },
        "3": {
            "sn": "00834",
            "brief": "不必翻译"
        },
        "5": {
            "sn": "03068",
            "brief": "上帝的名字「雅威」，犹太人尊称为「上主」"
        },
        "6": {
            "sn": "00853",
            "brief": "不必翻译"
        },
        "7": {
            "sn": "03651",
            "brief": "副词：因此、如此、这样；形容词：对、真的、公平、诚实"
        },
        "8": {
            "sn": "06213",
            "brief": "做"
        },
        "9": {
            "sn": "09014",
            "brief": "关闭的意思"
        },
        "4": {
            "sn": "06680",
            "brief": "Pi‘el 命令、吩咐"
        }
    },
    "17": {
        "4": {
            "sn": "05414",
            "brief": "给"
        },
        "0": {
            "sn": "06965",
            "brief": "起来、设立、坚立"
        },
        "13": {
            "sn": "06965",
            "brief": "起来、设立、坚立"
        },
        "literal": "摩西立起帐幕，安上它带卯的座，立上它的板，穿上它的闩，立起它的柱子。",
        "1": {
            "sn": "04872",
            "brief": "摩西"
        },
        "2": {
            "sn": "00853",
            "brief": "不必翻译"
        },
        "3": {
            "sn": "04908",
            "brief": "居所、帐幕"
        },
        "5": {
            "sn": "00853",
            "brief": "不必翻译"
        },
        "6": {
            "sn": "00134",
            "brief": "底部、柱脚、托座"
        },
        "7": {
            "sn": "07760",
            "brief": "放、置"
        },
        "8": {
            "sn": "00853",
            "brief": "不必翻译"
        },
        "9": {
            "sn": "07175",
            "brief": "板"
        },
        "10": {
            "sn": "05414",
            "brief": "给"
        },
        "11": {
            "sn": "00853",
            "brief": "不必翻译"
        },
        "12": {
            "sn": "01280",
            "brief": "闩、栏"
        },
        "14": {
            "sn": "00853",
            "brief": "不必翻译"
        },
        "15": {
            "sn": "05982",
            "brief": "柱"
        }
    },
    "28": {
        "2": {
            "sn": "05930",
            "brief": "燔祭、阶梯"
        },
        "3": {
            "sn": "07760",
            "brief": "放、置"
        },
        "4": {
            "sn": "06607",
            "brief": "通道、入口"
        },
        "15": {
            "sn": "06680",
            "brief": "Pi‘el 命令、吩咐"
        },
        "literal": "在会幕的帐幕入口那里安设燔祭坛，把燔祭和素祭献在其上，是照雅威所吩咐摩西的。",
        "0": {
            "sn": "00853",
            "brief": "不必翻译"
        },
        "1": {
            "sn": "04196",
            "brief": "祭坛"
        },
        "5": {
            "sn": "04908",
            "brief": "居所、帐幕"
        },
        "6": {
            "sn": "00168",
            "brief": "帐棚、帐蓬"
        },
        "7": {
            "sn": "04150",
            "brief": "指定的节期、指定的聚会"
        },
        "9": {
            "sn": "05921",
            "brief": "在…上面"
        },
        "10": {
            "sn": "00853",
            "brief": "不必翻译"
        },
        "11": {
            "sn": "05930",
            "brief": "燔祭、阶梯"
        },
        "12": {
            "sn": "00853",
            "brief": "不必翻译"
        },
        "13": {
            "sn": "04503",
            "brief": "供物、礼物、祭物、素祭"
        },
        "14": {
            "sn": "00834",
            "brief": "不必翻译"
        },
        "8": {
            "sn": "05927",
            "brief": "上去、升高、生长、献上"
        },
        "16": {
            "sn": "03068",
            "brief": "上帝的名字「雅威」，犹太人尊称为「上主」"
        },
        "17": {
            "sn": "00853",
            "brief": "不必翻译"
        },
        "18": {
            "sn": "04872",
            "brief": "摩西"
        },
        "19": {
            "sn": "09014",
            "brief": "关闭的意思"
        }
    },
    "27": {
        "literal": "又挂上帐幕的门帘。",
        "0": {
            "sn": "07760",
            "brief": "放、置"
        },
        "1": {
            "sn": "00853",
            "brief": "不必翻译"
        },
        "2": {
            "sn": "04539",
            "brief": "覆盖物、帘子、幔子"
        },
        "3": {
            "sn": "06607",
            "brief": "通道、入口"
        },
        "4": {
            "sn": "04908",
            "brief": "居所、帐幕"
        }
    },
    "19": {
        "0": {
            "sn": "03947",
            "brief": "拿、取"
        },
        "1": {
            "sn": "05414",
            "brief": "给"
        },
        "2": {
            "sn": "00853",
            "brief": "不必翻译"
        },
        "3": {
            "sn": "05715",
            "brief": "见证、证言"
        },
        "4": {
            "sn": "00413",
            "brief": "对、向、往"
        },
        "5": {
            "sn": "00727",
            "brief": "约柜、盒子"
        },
        "6": {
            "sn": "07760",
            "brief": "放、置"
        },
        "7": {
            "sn": "00853",
            "brief": "不必翻译"
        },
        "8": {
            "sn": "00905",
            "brief": "分开、门闩、片段"
        },
        "9": {
            "sn": "05921",
            "brief": "在…上面"
        },
        "10": {
            "sn": "00727",
            "brief": "约柜、盒子"
        },
        "11": {
            "sn": "05414",
            "brief": "给"
        },
        "12": {
            "sn": "00853",
            "brief": "不必翻译"
        },
        "13": {
            "sn": "03727",
            "brief": "柜盖"
        },
        "14": {
            "sn": "05921",
            "brief": "在…上面"
        },
        "15": {
            "sn": "00727",
            "brief": "约柜、盒子"
        },
        "16": {
            "sn": "04605",
            "brief": "上面"
        },
        "literal": "又把法版拿来放在柜里，把杠穿在柜的两旁，把柜盖安在柜上。"
    },
    "31": {
        "0": {
            "sn": "00935",
            "brief": "来、进入、临到、发生"
        },
        "1": {
            "sn": "00413",
            "brief": "对、向、往"
        },
        "2": {
            "sn": "00168",
            "brief": "帐棚、帐蓬"
        },
        "3": {
            "sn": "04150",
            "brief": "指定的节期、指定的聚会"
        },
        "4": {
            "sn": "07126",
            "brief": "临近、靠近、带近、呈献"
        },
        "5": {
            "sn": "00413",
            "brief": "对、向、往"
        },
        "6": {
            "sn": "04196",
            "brief": "祭坛"
        },
        "7": {
            "sn": "07364",
            "brief": "洗"
        },
        "8": {
            "sn": "00834",
            "brief": "不必翻译"
        },
        "10": {
            "sn": "03068",
            "brief": "上帝的名字「雅威」，犹太人尊称为「上主」"
        },
        "11": {
            "sn": "00853",
            "brief": "不必翻译"
        },
        "12": {
            "sn": "04872",
            "brief": "摩西"
        },
        "13": {
            "sn": "09014",
            "brief": "关闭的意思"
        },
        "9": {
            "sn": "06680",
            "brief": "Pi‘el 命令、吩咐"
        },
        "literal": "他们进会幕或是他们靠近祭坛的时候便照雅威所吩咐摩西的洗濯。"
    },
    "30": {
        "0": {
            "sn": "07364",
            "brief": "洗"
        },
        "1": {
            "sn": "04480",
            "brief": "从、出、离"
        },
        "2": {
            "sn": "04872",
            "brief": "摩西"
        },
        "3": {
            "sn": "00175",
            "brief": "亚伦"
        },
        "4": {
            "sn": "01121",
            "brief": "儿子、孙子、后裔、成员"
        },
        "5": {
            "sn": "00853",
            "brief": "不必翻译"
        },
        "6": {
            "sn": "03027",
            "brief": "手、边、力量、权势"
        },
        "7": {
            "sn": "00853",
            "brief": "不必翻译"
        },
        "8": {
            "sn": "07272",
            "brief": "脚"
        },
        "literal": "摩西、亚伦和他(指亚伦)的儿子们用它洗自己的手和自己的脚。"
    },
    "36": {
        "7": {
            "sn": "03117",
            "brief": "日子、时候"
        },
        "1": {
            "sn": "03808",
            "brief": "不"
        },
        "4": {
            "sn": "03808",
            "brief": "不"
        },
        "literal": "云彩若不收上去，他们就不起程，直等到云彩收上去。",
        "0": {
            "sn": "00518",
            "brief": "如果"
        },
        "2": {
            "sn": "05927",
            "brief": "上去、升高、生长、献上"
        },
        "3": {
            "sn": "06051",
            "brief": "云"
        },
        "5": {
            "sn": "05265",
            "brief": "移动"
        },
        "6": {
            "sn": "05704",
            "brief": "直到"
        },
        "8": {
            "sn": "05927",
            "brief": "上去、升高、生长、献上"
        }
    },
    "9": {
        "7": {
            "sn": "06942",
            "brief": "分别为圣、把…奉献给上帝"
        },
        "literal": "又要抹燔祭坛和它的一切器具，使坛成圣，坛就成为至圣。",
        "0": {
            "sn": "04886",
            "brief": "膏抹、涂抹"
        },
        "1": {
            "sn": "00853",
            "brief": "不必翻译"
        },
        "2": {
            "sn": "04196",
            "brief": "祭坛"
        },
        "3": {
            "sn": "05930",
            "brief": "燔祭、阶梯"
        },
        "4": {
            "sn": "00853",
            "brief": "不必翻译"
        },
        "5": {
            "sn": "03605",
            "brief": "全部、整个、各"
        },
        "6": {
            "sn": "03627",
            "brief": "器皿、器械、器具"
        },
        "8": {
            "sn": "00853",
            "brief": "不必翻译"
        },
        "9": {
            "sn": "04196",
            "brief": "祭坛"
        },
        "10": {
            "sn": "01961",
            "brief": "是、成为、临到"
        },
        "11": {
            "sn": "04196",
            "brief": "祭坛"
        },
        "12": {
            "sn": "06944",
            "brief": "圣所、圣物、神圣"
        },
        "13": {
            "sn": "06944",
            "brief": "圣所、圣物、神圣"
        }
    },
    "24": {
        "literal": "在雅威面前点灯，是照雅威所吩咐摩西的。",
        "1": {
            "sn": "05216",
            "brief": "灯"
        },
        "2": {
            "sn": "03942",
            "brief": "在…之前"
        },
        "3": {
            "sn": "03068",
            "brief": "上帝的名字「雅威」，犹太人尊称为「上主」"
        },
        "4": {
            "sn": "00834",
            "brief": "不必翻译"
        },
        "6": {
            "sn": "03068",
            "brief": "上帝的名字「雅威」，犹太人尊称为「上主」"
        },
        "7": {
            "sn": "00853",
            "brief": "不必翻译"
        },
        "8": {
            "sn": "04872",
            "brief": "摩西"
        },
        "9": {
            "sn": "09014",
            "brief": "关闭的意思"
        },
        "5": {
            "sn": "06680",
            "brief": "Pi‘el 命令、吩咐"
        },
        "0": {
            "sn": "05927",
            "brief": "上去、升高、生长、献上"
        }
    },
    "5": {
        "literal": "把燔祭坛安在会幕的帐幕的入口前面。",
        "0": {
            "sn": "05414",
            "brief": "给"
        },
        "1": {
            "sn": "00853",
            "brief": "不必翻译"
        },
        "2": {
            "sn": "04196",
            "brief": "祭坛"
        },
        "3": {
            "sn": "05930",
            "brief": "燔祭、阶梯"
        },
        "4": {
            "sn": "03942",
            "brief": "在…之前"
        },
        "5": {
            "sn": "06607",
            "brief": "通道、入口"
        },
        "6": {
            "sn": "04908",
            "brief": "居所、帐幕"
        },
        "7": {
            "sn": "00168",
            "brief": "帐棚、帐蓬"
        },
        "8": {
            "sn": "04150",
            "brief": "指定的节期、指定的聚会"
        }
    },
    "6": {
        "literal": "把洗濯盆安在会幕和坛的中间，在盆里盛水。",
        "0": {
            "sn": "05414",
            "brief": "给"
        },
        "1": {
            "sn": "00853",
            "brief": "不必翻译"
        },
        "2": {
            "sn": "03595",
            "brief": "锅、盆、碗"
        },
        "3": {
            "sn": "00996",
            "brief": "在…之间"
        },
        "4": {
            "sn": "00168",
            "brief": "帐棚、帐蓬"
        },
        "5": {
            "sn": "04150",
            "brief": "指定的节期、指定的聚会"
        },
        "6": {
            "sn": "00996",
            "brief": "在…之间"
        },
        "7": {
            "sn": "04196",
            "brief": "祭坛"
        },
        "8": {
            "sn": "05414",
            "brief": "给"
        },
        "9": {
            "sn": "08033",
            "brief": "那里"
        },
        "10": {
            "sn": "04325",
            "brief": "水"
        }
    },
    "7": {
        "literal": "又在四围立院帷，把院子的门帘挂上。",
        "0": {
            "sn": "07760",
            "brief": "放、置"
        },
        "1": {
            "sn": "00853",
            "brief": "不必翻译"
        },
        "2": {
            "sn": "02691",
            "brief": "I 院子；II 村庄"
        },
        "3": {
            "sn": "05439",
            "brief": "四围、环绕"
        },
        "4": {
            "sn": "05414",
            "brief": "给"
        },
        "5": {
            "sn": "00853",
            "brief": "不必翻译"
        },
        "6": {
            "sn": "04539",
            "brief": "覆盖物、帘子、幔子"
        },
        "7": {
            "sn": "08179",
            "brief": "门"
        },
        "8": {
            "sn": "02691",
            "brief": "I 院子；II 村庄"
        }
    },
    "8": {
        "literal": "要取膏油，抹帐幕和其中所有的，使帐幕和它的一切器具成圣，它就成为圣。",
        "0": {
            "sn": "03947",
            "brief": "取、娶、拿"
        },
        "1": {
            "sn": "00853",
            "brief": "不必翻译"
        },
        "2": {
            "sn": "08081",
            "brief": "油、脂肪"
        },
        "3": {
            "sn": "04888",
            "brief": "受油膏的部分"
        },
        "4": {
            "sn": "04886",
            "brief": "膏抹、涂抹"
        },
        "5": {
            "sn": "00853",
            "brief": "不必翻译"
        },
        "6": {
            "sn": "04908",
            "brief": "居所、帐幕"
        },
        "7": {
            "sn": "00853",
            "brief": "不必翻译"
        },
        "8": {
            "sn": "03605",
            "brief": "全部、整个、各"
        },
        "9": {
            "sn": "00834",
            "brief": "不必翻译"
        },
        "11": {
            "sn": "06942",
            "brief": "分别为圣、把…奉献给上帝"
        },
        "10": {
            "sn": "09002",
            "brief": "在、用、藉着、与、敌对"
        },
        "12": {
            "sn": "00853",
            "brief": "不必翻译"
        },
        "13": {
            "sn": "00853",
            "brief": "不必翻译"
        },
        "14": {
            "sn": "03605",
            "brief": "全部、整个、各"
        },
        "15": {
            "sn": "03627",
            "brief": "器皿、器械、器具"
        },
        "16": {
            "sn": "01961",
            "brief": "是、成为、临到"
        },
        "17": {
            "sn": "06944",
            "brief": "圣所、圣物、神圣"
        }
    },
    "11": {
        "literal": "要使亚伦和他儿子们到会幕的入口来，用水洗他们。",
        "1": {
            "sn": "00853",
            "brief": "不必翻译"
        },
        "0": {
            "sn": "07126",
            "brief": "带来、呈献、靠近"
        },
        "2": {
            "sn": "00175",
            "brief": "亚伦"
        },
        "3": {
            "sn": "00853",
            "brief": "不必翻译"
        },
        "4": {
            "sn": "01121",
            "brief": "儿子、孙子、后裔、成员"
        },
        "5": {
            "sn": "00413",
            "brief": "向、往"
        },
        "6": {
            "sn": "06607",
            "brief": "通道、入口"
        },
        "7": {
            "sn": "00168",
            "brief": "帐棚、帐蓬"
        },
        "8": {
            "sn": "04150",
            "brief": "指定的节期、指定的聚会"
        },
        "9": {
            "sn": "07364",
            "brief": "洗"
        },
        "10": {
            "sn": "00853",
            "brief": "不必翻译"
        },
        "11": {
            "sn": "04325",
            "brief": "水"
        }
    },
    "12": {
        "8": {
            "sn": "06942",
            "brief": "分别为圣、把…奉献给上帝"
        },
        "10": {
            "sn": "03547",
            "brief": "装扮、做祭司"
        },
        "literal": "要给亚伦穿上圣衣，又膏他，使他成圣，可以给我供祭司的职分；",
        "1": {
            "sn": "00853",
            "brief": "不必翻译"
        },
        "2": {
            "sn": "00175",
            "brief": "亚伦"
        },
        "3": {
            "sn": "00853",
            "brief": "不必翻译"
        },
        "4": {
            "sn": "00899",
            "brief": "外袍、衣服"
        },
        "5": {
            "sn": "06944",
            "brief": "圣所、圣物、神圣"
        },
        "6": {
            "sn": "04886",
            "brief": "膏抹、涂抹"
        },
        "7": {
            "sn": "00853",
            "brief": "不必翻译"
        },
        "9": {
            "sn": "00853",
            "brief": "不必翻译"
        },
        "11": {
            "sn": "09001",
            "brief": "给、往、向、到、归属于"
        },
        "0": {
            "sn": "03847",
            "brief": "穿"
        }
    },
    "16": {
        "literal": "第二年正月初一日，帐幕就立起来。",
        "0": {
            "sn": "01961",
            "brief": "是、成为、临到"
        },
        "1": {
            "sn": "02320",
            "brief": "月朔、新月"
        },
        "2": {
            "sn": "07223",
            "brief": "先前的、首先的"
        },
        "7": {
            "sn": "06965",
            "brief": "起来、设立、坚立"
        },
        "3": {
            "sn": "08141",
            "brief": "年"
        },
        "4": {
            "sn": "08145",
            "brief": "序数的「第二」"
        },
        "5": {
            "sn": "00259",
            "brief": "数目的「一」"
        },
        "6": {
            "sn": "02320",
            "brief": "月朔、新月"
        },
        "8": {
            "sn": "04908",
            "brief": "居所、帐幕"
        }
    },
    "18": {
        "5": {
            "sn": "07760",
            "brief": "放、置"
        },
        "literal": "在帐幕以上搭罩棚，把罩棚的顶盖盖在其上，是照雅威所吩咐摩西的。",
        "0": {
            "sn": "06566",
            "brief": "撒开、铺在...上面"
        },
        "1": {
            "sn": "00853",
            "brief": "不必翻译"
        },
        "2": {
            "sn": "00168",
            "brief": "帐棚、帐蓬"
        },
        "3": {
            "sn": "05921",
            "brief": "在…上面"
        },
        "4": {
            "sn": "04908",
            "brief": "居所、帐幕"
        },
        "6": {
            "sn": "00853",
            "brief": "不必翻译"
        },
        "7": {
            "sn": "04372",
            "brief": "盖子"
        },
        "8": {
            "sn": "00168",
            "brief": "帐棚、帐蓬"
        },
        "9": {
            "sn": "05921",
            "brief": "在…上面"
        },
        "10": {
            "sn": "04605",
            "brief": "上面"
        },
        "11": {
            "sn": "00834",
            "brief": "不必翻译"
        },
        "13": {
            "sn": "03068",
            "brief": "上帝的名字「雅威」，犹太人尊称为「上主」"
        },
        "14": {
            "sn": "00853",
            "brief": "不必翻译"
        },
        "15": {
            "sn": "04872",
            "brief": "摩西"
        },
        "16": {
            "sn": "09014",
            "brief": "关闭的意思"
        },
        "12": {
            "sn": "06680",
            "brief": "Pi‘el 命令、吩咐"
        }
    },
    "20": {
        "literal": "把柜抬进帐幕，挂上遮掩柜的幔子，把法柜遮掩了，是照雅威所吩咐摩西的。",
        "14": {
            "sn": "06680",
            "brief": "Pi‘el 命令、吩咐"
        },
        "0": {
            "sn": "00935",
            "brief": "来、进入、临到、发生"
        },
        "9": {
            "sn": "05526",
            "brief": "遮盖、编织、围篱、阻塞"
        },
        "1": {
            "sn": "00853",
            "brief": "不必翻译"
        },
        "2": {
            "sn": "00727",
            "brief": "约柜、盒子"
        },
        "3": {
            "sn": "00413",
            "brief": "对、向、往"
        },
        "4": {
            "sn": "04908",
            "brief": "居所、帐幕"
        },
        "5": {
            "sn": "07760",
            "brief": "放、置"
        },
        "6": {
            "sn": "00853",
            "brief": "不必翻译"
        },
        "7": {
            "sn": "06532",
            "brief": "布幕、罩纱"
        },
        "8": {
            "sn": "04539",
            "brief": "覆盖物、帘子、幔子"
        },
        "10": {
            "sn": "05921",
            "brief": "在…上面"
        },
        "11": {
            "sn": "00727",
            "brief": "约柜、盒子"
        },
        "12": {
            "sn": "05715",
            "brief": "见证、证言"
        },
        "13": {
            "sn": "00834",
            "brief": "不必翻译"
        },
        "15": {
            "sn": "03068",
            "brief": "上帝的名字「雅威」，犹太人尊称为「上主」"
        },
        "16": {
            "sn": "00853",
            "brief": "不必翻译"
        },
        "17": {
            "sn": "04872",
            "brief": "摩西"
        },
        "18": {
            "sn": "09014",
            "brief": "关闭的意思"
        }
    },
    "21": {
        "literal": "又把桌子安在会幕内，在帐幕旁边朝北方，在幔子外。",
        "0": {
            "sn": "05414",
            "brief": "给"
        },
        "1": {
            "sn": "00853",
            "brief": "不必翻译"
        },
        "2": {
            "sn": "07979",
            "brief": "筵席、桌子"
        },
        "3": {
            "sn": "00168",
            "brief": "帐棚、帐蓬"
        },
        "4": {
            "sn": "04150",
            "brief": "指定的节期、指定的聚会"
        },
        "5": {
            "sn": "05921",
            "brief": "在…上面"
        },
        "6": {
            "sn": "03409",
            "brief": "腰、根基"
        },
        "7": {
            "sn": "04908",
            "brief": "居所、帐幕"
        },
        "8": {
            "sn": "06828",
            "brief": "北方"
        },
        "9": {
            "sn": "02351",
            "brief": "街上、外头"
        },
        "10": {
            "sn": "06532",
            "brief": "布幕、罩纱"
        }
    },
    "26": {
        "0": {
            "sn": "06999",
            "brief": "烧香、使祭物冒烟"
        },
        "5": {
            "sn": "06680",
            "brief": "Pi‘el 命令、吩咐"
        },
        "literal": "在坛上烧了馨香料做的香，是照雅威所吩咐摩西的。",
        "1": {
            "sn": "05921",
            "brief": "在…上面"
        },
        "2": {
            "sn": "07004",
            "brief": "香品、香味、烟"
        },
        "3": {
            "sn": "05561",
            "brief": "香料"
        },
        "4": {
            "sn": "00834",
            "brief": "不必翻译"
        },
        "6": {
            "sn": "03068",
            "brief": "上帝的名字「雅威」，犹太人尊称为「上主」"
        },
        "7": {
            "sn": "00853",
            "brief": "不必翻译"
        },
        "8": {
            "sn": "04872",
            "brief": "摩西"
        },
        "9": {
            "sn": "09015",
            "brief": "开的意思"
        }
    },
    "29": {
        "literal": "把洗濯盆安在会幕和坛的中间，盆中盛水，以便洗濯。",
        "0": {
            "sn": "07760",
            "brief": "放、置"
        },
        "1": {
            "sn": "00853",
            "brief": "不必翻译"
        },
        "2": {
            "sn": "03595",
            "brief": "锅、盆、碗"
        },
        "3": {
            "sn": "00996",
            "brief": "在…之间"
        },
        "4": {
            "sn": "00168",
            "brief": "帐棚、帐蓬"
        },
        "5": {
            "sn": "04150",
            "brief": "指定的节期、指定的聚会"
        },
        "6": {
            "sn": "00996",
            "brief": "在…之间"
        },
        "7": {
            "sn": "04196",
            "brief": "祭坛"
        },
        "8": {
            "sn": "05414",
            "brief": "给"
        },
        "9": {
            "sn": "08033",
            "brief": "那里"
        },
        "10": {
            "sn": "04325",
            "brief": "水"
        },
        "11": {
            "sn": "07364",
            "brief": "洗"
        }
    },
    "33": {
        "0": {
            "sn": "03680",
            "brief": "遮盖、隐藏"
        },
        "literal": "当时，云彩遮盖会幕，雅威的荣光就充满了帐幕。",
        "1": {
            "sn": "06051",
            "brief": "云"
        },
        "2": {
            "sn": "00853",
            "brief": "不必翻译"
        },
        "3": {
            "sn": "00168",
            "brief": "帐棚、帐蓬"
        },
        "4": {
            "sn": "04150",
            "brief": "指定的节期、指定的聚会"
        },
        "5": {
            "sn": "03519",
            "brief": "尊荣、贵重"
        },
        "6": {
            "sn": "03068",
            "brief": "上帝的名字「雅威」，犹太人尊称为「上主」"
        },
        "7": {
            "sn": "04390",
            "brief": "充满"
        },
        "8": {
            "sn": "00853",
            "brief": "不必翻译"
        },
        "9": {
            "sn": "04908",
            "brief": "居所、帐幕"
        }
    },
    "35": {
        "literal": "当云彩从帐幕收上去的时候，以色列人就起程前往；",
        "0": {
            "sn": "05927",
            "brief": "上去、升高、生长、献上"
        },
        "1": {
            "sn": "06051",
            "brief": "云"
        },
        "2": {
            "sn": "05921",
            "brief": "在…上面"
        },
        "3": {
            "sn": "04908",
            "brief": "居所、帐幕"
        },
        "4": {
            "sn": "05265",
            "brief": "移动"
        },
        "5": {
            "sn": "01121",
            "brief": "儿子、孙子、后裔、成员"
        },
        "6": {
            "sn": "03478",
            "brief": "以色列"
        },
        "7": {
            "sn": "03605",
            "brief": "全部、整个、各"
        },
        "8": {
            "sn": "04550",
            "brief": "启程、旅程"
        }
    },
    "23": {
        "literal": "又把灯台安在会幕内，与桌子相对，在帐幕南边，",
        "0": {
            "sn": "07760",
            "brief": "放、置"
        },
        "1": {
            "sn": "00853",
            "brief": "不必翻译"
        },
        "2": {
            "sn": "04501",
            "brief": "灯台"
        },
        "3": {
            "sn": "00168",
            "brief": "帐棚、帐蓬"
        },
        "4": {
            "sn": "04150",
            "brief": "指定的节期、指定的聚会"
        },
        "5": {
            "sn": "05227",
            "brief": "在前面"
        },
        "6": {
            "sn": "07979",
            "brief": "筵席、桌子"
        },
        "7": {
            "sn": "05921",
            "brief": "在…上面"
        },
        "8": {
            "sn": "03409",
            "brief": "腰、根基"
        },
        "9": {
            "sn": "04908",
            "brief": "居所、帐幕"
        },
        "10": {
            "sn": "05045",
            "brief": "1. 南地、南方；2. 专有名词：尼格夫"
        }
    },
    "10": {
        "5": {
            "sn": "06942",
            "brief": "分别为圣、把…奉献给上帝"
        },
        "literal": "要抹洗濯盆和它的座，使它成圣。",
        "0": {
            "sn": "04886",
            "brief": "膏抹、涂抹"
        },
        "1": {
            "sn": "00853",
            "brief": "不必翻译"
        },
        "2": {
            "sn": "03595",
            "brief": "锅、盆、碗"
        },
        "3": {
            "sn": "00853",
            "brief": "不必翻译"
        },
        "4": {
            "sn": "03653",
            "brief": "根基、地方、官职、职位"
        },
        "6": {
            "sn": "00853",
            "brief": "不必翻译"
        }
    },
    "25": {
        "literal": "把金坛安在会幕内的幔子前，",
        "0": {
            "sn": "07760",
            "brief": "放、置"
        },
        "1": {
            "sn": "00853",
            "brief": "不必翻译"
        },
        "2": {
            "sn": "04196",
            "brief": "祭坛"
        },
        "3": {
            "sn": "02091",
            "brief": "金"
        },
        "4": {
            "sn": "00168",
            "brief": "帐棚、帐蓬"
        },
        "5": {
            "sn": "04150",
            "brief": "指定的节期、指定的聚会"
        },
        "6": {
            "sn": "03942",
            "brief": "在…之前"
        },
        "7": {
            "sn": "06532",
            "brief": "布幕、罩纱"
        }
    },
    "3": {
        "0": {
            "sn": "00935",
            "brief": "来、进入、临到、发生"
        },
        "literal": "把桌子搬进去，摆设上面的物。把灯台搬进去，点其上的灯。",
        "1": {
            "sn": "00853",
            "brief": "不必翻译"
        },
        "2": {
            "sn": "07979",
            "brief": "筵席、桌子"
        },
        "6": {
            "sn": "00935",
            "brief": "来、进入、临到、发生"
        },
        "3": {
            "sn": "06186",
            "brief": "摆设、安排、预备"
        },
        "4": {
            "sn": "00853",
            "brief": "不必翻译"
        },
        "5": {
            "sn": "06187",
            "brief": "次序、层次、排列有序的事物"
        },
        "7": {
            "sn": "00853",
            "brief": "不必翻译"
        },
        "8": {
            "sn": "04501",
            "brief": "灯台"
        },
        "10": {
            "sn": "00853",
            "brief": "不必翻译"
        },
        "11": {
            "sn": "05216",
            "brief": "灯"
        },
        "9": {
            "sn": "05927",
            "brief": "上去、升高、生长、献上"
        }
    },
    "32": {
        "11": {
            "sn": "03615",
            "brief": "Qal 完成、结束、停止，Pi‘el 完成、毁坏、根除"
        },
        "0": {
            "sn": "06965",
            "brief": "起来、设立、坚立"
        },
        "literal": "在帐幕和坛的四围立了院帷，把院子的门帘挂上。这样，摩西就完了工。",
        "1": {
            "sn": "00853",
            "brief": "不必翻译"
        },
        "2": {
            "sn": "02691",
            "brief": "I 院子；II 村庄"
        },
        "3": {
            "sn": "05439",
            "brief": "四围、环绕"
        },
        "4": {
            "sn": "04908",
            "brief": "居所、帐幕"
        },
        "5": {
            "sn": "04196",
            "brief": "祭坛"
        },
        "6": {
            "sn": "05414",
            "brief": "赐、给、置"
        },
        "7": {
            "sn": "00853",
            "brief": "不必翻译"
        },
        "8": {
            "sn": "04539",
            "brief": "覆盖物、帘子、幔子"
        },
        "9": {
            "sn": "08179",
            "brief": "门"
        },
        "10": {
            "sn": "02691",
            "brief": "I 院子；II 村庄"
        },
        "12": {
            "sn": "04872",
            "brief": "摩西"
        },
        "13": {
            "sn": "00853",
            "brief": "不必翻译"
        },
        "14": {
            "sn": "04399",
            "brief": "工作、财产"
        },
        "15": {
            "sn": "09015",
            "brief": "开的意思"
        }
    },
    "0": {
        "literal": "雅威晓谕摩西说：",
        "1": {
            "sn": "03068",
            "brief": "上帝的名字「雅威」，犹太人尊称为「上主」"
        },
        "2": {
            "sn": "00413",
            "brief": "向、往"
        },
        "3": {
            "sn": "04872",
            "brief": "摩西"
        },
        "4": {
            "sn": "00559",
            "brief": "说"
        },
        "0": {
            "sn": "01696",
            "brief": "Pi‘el 讲、说、指挥"
        }
    },
    "13": {
        "literal": "又要使他儿子们前来，给他们穿上内袍。",
        "0": {
            "sn": "00853",
            "brief": "不必翻译"
        },
        "1": {
            "sn": "01121",
            "brief": "儿子、孙子、后裔、成员"
        },
        "2": {
            "sn": "07126",
            "brief": "带来、呈献、靠近"
        },
        "3": {
            "sn": "03847",
            "brief": "穿"
        },
        "4": {
            "sn": "00853",
            "brief": "不必翻译"
        },
        "5": {
            "sn": "03801",
            "brief": "短袖束腰外衣"
        }
    },
    "2": {
        "literal": "把法柜安放在里面，用幔子将柜遮掩。",
        "0": {
            "sn": "07760",
            "brief": "放、置"
        },
        "1": {
            "sn": "08033",
            "brief": "那里"
        },
        "2": {
            "sn": "00853",
            "brief": "不必翻译"
        },
        "3": {
            "sn": "00727",
            "brief": "约柜、盒子"
        },
        "4": {
            "sn": "05715",
            "brief": "见证、证言"
        },
        "5": {
            "sn": "05526",
            "brief": "遮盖、编织、围篱、阻塞"
        },
        "6": {
            "sn": "05921",
            "brief": "在…上面"
        },
        "7": {
            "sn": "00727",
            "brief": "约柜、盒子"
        },
        "8": {
            "sn": "00853",
            "brief": "不必翻译"
        },
        "9": {
            "sn": "06532",
            "brief": "布幕、罩纱"
        }
    },
    "22": {
        "literal": "在其上将陈设饼摆在雅威面前，是照雅威所吩咐摩西的。",
        "0": {
            "sn": "06186",
            "brief": "摆设、安排、预备"
        },
        "1": {
            "sn": "05921",
            "brief": "在…上面"
        },
        "2": {
            "sn": "06187",
            "brief": "次序、层次、排列有序的事物"
        },
        "3": {
            "sn": "03899",
            "brief": "面包、食物"
        },
        "4": {
            "sn": "03942",
            "brief": "在…之前"
        },
        "5": {
            "sn": "03068",
            "brief": "上帝的名字「雅威」，犹太人尊称为「上主」"
        },
        "6": {
            "sn": "00834",
            "brief": "不必翻译"
        },
        "8": {
            "sn": "03068",
            "brief": "上帝的名字「雅威」，犹太人尊称为「上主」"
        },
        "9": {
            "sn": "00853",
            "brief": "不必翻译"
        },
        "10": {
            "sn": "04872",
            "brief": "摩西"
        },
        "11": {
            "sn": "09014",
            "brief": "关闭的意思"
        },
        "7": {
            "sn": "06680",
            "brief": "Pi‘el 命令、吩咐"
        }
    }
}