{
    "7": {
        "10": {
            "sn": "03808",
            "brief": "不"
        },
        "literal": "…砖的数目，(…处填入下行)他们素常所做你们要向他们要，一点不可减少；因为他们是懒惰的，所以呼求说：『容我们去祭祀我们的上帝。』",
        "0": {
            "sn": "00853",
            "brief": "不必翻译"
        },
        "1": {
            "sn": "04971",
            "brief": "测量法、比例"
        },
        "2": {
            "sn": "03843",
            "brief": "砖块"
        },
        "3": {
            "sn": "00834",
            "brief": "不必翻译"
        },
        "4": {
            "sn": "01992",
            "brief": "他们"
        },
        "5": {
            "sn": "06213",
            "brief": "做"
        },
        "6": {
            "sn": "08543",
            "brief": "昨天"
        },
        "7": {
            "sn": "08032",
            "brief": "前天"
        },
        "8": {
            "sn": "07760",
            "brief": "置、放"
        },
        "9": {
            "sn": "05921",
            "brief": "在…上面"
        },
        "11": {
            "sn": "01639",
            "brief": "减少、抑制"
        },
        "12": {
            "sn": "04480",
            "brief": "从、出、离"
        },
        "13": {
            "sn": "03588",
            "brief": "因为、不必翻译"
        },
        "15": {
            "sn": "01992",
            "brief": "他们"
        },
        "16": {
            "sn": "05921",
            "brief": "在…上面"
        },
        "17": {
            "sn": "03651",
            "brief": "副词：因此、如此、这样；形容词：对、真的、公平、诚实"
        },
        "18": {
            "sn": "01992",
            "brief": "他们"
        },
        "20": {
            "sn": "00559",
            "brief": "说"
        },
        "19": {
            "sn": "06817",
            "brief": "Qal 呼喊、哀求；Pi‘el 大声呼喊；Nif‘al 被召唤、聚集；Hif‘il 召集"
        },
        "14": {
            "sn": "07503",
            "brief": "Qal 落、沉、掉、放松、变弱，Hif‘il 安静、听任、放弃、让他走"
        },
        "21": {
            "sn": "01980",
            "brief": "行走、去"
        },
        "22": {
            "sn": "02076",
            "brief": "屠宰、献祭"
        },
        "23": {
            "sn": "00430",
            "brief": "上帝、神、神明"
        }
    },
    "14": {
        "8": {
            "sn": "04100",
            "brief": "什么"
        },
        "literal": "以色列人的官长就来哀求法老说：「你为甚么这样待你的仆人们？",
        "1": {
            "sn": "07860",
            "brief": "官员、书记官、首领"
        },
        "4": {
            "sn": "06817",
            "brief": "Qal 呼喊、哀求；Pi‘el 大声呼喊；Nif‘al 被召唤、聚集；Hif‘il 召集"
        },
        "2": {
            "sn": "01121",
            "brief": "儿子、孙子、后裔、成员"
        },
        "3": {
            "sn": "03478",
            "brief": "以色列"
        },
        "5": {
            "sn": "00413",
            "brief": "对、向、往"
        },
        "6": {
            "sn": "06547",
            "brief": "法老"
        },
        "7": {
            "sn": "00559",
            "brief": "说"
        },
        "10": {
            "sn": "03541",
            "brief": "如此、这样"
        },
        "11": {
            "sn": "05650",
            "brief": "仆人、奴隶"
        },
        "9": {
            "sn": "06213",
            "brief": "做"
        },
        "0": {
            "sn": "00935",
            "brief": "来、进入、临到、发生"
        }
    },
    "9": {
        "8": {
            "sn": "03541",
            "brief": "如此、这样"
        },
        "literal": "百姓的督工的和他(们)的官长就出来，对这百姓说：「法老这样说：『我没有草可给你们。",
        "0": {
            "sn": "03318",
            "brief": "出去"
        },
        "1": {
            "sn": "05065",
            "brief": "压制、驱赶"
        },
        "2": {
            "sn": "05971",
            "brief": "百姓、国民"
        },
        "3": {
            "sn": "07860",
            "brief": "官员、书记官、首领"
        },
        "4": {
            "sn": "00559",
            "brief": "说"
        },
        "5": {
            "sn": "00413",
            "brief": "向、往"
        },
        "6": {
            "sn": "05971",
            "brief": "百姓、国民"
        },
        "7": {
            "sn": "00559",
            "brief": "说"
        },
        "9": {
            "sn": "00559",
            "brief": "说"
        },
        "10": {
            "sn": "06547",
            "brief": "法老"
        },
        "11": {
            "sn": "00369",
            "brief": "不存在、没有"
        },
        "12": {
            "sn": "05414",
            "brief": "赐、给"
        },
        "13": {
            "sn": "09001",
            "brief": "给、往、向、到、归属于"
        },
        "14": {
            "sn": "08401",
            "brief": "草"
        }
    },
    "11": {
        "7": {
            "sn": "08401",
            "brief": "草"
        },
        "literal": "于是这百姓散在埃及遍地，好捡拾碎秸当作草。",
        "1": {
            "sn": "05971",
            "brief": "百姓、国民"
        },
        "2": {
            "sn": "03605",
            "brief": "全部、整个、各"
        },
        "0": {
            "sn": "06327",
            "brief": "撒种、分散"
        },
        "3": {
            "sn": "00776",
            "brief": "地、邦国、疆界"
        },
        "4": {
            "sn": "04714",
            "brief": "埃及"
        },
        "5": {
            "sn": "07197",
            "brief": "聚集"
        },
        "6": {
            "sn": "07179",
            "brief": "碎秸、粗糠、谷壳"
        }
    },
    "10": {
        "6": {
            "sn": "04672",
            "brief": "寻找、追上、获得、发现"
        },
        "literal": "去吧，你们所能找到的草，就去拿来吧！但你们(所做)的工一点也不可减少。』」",
        "0": {
            "sn": "00859",
            "brief": "你、你们"
        },
        "1": {
            "sn": "01980",
            "brief": "行走、去"
        },
        "2": {
            "sn": "03947",
            "brief": "拿、取"
        },
        "3": {
            "sn": "09001",
            "brief": "给、往、向、到、归属于"
        },
        "4": {
            "sn": "08401",
            "brief": "草"
        },
        "5": {
            "sn": "00834",
            "brief": "不必翻译"
        },
        "7": {
            "sn": "03588",
            "brief": "因为、不必翻译"
        },
        "8": {
            "sn": "00369",
            "brief": "不存在、没有"
        },
        "9": {
            "sn": "01639",
            "brief": "减少、抑制"
        },
        "10": {
            "sn": "05656",
            "brief": "工作、劳碌、劳役"
        },
        "11": {
            "sn": "01697",
            "brief": "话语、事情"
        }
    },
    "16": {
        "4": {
            "sn": "05921",
            "brief": "在…上面"
        },
        "0": {
            "sn": "00559",
            "brief": "说"
        },
        "1": {
            "sn": "07503",
            "brief": "Qal 落、沉、掉、放松、变弱，Hif‘il 安静、听任、放弃、让他走"
        },
        "literal": "但法老说：「懒惰虫！你们是懒惰虫！所以你们(才会)说：『容我们去祭祀雅威。』",
        "2": {
            "sn": "00859",
            "brief": "你、你们"
        },
        "3": {
            "sn": "07503",
            "brief": "Qal 落、沉、掉、放松、变弱，Hif‘il 安静、听任、放弃、让他走"
        },
        "5": {
            "sn": "03651",
            "brief": "副词：因此、如此、这样；形容词：对、真的、公平、诚实"
        },
        "6": {
            "sn": "00859",
            "brief": "你、你们"
        },
        "7": {
            "sn": "00559",
            "brief": "说"
        },
        "8": {
            "sn": "01980",
            "brief": "行走、去"
        },
        "9": {
            "sn": "02076",
            "brief": "屠宰、献祭"
        },
        "10": {
            "sn": "03068",
            "brief": "上帝的名字「雅威」，犹太人尊称为「上主」"
        }
    },
    "18": {
        "literal": "以色列人的官长…就看见是遭遇祸患了。(…处填入下行)听说「你们不可减少每天的砖的数目」，",
        "1": {
            "sn": "07860",
            "brief": "官员、书记官、首领"
        },
        "3": {
            "sn": "03478",
            "brief": "以色列"
        },
        "0": {
            "sn": "07200",
            "brief": "Qal 看见、看顾、察觉，Nif‘al 显现，Hif‘il 显明"
        },
        "7": {
            "sn": "03808",
            "brief": "不"
        },
        "2": {
            "sn": "01121",
            "brief": "儿子、孙子、后裔、成员"
        },
        "4": {
            "sn": "00853",
            "brief": "不必翻译"
        },
        "5": {
            "sn": "07451",
            "brief": "邪恶、灾祸"
        },
        "6": {
            "sn": "00559",
            "brief": "说"
        },
        "8": {
            "sn": "01639",
            "brief": "减少、抑制"
        },
        "9": {
            "sn": "03843",
            "brief": "砖块"
        },
        "10": {
            "sn": "01697",
            "brief": "话语、事情"
        },
        "11": {
            "sn": "03117",
            "brief": "日子、时候"
        },
        "12": {
            "sn": "03117",
            "brief": "日子、时候"
        }
    },
    "19": {
        "9": {
            "sn": "06547",
            "brief": "法老"
        },
        "literal": "…就遇见摩西和亚伦站着迎见他们，(…处填入下行)他们从法老那里出来时，",
        "0": {
            "sn": "06293",
            "brief": "碰触、降灾、乞求、遭遇、相遇、抵达"
        },
        "1": {
            "sn": "00853",
            "brief": "不必翻译"
        },
        "2": {
            "sn": "04872",
            "brief": "摩西"
        },
        "3": {
            "sn": "00853",
            "brief": "不必翻译"
        },
        "4": {
            "sn": "00175",
            "brief": "亚伦"
        },
        "6": {
            "sn": "07125",
            "brief": "迎接、遇见"
        },
        "7": {
            "sn": "03318",
            "brief": "出去"
        },
        "8": {
            "sn": "00854",
            "brief": "与、跟"
        },
        "5": {
            "sn": "05324",
            "brief": "Nif’al 起来、立起，Hif‘il 安置、安排"
        }
    },
    "21": {
        "4": {
            "sn": "00559",
            "brief": "说"
        },
        "0": {
            "sn": "07725",
            "brief": "Qal 回复、回转、重复，Po‘lel 带回、复兴、更新，Hif‘il 回报、报告、带回"
        },
        "literal": "摩西回到雅威那里，说：「主啊，你为甚么苦待这百姓呢？为甚么这样差遣我呢？",
        "1": {
            "sn": "04872",
            "brief": "摩西"
        },
        "2": {
            "sn": "00413",
            "brief": "对、向、往"
        },
        "3": {
            "sn": "03068",
            "brief": "上帝的名字「雅威」，犹太人尊称为「上主」"
        },
        "5": {
            "sn": "00136",
            "brief": "主人"
        },
        "6": {
            "sn": "04100",
            "brief": "什么"
        },
        "8": {
            "sn": "05971",
            "brief": "百姓、国民"
        },
        "9": {
            "sn": "02088",
            "brief": "这个"
        },
        "10": {
            "sn": "04100",
            "brief": "什么"
        },
        "11": {
            "sn": "02088",
            "brief": "这个"
        },
        "12": {
            "sn": "07971",
            "brief": "差遣、释放、送走、伸出、伸展"
        },
        "7": {
            "sn": "07489",
            "brief": "I. 行恶 ；II. 破坏、打破"
        }
    },
    "13": {
        "1": {
            "sn": "07860",
            "brief": "官员、书记官、首领"
        },
        "2": {
            "sn": "01121",
            "brief": "儿子、孙子、后裔、成员"
        },
        "3": {
            "sn": "03478",
            "brief": "以色列"
        },
        "4": {
            "sn": "00834",
            "brief": "不必翻译"
        },
        "5": {
            "sn": "07760",
            "brief": "设立、置、放"
        },
        "6": {
            "sn": "05921",
            "brief": "在…上面"
        },
        "7": {
            "sn": "05065",
            "brief": "压制、驱赶"
        },
        "8": {
            "sn": "06547",
            "brief": "法老"
        },
        "9": {
            "sn": "00559",
            "brief": "说"
        },
        "10": {
            "sn": "04069",
            "brief": "为什么"
        },
        "13": {
            "sn": "02706",
            "brief": "律例、法令、条例、限度"
        },
        "14": {
            "sn": "03835",
            "brief": "变白、做砖"
        },
        "15": {
            "sn": "08543",
            "brief": "昨天"
        },
        "16": {
            "sn": "08032",
            "brief": "前天"
        },
        "17": {
            "sn": "01571",
            "brief": "也"
        },
        "18": {
            "sn": "08543",
            "brief": "昨天"
        },
        "19": {
            "sn": "01571",
            "brief": "也"
        },
        "20": {
            "sn": "03117",
            "brief": "日子、时候"
        },
        "11": {
            "sn": "03808",
            "brief": "不"
        },
        "0": {
            "sn": "05221",
            "brief": "Hif‘il 击打、击杀"
        },
        "12": {
            "sn": "03615",
            "brief": "Qal 完成、结束、停止，Pi‘el 完成、毁坏、根除"
        },
        "literal": "…以色列人的官员受责打，(…处填入下行)法老的督工所指派来管理他们的说：「…你们为甚么没有照往常完成为你们规定的做砖的数目呢？」(…处填入下行)昨天今天"
    },
    "5": {
        "0": {
            "sn": "06680",
            "brief": "Pi‘el 命令、吩咐"
        },
        "literal": "当天，法老就吩咐众督工的和他(们)的官长们说：",
        "1": {
            "sn": "06547",
            "brief": "法老"
        },
        "2": {
            "sn": "03117",
            "brief": "日子、时候"
        },
        "3": {
            "sn": "01931",
            "brief": "他"
        },
        "4": {
            "sn": "00853",
            "brief": "不必翻译"
        },
        "5": {
            "sn": "05065",
            "brief": "压制、驱赶"
        },
        "6": {
            "sn": "05971",
            "brief": "百姓、国民"
        },
        "7": {
            "sn": "00853",
            "brief": "不必翻译"
        },
        "8": {
            "sn": "07860",
            "brief": "官员、书记官、首领"
        },
        "9": {
            "sn": "00559",
            "brief": "说"
        }
    },
    "8": {
        "literal": "要让工作重压在这些人身上，让他们在其中劳碌，不要去理会虚谎的言语。",
        "9": {
            "sn": "08267",
            "brief": "虚假"
        },
        "0": {
            "sn": "03513",
            "brief": "Qal 是重的，Nif‘al 受尊重、得荣耀，Pi‘el 荣耀、加重、使迟钝，Hif‘il 加重"
        },
        "1": {
            "sn": "05656",
            "brief": "工作、劳碌、劳役"
        },
        "2": {
            "sn": "05921",
            "brief": "在…上面"
        },
        "3": {
            "sn": "00376",
            "brief": "各人、人、男人、丈夫"
        },
        "4": {
            "sn": "06213",
            "brief": "做"
        },
        "5": {
            "sn": "09002",
            "brief": "在、用、藉着、与、敌对"
        },
        "6": {
            "sn": "00408",
            "brief": "不"
        },
        "7": {
            "sn": "08159",
            "brief": "凝视、注重"
        },
        "8": {
            "sn": "01697",
            "brief": "话语、事情"
        }
    },
    "1": {
        "11": {
            "sn": "03045",
            "brief": "Qal 知道、认识、辨别、经历，Hif‘il 使知道、宣告"
        },
        "7": {
            "sn": "07971",
            "brief": "差遣、释放、送走、伸出、伸展"
        },
        "literal": "法老说：「雅威是谁，使我听他的声音，容以色列(人)去呢？我不认识雅威，也不容以色列(人)去！」",
        "0": {
            "sn": "00559",
            "brief": "说"
        },
        "1": {
            "sn": "06547",
            "brief": "法老"
        },
        "2": {
            "sn": "04310",
            "brief": "谁"
        },
        "3": {
            "sn": "03068",
            "brief": "上帝的名字「雅威」，犹太人尊称为「上主」"
        },
        "4": {
            "sn": "00834",
            "brief": "不必翻译"
        },
        "6": {
            "sn": "06963",
            "brief": "声音"
        },
        "8": {
            "sn": "00853",
            "brief": "不必翻译"
        },
        "9": {
            "sn": "03478",
            "brief": "以色列"
        },
        "5": {
            "sn": "08085",
            "brief": "Qal 听、听从，Hif‘il 说明、使…听"
        },
        "10": {
            "sn": "03808",
            "brief": "不"
        },
        "12": {
            "sn": "00853",
            "brief": "不必翻译"
        },
        "13": {
            "sn": "03068",
            "brief": "上帝的名字「雅威」，犹太人尊称为「上主」"
        },
        "14": {
            "sn": "01571",
            "brief": "也"
        },
        "15": {
            "sn": "00853",
            "brief": "不必翻译"
        },
        "16": {
            "sn": "03478",
            "brief": "以色列"
        },
        "18": {
            "sn": "07971",
            "brief": "差遣、释放、送走、伸出、伸展"
        },
        "17": {
            "sn": "03808",
            "brief": "不"
        }
    },
    "12": {
        "3": {
            "sn": "03615",
            "brief": "Qal 完成、结束、停止，Pi‘el 完成、毁坏、根除"
        },
        "literal": "督工的催着说：「你们一天当做完一天的工，与先前有草的时候一样。」",
        "0": {
            "sn": "05065",
            "brief": "压制、驱赶"
        },
        "1": {
            "sn": "00213",
            "brief": "竭力、急迫、催促、狭窄"
        },
        "2": {
            "sn": "00559",
            "brief": "说"
        },
        "4": {
            "sn": "04639",
            "brief": "行为、工作"
        },
        "5": {
            "sn": "01697",
            "brief": "话语、事情"
        },
        "6": {
            "sn": "03117",
            "brief": "日子、时候"
        },
        "7": {
            "sn": "03117",
            "brief": "日子、时候"
        },
        "8": {
            "sn": "00834",
            "brief": "不必翻译"
        },
        "9": {
            "sn": "01961",
            "brief": "是、成为、临到"
        },
        "10": {
            "sn": "08401",
            "brief": "草"
        }
    },
    "15": {
        "11": {
            "sn": "02398",
            "brief": "Qal 犯罪；Pi‘el 献赎罪祭、得洁净；Hif‘il 导致犯罪；Hitpa‘el 迷失、洁净自己"
        },
        "literal": "没有草可给你的仆人们，却对我们说：『要做砖！』看哪，你的仆人们挨打，错却在你的百姓。",
        "0": {
            "sn": "08401",
            "brief": "草"
        },
        "1": {
            "sn": "00369",
            "brief": "不存在、没有"
        },
        "2": {
            "sn": "05414",
            "brief": "赐、给"
        },
        "3": {
            "sn": "05650",
            "brief": "仆人、奴隶"
        },
        "4": {
            "sn": "03843",
            "brief": "砖块"
        },
        "5": {
            "sn": "00559",
            "brief": "说"
        },
        "6": {
            "sn": "09001",
            "brief": "给、往、向、到、归属于"
        },
        "7": {
            "sn": "06213",
            "brief": "做"
        },
        "8": {
            "sn": "02009",
            "brief": "看哪"
        },
        "9": {
            "sn": "05650",
            "brief": "仆人、奴隶"
        },
        "12": {
            "sn": "05971",
            "brief": "百姓、国民"
        },
        "10": {
            "sn": "05221",
            "brief": "Hif‘il 击打、击杀"
        }
    },
    "17": {
        "4": {
            "sn": "03808",
            "brief": "不"
        },
        "literal": "现在，你们去做工吧！草是不给你们的，但你们仍然要缴纳一定数量的砖。」",
        "0": {
            "sn": "06258",
            "brief": "现在"
        },
        "1": {
            "sn": "01980",
            "brief": "行走、去"
        },
        "2": {
            "sn": "05647",
            "brief": "工作、服事"
        },
        "3": {
            "sn": "08401",
            "brief": "草"
        },
        "5": {
            "sn": "05414",
            "brief": "赐、给"
        },
        "6": {
            "sn": "09001",
            "brief": "给、往、向、到、归属于"
        },
        "7": {
            "sn": "08506",
            "brief": "测量、经测量的数量"
        },
        "8": {
            "sn": "03843",
            "brief": "砖块"
        },
        "9": {
            "sn": "05414",
            "brief": "赐、给"
        }
    },
    "20": {
        "literal": "就对他们说：「愿雅威鉴察你们，施行判断；因你们使我们…有了臭名，(…处填入下行)在法老和他的臣仆眼前把刀递在他们手中来杀我们。」",
        "0": {
            "sn": "00559",
            "brief": "说"
        },
        "1": {
            "sn": "00413",
            "brief": "对、向、往"
        },
        "3": {
            "sn": "03068",
            "brief": "上帝的名字「雅威」，犹太人尊称为「上主」"
        },
        "4": {
            "sn": "05921",
            "brief": "在…上面"
        },
        "5": {
            "sn": "08199",
            "brief": "审判、辩白、处罚"
        },
        "6": {
            "sn": "00834",
            "brief": "不必翻译"
        },
        "8": {
            "sn": "00853",
            "brief": "不必翻译"
        },
        "9": {
            "sn": "07381",
            "brief": "香味、芬芳"
        },
        "10": {
            "sn": "05869",
            "brief": "眼目、眼睛"
        },
        "11": {
            "sn": "06547",
            "brief": "法老"
        },
        "12": {
            "sn": "05869",
            "brief": "眼目、眼睛"
        },
        "13": {
            "sn": "05650",
            "brief": "仆人、奴隶"
        },
        "14": {
            "sn": "05414",
            "brief": "赐、给"
        },
        "15": {
            "sn": "02719",
            "brief": "刀、刀剑"
        },
        "16": {
            "sn": "03027",
            "brief": "手、边、力量、权势"
        },
        "17": {
            "sn": "02026",
            "brief": "杀"
        },
        "7": {
            "sn": "00887",
            "brief": "发臭"
        },
        "2": {
            "sn": "07200",
            "brief": "Qal 看见、看顾、察觉，Nif‘al 显现，Hif‘il 显明"
        }
    },
    "22": {
        "literal": "自从我去见法老，奉你的名说话，他就苦待这百姓，你根本就没有拯救你的百姓。」",
        "0": {
            "sn": "00227",
            "brief": "那时"
        },
        "10": {
            "sn": "03808",
            "brief": "不"
        },
        "1": {
            "sn": "00935",
            "brief": "来、进入、临到、发生"
        },
        "2": {
            "sn": "00413",
            "brief": "对、向、往"
        },
        "3": {
            "sn": "06547",
            "brief": "法老"
        },
        "5": {
            "sn": "08034",
            "brief": "名、名字"
        },
        "4": {
            "sn": "01696",
            "brief": "Pi‘el 讲、说、指挥"
        },
        "7": {
            "sn": "05971",
            "brief": "百姓、国民"
        },
        "8": {
            "sn": "02088",
            "brief": "这个"
        },
        "12": {
            "sn": "00853",
            "brief": "不必翻译"
        },
        "13": {
            "sn": "05971",
            "brief": "百姓、国民"
        },
        "9": {
            "sn": "05337",
            "brief": "Nif‘al 获救，Pi‘el 拯救、夺取，Hif‘il 营救、抓走"
        },
        "6": {
            "sn": "07489",
            "brief": "I. 行恶 ；II. 破坏、打破"
        },
        "11": {
            "sn": "05337",
            "brief": "Nif‘al 获救，Pi‘el 拯救、夺取，Hif‘il 营救、抓走"
        }
    },
    "3": {
        "7": {
            "sn": "06544",
            "brief": "忽视、放松"
        },
        "literal": "埃及王对他们说：「摩西和亚伦！你们为甚么叫这百姓旷工呢？你们去担自己的担子吧！」",
        "0": {
            "sn": "00559",
            "brief": "说"
        },
        "1": {
            "sn": "00413",
            "brief": "向、往"
        },
        "2": {
            "sn": "04428",
            "brief": "王"
        },
        "3": {
            "sn": "04714",
            "brief": "埃及"
        },
        "4": {
            "sn": "04100",
            "brief": "什么"
        },
        "5": {
            "sn": "04872",
            "brief": "摩西"
        },
        "6": {
            "sn": "00175",
            "brief": "亚伦"
        },
        "8": {
            "sn": "00853",
            "brief": "不必翻译"
        },
        "9": {
            "sn": "05971",
            "brief": "百姓、国民"
        },
        "10": {
            "sn": "04639",
            "brief": "行为、工作"
        },
        "11": {
            "sn": "01980",
            "brief": "行走、去"
        },
        "12": {
            "sn": "05450",
            "brief": "重担、劳役"
        }
    },
    "4": {
        "literal": "法老说：「看哪，这地的百姓如今众多，你们竟叫他们停他们的工！」",
        "0": {
            "sn": "00559",
            "brief": "说"
        },
        "1": {
            "sn": "06547",
            "brief": "法老"
        },
        "2": {
            "sn": "02005",
            "brief": "若、看哪"
        },
        "3": {
            "sn": "07227",
            "brief": "I. 形容词：大量的、许多的、充足的，II. 名词：统帅、首领。"
        },
        "4": {
            "sn": "06258",
            "brief": "现在"
        },
        "5": {
            "sn": "05971",
            "brief": "百姓、国民"
        },
        "6": {
            "sn": "00776",
            "brief": "地、邦国、疆界"
        },
        "8": {
            "sn": "00853",
            "brief": "不必翻译"
        },
        "9": {
            "sn": "05450",
            "brief": "重担、劳役"
        },
        "7": {
            "sn": "07673",
            "brief": "止息、停止"
        }
    },
    "6": {
        "1": {
            "sn": "03254",
            "brief": "再一次、增添"
        },
        "0": {
            "sn": "03808",
            "brief": "不"
        },
        "literal": "「你们不可…把草给这百姓做砖，(…处填入下行)照常让他们自己去捡草。",
        "2": {
            "sn": "05414",
            "brief": "赐、给"
        },
        "3": {
            "sn": "08401",
            "brief": "草"
        },
        "4": {
            "sn": "05971",
            "brief": "百姓、国民"
        },
        "5": {
            "sn": "03835",
            "brief": "变白"
        },
        "6": {
            "sn": "03843",
            "brief": "砖块"
        },
        "7": {
            "sn": "08543",
            "brief": "昨天"
        },
        "8": {
            "sn": "08032",
            "brief": "前天"
        },
        "9": {
            "sn": "01992",
            "brief": "他们"
        },
        "10": {
            "sn": "01980",
            "brief": "行走、去"
        },
        "11": {
            "sn": "07197",
            "brief": "聚集"
        },
        "12": {
            "sn": "09001",
            "brief": "给、往、向、到、归属于"
        },
        "13": {
            "sn": "08401",
            "brief": "草"
        }
    },
    "0": {
        "0": {
            "sn": "00310",
            "brief": "后面、跟着"
        },
        "12": {
            "sn": "07971",
            "brief": "差遣、释放、送走、伸出、伸展"
        },
        "literal": "后来摩西和亚伦进去对法老说：「雅威―以色列(人)的上帝这样说：『容我的百姓去，让他们在旷野向我守节。』」",
        "1": {
            "sn": "00935",
            "brief": "来、进入、临到、发生"
        },
        "2": {
            "sn": "04872",
            "brief": "摩西"
        },
        "3": {
            "sn": "00175",
            "brief": "亚伦"
        },
        "4": {
            "sn": "00559",
            "brief": "说"
        },
        "5": {
            "sn": "00413",
            "brief": "向、往"
        },
        "6": {
            "sn": "06547",
            "brief": "法老"
        },
        "7": {
            "sn": "03541",
            "brief": "如此、这样"
        },
        "8": {
            "sn": "00559",
            "brief": "说"
        },
        "9": {
            "sn": "03068",
            "brief": "上帝的名字「雅威」，犹太人尊称为「上主」"
        },
        "10": {
            "sn": "00430",
            "brief": "上帝、神、神明"
        },
        "11": {
            "sn": "03478",
            "brief": "以色列"
        },
        "13": {
            "sn": "00853",
            "brief": "不必翻译"
        },
        "14": {
            "sn": "05971",
            "brief": "百姓、国民"
        },
        "15": {
            "sn": "02287",
            "brief": "守节、庆祝"
        },
        "16": {
            "sn": "09001",
            "brief": "给、往、向、到、归属于"
        },
        "17": {
            "sn": "04057",
            "brief": "旷野"
        }
    },
    "2": {
        "literal": "他们说：「希伯来人的上帝遇见了我们。求你容我们走三天旷野的路程，祭祀雅威―我们的上帝，免得他使我们遭遇瘟疫或刀兵。」",
        "0": {
            "sn": "00559",
            "brief": "说"
        },
        "1": {
            "sn": "00430",
            "brief": "上帝、神、神明"
        },
        "2": {
            "sn": "05680",
            "brief": "希伯来人"
        },
        "3": {
            "sn": "07122",
            "brief": "遇见"
        },
        "4": {
            "sn": "05921",
            "brief": "在…上面"
        },
        "5": {
            "sn": "01980",
            "brief": "行走、去"
        },
        "6": {
            "sn": "04994",
            "brief": "作为鼓励语的一部份"
        },
        "7": {
            "sn": "01870",
            "brief": "道路、行为、方向、方法"
        },
        "8": {
            "sn": "07969",
            "brief": "数目的「三」"
        },
        "9": {
            "sn": "03117",
            "brief": "日子、时候"
        },
        "10": {
            "sn": "04057",
            "brief": "旷野"
        },
        "11": {
            "sn": "02076",
            "brief": "屠宰、献祭"
        },
        "12": {
            "sn": "03068",
            "brief": "上帝的名字「雅威」，犹太人尊称为「上主」"
        },
        "13": {
            "sn": "00430",
            "brief": "上帝、神、神明"
        },
        "14": {
            "sn": "06435",
            "brief": "免得、恐怕、为了不"
        },
        "15": {
            "sn": "06293",
            "brief": "碰触、降灾、乞求、遭遇、相遇、抵达"
        },
        "16": {
            "sn": "01698",
            "brief": "灾害、瘟疫"
        },
        "17": {
            "sn": "00176",
            "brief": "或"
        },
        "18": {
            "sn": "02719",
            "brief": "刀、刀剑"
        }
    }
}