{
    "21": {
        "8": {
            "sn": "03808",
            "brief": "不"
        },
        "literal": "埃及行法术的，也用邪术照样而行。法老心里刚硬，不肯听摩西、亚伦，正如雅威所说的。",
        "1": {
            "sn": "03651",
            "brief": "副词：因此、如此、这样；形容词：对、真的、公平、诚实"
        },
        "2": {
            "sn": "02748",
            "brief": "占卜者、术士、观天象的人"
        },
        "3": {
            "sn": "04714",
            "brief": "埃及"
        },
        "4": {
            "sn": "03909",
            "brief": "秘密、神秘"
        },
        "6": {
            "sn": "03820",
            "brief": "心"
        },
        "12": {
            "sn": "01696",
            "brief": "Pi‘el 讲、说、指挥"
        },
        "0": {
            "sn": "06213",
            "brief": "做"
        },
        "5": {
            "sn": "02388",
            "brief": "加强、支持、抓住、系紧、强壮、勇敢"
        },
        "7": {
            "sn": "06547",
            "brief": "法老"
        },
        "9": {
            "sn": "08085",
            "brief": "听到、听从"
        },
        "10": {
            "sn": "00413",
            "brief": "对、向、往"
        },
        "11": {
            "sn": "00834",
            "brief": "不必翻译"
        },
        "13": {
            "sn": "03068",
            "brief": "上帝的名字「雅威」，犹太人尊称为「上主」"
        }
    },
    "22": {
        "5": {
            "sn": "03808",
            "brief": "不"
        },
        "literal": "法老转身进宫，也不把这事放在心上。",
        "0": {
            "sn": "06437",
            "brief": "转向"
        },
        "1": {
            "sn": "06547",
            "brief": "法老"
        },
        "2": {
            "sn": "00935",
            "brief": "来、进入、临到、发生"
        },
        "3": {
            "sn": "00413",
            "brief": "对、向、往"
        },
        "4": {
            "sn": "01004",
            "brief": "房屋、家、殿"
        },
        "6": {
            "sn": "07896",
            "brief": "置、放、定"
        },
        "7": {
            "sn": "03820",
            "brief": "心"
        },
        "8": {
            "sn": "01571",
            "brief": "也"
        },
        "9": {
            "sn": "02063",
            "brief": "这个"
        }
    },
    "12": {
        "3": {
            "sn": "03808",
            "brief": "不"
        },
        "literal": "法老心里刚硬，不听从他们，正如雅威所说的。",
        "0": {
            "sn": "02388",
            "brief": "加强、支持、抓住、系紧、强壮、勇敢"
        },
        "1": {
            "sn": "03820",
            "brief": "心"
        },
        "2": {
            "sn": "06547",
            "brief": "法老"
        },
        "4": {
            "sn": "08085",
            "brief": "听到、听从"
        },
        "5": {
            "sn": "00413",
            "brief": "对、向、往"
        },
        "6": {
            "sn": "00834",
            "brief": "不必翻译"
        },
        "8": {
            "sn": "03068",
            "brief": "上帝的名字「雅威」，犹太人尊称为「上主」"
        },
        "9": {
            "sn": "09015",
            "brief": "开的意思"
        },
        "7": {
            "sn": "01696",
            "brief": "Pi‘el 讲、说、指挥"
        }
    },
    "16": {
        "18": {
            "sn": "02015",
            "brief": "推翻、倾覆、转变"
        },
        "5": {
            "sn": "03588",
            "brief": "因为、不必翻译"
        },
        "4": {
            "sn": "03045",
            "brief": "Qal 知道、认识、辨别、经历，Hif‘il 使知道、宣告"
        },
        "1": {
            "sn": "00559",
            "brief": "说"
        },
        "literal": "雅威这样说：你必知道我是雅威。看哪！我要用我手里的杖击打河中的水，水就变作血。",
        "0": {
            "sn": "03541",
            "brief": "如此、这样"
        },
        "2": {
            "sn": "03068",
            "brief": "上帝的名字「雅威」，犹太人尊称为「上主」"
        },
        "3": {
            "sn": "02063",
            "brief": "这个"
        },
        "6": {
            "sn": "00589",
            "brief": "我"
        },
        "7": {
            "sn": "03068",
            "brief": "上帝的名字「雅威」，犹太人尊称为「上主」"
        },
        "8": {
            "sn": "02009",
            "brief": "看哪"
        },
        "9": {
            "sn": "00595",
            "brief": "我"
        },
        "11": {
            "sn": "04294",
            "brief": "杖、支派、分支"
        },
        "12": {
            "sn": "00834",
            "brief": "不必翻译"
        },
        "13": {
            "sn": "03027",
            "brief": "手、边、力量、权势"
        },
        "14": {
            "sn": "05921",
            "brief": "在…上面"
        },
        "15": {
            "sn": "04325",
            "brief": "水"
        },
        "16": {
            "sn": "00834",
            "brief": "不必翻译"
        },
        "17": {
            "sn": "02975",
            "brief": "尼罗河、河流"
        },
        "19": {
            "sn": "01818",
            "brief": "血"
        },
        "10": {
            "sn": "05221",
            "brief": "Hif‘il 击打、击杀"
        }
    },
    "19": {
        "18": {
            "sn": "02015",
            "brief": "推翻、倾覆、转变"
        },
        "9": {
            "sn": "05221",
            "brief": "Hif‘il 击打、击杀"
        },
        "literal": "摩西和亚伦就照雅威所吩咐的做。亚伦…举杖击打尼罗河里的水(…处填入下行)在法老眼前和他臣仆眼前河里的水都变作血了。",
        "0": {
            "sn": "06213",
            "brief": "做"
        },
        "1": {
            "sn": "03651",
            "brief": "副词：因此、如此、这样；形容词：对、真的、公平、诚实"
        },
        "2": {
            "sn": "04872",
            "brief": "摩西"
        },
        "3": {
            "sn": "00175",
            "brief": "亚伦"
        },
        "4": {
            "sn": "00834",
            "brief": "不必翻译"
        },
        "6": {
            "sn": "03068",
            "brief": "上帝的名字「雅威」，犹太人尊称为「上主」"
        },
        "8": {
            "sn": "04294",
            "brief": "杖、支派、分支"
        },
        "10": {
            "sn": "00853",
            "brief": "不必翻译"
        },
        "11": {
            "sn": "04325",
            "brief": "水"
        },
        "12": {
            "sn": "00834",
            "brief": "不必翻译"
        },
        "13": {
            "sn": "02975",
            "brief": "尼罗河、河流"
        },
        "14": {
            "sn": "05869",
            "brief": "眼睛"
        },
        "15": {
            "sn": "06547",
            "brief": "法老"
        },
        "16": {
            "sn": "05869",
            "brief": "眼睛"
        },
        "17": {
            "sn": "05650",
            "brief": "仆人、奴隶"
        },
        "7": {
            "sn": "07311",
            "brief": "高举、抬高"
        },
        "19": {
            "sn": "03605",
            "brief": "全部、整个、各"
        },
        "20": {
            "sn": "04325",
            "brief": "水"
        },
        "21": {
            "sn": "00834",
            "brief": "不必翻译"
        },
        "22": {
            "sn": "02975",
            "brief": "尼罗河、河流"
        },
        "23": {
            "sn": "01818",
            "brief": "血"
        },
        "5": {
            "sn": "06680",
            "brief": "Pi‘el 命令、吩咐"
        }
    },
    "6": {
        "literal": "&#8943;摩西八十岁，亚伦八十三岁。（&#8943;填入下行）当他们与法老说话的时候，",
        "0": {
            "sn": "04872",
            "brief": "摩西"
        },
        "1": {
            "sn": "01121",
            "brief": "儿子、孙子、后裔、成员"
        },
        "2": {
            "sn": "08084",
            "brief": "数目的「八十」"
        },
        "3": {
            "sn": "08141",
            "brief": "年"
        },
        "4": {
            "sn": "00175",
            "brief": "亚伦"
        },
        "5": {
            "sn": "01121",
            "brief": "儿子、孙子、后裔、成员"
        },
        "6": {
            "sn": "07969",
            "brief": "数目的「三」"
        },
        "7": {
            "sn": "08084",
            "brief": "数目的「八十」"
        },
        "8": {
            "sn": "08141",
            "brief": "年"
        },
        "10": {
            "sn": "00413",
            "brief": "向、往"
        },
        "9": {
            "sn": "01696",
            "brief": "Pi‘el 讲、说、指挥"
        },
        "11": {
            "sn": "06547",
            "brief": "法老"
        },
        "12": {
            "sn": "09015",
            "brief": "开的意思"
        }
    },
    "3": {
        "9": {
            "sn": "00853",
            "brief": "不必翻译"
        },
        "10": {
            "sn": "06635",
            "brief": "军队、战争、服役"
        },
        "11": {
            "sn": "00853",
            "brief": "不必翻译"
        },
        "12": {
            "sn": "05971",
            "brief": "国民、百姓"
        },
        "13": {
            "sn": "01121",
            "brief": "儿子、孙子、后裔、成员"
        },
        "14": {
            "sn": "03478",
            "brief": "以色列"
        },
        "15": {
            "sn": "00776",
            "brief": "地、邦国、疆界"
        },
        "16": {
            "sn": "04714",
            "brief": "埃及"
        },
        "8": {
            "sn": "03318",
            "brief": "Qal 出去；Hif‘il 带出"
        },
        "literal": "但法老必不听你们；我要伸手埃及，(处填入末行)将我的军队以色列民从埃及地领出来；重重的刑罚",
        "1": {
            "sn": "08085",
            "brief": "听到、听从"
        },
        "2": {
            "sn": "00413",
            "brief": "向、往"
        },
        "3": {
            "sn": "06547",
            "brief": "法老"
        },
        "4": {
            "sn": "05414",
            "brief": "安放、置、放、递出"
        },
        "5": {
            "sn": "00853",
            "brief": "不必翻译"
        },
        "6": {
            "sn": "03027",
            "brief": "手、边、力量、权势"
        },
        "7": {
            "sn": "04714",
            "brief": "埃及"
        },
        "17": {
            "sn": "08201",
            "brief": "审判"
        },
        "18": {
            "sn": "01419",
            "brief": "大的、伟大的"
        },
        "0": {
            "sn": "03808",
            "brief": "不"
        }
    },
    "4": {
        "literal": "…埃及人就会知道我是雅威。(…处填入下二行)当我伸我的手攻击埃及，将以色列人从他们中间领出来的时候，",
        "1": {
            "sn": "04714",
            "brief": "埃及、埃及人"
        },
        "2": {
            "sn": "03588",
            "brief": "因为、不必翻译"
        },
        "4": {
            "sn": "03068",
            "brief": "上帝的名字「雅威」，犹太人尊称为「上主」"
        },
        "6": {
            "sn": "00853",
            "brief": "不必翻译"
        },
        "14": {
            "sn": "08432",
            "brief": "在中间"
        },
        "0": {
            "sn": "03045",
            "brief": "Qal 知道、认识、辨别、经历，Hif‘il 使知道、宣告"
        },
        "10": {
            "sn": "03318",
            "brief": "Qal 出去；Hif‘il 带出"
        },
        "3": {
            "sn": "00589",
            "brief": "我"
        },
        "7": {
            "sn": "03027",
            "brief": "手、边、力量、权势"
        },
        "8": {
            "sn": "05921",
            "brief": "在…上面"
        },
        "9": {
            "sn": "04714",
            "brief": "埃及、埃及人"
        },
        "11": {
            "sn": "00853",
            "brief": "不必翻译"
        },
        "12": {
            "sn": "01121",
            "brief": "儿子、孙子、后裔、成员"
        },
        "13": {
            "sn": "03478",
            "brief": "以色列"
        },
        "5": {
            "sn": "05186",
            "brief": "Qal 伸出、铺张、伸展、延长，Hif‘il 屈枉、转弯、 丢一边"
        }
    },
    "5": {
        "6": {
            "sn": "00853",
            "brief": "不必翻译"
        },
        "literal": "摩西、亚伦这样行；照雅威吩咐他们的行。",
        "0": {
            "sn": "06213",
            "brief": "做"
        },
        "1": {
            "sn": "04872",
            "brief": "摩西"
        },
        "2": {
            "sn": "00175",
            "brief": "亚伦"
        },
        "4": {
            "sn": "06680",
            "brief": "Pi‘el 命令、吩咐"
        },
        "3": {
            "sn": "00834",
            "brief": "不必翻译"
        },
        "5": {
            "sn": "03068",
            "brief": "上帝的名字「雅威」，犹太人尊称为「上主」"
        },
        "7": {
            "sn": "03651",
            "brief": "副词：因此、如此、这样；形容词：对、真的、公平、诚实"
        },
        "8": {
            "sn": "06213",
            "brief": "做"
        }
    },
    "9": {
        "16": {
            "sn": "03942",
            "brief": "在…前面"
        },
        "18": {
            "sn": "01961",
            "brief": "是、成为、临到"
        },
        "19": {
            "sn": "08577",
            "brief": "海怪、毒蛇、龙"
        },
        "8": {
            "sn": "06680",
            "brief": "Pi‘el 命令、吩咐"
        },
        "literal": "摩西、亚伦进去见法老，就照雅威所吩咐的行。亚伦把杖丢在法老和臣仆面前，杖就变作蛇。",
        "0": {
            "sn": "00935",
            "brief": "来、进入、临到、发生"
        },
        "1": {
            "sn": "04872",
            "brief": "摩西"
        },
        "2": {
            "sn": "00175",
            "brief": "亚伦"
        },
        "3": {
            "sn": "00413",
            "brief": "向、往"
        },
        "4": {
            "sn": "06547",
            "brief": "法老"
        },
        "6": {
            "sn": "03651",
            "brief": "副词：因此、如此、这样；形容词：对、真的、公平、诚实"
        },
        "7": {
            "sn": "00834",
            "brief": "不必翻译"
        },
        "9": {
            "sn": "03068",
            "brief": "上帝的名字「雅威」，犹太人尊称为「上主」"
        },
        "11": {
            "sn": "00175",
            "brief": "亚伦"
        },
        "12": {
            "sn": "00853",
            "brief": "不必翻译"
        },
        "13": {
            "sn": "04294",
            "brief": "杖、支派、分支"
        },
        "14": {
            "sn": "03942",
            "brief": "在…前面"
        },
        "5": {
            "sn": "06213",
            "brief": "做"
        },
        "10": {
            "sn": "07993",
            "brief": "Hif‘il 抛弃、抛出、赶出、掷"
        },
        "15": {
            "sn": "06547",
            "brief": "法老"
        },
        "17": {
            "sn": "05650",
            "brief": "仆人、奴隶"
        }
    },
    "10": {
        "1": {
            "sn": "01571",
            "brief": "也"
        },
        "7": {
            "sn": "01992",
            "brief": "他们"
        },
        "4": {
            "sn": "03784",
            "brief": "行邪术"
        },
        "literal": "于是法老召了博士和术士来；他们是埃及行法术的，也用邪术照样而行。",
        "0": {
            "sn": "07121",
            "brief": "喊叫、召集、称呼、求告、朗读"
        },
        "2": {
            "sn": "06547",
            "brief": "法老"
        },
        "3": {
            "sn": "02450",
            "brief": "智慧的"
        },
        "5": {
            "sn": "06213",
            "brief": "做"
        },
        "6": {
            "sn": "01571",
            "brief": "也"
        },
        "8": {
            "sn": "02748",
            "brief": "占卜者、术士、观天象的人"
        },
        "9": {
            "sn": "04714",
            "brief": "埃及"
        },
        "10": {
            "sn": "03858",
            "brief": "火焰(用于指天使的剑)"
        },
        "11": {
            "sn": "03651",
            "brief": "副词：因此、如此、这样；形容词：对、真的、公平、诚实"
        }
    },
    "17": {
        "literal": "河里的鱼必死，河也要腥臭，埃及人就会厌恶喝这河里的水。",
        "0": {
            "sn": "01710",
            "brief": "鱼"
        },
        "1": {
            "sn": "00834",
            "brief": "不必翻译"
        },
        "2": {
            "sn": "02975",
            "brief": "尼罗河、河流"
        },
        "3": {
            "sn": "04191",
            "brief": "死、治死"
        },
        "4": {
            "sn": "00887",
            "brief": "有臭味"
        },
        "5": {
            "sn": "02975",
            "brief": "尼罗河、河流"
        },
        "6": {
            "sn": "03811",
            "brief": "疲倦、不耐烦"
        },
        "7": {
            "sn": "04714",
            "brief": "埃及、埃及人"
        },
        "8": {
            "sn": "08354",
            "brief": "喝"
        },
        "9": {
            "sn": "04325",
            "brief": "水"
        },
        "10": {
            "sn": "04480",
            "brief": "从"
        },
        "11": {
            "sn": "02975",
            "brief": "尼罗河、河流"
        },
        "12": {
            "sn": "09014",
            "brief": "关闭的意思"
        }
    },
    "20": {
        "11": {
            "sn": "04480",
            "brief": "从、出"
        },
        "6": {
            "sn": "03808",
            "brief": "不"
        },
        "literal": "河里的鱼死了，河也腥臭了，埃及人就不能喝这河里的水；埃及遍地都有了血。",
        "0": {
            "sn": "01710",
            "brief": "鱼"
        },
        "1": {
            "sn": "00834",
            "brief": "不必翻译"
        },
        "2": {
            "sn": "02975",
            "brief": "尼罗河、河流"
        },
        "3": {
            "sn": "04191",
            "brief": "死、治死"
        },
        "4": {
            "sn": "00887",
            "brief": "有臭味"
        },
        "5": {
            "sn": "02975",
            "brief": "尼罗河、河流"
        },
        "7": {
            "sn": "03201",
            "brief": "能够"
        },
        "8": {
            "sn": "04714",
            "brief": "埃及、埃及人"
        },
        "9": {
            "sn": "08354",
            "brief": "喝"
        },
        "10": {
            "sn": "04325",
            "brief": "水"
        },
        "12": {
            "sn": "02975",
            "brief": "尼罗河、河流"
        },
        "13": {
            "sn": "01961",
            "brief": "是、成为、临到"
        },
        "14": {
            "sn": "01818",
            "brief": "血"
        },
        "15": {
            "sn": "03605",
            "brief": "全部、整个、各"
        },
        "16": {
            "sn": "00776",
            "brief": "地、邦国、疆界"
        },
        "17": {
            "sn": "04714",
            "brief": "埃及"
        }
    },
    "14": {
        "literal": "明日早晨，你要到法老那里，看哪，他出来往水边去，你要往尼罗河边迎接他，你的手里要拿着那变过蛇的杖，",
        "0": {
            "sn": "01980",
            "brief": "行走、去、至死"
        },
        "1": {
            "sn": "00413",
            "brief": "对、向、往"
        },
        "2": {
            "sn": "06547",
            "brief": "法老"
        },
        "3": {
            "sn": "01242",
            "brief": "早晨"
        },
        "4": {
            "sn": "02009",
            "brief": "看哪"
        },
        "6": {
            "sn": "04325",
            "brief": "水"
        },
        "8": {
            "sn": "07125",
            "brief": "迎接、遇见、偶然相遇"
        },
        "9": {
            "sn": "05921",
            "brief": "在…上面"
        },
        "10": {
            "sn": "08193",
            "brief": "嘴唇、边缘、言语"
        },
        "11": {
            "sn": "02975",
            "brief": "尼罗河、河流"
        },
        "12": {
            "sn": "04294",
            "brief": "杖、支派、分支"
        },
        "13": {
            "sn": "00834",
            "brief": "不必翻译"
        },
        "14": {
            "sn": "02015",
            "brief": "推翻、倾覆、转变"
        },
        "15": {
            "sn": "05175",
            "brief": "蛇"
        },
        "16": {
            "sn": "03947",
            "brief": "拿、取"
        },
        "17": {
            "sn": "03027",
            "brief": "手、边、力量、权势"
        },
        "5": {
            "sn": "03318",
            "brief": "Qal 出去，Hif‘il 领出、从....带出来"
        },
        "7": {
            "sn": "05324",
            "brief": "Nif’al 起来、立起，Hif‘il 安置、安排"
        }
    },
    "8": {
        "0": {
            "sn": "03588",
            "brief": "因为、如果"
        },
        "2": {
            "sn": "00413",
            "brief": "向、往"
        },
        "3": {
            "sn": "06547",
            "brief": "法老"
        },
        "4": {
            "sn": "00559",
            "brief": "说"
        },
        "5": {
            "sn": "05414",
            "brief": "给、置、放"
        },
        "6": {
            "sn": "09001",
            "brief": "给、往、向、到、归属于"
        },
        "7": {
            "sn": "04159",
            "brief": "奇迹"
        },
        "8": {
            "sn": "00559",
            "brief": "说"
        },
        "9": {
            "sn": "00413",
            "brief": "向、往"
        },
        "10": {
            "sn": "00175",
            "brief": "亚伦"
        },
        "11": {
            "sn": "03947",
            "brief": "取、娶、拿"
        },
        "12": {
            "sn": "00853",
            "brief": "不必翻译"
        },
        "13": {
            "sn": "04294",
            "brief": "杖、支派、分支"
        },
        "15": {
            "sn": "03942",
            "brief": "在…前面"
        },
        "16": {
            "sn": "06547",
            "brief": "法老"
        },
        "17": {
            "sn": "01961",
            "brief": "是、成为、临到"
        },
        "18": {
            "sn": "08577",
            "brief": "海怪、毒蛇、龙"
        },
        "14": {
            "sn": "07993",
            "brief": "Hif‘il 抛弃、抛出、赶出、掷"
        },
        "1": {
            "sn": "01696",
            "brief": "Pi‘el 讲、说、指挥"
        },
        "literal": "法老若对你们说：你们行件奇事吧！你就对亚伦说：把你的杖丢在法老面前，使它变作蛇。"
    },
    "24": {
        "0": {
            "sn": "04390",
            "brief": "I 充满，II 完全"
        },
        "2": {
            "sn": "03117",
            "brief": "日子、时候"
        },
        "4": {
            "sn": "05221",
            "brief": "Hif‘il 击打、击杀"
        },
        "literal": "雅威击打河以后满了七天。",
        "1": {
            "sn": "07651",
            "brief": "数目的「七」"
        },
        "3": {
            "sn": "00310",
            "brief": "其次、后面、跟着"
        },
        "5": {
            "sn": "03068",
            "brief": "上帝的名字「雅威」，犹太人尊称为「上主」"
        },
        "6": {
            "sn": "00853",
            "brief": "不必翻译"
        },
        "7": {
            "sn": "02975",
            "brief": "尼罗河、河流"
        },
        "8": {
            "sn": "09015",
            "brief": "开的意思"
        }
    },
    "13": {
        "8": {
            "sn": "07971",
            "brief": "差遣、释放、送走、伸出、伸展"
        },
        "literal": "雅威对摩西说：「法老心里固执，不肯容百姓去。",
        "0": {
            "sn": "00559",
            "brief": "说"
        },
        "1": {
            "sn": "03068",
            "brief": "上帝的名字「雅威」，犹太人尊称为「上主」"
        },
        "2": {
            "sn": "00413",
            "brief": "对、向、往"
        },
        "3": {
            "sn": "04872",
            "brief": "摩西"
        },
        "4": {
            "sn": "03515",
            "brief": "大的、重的、多的"
        },
        "5": {
            "sn": "03820",
            "brief": "心"
        },
        "6": {
            "sn": "06547",
            "brief": "法老"
        },
        "9": {
            "sn": "05971",
            "brief": "百姓、国民"
        },
        "7": {
            "sn": "03985",
            "brief": "不听从、拒绝"
        }
    },
    "0": {
        "4": {
            "sn": "07200",
            "brief": "Qal 看见、看顾、察觉，Nif‘al 显现，Hif‘il 显明"
        },
        "literal": "雅威对摩西说：我使你在法老面前代替神，你的哥哥亚伦要成为你的发言人（先知）。",
        "0": {
            "sn": "00559",
            "brief": "说"
        },
        "1": {
            "sn": "03068",
            "brief": "上帝的名字「雅威」，犹太人尊称为「上主」"
        },
        "2": {
            "sn": "00413",
            "brief": "向、往"
        },
        "3": {
            "sn": "04872",
            "brief": "摩西"
        },
        "5": {
            "sn": "05414",
            "brief": "给"
        },
        "6": {
            "sn": "00430",
            "brief": "上帝、神、神明"
        },
        "7": {
            "sn": "06547",
            "brief": "法老"
        },
        "8": {
            "sn": "00175",
            "brief": "亚伦"
        },
        "9": {
            "sn": "00251",
            "brief": "兄弟"
        },
        "10": {
            "sn": "01961",
            "brief": "是、成为、临到"
        },
        "11": {
            "sn": "05030",
            "brief": "先知、发言人"
        }
    },
    "1": {
        "11": {
            "sn": "07971",
            "brief": "差遣、释放、送走、伸出、伸展"
        },
        "1": {
            "sn": "01696",
            "brief": "Pi‘el 讲、说、指挥"
        },
        "5": {
            "sn": "06680",
            "brief": "Pi‘el 命令、吩咐"
        },
        "8": {
            "sn": "01696",
            "brief": "Pi‘el 讲、说、指挥"
        },
        "literal": "凡我所吩咐你的，你都要说。你的哥哥亚伦要对法老说，容以色列人出他的地。",
        "0": {
            "sn": "00859",
            "brief": "你"
        },
        "2": {
            "sn": "00853",
            "brief": "不必翻译"
        },
        "3": {
            "sn": "03605",
            "brief": "全部、整个、各"
        },
        "4": {
            "sn": "00834",
            "brief": "不必翻译"
        },
        "6": {
            "sn": "00175",
            "brief": "亚伦"
        },
        "7": {
            "sn": "00251",
            "brief": "兄弟"
        },
        "9": {
            "sn": "00413",
            "brief": "向、往"
        },
        "10": {
            "sn": "06547",
            "brief": "法老"
        },
        "12": {
            "sn": "00853",
            "brief": "不必翻译"
        },
        "13": {
            "sn": "01121",
            "brief": "儿子、孙子、后裔、成员"
        },
        "14": {
            "sn": "03478",
            "brief": "以色列"
        },
        "15": {
            "sn": "00776",
            "brief": "地、邦国、疆界"
        }
    },
    "7": {
        "literal": "雅威晓谕摩西、亚伦说：",
        "0": {
            "sn": "00559",
            "brief": "说"
        },
        "1": {
            "sn": "03068",
            "brief": "上帝的名字「雅威」，犹太人尊称为「上主」"
        },
        "2": {
            "sn": "00413",
            "brief": "向、往"
        },
        "3": {
            "sn": "04872",
            "brief": "摩西"
        },
        "4": {
            "sn": "00413",
            "brief": "向、往"
        },
        "5": {
            "sn": "00175",
            "brief": "亚伦"
        },
        "6": {
            "sn": "00559",
            "brief": "说"
        }
    },
    "11": {
        "literal": "他们各人丢下自己的杖，杖就变作蛇；但亚伦的杖吞了他们的杖。",
        "1": {
            "sn": "00376",
            "brief": "各人、人、男人、丈夫"
        },
        "2": {
            "sn": "04294",
            "brief": "杖、支派、分支"
        },
        "3": {
            "sn": "01961",
            "brief": "是、成为、临到"
        },
        "4": {
            "sn": "08577",
            "brief": "海怪、毒蛇、龙"
        },
        "5": {
            "sn": "01104",
            "brief": "吞吃"
        },
        "6": {
            "sn": "04294",
            "brief": "杖、支派、分支"
        },
        "7": {
            "sn": "00175",
            "brief": "亚伦"
        },
        "8": {
            "sn": "00853",
            "brief": "不必翻译"
        },
        "9": {
            "sn": "04294",
            "brief": "杖、支派、分支"
        },
        "0": {
            "sn": "07993",
            "brief": "Hif‘il 抛弃、抛出、赶出、掷"
        }
    },
    "18": {
        "9": {
            "sn": "05186",
            "brief": "Qal 伸出、铺张、伸展、延长，Hif‘il 屈枉、转弯、 丢一边"
        },
        "literal": "雅威对摩西说：「你要对亚伦说：『拿你的杖，伸你的手在埃及所有的水以上，在他们的江上、在他们的河上、在他们的池塘上、在他们所有水聚集的地方上面，叫它们都变作血。在埃及遍地，无论是在木器中，在石器中，都必有血。』」",
        "0": {
            "sn": "00559",
            "brief": "说"
        },
        "1": {
            "sn": "03068",
            "brief": "上帝的名字「雅威」，犹太人尊称为「上主」"
        },
        "2": {
            "sn": "00413",
            "brief": "对、向、往"
        },
        "3": {
            "sn": "04872",
            "brief": "摩西"
        },
        "4": {
            "sn": "00559",
            "brief": "说"
        },
        "5": {
            "sn": "00413",
            "brief": "对、向、往"
        },
        "6": {
            "sn": "00175",
            "brief": "亚伦"
        },
        "7": {
            "sn": "03947",
            "brief": "拿、取"
        },
        "8": {
            "sn": "04294",
            "brief": "杖、支派、分支"
        },
        "10": {
            "sn": "03027",
            "brief": "手、边、力量、权势"
        },
        "11": {
            "sn": "05921",
            "brief": "在…上面"
        },
        "12": {
            "sn": "04325",
            "brief": "水"
        },
        "13": {
            "sn": "04714",
            "brief": "埃及"
        },
        "14": {
            "sn": "05921",
            "brief": "在…上面"
        },
        "15": {
            "sn": "05104",
            "brief": "河流"
        },
        "16": {
            "sn": "05921",
            "brief": "在…上面"
        },
        "17": {
            "sn": "02975",
            "brief": "尼罗河、河流"
        },
        "18": {
            "sn": "05921",
            "brief": "在…上面"
        },
        "19": {
            "sn": "00098",
            "brief": "池塘、水池、芦苇"
        },
        "20": {
            "sn": "05921",
            "brief": "在…上面"
        },
        "21": {
            "sn": "03605",
            "brief": "全部、整个、各"
        },
        "22": {
            "sn": "04723",
            "brief": "I. 盼望；II. 聚集"
        },
        "23": {
            "sn": "04325",
            "brief": "水"
        },
        "24": {
            "sn": "01961",
            "brief": "是、成为、临到"
        },
        "25": {
            "sn": "01818",
            "brief": "血"
        },
        "26": {
            "sn": "01961",
            "brief": "是、成为、临到"
        },
        "27": {
            "sn": "01818",
            "brief": "血"
        },
        "28": {
            "sn": "03605",
            "brief": "全部、整个、各"
        },
        "29": {
            "sn": "00776",
            "brief": "地、邦国、疆界"
        },
        "30": {
            "sn": "04714",
            "brief": "埃及"
        },
        "31": {
            "sn": "06086",
            "brief": "木头、树"
        },
        "32": {
            "sn": "00068",
            "brief": "石头、法码、宝石"
        }
    },
    "23": {
        "literal": "埃及人都在河的周围开挖，要得水喝，因为他们不能喝这河里的水。",
        "0": {
            "sn": "02658",
            "brief": "挖"
        },
        "1": {
            "sn": "03605",
            "brief": "全部、整个、各"
        },
        "2": {
            "sn": "04714",
            "brief": "埃及、埃及人"
        },
        "3": {
            "sn": "05439",
            "brief": "四围、环绕"
        },
        "4": {
            "sn": "02975",
            "brief": "尼罗河、河流"
        },
        "5": {
            "sn": "04325",
            "brief": "水"
        },
        "6": {
            "sn": "08354",
            "brief": "喝"
        },
        "7": {
            "sn": "03588",
            "brief": "因为、不必翻译"
        },
        "9": {
            "sn": "03201",
            "brief": "能够"
        },
        "10": {
            "sn": "08354",
            "brief": "喝"
        },
        "11": {
            "sn": "04325",
            "brief": "水"
        },
        "12": {
            "sn": "02975",
            "brief": "尼罗河、河流"
        },
        "8": {
            "sn": "03808",
            "brief": "不"
        }
    },
    "15": {
        "literal": "对他说：雅威―希伯来人的上帝打发我来见你，说：容我的百姓去，好让他们在旷野事奉我。看哪，到如今你还是不听。",
        "0": {
            "sn": "00559",
            "brief": "说"
        },
        "1": {
            "sn": "00413",
            "brief": "对、向、往"
        },
        "2": {
            "sn": "03068",
            "brief": "上帝的名字「雅威」，犹太人尊称为「上主」"
        },
        "3": {
            "sn": "00430",
            "brief": "上帝、神、神明"
        },
        "4": {
            "sn": "05680",
            "brief": "希伯来人"
        },
        "5": {
            "sn": "07971",
            "brief": "差遣、释放、送走、伸出、伸展"
        },
        "6": {
            "sn": "00413",
            "brief": "对、向、往"
        },
        "7": {
            "sn": "00559",
            "brief": "说"
        },
        "9": {
            "sn": "00853",
            "brief": "不必翻译"
        },
        "10": {
            "sn": "05971",
            "brief": "百姓、国民"
        },
        "11": {
            "sn": "05647",
            "brief": "工作、服事"
        },
        "12": {
            "sn": "04057",
            "brief": "旷野"
        },
        "13": {
            "sn": "02009",
            "brief": "看哪"
        },
        "8": {
            "sn": "07971",
            "brief": "差遣、释放、送走、伸出、伸展"
        },
        "15": {
            "sn": "08085",
            "brief": "听到、听从"
        },
        "16": {
            "sn": "05704",
            "brief": "直到、甚至"
        },
        "17": {
            "sn": "03541",
            "brief": "如此、这样"
        },
        "14": {
            "sn": "03808",
            "brief": "不"
        }
    },
    "2": {
        "5": {
            "sn": "07235",
            "brief": "变多、多"
        },
        "literal": "我要使法老的心刚硬，也要在埃及地多行神迹奇事。",
        "0": {
            "sn": "00589",
            "brief": "我"
        },
        "1": {
            "sn": "07185",
            "brief": "艰难、艰苦、使固执"
        },
        "2": {
            "sn": "00853",
            "brief": "不必翻译"
        },
        "3": {
            "sn": "03820",
            "brief": "心"
        },
        "4": {
            "sn": "06547",
            "brief": "法老"
        },
        "6": {
            "sn": "00853",
            "brief": "不必翻译"
        },
        "7": {
            "sn": "00226",
            "brief": "记号"
        },
        "8": {
            "sn": "00853",
            "brief": "不必翻译"
        },
        "9": {
            "sn": "04159",
            "brief": "奇迹"
        },
        "10": {
            "sn": "00776",
            "brief": "地、邦国、疆界"
        },
        "11": {
            "sn": "04714",
            "brief": "埃及"
        }
    }
}