{
    "5": {
        "5": {
            "sn": "04283",
            "brief": "翌日"
        },
        "0": {
            "sn": "06213",
            "brief": "做"
        },
        "1": {
            "sn": "03068",
            "brief": "上帝的名字「雅威」，犹太人尊称为「上主」"
        },
        "2": {
            "sn": "00853",
            "brief": "不必翻译"
        },
        "3": {
            "sn": "01697",
            "brief": "话语、事情"
        },
        "4": {
            "sn": "02088",
            "brief": "这个"
        },
        "literal": "第二天，雅威就行这事。埃及的牲畜几乎都死了，只是以色列人的牲畜，一只都没有死。",
        "6": {
            "sn": "04191",
            "brief": "死"
        },
        "7": {
            "sn": "03605",
            "brief": "全部、整个、各"
        },
        "8": {
            "sn": "04735",
            "brief": "牲畜"
        },
        "9": {
            "sn": "04714",
            "brief": "埃及"
        },
        "10": {
            "sn": "04735",
            "brief": "牲畜"
        },
        "11": {
            "sn": "01121",
            "brief": "儿子、孙子、后裔、成员"
        },
        "12": {
            "sn": "03478",
            "brief": "以色列"
        },
        "14": {
            "sn": "04191",
            "brief": "死"
        },
        "15": {
            "sn": "00259",
            "brief": "数目的「一」"
        },
        "13": {
            "sn": "03808",
            "brief": "不"
        }
    },
    "27": {
        "literal": "…请你们恳求雅威，(…处填入下行)这大雷声和冰雹已经够了。我就容你们去，不再留住(你们)。」",
        "1": {
            "sn": "00413",
            "brief": "向、往"
        },
        "2": {
            "sn": "03068",
            "brief": "上帝的名字「雅威」，犹太人尊称为「上主」"
        },
        "3": {
            "sn": "07227",
            "brief": "I. 形容词：大量的、许多的、充足的，II. 名词：统帅、首领。"
        },
        "4": {
            "sn": "01961",
            "brief": "是，成为，临到"
        },
        "5": {
            "sn": "06963",
            "brief": "声音"
        },
        "6": {
            "sn": "00430",
            "brief": "上帝、神、神明"
        },
        "7": {
            "sn": "01259",
            "brief": "冰雹"
        },
        "9": {
            "sn": "00853",
            "brief": "不必翻译"
        },
        "10": {
            "sn": "03808",
            "brief": "不"
        },
        "11": {
            "sn": "03254",
            "brief": "再一次、增添"
        },
        "0": {
            "sn": "06279",
            "brief": "Qal 祈求、恳求，Nif‘al 接受恳求，Hif‘il 使祈求"
        },
        "12": {
            "sn": "05975",
            "brief": "Qal 站立、侍立、停留，Hif‘il 设立、使坚定"
        },
        "8": {
            "sn": "07971",
            "brief": "差遣、释放、送走、伸出、伸展"
        }
    },
    "1": {
        "7": {
            "sn": "09002",
            "brief": "在、用、藉着、与、敌对"
        },
        "literal": "你若不肯松手，仍继续强留他们，",
        "0": {
            "sn": "03588",
            "brief": "因为、不必翻译"
        },
        "1": {
            "sn": "00518",
            "brief": "如果"
        },
        "2": {
            "sn": "03986",
            "brief": "拒绝、不愿遵守"
        },
        "3": {
            "sn": "00859",
            "brief": "你"
        },
        "4": {
            "sn": "07971",
            "brief": "差遣、释放、送走、伸出、伸展"
        },
        "6": {
            "sn": "02388",
            "brief": "加强、支持、抓住、系紧、强壮、勇敢"
        },
        "5": {
            "sn": "05750",
            "brief": "再、仍然、持续"
        }
    },
    "32": {
        "5": {
            "sn": "05892",
            "brief": "城邑、城镇"
        },
        "15": {
            "sn": "05413",
            "brief": "倾倒"
        },
        "10": {
            "sn": "02308",
            "brief": "停止"
        },
        "literal": "摩西离了法老出城，向雅威开他的双手；雷轰和冰雹就止住，雨也不再往地上倾泻了。",
        "0": {
            "sn": "03318",
            "brief": "出去"
        },
        "1": {
            "sn": "04872",
            "brief": "摩西"
        },
        "2": {
            "sn": "05973",
            "brief": "跟，和"
        },
        "3": {
            "sn": "06547",
            "brief": "法老"
        },
        "4": {
            "sn": "00853",
            "brief": "不必翻译"
        },
        "6": {
            "sn": "06566",
            "brief": "撒开、铺在...上面"
        },
        "7": {
            "sn": "03709",
            "brief": "手掌、柄、把手"
        },
        "8": {
            "sn": "00413",
            "brief": "向、往"
        },
        "9": {
            "sn": "03068",
            "brief": "上帝的名字「雅威」，犹太人尊称为「上主」"
        },
        "11": {
            "sn": "06963",
            "brief": "声音"
        },
        "12": {
            "sn": "01259",
            "brief": "冰雹"
        },
        "13": {
            "sn": "04306",
            "brief": "雨"
        },
        "16": {
            "sn": "00776",
            "brief": "地、邦国、疆界"
        },
        "14": {
            "sn": "03808",
            "brief": "不"
        }
    },
    "6": {
        "12": {
            "sn": "03808",
            "brief": "不"
        },
        "13": {
            "sn": "07971",
            "brief": "差遣、释放、送走、伸出、伸展"
        },
        "literal": "法老打发人去，看哪，以色列人的牲畜连一只都没有死。法老的心却是固执，不容百姓去。",
        "0": {
            "sn": "07971",
            "brief": "差遣、释放、送走、伸出、伸展"
        },
        "1": {
            "sn": "06547",
            "brief": "法老"
        },
        "2": {
            "sn": "02009",
            "brief": "看哪"
        },
        "4": {
            "sn": "04191",
            "brief": "死"
        },
        "5": {
            "sn": "04735",
            "brief": "牲畜"
        },
        "6": {
            "sn": "03478",
            "brief": "以色列"
        },
        "7": {
            "sn": "05704",
            "brief": "直到、甚至"
        },
        "8": {
            "sn": "00259",
            "brief": "数目的「一」"
        },
        "10": {
            "sn": "03820",
            "brief": "心"
        },
        "11": {
            "sn": "06547",
            "brief": "法老"
        },
        "9": {
            "sn": "03513",
            "brief": "Qal 是重的，Nif‘al 受尊重、得荣耀，Pi‘el 荣耀、加重、使迟钝，Hif‘il 加重"
        },
        "14": {
            "sn": "00853",
            "brief": "不必翻译"
        },
        "15": {
            "sn": "05971",
            "brief": "国家、百姓"
        },
        "16": {
            "sn": "09015",
            "brief": "开的意思"
        },
        "3": {
            "sn": "03808",
            "brief": "不"
        }
    },
    "23": {
        "9": {
            "sn": "03808",
            "brief": "不"
        },
        "literal": "那时有冰雹，又有火闪烁在冰雹中，非常厉害，埃及遍地…没有像这样的。(…处填入下行)自从她成国以来，",
        "0": {
            "sn": "01961",
            "brief": "是，成为，临到"
        },
        "1": {
            "sn": "01259",
            "brief": "冰雹"
        },
        "2": {
            "sn": "00784",
            "brief": "火"
        },
        "4": {
            "sn": "08432",
            "brief": "在中间"
        },
        "5": {
            "sn": "01259",
            "brief": "冰雹"
        },
        "6": {
            "sn": "03515",
            "brief": "大的、重的、多的"
        },
        "7": {
            "sn": "03966",
            "brief": "极其、非常"
        },
        "8": {
            "sn": "00834",
            "brief": "不必翻译"
        },
        "10": {
            "sn": "01961",
            "brief": "是，成为，临到"
        },
        "11": {
            "sn": "03644",
            "brief": "像"
        },
        "12": {
            "sn": "03605",
            "brief": "全部、整个、各"
        },
        "3": {
            "sn": "03947",
            "brief": "Qal 拿、取，Hitpa‘el 闪烁"
        },
        "13": {
            "sn": "00776",
            "brief": "地、邦国、疆界"
        },
        "14": {
            "sn": "04714",
            "brief": "埃及"
        },
        "15": {
            "sn": "00227",
            "brief": "那时、那么"
        },
        "16": {
            "sn": "01961",
            "brief": "是，成为，临到"
        },
        "17": {
            "sn": "01471",
            "brief": "国家、人民"
        }
    },
    "25": {
        "7": {
            "sn": "03808",
            "brief": "不"
        },
        "literal": "惟独以色列人所住在那里的歌珊地没有冰雹。",
        "0": {
            "sn": "07535",
            "brief": "只是"
        },
        "1": {
            "sn": "00776",
            "brief": "地、邦国、疆界"
        },
        "2": {
            "sn": "01657",
            "brief": "歌珊"
        },
        "3": {
            "sn": "00834",
            "brief": "不必翻译"
        },
        "4": {
            "sn": "08033",
            "brief": "那里"
        },
        "5": {
            "sn": "01121",
            "brief": "成员、儿子、孙子、后裔"
        },
        "6": {
            "sn": "03478",
            "brief": "以色列"
        },
        "8": {
            "sn": "01961",
            "brief": "是，成为，临到"
        },
        "9": {
            "sn": "01259",
            "brief": "冰雹"
        }
    },
    "31": {
        "2": {
            "sn": "03808",
            "brief": "不"
        },
        "literal": "只是小麦和粗麦没有被摧毁，因为它们(原文用阴性)晚熟。）",
        "0": {
            "sn": "02406",
            "brief": "麦"
        },
        "1": {
            "sn": "03698",
            "brief": "粗麦"
        },
        "4": {
            "sn": "03588",
            "brief": "因为、不必翻译"
        },
        "5": {
            "sn": "00648",
            "brief": "晚熟"
        },
        "6": {
            "sn": "02007",
            "brief": "她们"
        },
        "3": {
            "sn": "05221",
            "brief": "Hif‘il 击打、击杀"
        }
    },
    "34": {
        "3": {
            "sn": "03808",
            "brief": "不"
        },
        "literal": "法老的心刚硬，不容以色列人去，正如雅威藉着摩西所说的。",
        "0": {
            "sn": "02388",
            "brief": "加强、支持、抓住、系紧、强壮、勇敢"
        },
        "1": {
            "sn": "03820",
            "brief": "心"
        },
        "2": {
            "sn": "06547",
            "brief": "法老"
        },
        "4": {
            "sn": "07971",
            "brief": "差遣、释放、送走、伸出、伸展"
        },
        "5": {
            "sn": "00853",
            "brief": "不必翻译"
        },
        "6": {
            "sn": "01121",
            "brief": "成员、儿子、孙子、后裔"
        },
        "7": {
            "sn": "03478",
            "brief": "以色列"
        },
        "8": {
            "sn": "00834",
            "brief": "不必翻译"
        },
        "10": {
            "sn": "03068",
            "brief": "上帝的名字「雅威」，犹太人尊称为「上主」"
        },
        "11": {
            "sn": "03027",
            "brief": "手、边、力量、权势"
        },
        "12": {
            "sn": "04872",
            "brief": "摩西"
        },
        "13": {
            "sn": "09015",
            "brief": "开的意思"
        },
        "9": {
            "sn": "01696",
            "brief": "Pi‘el 讲、说、指挥"
        }
    },
    "18": {
        "14": {
            "sn": "04672",
            "brief": "寻找、追上、获得、发现"
        },
        "13": {
            "sn": "00834",
            "brief": "不必翻译"
        },
        "5": {
            "sn": "00853",
            "brief": "不必翻译"
        },
        "literal": "现在你要打发人把你的牲畜…催进来避难；(…处填入下行)和你田间一切所有的凡…无论是人是牲畜，(…处填入下行)在田间不收回家的，冰雹必降在他们身上，他们就必死。",
        "0": {
            "sn": "06258",
            "brief": "现在"
        },
        "1": {
            "sn": "07971",
            "brief": "差遣、释放、送走、伸出、伸展"
        },
        "3": {
            "sn": "00853",
            "brief": "不必翻译"
        },
        "4": {
            "sn": "04735",
            "brief": "牲畜"
        },
        "2": {
            "sn": "05756",
            "brief": "逃遁、避难"
        },
        "6": {
            "sn": "03605",
            "brief": "全部、整个、各"
        },
        "7": {
            "sn": "00834",
            "brief": "不必翻译"
        },
        "8": {
            "sn": "09001",
            "brief": "给、往、向、到、归属于"
        },
        "9": {
            "sn": "07704",
            "brief": "田地"
        },
        "10": {
            "sn": "03605",
            "brief": "全部、整个、各"
        },
        "11": {
            "sn": "00120",
            "brief": "人"
        },
        "12": {
            "sn": "00929",
            "brief": "牲畜"
        },
        "15": {
            "sn": "07704",
            "brief": "田地"
        },
        "17": {
            "sn": "00622",
            "brief": "聚集、除去、收回、消灭"
        },
        "18": {
            "sn": "01004",
            "brief": "家、房子、殿"
        },
        "19": {
            "sn": "03381",
            "brief": "临到、下去"
        },
        "20": {
            "sn": "05921",
            "brief": "在…上面"
        },
        "21": {
            "sn": "01259",
            "brief": "冰雹"
        },
        "22": {
            "sn": "04191",
            "brief": "死"
        },
        "16": {
            "sn": "03808",
            "brief": "不"
        }
    },
    "14": {
        "10": {
            "sn": "03582",
            "brief": "隐瞒、隐藏、剪除、灭亡"
        },
        "literal": "现在，我若伸出我的手，用瘟疫攻击你和你的百姓，你就会从地上被除灭。",
        "0": {
            "sn": "03588",
            "brief": "因为、不必翻译"
        },
        "1": {
            "sn": "06258",
            "brief": "现在"
        },
        "2": {
            "sn": "07971",
            "brief": "差遣、释放、送走、伸出、伸展"
        },
        "3": {
            "sn": "00853",
            "brief": "不必翻译"
        },
        "4": {
            "sn": "03027",
            "brief": "手、边、力量、权势"
        },
        "6": {
            "sn": "00853",
            "brief": "不必翻译"
        },
        "7": {
            "sn": "00853",
            "brief": "不必翻译"
        },
        "8": {
            "sn": "05971",
            "brief": "国家、百姓"
        },
        "9": {
            "sn": "01698",
            "brief": "灾害、瘟疫"
        },
        "5": {
            "sn": "05221",
            "brief": "Hif‘il 击打、击杀"
        },
        "11": {
            "sn": "04480",
            "brief": "从、离开"
        },
        "12": {
            "sn": "00776",
            "brief": "地、邦国、疆界"
        }
    },
    "15": {
        "0": {
            "sn": "00199",
            "brief": "但是"
        },
        "1": {
            "sn": "05668",
            "brief": "为了"
        },
        "2": {
            "sn": "02063",
            "brief": "这个"
        },
        "4": {
            "sn": "05668",
            "brief": "为了"
        },
        "6": {
            "sn": "00853",
            "brief": "不必翻译"
        },
        "7": {
            "sn": "03581",
            "brief": "力量、财富"
        },
        "8": {
            "sn": "04616",
            "brief": "为了"
        },
        "10": {
            "sn": "08034",
            "brief": "名字"
        },
        "11": {
            "sn": "03605",
            "brief": "全部、整个、各"
        },
        "12": {
            "sn": "00776",
            "brief": "地、邦国、疆界"
        },
        "3": {
            "sn": "05975",
            "brief": "Qal 站立、侍立、停留，Hif‘il 设立、使坚定"
        },
        "9": {
            "sn": "05608",
            "brief": "1. 动词：述说、计算；2. 名词：文士、书记"
        },
        "5": {
            "sn": "07200",
            "brief": "Qal 看见、看顾、察觉，Nif‘al 显现，Hif‘il 显明"
        },
        "literal": "但是为了这个的缘故我叫你存立，为使你看见我的大能，好让我的名传遍全地。"
    },
    "19": {
        "literal": "法老的臣仆中，惧怕雅威这话的，便叫他的奴仆和他的牲畜逃进屋子里。",
        "1": {
            "sn": "00853",
            "brief": "不必翻译"
        },
        "2": {
            "sn": "01697",
            "brief": "话语、事情"
        },
        "3": {
            "sn": "03068",
            "brief": "上帝的名字「雅威」，犹太人尊称为「上主」"
        },
        "4": {
            "sn": "05650",
            "brief": "仆人、奴隶"
        },
        "5": {
            "sn": "06547",
            "brief": "法老"
        },
        "0": {
            "sn": "03372",
            "brief": "Qal 害怕，Nif‘al 令人畏惧"
        },
        "6": {
            "sn": "05127",
            "brief": "逃奔、逃走"
        },
        "7": {
            "sn": "00853",
            "brief": "不必翻译"
        },
        "8": {
            "sn": "05650",
            "brief": "仆人、奴隶"
        },
        "9": {
            "sn": "00853",
            "brief": "不必翻译"
        },
        "10": {
            "sn": "04735",
            "brief": "牲畜"
        },
        "11": {
            "sn": "00413",
            "brief": "对、向、往"
        },
        "12": {
            "sn": "01004",
            "brief": "家、房子、殿"
        }
    },
    "33": {
        "literal": "法老见雨和雹与雷止住，就再犯罪；他和他的臣仆们都使自己的心刚硬。",
        "7": {
            "sn": "03254",
            "brief": "再一次、增添"
        },
        "0": {
            "sn": "07200",
            "brief": "Qal 看见、看顾、察觉，Nif‘al 显现，Hif‘il 显明"
        },
        "1": {
            "sn": "06547",
            "brief": "法老"
        },
        "2": {
            "sn": "03588",
            "brief": "因为、不必翻译"
        },
        "3": {
            "sn": "02308",
            "brief": "停止"
        },
        "4": {
            "sn": "04306",
            "brief": "雨"
        },
        "5": {
            "sn": "01259",
            "brief": "冰雹"
        },
        "6": {
            "sn": "06963",
            "brief": "声音"
        },
        "8": {
            "sn": "02398",
            "brief": "Qal 犯罪；Pi‘el 献赎罪祭、得洁净；Hif‘il 导致犯罪；Hitpa‘el 迷失、洁净自己"
        },
        "9": {
            "sn": "03513",
            "brief": "Qal 是重的，Nif‘al 受尊重、得荣耀，Pi‘el 荣耀、加重、使迟钝，Hif‘il 加重"
        },
        "10": {
            "sn": "03820",
            "brief": "心"
        },
        "11": {
            "sn": "01931",
            "brief": "她"
        },
        "12": {
            "sn": "05650",
            "brief": "仆人、奴隶"
        }
    },
    "2": {
        "0": {
            "sn": "02009",
            "brief": "看哪"
        },
        "literal": "看哪，雅威的手要在你田间的牲畜上，就是在马、驴、骆驼、牛群、羊群上，(必有)极重的瘟疫。",
        "1": {
            "sn": "03027",
            "brief": "手、边、力量、权势"
        },
        "2": {
            "sn": "03068",
            "brief": "上帝的名字「雅威」，犹太人尊称为「上主」"
        },
        "3": {
            "sn": "01961",
            "brief": "是、成为、临到"
        },
        "4": {
            "sn": "04735",
            "brief": "牲畜"
        },
        "5": {
            "sn": "00834",
            "brief": "不必翻译"
        },
        "6": {
            "sn": "07704",
            "brief": "田地"
        },
        "7": {
            "sn": "05483",
            "brief": "马"
        },
        "8": {
            "sn": "02543",
            "brief": "驴"
        },
        "9": {
            "sn": "01581",
            "brief": "骆驼"
        },
        "10": {
            "sn": "01241",
            "brief": "牛"
        },
        "11": {
            "sn": "06629",
            "brief": "羊"
        },
        "12": {
            "sn": "01698",
            "brief": "灾害、瘟疫"
        },
        "13": {
            "sn": "03515",
            "brief": "大的、重的、多的"
        },
        "14": {
            "sn": "03966",
            "brief": "极其、非常"
        }
    },
    "11": {
        "5": {
            "sn": "03808",
            "brief": "不"
        },
        "literal": "雅威使法老的心刚硬，不听他们，正如雅威对摩西所说的。",
        "1": {
            "sn": "03068",
            "brief": "上帝的名字「雅威」，犹太人尊称为「上主」"
        },
        "2": {
            "sn": "00853",
            "brief": "不必翻译"
        },
        "3": {
            "sn": "03820",
            "brief": "心"
        },
        "4": {
            "sn": "06547",
            "brief": "法老"
        },
        "13": {
            "sn": "09014",
            "brief": "关闭的意思"
        },
        "6": {
            "sn": "08085",
            "brief": "Qal 听、听从，Hif‘il 说明、使…听"
        },
        "0": {
            "sn": "02388",
            "brief": "加强、支持、抓住、系紧、强壮、勇敢"
        },
        "7": {
            "sn": "00413",
            "brief": "对、向、往"
        },
        "8": {
            "sn": "00834",
            "brief": "不必翻译"
        },
        "10": {
            "sn": "03068",
            "brief": "上帝的名字「雅威」，犹太人尊称为「上主」"
        },
        "11": {
            "sn": "00413",
            "brief": "对、向、往"
        },
        "12": {
            "sn": "04872",
            "brief": "摩西"
        },
        "9": {
            "sn": "01696",
            "brief": "Pi‘el 讲、说、指挥"
        }
    },
    "4": {
        "literal": "雅威就定了时候，说：「明天雅威必在此地行这事。」",
        "0": {
            "sn": "07760",
            "brief": "置、放"
        },
        "1": {
            "sn": "03068",
            "brief": "上帝的名字「雅威」，犹太人尊称为「上主」"
        },
        "2": {
            "sn": "04150",
            "brief": "指定的节期、指定的聚会"
        },
        "3": {
            "sn": "00559",
            "brief": "说"
        },
        "4": {
            "sn": "04279",
            "brief": "明天、未来"
        },
        "5": {
            "sn": "06213",
            "brief": "做"
        },
        "6": {
            "sn": "03068",
            "brief": "上帝的名字「雅威」，犹太人尊称为「上主」"
        },
        "7": {
            "sn": "01697",
            "brief": "话语、事情"
        },
        "8": {
            "sn": "02088",
            "brief": "这个"
        },
        "9": {
            "sn": "00776",
            "brief": "地、邦国、疆界"
        }
    },
    "7": {
        "literal": "雅威对摩西、亚伦说：「你们要取炉灰装满你们的手心，摩西要在法老眼前把它向天扬起来。",
        "0": {
            "sn": "00559",
            "brief": "说"
        },
        "1": {
            "sn": "03068",
            "brief": "上帝的名字「雅威」，犹太人尊称为「上主」"
        },
        "2": {
            "sn": "00413",
            "brief": "对、向、往"
        },
        "3": {
            "sn": "04872",
            "brief": "摩西"
        },
        "4": {
            "sn": "00413",
            "brief": "对、向、往"
        },
        "5": {
            "sn": "00175",
            "brief": "亚伦"
        },
        "6": {
            "sn": "03947",
            "brief": "取、带走"
        },
        "7": {
            "sn": "09001",
            "brief": "给、往、向、到、归属于"
        },
        "8": {
            "sn": "04393",
            "brief": "很多、充满"
        },
        "9": {
            "sn": "02651",
            "brief": "一把、手心"
        },
        "10": {
            "sn": "06368",
            "brief": "煤灰、灰烬"
        },
        "11": {
            "sn": "03536",
            "brief": "火炉、烧窑"
        },
        "12": {
            "sn": "02236",
            "brief": "撒、播种、分散"
        },
        "13": {
            "sn": "04872",
            "brief": "摩西"
        },
        "14": {
            "sn": "08064",
            "brief": "天"
        },
        "15": {
            "sn": "05869",
            "brief": "眼睛"
        },
        "16": {
            "sn": "06547",
            "brief": "法老"
        }
    },
    "22": {
        "literal": "摩西向天伸出他的杖，雅威就降下雷声和冰雹，有火下到地上；雅威降冰雹在埃及地上。",
        "13": {
            "sn": "04305",
            "brief": "下雨"
        },
        "1": {
            "sn": "04872",
            "brief": "摩西"
        },
        "2": {
            "sn": "00853",
            "brief": "不必翻译"
        },
        "3": {
            "sn": "04294",
            "brief": "杖、支派、分支"
        },
        "4": {
            "sn": "05921",
            "brief": "在…上面"
        },
        "5": {
            "sn": "08064",
            "brief": "天"
        },
        "6": {
            "sn": "03068",
            "brief": "上帝的名字「雅威」，犹太人尊称为「上主」"
        },
        "7": {
            "sn": "05414",
            "brief": "赐、给"
        },
        "8": {
            "sn": "06963",
            "brief": "声音"
        },
        "9": {
            "sn": "01259",
            "brief": "冰雹"
        },
        "10": {
            "sn": "01980",
            "brief": "走、去"
        },
        "11": {
            "sn": "00784",
            "brief": "火"
        },
        "12": {
            "sn": "00776",
            "brief": "地、邦国、疆界"
        },
        "14": {
            "sn": "03068",
            "brief": "上帝的名字「雅威」，犹太人尊称为「上主」"
        },
        "15": {
            "sn": "01259",
            "brief": "冰雹"
        },
        "16": {
            "sn": "05921",
            "brief": "在…上面"
        },
        "17": {
            "sn": "00776",
            "brief": "地、邦国、疆界"
        },
        "18": {
            "sn": "04714",
            "brief": "埃及"
        },
        "0": {
            "sn": "05186",
            "brief": "Qal 伸出、铺张、伸展、延长，Hif‘il 屈枉、转弯、 丢一边"
        }
    },
    "0": {
        "14": {
            "sn": "07971",
            "brief": "差遣、释放、送走、伸出、伸展"
        },
        "literal": "雅威吩咐摩西说：「你要进去见法老，对他说：『雅威―希伯来人的上帝这样说：容我的百姓去，好让他们事奉我。",
        "0": {
            "sn": "00559",
            "brief": "说"
        },
        "1": {
            "sn": "03068",
            "brief": "上帝的名字「雅威」，犹太人尊称为「上主」"
        },
        "2": {
            "sn": "00413",
            "brief": "向、往"
        },
        "3": {
            "sn": "04872",
            "brief": "摩西"
        },
        "4": {
            "sn": "00935",
            "brief": "来、进入、临到、发生"
        },
        "5": {
            "sn": "00413",
            "brief": "向、往"
        },
        "6": {
            "sn": "06547",
            "brief": "法老"
        },
        "8": {
            "sn": "00413",
            "brief": "向、往"
        },
        "9": {
            "sn": "03541",
            "brief": "如此、这样"
        },
        "10": {
            "sn": "00559",
            "brief": "说"
        },
        "11": {
            "sn": "03068",
            "brief": "上帝的名字「雅威」，犹太人尊称为「上主」"
        },
        "12": {
            "sn": "00430",
            "brief": "上帝、神、神明"
        },
        "13": {
            "sn": "05680",
            "brief": "希伯来人"
        },
        "15": {
            "sn": "00853",
            "brief": "不必翻译"
        },
        "16": {
            "sn": "05971",
            "brief": "国家、百姓"
        },
        "17": {
            "sn": "05647",
            "brief": "工作、服事"
        },
        "7": {
            "sn": "01696",
            "brief": "Pi‘el 讲、说、指挥"
        }
    },
    "26": {
        "7": {
            "sn": "02398",
            "brief": "Qal 犯罪；Pi‘el 献赎罪祭、得洁净；Hif‘il 导致犯罪；Hitpa‘el 迷失、洁净自己"
        },
        "literal": "法老打发人召摩西、亚伦来，对他们说：「这一次我犯了罪了。雅威是义者；我和我的百姓是恶人。」",
        "0": {
            "sn": "07971",
            "brief": "差遣、释放、送走、伸出、伸展"
        },
        "1": {
            "sn": "06547",
            "brief": "法老"
        },
        "2": {
            "sn": "07121",
            "brief": "喊叫、召集、称呼、求告、朗读"
        },
        "3": {
            "sn": "04872",
            "brief": "摩西"
        },
        "4": {
            "sn": "00175",
            "brief": "亚伦"
        },
        "5": {
            "sn": "00559",
            "brief": "说"
        },
        "6": {
            "sn": "00413",
            "brief": "向、往"
        },
        "8": {
            "sn": "06471",
            "brief": "敲击、脚步、这一次、次数"
        },
        "9": {
            "sn": "03068",
            "brief": "上帝的名字「雅威」，犹太人尊称为「上主」"
        },
        "10": {
            "sn": "06662",
            "brief": "公义的"
        },
        "11": {
            "sn": "00589",
            "brief": "我"
        },
        "12": {
            "sn": "05971",
            "brief": "百姓、国民"
        },
        "13": {
            "sn": "07563",
            "brief": "恶的"
        }
    },
    "29": {
        "5": {
            "sn": "03372",
            "brief": "Qal 害怕，Nif‘al 令人畏惧"
        },
        "literal": "至于你和你的臣仆，我知道你们还是不惧怕雅威上帝。」",
        "0": {
            "sn": "00859",
            "brief": "你"
        },
        "1": {
            "sn": "05650",
            "brief": "仆人、奴隶"
        },
        "3": {
            "sn": "03588",
            "brief": "因为、不必翻译"
        },
        "4": {
            "sn": "02962",
            "brief": "以前"
        },
        "6": {
            "sn": "06440",
            "brief": "脸"
        },
        "7": {
            "sn": "03068",
            "brief": "上帝的名字「雅威」，犹太人尊称为「上主」"
        },
        "8": {
            "sn": "00430",
            "brief": "上帝、神、神明"
        },
        "2": {
            "sn": "03045",
            "brief": "Qal 知道、认识、辨别、经历，Hif‘il 使知道、宣告"
        }
    },
    "17": {
        "1": {
            "sn": "04305",
            "brief": "下雨"
        },
        "6": {
            "sn": "03966",
            "brief": "极其、非常"
        },
        "7": {
            "sn": "00834",
            "brief": "不必翻译"
        },
        "8": {
            "sn": "03808",
            "brief": "不"
        },
        "5": {
            "sn": "03515",
            "brief": "大的、重的、多的"
        },
        "literal": "看哪，明天约在这时候，我必使极多的冰雹降下，在埃及…没有像这样发生过。(…处填入下行)自从立国以来直到现在，",
        "0": {
            "sn": "02009",
            "brief": "看哪"
        },
        "2": {
            "sn": "06256",
            "brief": "时候"
        },
        "3": {
            "sn": "04279",
            "brief": "明天、未来"
        },
        "4": {
            "sn": "01259",
            "brief": "冰雹"
        },
        "9": {
            "sn": "01961",
            "brief": "是、成为、临到"
        },
        "10": {
            "sn": "03644",
            "brief": "像"
        },
        "11": {
            "sn": "04714",
            "brief": "埃及"
        },
        "12": {
            "sn": "04480",
            "brief": "从、离开"
        },
        "13": {
            "sn": "03117",
            "brief": "日子、时候"
        },
        "14": {
            "sn": "03245",
            "brief": "立地基"
        },
        "15": {
            "sn": "05704",
            "brief": "直到、甚至"
        },
        "16": {
            "sn": "06258",
            "brief": "现在"
        }
    },
    "24": {
        "0": {
            "sn": "05221",
            "brief": "Hif‘il 击打、击杀"
        },
        "16": {
            "sn": "05221",
            "brief": "Hif‘il 击打、击杀"
        },
        "22": {
            "sn": "07665",
            "brief": "Qal 拆毁、折断、打碎，Nif‘al 遭破坏、被折断，Hif‘il 使生产"
        },
        "literal": "在埃及遍地，冰雹击打了田间所有的一切，从人到牲畜；冰雹摧毁了田里一切的菜蔬，打坏了田间一切的树木。",
        "1": {
            "sn": "01259",
            "brief": "冰雹"
        },
        "2": {
            "sn": "03605",
            "brief": "全部、整个、各"
        },
        "3": {
            "sn": "00776",
            "brief": "地、邦国、疆界"
        },
        "4": {
            "sn": "04714",
            "brief": "埃及"
        },
        "5": {
            "sn": "00853",
            "brief": "不必翻译"
        },
        "6": {
            "sn": "03605",
            "brief": "全部、整个、各"
        },
        "7": {
            "sn": "00834",
            "brief": "不必翻译"
        },
        "8": {
            "sn": "07704",
            "brief": "田地"
        },
        "9": {
            "sn": "00120",
            "brief": "人"
        },
        "10": {
            "sn": "05704",
            "brief": "直到"
        },
        "11": {
            "sn": "00929",
            "brief": "牲畜"
        },
        "12": {
            "sn": "00853",
            "brief": "不必翻译"
        },
        "13": {
            "sn": "03605",
            "brief": "全部、整个、各"
        },
        "14": {
            "sn": "06212",
            "brief": "青草"
        },
        "15": {
            "sn": "07704",
            "brief": "田地"
        },
        "17": {
            "sn": "01259",
            "brief": "冰雹"
        },
        "18": {
            "sn": "00853",
            "brief": "不必翻译"
        },
        "19": {
            "sn": "03605",
            "brief": "全部、整个、各"
        },
        "20": {
            "sn": "06086",
            "brief": "木、树木"
        },
        "21": {
            "sn": "07704",
            "brief": "田地"
        }
    },
    "16": {
        "literal": "你仍向我的百姓自高，不放他们走。",
        "4": {
            "sn": "07971",
            "brief": "差遣、释放、送走、伸出、伸展"
        },
        "1": {
            "sn": "05549",
            "brief": "修筑、举高"
        },
        "2": {
            "sn": "05971",
            "brief": "国家、百姓"
        },
        "3": {
            "sn": "01115",
            "brief": "除了、不"
        },
        "0": {
            "sn": "05750",
            "brief": "再、仍然、持续"
        }
    },
    "12": {
        "19": {
            "sn": "05647",
            "brief": "工作、服事"
        },
        "4": {
            "sn": "07925",
            "brief": "Hif‘il 早起"
        },
        "6": {
            "sn": "03320",
            "brief": "站立、处于"
        },
        "literal": "雅威对摩西说：「你清早起来，站在法老面前，对他说：『雅威―希伯来人的上帝这样说：容我的百姓去，好让他们事奉我。",
        "0": {
            "sn": "00559",
            "brief": "说"
        },
        "1": {
            "sn": "03068",
            "brief": "上帝的名字「雅威」，犹太人尊称为「上主」"
        },
        "2": {
            "sn": "00413",
            "brief": "对、向、往"
        },
        "3": {
            "sn": "04872",
            "brief": "摩西"
        },
        "5": {
            "sn": "01242",
            "brief": "早晨"
        },
        "7": {
            "sn": "03942",
            "brief": "在…前面"
        },
        "8": {
            "sn": "06547",
            "brief": "法老"
        },
        "9": {
            "sn": "00559",
            "brief": "说"
        },
        "10": {
            "sn": "00413",
            "brief": "对、向、往"
        },
        "11": {
            "sn": "03541",
            "brief": "如此、这样"
        },
        "12": {
            "sn": "00559",
            "brief": "说"
        },
        "13": {
            "sn": "03068",
            "brief": "上帝的名字「雅威」，犹太人尊称为「上主」"
        },
        "14": {
            "sn": "00430",
            "brief": "上帝、神、神明"
        },
        "15": {
            "sn": "05680",
            "brief": "希伯来人"
        },
        "17": {
            "sn": "00853",
            "brief": "不必翻译"
        },
        "18": {
            "sn": "05971",
            "brief": "国家、百姓"
        },
        "16": {
            "sn": "07971",
            "brief": "差遣、释放、送走、伸出、伸展"
        }
    },
    "10": {
        "0": {
            "sn": "03808",
            "brief": "不"
        },
        "literal": "…行法术的在摩西面前站立不住，(…处填入下行)为这疮的缘故，因为在行法术的和所有埃及(人)身上都有这疮。",
        "3": {
            "sn": "05975",
            "brief": "Qal 站立、侍立、停留，Hif‘il 设立、使坚定"
        },
        "1": {
            "sn": "03201",
            "brief": "能够、有能力"
        },
        "2": {
            "sn": "02748",
            "brief": "占卜者、术士、观天象的人"
        },
        "4": {
            "sn": "03942",
            "brief": "在…前面"
        },
        "5": {
            "sn": "04872",
            "brief": "摩西"
        },
        "6": {
            "sn": "06440",
            "brief": "脸"
        },
        "7": {
            "sn": "07822",
            "brief": "疮、发炎的地方"
        },
        "8": {
            "sn": "03588",
            "brief": "因为、不必翻译"
        },
        "9": {
            "sn": "01961",
            "brief": "是、成为、临到"
        },
        "10": {
            "sn": "07822",
            "brief": "疮、发炎的地方"
        },
        "11": {
            "sn": "02748",
            "brief": "占卜者、术士、观天象的人"
        },
        "12": {
            "sn": "03605",
            "brief": "全部、整个、各"
        },
        "13": {
            "sn": "04714",
            "brief": "埃及"
        }
    },
    "20": {
        "1": {
            "sn": "03808",
            "brief": "不"
        },
        "2": {
            "sn": "07760",
            "brief": "置、放"
        },
        "literal": "但那不把雅威这话放在他心上的，就将他的奴仆和他的牲畜遗留在田里。",
        "0": {
            "sn": "00834",
            "brief": "不必翻译"
        },
        "3": {
            "sn": "03820",
            "brief": "心"
        },
        "4": {
            "sn": "00413",
            "brief": "对、向、往"
        },
        "5": {
            "sn": "01697",
            "brief": "话语、事情"
        },
        "6": {
            "sn": "03068",
            "brief": "上帝的名字「雅威」，犹太人尊称为「上主」"
        },
        "7": {
            "sn": "05800",
            "brief": "离弃"
        },
        "8": {
            "sn": "00853",
            "brief": "不必翻译"
        },
        "9": {
            "sn": "05650",
            "brief": "仆人、奴隶"
        },
        "10": {
            "sn": "00853",
            "brief": "不必翻译"
        },
        "11": {
            "sn": "04735",
            "brief": "牲畜"
        },
        "12": {
            "sn": "07704",
            "brief": "田地"
        },
        "13": {
            "sn": "09015",
            "brief": "开的意思"
        }
    },
    "3": {
        "literal": "雅威要分别以色列的牲畜和埃及的牲畜，凡属以色列人的，一只都不死。』」",
        "1": {
            "sn": "03068",
            "brief": "上帝的名字「雅威」，犹太人尊称为「上主」"
        },
        "2": {
            "sn": "00996",
            "brief": "在…之间"
        },
        "3": {
            "sn": "04735",
            "brief": "牲畜"
        },
        "4": {
            "sn": "03478",
            "brief": "以色列"
        },
        "5": {
            "sn": "00996",
            "brief": "在…之间"
        },
        "6": {
            "sn": "04735",
            "brief": "牲畜"
        },
        "7": {
            "sn": "04714",
            "brief": "埃及"
        },
        "9": {
            "sn": "04191",
            "brief": "死"
        },
        "10": {
            "sn": "03605",
            "brief": "全部、整个、各"
        },
        "11": {
            "sn": "01121",
            "brief": "儿子、孙子、后裔、成员"
        },
        "12": {
            "sn": "03478",
            "brief": "以色列"
        },
        "13": {
            "sn": "01697",
            "brief": "话语、事情"
        },
        "8": {
            "sn": "03808",
            "brief": "不"
        },
        "0": {
            "sn": "06395",
            "brief": "分别出来"
        }
    },
    "8": {
        "9": {
            "sn": "05921",
            "brief": "在…上面"
        },
        "6": {
            "sn": "01961",
            "brief": "是、成为、临到"
        },
        "7": {
            "sn": "05921",
            "brief": "在…上面"
        },
        "8": {
            "sn": "00120",
            "brief": "人"
        },
        "literal": "它要在埃及全地变作灰尘，…使人和牲畜身上有(…处填入末行)起泡的疮。」在埃及全地",
        "0": {
            "sn": "01961",
            "brief": "是、成为、临到"
        },
        "1": {
            "sn": "00080",
            "brief": "灰尘、云"
        },
        "2": {
            "sn": "05921",
            "brief": "在…上面"
        },
        "3": {
            "sn": "03605",
            "brief": "全部、整个、各"
        },
        "4": {
            "sn": "00776",
            "brief": "地、邦国、疆界"
        },
        "5": {
            "sn": "04714",
            "brief": "埃及"
        },
        "10": {
            "sn": "00929",
            "brief": "牲畜"
        },
        "11": {
            "sn": "07822",
            "brief": "疮、发炎的地方"
        },
        "12": {
            "sn": "06524",
            "brief": "飞翔、发芽"
        },
        "13": {
            "sn": "00076",
            "brief": "皮肤上的水泡"
        },
        "14": {
            "sn": "03605",
            "brief": "全部、整个、各"
        },
        "15": {
            "sn": "00776",
            "brief": "地、邦国、疆界"
        },
        "16": {
            "sn": "04714",
            "brief": "埃及"
        }
    },
    "9": {
        "literal": "他们就取了炉灰，站在法老面前。摩西把它向天扬起来，在人身上和牲畜身上就有了起泡的疮。",
        "0": {
            "sn": "03947",
            "brief": "取、带走"
        },
        "1": {
            "sn": "00853",
            "brief": "不必翻译"
        },
        "2": {
            "sn": "06368",
            "brief": "煤灰、灰烬"
        },
        "3": {
            "sn": "03536",
            "brief": "火炉、烧窑"
        },
        "5": {
            "sn": "03942",
            "brief": "在…前面"
        },
        "6": {
            "sn": "06547",
            "brief": "法老"
        },
        "7": {
            "sn": "02236",
            "brief": "撒、播种、分散"
        },
        "8": {
            "sn": "00853",
            "brief": "不必翻译"
        },
        "9": {
            "sn": "04872",
            "brief": "摩西"
        },
        "10": {
            "sn": "08064",
            "brief": "天"
        },
        "11": {
            "sn": "01961",
            "brief": "是、成为、临到"
        },
        "12": {
            "sn": "07822",
            "brief": "疮、发炎的地方"
        },
        "13": {
            "sn": "00076",
            "brief": "皮肤上的水泡"
        },
        "14": {
            "sn": "06524",
            "brief": "飞翔、发芽"
        },
        "15": {
            "sn": "00120",
            "brief": "人"
        },
        "16": {
            "sn": "00929",
            "brief": "牲畜"
        },
        "4": {
            "sn": "05975",
            "brief": "Qal 站立、侍立、停留，Hif‘il 设立、使坚定"
        }
    },
    "21": {
        "19": {
            "sn": "03605",
            "brief": "全部、整个、各"
        },
        "4": {
            "sn": "05186",
            "brief": "Qal 伸出、铺张、伸展、延长，Hif‘il 屈枉、转弯、 丢一边"
        },
        "literal": "雅威对摩西说：「你要向天伸出你的手，使埃及遍地都有冰雹，在人身上，在牲畜身上，在埃及地田间各样菜蔬上。",
        "0": {
            "sn": "00559",
            "brief": "说"
        },
        "1": {
            "sn": "03068",
            "brief": "上帝的名字「雅威」，犹太人尊称为「上主」"
        },
        "2": {
            "sn": "00413",
            "brief": "对、向、往"
        },
        "3": {
            "sn": "04872",
            "brief": "摩西"
        },
        "5": {
            "sn": "00853",
            "brief": "不必翻译"
        },
        "6": {
            "sn": "03027",
            "brief": "手、边、力量、权势"
        },
        "7": {
            "sn": "05921",
            "brief": "在…上面"
        },
        "8": {
            "sn": "08064",
            "brief": "天"
        },
        "9": {
            "sn": "01961",
            "brief": "是、成为、临到"
        },
        "10": {
            "sn": "01259",
            "brief": "冰雹"
        },
        "11": {
            "sn": "03605",
            "brief": "全部、整个、各"
        },
        "12": {
            "sn": "00776",
            "brief": "地、邦国、疆界"
        },
        "13": {
            "sn": "04714",
            "brief": "埃及"
        },
        "14": {
            "sn": "05921",
            "brief": "在…上面"
        },
        "15": {
            "sn": "00120",
            "brief": "人"
        },
        "16": {
            "sn": "05921",
            "brief": "在…上面"
        },
        "17": {
            "sn": "00929",
            "brief": "牲畜"
        },
        "18": {
            "sn": "05921",
            "brief": "在…上面"
        },
        "20": {
            "sn": "06212",
            "brief": "青草"
        },
        "21": {
            "sn": "07704",
            "brief": "田地"
        },
        "22": {
            "sn": "00776",
            "brief": "地、邦国、疆界"
        },
        "23": {
            "sn": "04714",
            "brief": "埃及"
        }
    },
    "28": {
        "literal": "摩西对他说：「我一出城，就要向雅威展开我的双手；雷轰必止住，冰雹也不再有，好叫你知道这地是雅威的。",
        "0": {
            "sn": "00559",
            "brief": "说"
        },
        "1": {
            "sn": "00413",
            "brief": "向、往"
        },
        "2": {
            "sn": "04872",
            "brief": "摩西"
        },
        "3": {
            "sn": "03318",
            "brief": "出去"
        },
        "4": {
            "sn": "00853",
            "brief": "不必翻译"
        },
        "5": {
            "sn": "05892",
            "brief": "城邑、城镇"
        },
        "6": {
            "sn": "06566",
            "brief": "撒开、铺在...上面"
        },
        "7": {
            "sn": "00853",
            "brief": "不必翻译"
        },
        "8": {
            "sn": "03709",
            "brief": "手掌、柄、把手"
        },
        "9": {
            "sn": "00413",
            "brief": "向、往"
        },
        "10": {
            "sn": "03068",
            "brief": "上帝的名字「雅威」，犹太人尊称为「上主」"
        },
        "11": {
            "sn": "06963",
            "brief": "声音"
        },
        "12": {
            "sn": "02308",
            "brief": "停止"
        },
        "13": {
            "sn": "01259",
            "brief": "冰雹"
        },
        "18": {
            "sn": "03045",
            "brief": "Qal 知道、认识、辨别、经历，Hif‘il 使知道、宣告"
        },
        "15": {
            "sn": "01961",
            "brief": "是，成为，临到"
        },
        "17": {
            "sn": "04616",
            "brief": "为了"
        },
        "19": {
            "sn": "03588",
            "brief": "因为、不必翻译"
        },
        "20": {
            "sn": "03068",
            "brief": "上帝的名字「雅威」，犹太人尊称为「上主」"
        },
        "21": {
            "sn": "00776",
            "brief": "地、邦国、疆界"
        },
        "14": {
            "sn": "03808",
            "brief": "不"
        },
        "16": {
            "sn": "05750",
            "brief": "再、仍然、持续"
        }
    },
    "30": {
        "literal": "(那时，麻和大麦被摧毁了；因为大麦有麦穗，麻也有了花蕾。",
        "0": {
            "sn": "06594",
            "brief": "灯芯、亚麻"
        },
        "1": {
            "sn": "08184",
            "brief": "大麦"
        },
        "3": {
            "sn": "03588",
            "brief": "因为、不必翻译"
        },
        "4": {
            "sn": "08184",
            "brief": "大麦"
        },
        "5": {
            "sn": "00024",
            "brief": "谷穗、大麦"
        },
        "6": {
            "sn": "06594",
            "brief": "灯芯、亚麻"
        },
        "7": {
            "sn": "01392",
            "brief": "花蕾"
        },
        "2": {
            "sn": "05221",
            "brief": "Hif‘il 击打、击杀"
        }
    },
    "13": {
        "0": {
            "sn": "03588",
            "brief": "因为、不必翻译"
        },
        "literal": "因为这一次我要叫一切的灾殃临到你和你臣仆并你百姓的身上，为要叫你知道在全地没有像我的。",
        "1": {
            "sn": "06471",
            "brief": "敲击、脚步、这一次、次数"
        },
        "2": {
            "sn": "02063",
            "brief": "这个"
        },
        "3": {
            "sn": "00589",
            "brief": "我"
        },
        "4": {
            "sn": "07971",
            "brief": "差遣、释放、送走、伸出、伸展"
        },
        "5": {
            "sn": "00853",
            "brief": "不必翻译"
        },
        "6": {
            "sn": "03605",
            "brief": "全部、整个、各"
        },
        "7": {
            "sn": "04046",
            "brief": "瘟疫、灾害"
        },
        "8": {
            "sn": "00413",
            "brief": "对、向、往"
        },
        "9": {
            "sn": "03820",
            "brief": "心"
        },
        "10": {
            "sn": "05650",
            "brief": "仆人、奴隶"
        },
        "11": {
            "sn": "05971",
            "brief": "国家、百姓"
        },
        "12": {
            "sn": "05668",
            "brief": "为了"
        },
        "14": {
            "sn": "03588",
            "brief": "因为、不必翻译"
        },
        "15": {
            "sn": "00369",
            "brief": "不存在、没有"
        },
        "16": {
            "sn": "03644",
            "brief": "像"
        },
        "17": {
            "sn": "03605",
            "brief": "全部、整个、各"
        },
        "18": {
            "sn": "00776",
            "brief": "地、邦国、疆界"
        },
        "13": {
            "sn": "03045",
            "brief": "Qal 知道、认识、辨别、经历，Hif‘il 使知道、宣告"
        }
    }
}