{
    "0": {
        "0": {
            "sn": "04428",
            "brief": "君王"
        },
        "1": {
            "sn": "01732",
            "brief": "大卫"
        },
        "2": {
            "sn": "02204",
            "brief": "年老、变老"
        },
        "3": {
            "sn": "00935",
            "brief": "来、进入、临到、发生"
        },
        "4": {
            "sn": "03117",
            "brief": "日子、时候"
        },
        "5": {
            "sn": "03680",
            "brief": "遮盖、隐藏"
        },
        "literal": "大卫王年纪老迈，人们用外袍遮盖他，仍不能使他暖和。",
        "6": {
            "sn": "00899",
            "brief": "外袍、衣服"
        },
        "8": {
            "sn": "03179",
            "brief": "变热、怀孕"
        },
        "9": {
            "sn": "09001",
            "brief": "给、往、向、到、归属于"
        },
        "7": {
            "sn": "03808",
            "brief": "不"
        }
    },
    "12": {
        "literal": "去吧，你去大卫王那里，对他说：『王我的主啊，你不是向你使女起誓说…吗？(…处填入下二行)「你儿子所罗门必接续我作王，他必坐在我的位上」为甚么亚多尼雅作了王呢？』",
        "0": {
            "sn": "01980",
            "brief": "行走、去"
        },
        "1": {
            "sn": "00935",
            "brief": "来、进入、临到、发生"
        },
        "2": {
            "sn": "00413",
            "brief": "对、向、往"
        },
        "3": {
            "sn": "04428",
            "brief": "君王"
        },
        "4": {
            "sn": "01732",
            "brief": "大卫"
        },
        "5": {
            "sn": "00559",
            "brief": "说"
        },
        "6": {
            "sn": "00413",
            "brief": "对、向、往"
        },
        "7": {
            "sn": "03808",
            "brief": "不"
        },
        "8": {
            "sn": "00859",
            "brief": "你"
        },
        "9": {
            "sn": "00113",
            "brief": "主人"
        },
        "10": {
            "sn": "04428",
            "brief": "君王"
        },
        "11": {
            "sn": "07650",
            "brief": "Qal Nif‘al 发誓，Hif‘il 使起誓、嘱咐"
        },
        "12": {
            "sn": "00519",
            "brief": "使女、婢女"
        },
        "13": {
            "sn": "00559",
            "brief": "说"
        },
        "14": {
            "sn": "03588",
            "brief": "因为、不必翻译"
        },
        "15": {
            "sn": "08010",
            "brief": "所罗门"
        },
        "16": {
            "sn": "01121",
            "brief": "儿子、孙子、后裔、成员"
        },
        "17": {
            "sn": "04427",
            "brief": "作王、统治"
        },
        "18": {
            "sn": "00310",
            "brief": "后面、跟着"
        },
        "19": {
            "sn": "01931",
            "brief": "他"
        },
        "20": {
            "sn": "03427",
            "brief": "居住、坐、停留"
        },
        "21": {
            "sn": "05921",
            "brief": "在…上面"
        },
        "22": {
            "sn": "03678",
            "brief": "宝座、座位"
        },
        "23": {
            "sn": "04069",
            "brief": "为什么"
        },
        "24": {
            "sn": "04427",
            "brief": "作王、统治"
        },
        "25": {
            "sn": "00138",
            "brief": "亚多尼雅"
        }
    },
    "15": {
        "0": {
            "sn": "06915",
            "brief": "低头"
        },
        "1": {
            "sn": "01339",
            "brief": "拔・示巴"
        },
        "2": {
            "sn": "01339",
            "brief": "拔・示巴"
        },
        "3": {
            "sn": "09013",
            "brief": "跪拜、下拜"
        },
        "4": {
            "sn": "04428",
            "brief": "君王"
        },
        "5": {
            "sn": "00559",
            "brief": "说"
        },
        "6": {
            "sn": "04428",
            "brief": "君王"
        },
        "7": {
            "sn": "04100",
            "brief": "什么"
        },
        "8": {
            "sn": "09001",
            "brief": "给、往、向、到、归属于"
        },
        "literal": "拔・示巴向王低头叩拜；王说：「你有甚么事？」"
    },
    "52": {
        "7": {
            "sn": "09013",
            "brief": "跪拜、下拜"
        },
        "literal": "于是所罗门王差遣人，使他从祭坛上下来，他就来，向所罗门王下拜；所罗门对他说：「你回你的家去吧！」",
        "0": {
            "sn": "07971",
            "brief": "差遣、释放、送走、伸出、伸展"
        },
        "1": {
            "sn": "04428",
            "brief": "王"
        },
        "2": {
            "sn": "08010",
            "brief": "所罗门"
        },
        "4": {
            "sn": "05921",
            "brief": "在…上面"
        },
        "5": {
            "sn": "04196",
            "brief": "祭坛"
        },
        "6": {
            "sn": "00935",
            "brief": "来、进入、临到、发生"
        },
        "3": {
            "sn": "03381",
            "brief": "降临、下去"
        },
        "8": {
            "sn": "04428",
            "brief": "王"
        },
        "9": {
            "sn": "08010",
            "brief": "所罗门"
        },
        "10": {
            "sn": "00559",
            "brief": "说"
        },
        "11": {
            "sn": "09001",
            "brief": "给、往、向、到、归属于"
        },
        "12": {
            "sn": "08010",
            "brief": "所罗门"
        },
        "13": {
            "sn": "01980",
            "brief": "行走、去"
        },
        "14": {
            "sn": "01004",
            "brief": "殿、房子、家"
        },
        "15": {
            "sn": "09015",
            "brief": "开的意思"
        }
    },
    "1": {
        "1": {
            "sn": "09001",
            "brief": "给、往、向、到、归属于"
        },
        "0": {
            "sn": "00559",
            "brief": "说"
        },
        "2": {
            "sn": "05650",
            "brief": "仆人、奴隶"
        },
        "4": {
            "sn": "00113",
            "brief": "主人"
        },
        "16": {
            "sn": "02552",
            "brief": "热"
        },
        "17": {
            "sn": "00113",
            "brief": "主人"
        },
        "18": {
            "sn": "04428",
            "brief": "君王"
        },
        "3": {
            "sn": "01245",
            "brief": "Pi‘el 寻找、渴求、想望、索求"
        },
        "8": {
            "sn": "05975",
            "brief": "Qal 站立、侍立、停留，Hif‘il 设立、使坚定"
        },
        "5": {
            "sn": "04428",
            "brief": "君王"
        },
        "6": {
            "sn": "05291",
            "brief": "女孩、女仆"
        },
        "7": {
            "sn": "01330",
            "brief": "处女"
        },
        "9": {
            "sn": "03942",
            "brief": "在…前面"
        },
        "10": {
            "sn": "04428",
            "brief": "君王"
        },
        "11": {
            "sn": "01961",
            "brief": "是、成为、临到"
        },
        "12": {
            "sn": "09001",
            "brief": "给、往、向、到、归属于"
        },
        "14": {
            "sn": "07901",
            "brief": "躺卧、同寝"
        },
        "15": {
            "sn": "02436",
            "brief": "胸怀"
        },
        "13": {
            "sn": "05532",
            "brief": "Qal 有利、有益、伺候，Hif‘il 熟悉、习惯"
        },
        "literal": "他的臣仆们就对他说：「让人为王我的主寻找一个还是处女的女孩，使她在王面前侍立，成为他(指王)的照顾者，使她睡在你的怀中，好叫王我的主得暖和。」"
    },
    "29": {
        "3": {
            "sn": "09001",
            "brief": "给、往、向、到、归属于"
        },
        "18": {
            "sn": "03588",
            "brief": "因为、不必翻译"
        },
        "2": {
            "sn": "07650",
            "brief": "Qal Nif‘al 发誓，Hif‘il 使起誓、嘱咐"
        },
        "literal": "「正如我…向你起誓(…处填入下行)指着雅威―以色列的上帝说：『你儿子所罗门必接续我作王，他必接替我坐在我的位上。』我今日必照样行。",
        "0": {
            "sn": "03588",
            "brief": "因为、不必翻译"
        },
        "1": {
            "sn": "00834",
            "brief": "不必翻译"
        },
        "4": {
            "sn": "03068",
            "brief": "上帝的名字「雅威」，犹太人尊称为「上主」"
        },
        "5": {
            "sn": "00430",
            "brief": "上帝、神、神明"
        },
        "6": {
            "sn": "03478",
            "brief": "以色列"
        },
        "7": {
            "sn": "00559",
            "brief": "说"
        },
        "8": {
            "sn": "03588",
            "brief": "因为、不必翻译"
        },
        "9": {
            "sn": "08010",
            "brief": "所罗门"
        },
        "10": {
            "sn": "01121",
            "brief": "儿子、孙子、后裔、成员"
        },
        "11": {
            "sn": "04427",
            "brief": "作王、统治"
        },
        "12": {
            "sn": "00310",
            "brief": "后面、跟着"
        },
        "13": {
            "sn": "01931",
            "brief": "他"
        },
        "14": {
            "sn": "03427",
            "brief": "居住、坐、停留"
        },
        "15": {
            "sn": "05921",
            "brief": "在…上面"
        },
        "16": {
            "sn": "03678",
            "brief": "宝座、座位"
        },
        "17": {
            "sn": "08478",
            "brief": "1. 名词：位置、地方；2. 介系词：在…之下；3. 介系词：代替、因为"
        },
        "19": {
            "sn": "03651",
            "brief": "副词：因此、如此、这样；形容词：对、真的、公平、诚实"
        },
        "20": {
            "sn": "06213",
            "brief": "做"
        },
        "21": {
            "sn": "03117",
            "brief": "日子、时候"
        },
        "22": {
            "sn": "02088",
            "brief": "这个"
        }
    },
    "31": {
        "4": {
            "sn": "09001",
            "brief": "给、往、向、到、归属于"
        },
        "literal": "大卫王又吩咐说：「为我召祭司撒督、…来！」(…处填入下行)和先知拿单、和耶何耶大的儿子比拿雅他们就来到王面前。",
        "0": {
            "sn": "00559",
            "brief": "说"
        },
        "1": {
            "sn": "04428",
            "brief": "君王"
        },
        "2": {
            "sn": "01732",
            "brief": "大卫"
        },
        "3": {
            "sn": "07121",
            "brief": "喊叫、召集、称呼、求告、朗读"
        },
        "5": {
            "sn": "06659",
            "brief": "撒督"
        },
        "6": {
            "sn": "03548",
            "brief": "祭司"
        },
        "7": {
            "sn": "05416",
            "brief": "拿单"
        },
        "8": {
            "sn": "05030",
            "brief": "先知"
        },
        "9": {
            "sn": "01141",
            "brief": "比拿雅"
        },
        "10": {
            "sn": "01121",
            "brief": "儿子、孙子、后裔、成员"
        },
        "11": {
            "sn": "03077",
            "brief": "耶何耶大"
        },
        "12": {
            "sn": "00935",
            "brief": "来、进入、临到、发生"
        },
        "13": {
            "sn": "03942",
            "brief": "在…前面"
        },
        "14": {
            "sn": "04428",
            "brief": "君王"
        }
    },
    "51": {
        "13": {
            "sn": "09002",
            "brief": "在、用、藉着、与、敌对"
        },
        "12": {
            "sn": "04672",
            "brief": "寻找、追上、获得、发现"
        },
        "6": {
            "sn": "03808",
            "brief": "不"
        },
        "literal": "所罗门说：「他若作贤明的人，他的一根头发也不致落在地上；但如果恶行在他那里被找到，他必死亡。」",
        "0": {
            "sn": "00559",
            "brief": "说"
        },
        "1": {
            "sn": "08010",
            "brief": "所罗门"
        },
        "2": {
            "sn": "00518",
            "brief": "如果"
        },
        "3": {
            "sn": "01961",
            "brief": "是、成为、临到"
        },
        "4": {
            "sn": "01121",
            "brief": "儿子、孙子、后裔、成员"
        },
        "5": {
            "sn": "02428",
            "brief": "军队、力量、财富、能力"
        },
        "7": {
            "sn": "05307",
            "brief": "跌落、跌倒、使签落在..."
        },
        "8": {
            "sn": "08185",
            "brief": "头发"
        },
        "9": {
            "sn": "00776",
            "brief": "地、邦国、疆界"
        },
        "10": {
            "sn": "00518",
            "brief": "如果"
        },
        "11": {
            "sn": "07451",
            "brief": "邪恶、灾难"
        },
        "14": {
            "sn": "04191",
            "brief": "死"
        }
    },
    "5": {
        "5": {
            "sn": "04069",
            "brief": "为什么"
        },
        "0": {
            "sn": "03808",
            "brief": "不"
        },
        "1": {
            "sn": "06087",
            "brief": "I. 受伤；II. 塑形"
        },
        "7": {
            "sn": "06213",
            "brief": "做"
        },
        "14": {
            "sn": "03205",
            "brief": "生出、出生"
        },
        "15": {
            "sn": "00310",
            "brief": "后面、跟着"
        },
        "16": {
            "sn": "00053",
            "brief": "押沙龙"
        },
        "10": {
            "sn": "02896",
            "brief": "名词：良善、美好、福乐；形容词：良善的、美好的"
        },
        "literal": "他的父亲从来没有使他不悦，说：「你为甚么这样做呢？」而且他面貌极其英俊，她把他生在押沙龙之后。",
        "2": {
            "sn": "00001",
            "brief": "父亲、祖先"
        },
        "4": {
            "sn": "00559",
            "brief": "说"
        },
        "6": {
            "sn": "03602",
            "brief": "这样"
        },
        "8": {
            "sn": "01571",
            "brief": "也"
        },
        "9": {
            "sn": "01931",
            "brief": "他"
        },
        "11": {
            "sn": "08389",
            "brief": "身材、面貌"
        },
        "12": {
            "sn": "03966",
            "brief": "极其、非常"
        },
        "13": {
            "sn": "00853",
            "brief": "不必翻译"
        },
        "3": {
            "sn": "03117",
            "brief": "日子、时候"
        }
    },
    "6": {
        "literal": "他与洗鲁雅的儿子约押，…商议；(…处填入下行)又与祭司亚比亚他他们就跟从亚多尼雅，帮助他。",
        "0": {
            "sn": "01961",
            "brief": "是、成为、临到"
        },
        "1": {
            "sn": "01697",
            "brief": "话语、事情"
        },
        "2": {
            "sn": "05973",
            "brief": "跟"
        },
        "3": {
            "sn": "03097",
            "brief": "约押"
        },
        "4": {
            "sn": "01121",
            "brief": "儿子、孙子、后裔、成员"
        },
        "5": {
            "sn": "06870",
            "brief": "洗鲁雅"
        },
        "6": {
            "sn": "05973",
            "brief": "跟"
        },
        "7": {
            "sn": "00054",
            "brief": "亚比亚他"
        },
        "8": {
            "sn": "03548",
            "brief": "祭司"
        },
        "9": {
            "sn": "05826",
            "brief": "帮助"
        },
        "10": {
            "sn": "00310",
            "brief": "后面、跟着"
        },
        "11": {
            "sn": "00138",
            "brief": "亚多尼雅"
        }
    },
    "7": {
        "0": {
            "sn": "06659",
            "brief": "撒督"
        },
        "1": {
            "sn": "03548",
            "brief": "祭司"
        },
        "literal": "但祭司撒督、和耶何耶大的儿子比拿雅、和先知拿单、和示每、和利以，并属大卫的勇士都不跟从亚多尼雅。",
        "2": {
            "sn": "01141",
            "brief": "比拿雅"
        },
        "3": {
            "sn": "01121",
            "brief": "儿子、孙子、后裔、成员"
        },
        "4": {
            "sn": "03077",
            "brief": "耶何耶大"
        },
        "5": {
            "sn": "05416",
            "brief": "拿单"
        },
        "6": {
            "sn": "05030",
            "brief": "先知"
        },
        "7": {
            "sn": "08096",
            "brief": "示每"
        },
        "8": {
            "sn": "07472",
            "brief": "利以"
        },
        "9": {
            "sn": "01368",
            "brief": "形容词：强壮的、有力的；名词：勇士"
        },
        "10": {
            "sn": "00834",
            "brief": "不必翻译"
        },
        "11": {
            "sn": "01732",
            "brief": "大卫"
        },
        "12": {
            "sn": "03808",
            "brief": "不"
        },
        "13": {
            "sn": "01961",
            "brief": "是、成为、临到"
        },
        "14": {
            "sn": "05973",
            "brief": "跟"
        },
        "15": {
            "sn": "00138",
            "brief": "亚多尼雅"
        }
    },
    "20": {
        "0": {
            "sn": "01961",
            "brief": "是、成为、临到"
        },
        "1": {
            "sn": "07901",
            "brief": "躺卧、同寝"
        },
        "2": {
            "sn": "00113",
            "brief": "主人"
        },
        "3": {
            "sn": "04428",
            "brief": "君王"
        },
        "4": {
            "sn": "05973",
            "brief": "跟"
        },
        "5": {
            "sn": "00001",
            "brief": "父亲、祖先"
        },
        "6": {
            "sn": "01961",
            "brief": "是、成为、临到"
        },
        "7": {
            "sn": "00589",
            "brief": "我"
        },
        "9": {
            "sn": "08010",
            "brief": "所罗门"
        },
        "literal": "(若不然，)到王我的主与他列祖同睡以后，我和我儿子所罗门都成为罪人了。」",
        "8": {
            "sn": "01121",
            "brief": "儿子、孙子、后裔、成员"
        },
        "10": {
            "sn": "02400",
            "brief": "犯罪的"
        }
    },
    "21": {
        "literal": "看哪，她还在跟王讲话的时候，先知拿单进来了。",
        "2": {
            "sn": "01696",
            "brief": "Pi‘el 讲、说、指挥"
        },
        "0": {
            "sn": "02009",
            "brief": "看哪"
        },
        "3": {
            "sn": "05973",
            "brief": "跟"
        },
        "4": {
            "sn": "04428",
            "brief": "君王"
        },
        "5": {
            "sn": "05416",
            "brief": "拿单"
        },
        "6": {
            "sn": "05030",
            "brief": "先知"
        },
        "7": {
            "sn": "00935",
            "brief": "来、进入、临到、发生"
        },
        "1": {
            "sn": "05750",
            "brief": "再、仍然、持续"
        }
    },
    "25": {
        "10": {
            "sn": "03808",
            "brief": "不"
        },
        "literal": "惟独我，就是你的仆人和祭司撒督，耶何耶大的儿子比拿雅，并你的仆人所罗门，他没有请。",
        "6": {
            "sn": "01121",
            "brief": "儿子、孙子、后裔、成员"
        },
        "7": {
            "sn": "03077",
            "brief": "耶何耶大"
        },
        "8": {
            "sn": "08010",
            "brief": "所罗门"
        },
        "2": {
            "sn": "05650",
            "brief": "仆人、奴隶"
        },
        "9": {
            "sn": "05650",
            "brief": "仆人、奴隶"
        },
        "0": {
            "sn": "09001",
            "brief": "给、往、向、到、归属于"
        },
        "1": {
            "sn": "00589",
            "brief": "我"
        },
        "11": {
            "sn": "07121",
            "brief": "喊叫、召集、称呼、求告、朗读"
        },
        "3": {
            "sn": "06659",
            "brief": "撒督"
        },
        "4": {
            "sn": "03548",
            "brief": "祭司"
        },
        "5": {
            "sn": "01141",
            "brief": "比拿雅"
        }
    },
    "16": {
        "literal": "她对他说：「我主啊，你曾对着雅威―你的上帝向你使女起誓：『你儿子所罗门必接续我作王，他必坐在我的位上。』",
        "0": {
            "sn": "00559",
            "brief": "说"
        },
        "1": {
            "sn": "09001",
            "brief": "给、往、向、到、归属于"
        },
        "2": {
            "sn": "00113",
            "brief": "主人"
        },
        "3": {
            "sn": "00859",
            "brief": "你"
        },
        "5": {
            "sn": "03068",
            "brief": "上帝的名字「雅威」，犹太人尊称为「上主」"
        },
        "6": {
            "sn": "00430",
            "brief": "上帝、神、神明"
        },
        "7": {
            "sn": "00519",
            "brief": "使女、婢女"
        },
        "8": {
            "sn": "03588",
            "brief": "因为、不必翻译"
        },
        "9": {
            "sn": "08010",
            "brief": "所罗门"
        },
        "10": {
            "sn": "01121",
            "brief": "儿子、孙子、后裔、成员"
        },
        "11": {
            "sn": "04427",
            "brief": "作王、统治"
        },
        "12": {
            "sn": "00310",
            "brief": "后面、跟着"
        },
        "13": {
            "sn": "01931",
            "brief": "他"
        },
        "14": {
            "sn": "03427",
            "brief": "居住、坐、停留"
        },
        "15": {
            "sn": "05921",
            "brief": "在…上面"
        },
        "16": {
            "sn": "03678",
            "brief": "宝座、座位"
        },
        "4": {
            "sn": "07650",
            "brief": "Qal Nif‘al 发誓，Hif‘il 使起誓、嘱咐"
        }
    },
    "22": {
        "1": {
            "sn": "04428",
            "brief": "君王"
        },
        "5": {
            "sn": "05030",
            "brief": "先知"
        },
        "11": {
            "sn": "05921",
            "brief": "在…上面"
        },
        "12": {
            "sn": "00639",
            "brief": "鼻子、怒气、脸"
        },
        "0": {
            "sn": "05046",
            "brief": "Hif‘il 告诉、宣布、声明、通知"
        },
        "literal": "有人奏告王说：「看哪，先知拿单来了。」他进到王面前，他的双鼻碰地向王叩拜。",
        "9": {
            "sn": "09013",
            "brief": "跪拜、下拜"
        },
        "2": {
            "sn": "00559",
            "brief": "说"
        },
        "3": {
            "sn": "02009",
            "brief": "看哪"
        },
        "4": {
            "sn": "05416",
            "brief": "拿单"
        },
        "6": {
            "sn": "00935",
            "brief": "来、进入、临到、发生"
        },
        "7": {
            "sn": "03942",
            "brief": "在…前面"
        },
        "8": {
            "sn": "04428",
            "brief": "君王"
        },
        "10": {
            "sn": "04428",
            "brief": "君王"
        },
        "13": {
            "sn": "00776",
            "brief": "地、邦国、疆界"
        }
    },
    "44": {
        "10": {
            "sn": "08056",
            "brief": "喜乐的、高兴的"
        },
        "11": {
            "sn": "01949",
            "brief": "抱怨、骚动"
        },
        "12": {
            "sn": "07151",
            "brief": "城镇"
        },
        "14": {
            "sn": "06963",
            "brief": "声音"
        },
        "15": {
            "sn": "00834",
            "brief": "不必翻译"
        },
        "16": {
            "sn": "08085",
            "brief": "Qal 听、听从，Hif‘il 说明、使…听"
        },
        "literal": "祭司撒督和先知拿单…膏他作王。(…处填入下行)在基训他们从那里欢呼着上来，使城震动，这就是你们所听见的声音；",
        "0": {
            "sn": "04886",
            "brief": "膏抹、涂抹"
        },
        "1": {
            "sn": "00853",
            "brief": "不必翻译"
        },
        "2": {
            "sn": "06659",
            "brief": "撒督"
        },
        "3": {
            "sn": "03548",
            "brief": "祭司"
        },
        "4": {
            "sn": "05416",
            "brief": "拿单"
        },
        "5": {
            "sn": "05030",
            "brief": "先知"
        },
        "6": {
            "sn": "04428",
            "brief": "王"
        },
        "7": {
            "sn": "01521",
            "brief": "基训"
        },
        "8": {
            "sn": "05927",
            "brief": "上去、升高、生长、献上"
        },
        "9": {
            "sn": "08033",
            "brief": "那里"
        },
        "13": {
            "sn": "01931",
            "brief": "他"
        }
    },
    "45": {
        "3": {
            "sn": "05921",
            "brief": "在…上面"
        },
        "4": {
            "sn": "03678",
            "brief": "宝座、座位"
        },
        "5": {
            "sn": "04410",
            "brief": "王室、王朝"
        },
        "literal": "所罗门也登上了国位。",
        "0": {
            "sn": "01571",
            "brief": "也"
        },
        "1": {
            "sn": "03427",
            "brief": "居住、坐、停留"
        },
        "2": {
            "sn": "08010",
            "brief": "所罗门"
        }
    },
    "39": {
        "0": {
            "sn": "05927",
            "brief": "上去、升高、生长、献上"
        },
        "1": {
            "sn": "03605",
            "brief": "全部、整个、各"
        },
        "2": {
            "sn": "05971",
            "brief": "百姓"
        },
        "3": {
            "sn": "00310",
            "brief": "后面、跟着"
        },
        "4": {
            "sn": "05971",
            "brief": "百姓"
        },
        "6": {
            "sn": "02485",
            "brief": "管、笛"
        },
        "7": {
            "sn": "08056",
            "brief": "喜乐的、高兴的"
        },
        "8": {
            "sn": "08057",
            "brief": "喜乐"
        },
        "9": {
            "sn": "01419",
            "brief": "大的、伟大的"
        },
        "10": {
            "sn": "01234",
            "brief": "裂开、打通"
        },
        "5": {
            "sn": "02490",
            "brief": "I. Qal 刺杀、伤害；II. Pi‘el 吹笛子；III. Pi‘el 亵渎、污辱、玷污、俗化，Hif‘il 亵渎、开始"
        },
        "literal": "众百姓跟随他上来，百姓开始吹笛，大大欢呼，地被他们的声音震裂。",
        "11": {
            "sn": "00776",
            "brief": "地、邦国、疆界"
        },
        "12": {
            "sn": "06963",
            "brief": "声音"
        }
    },
    "26": {
        "0": {
            "sn": "00518",
            "brief": "如果、不是"
        },
        "1": {
            "sn": "00854",
            "brief": "与、跟"
        },
        "2": {
            "sn": "00113",
            "brief": "主人"
        },
        "3": {
            "sn": "04428",
            "brief": "君王"
        },
        "4": {
            "sn": "01961",
            "brief": "是、成为、临到"
        },
        "5": {
            "sn": "01697",
            "brief": "话语、事情"
        },
        "7": {
            "sn": "03808",
            "brief": "不"
        },
        "6": {
            "sn": "02088",
            "brief": "这个"
        },
        "9": {
            "sn": "00853",
            "brief": "不必翻译"
        },
        "18": {
            "sn": "09014",
            "brief": "关闭的意思"
        },
        "8": {
            "sn": "03045",
            "brief": "Qal 知道、认识、辨别、经历，Hif‘il 使知道、宣告"
        },
        "literal": "这件事发生果然出乎王我主吗？王却没有让你的仆人知道，接续他之后谁坐王我主的位上。」",
        "10": {
            "sn": "05650",
            "brief": "仆人、奴隶"
        },
        "11": {
            "sn": "04310",
            "brief": "谁"
        },
        "12": {
            "sn": "03427",
            "brief": "居住、坐、停留"
        },
        "13": {
            "sn": "05921",
            "brief": "在…上面"
        },
        "14": {
            "sn": "03678",
            "brief": "宝座、座位"
        },
        "15": {
            "sn": "00113",
            "brief": "主人"
        },
        "16": {
            "sn": "04428",
            "brief": "君王"
        },
        "17": {
            "sn": "00310",
            "brief": "后面、跟着"
        }
    },
    "46": {
        "16": {
            "sn": "01431",
            "brief": "使变大"
        },
        "20": {
            "sn": "09013",
            "brief": "跪拜、下拜"
        },
        "2": {
            "sn": "05650",
            "brief": "仆人、奴隶"
        },
        "1": {
            "sn": "00935",
            "brief": "来、进入、临到、发生"
        },
        "literal": "王的臣仆也来为我们的主大卫王祝福，说：「愿上帝使所罗门的名比你的名更美；使他的国位比你的国位更大。」王就在床榻上屈身下拜。",
        "0": {
            "sn": "01571",
            "brief": "也"
        },
        "3": {
            "sn": "04428",
            "brief": "王"
        },
        "5": {
            "sn": "00853",
            "brief": "不必翻译"
        },
        "6": {
            "sn": "00113",
            "brief": "主人"
        },
        "7": {
            "sn": "04428",
            "brief": "王"
        },
        "8": {
            "sn": "01732",
            "brief": "大卫"
        },
        "9": {
            "sn": "00559",
            "brief": "说"
        },
        "11": {
            "sn": "00430",
            "brief": "上帝、神、神明"
        },
        "12": {
            "sn": "00853",
            "brief": "不必翻译"
        },
        "13": {
            "sn": "08034",
            "brief": "名字"
        },
        "14": {
            "sn": "08010",
            "brief": "所罗门"
        },
        "15": {
            "sn": "08034",
            "brief": "名字"
        },
        "17": {
            "sn": "00853",
            "brief": "不必翻译"
        },
        "18": {
            "sn": "03678",
            "brief": "宝座、座位"
        },
        "19": {
            "sn": "03678",
            "brief": "宝座、座位"
        },
        "4": {
            "sn": "01288",
            "brief": "赐福"
        },
        "21": {
            "sn": "04428",
            "brief": "王"
        },
        "22": {
            "sn": "05921",
            "brief": "在…上面"
        },
        "23": {
            "sn": "04904",
            "brief": "躺下、床、卧室"
        },
        "10": {
            "sn": "03190",
            "brief": "Qal 是良善的，Hif‘il 做得好、降福"
        }
    },
    "49": {
        "1": {
            "sn": "03372",
            "brief": "Qal 害怕，Nif‘al 令人畏惧"
        },
        "literal": "亚多尼雅惧怕所罗门，就起来，去抓住祭坛的角。",
        "0": {
            "sn": "00138",
            "brief": "亚多尼雅"
        },
        "2": {
            "sn": "06440",
            "brief": "脸"
        },
        "3": {
            "sn": "08010",
            "brief": "所罗门"
        },
        "4": {
            "sn": "06965",
            "brief": "起来、设立、坚立"
        },
        "5": {
            "sn": "01980",
            "brief": "行走、去"
        },
        "7": {
            "sn": "07161",
            "brief": "角"
        },
        "8": {
            "sn": "04196",
            "brief": "祭坛"
        },
        "6": {
            "sn": "02388",
            "brief": "加强、支持、抓住、系紧、强壮、勇敢"
        }
    },
    "50": {
        "14": {
            "sn": "07650",
            "brief": "Qal Nif‘al 发誓，Hif‘il 使起誓、嘱咐"
        },
        "5": {
            "sn": "03372",
            "brief": "Qal 害怕，Nif‘al 令人畏惧"
        },
        "literal": "有人告诉所罗门说：「看哪，亚多尼雅惧怕所罗门王，看哪，他抓住祭坛的角，说：『愿所罗门王今日向我起誓，必不用刀杀他的仆人。』」",
        "1": {
            "sn": "08010",
            "brief": "所罗门"
        },
        "2": {
            "sn": "00559",
            "brief": "说"
        },
        "3": {
            "sn": "02009",
            "brief": "看哪"
        },
        "4": {
            "sn": "00138",
            "brief": "亚多尼雅"
        },
        "6": {
            "sn": "00853",
            "brief": "不必翻译"
        },
        "7": {
            "sn": "04428",
            "brief": "王"
        },
        "8": {
            "sn": "08010",
            "brief": "所罗门"
        },
        "9": {
            "sn": "02009",
            "brief": "看哪"
        },
        "10": {
            "sn": "00270",
            "brief": "抓牢、握住、紧抓住"
        },
        "11": {
            "sn": "07161",
            "brief": "角"
        },
        "12": {
            "sn": "04196",
            "brief": "祭坛"
        },
        "13": {
            "sn": "00559",
            "brief": "说"
        },
        "15": {
            "sn": "09001",
            "brief": "给、往、向、到、归属于"
        },
        "16": {
            "sn": "03117",
            "brief": "日子、时候"
        },
        "17": {
            "sn": "04428",
            "brief": "王"
        },
        "18": {
            "sn": "08010",
            "brief": "所罗门"
        },
        "19": {
            "sn": "00518",
            "brief": "如果、不是"
        },
        "21": {
            "sn": "00853",
            "brief": "不必翻译"
        },
        "22": {
            "sn": "05650",
            "brief": "仆人、奴隶"
        },
        "23": {
            "sn": "02719",
            "brief": "刀、刀剑"
        },
        "20": {
            "sn": "04191",
            "brief": "死"
        },
        "0": {
            "sn": "05046",
            "brief": "Hif‘il 告诉、宣布、声明、通知"
        }
    },
    "2": {
        "10": {
            "sn": "00935",
            "brief": "来、进入、临到、发生"
        },
        "literal": "于是人们就在以色列全境内寻找美貌的女孩，他们寻得书念的女子亚比煞，就把她带到王那里。",
        "1": {
            "sn": "05291",
            "brief": "女孩、女仆"
        },
        "2": {
            "sn": "03303",
            "brief": "美丽的、漂亮的"
        },
        "3": {
            "sn": "03605",
            "brief": "全部、整个、各"
        },
        "4": {
            "sn": "01366",
            "brief": "边境、边界"
        },
        "5": {
            "sn": "03478",
            "brief": "以色列"
        },
        "6": {
            "sn": "04672",
            "brief": "寻找、追上、获得、发现"
        },
        "7": {
            "sn": "00853",
            "brief": "不必翻译"
        },
        "8": {
            "sn": "00049",
            "brief": "亚比煞"
        },
        "9": {
            "sn": "07767",
            "brief": "书念女子"
        },
        "11": {
            "sn": "00853",
            "brief": "不必翻译"
        },
        "0": {
            "sn": "01245",
            "brief": "Pi‘el 寻找、渴求、想望、索求"
        },
        "12": {
            "sn": "04428",
            "brief": "君王"
        }
    },
    "23": {
        "4": {
            "sn": "00859",
            "brief": "你"
        },
        "6": {
            "sn": "00138",
            "brief": "亚多尼雅"
        },
        "literal": "拿单说：「王我的主啊，你对亚多尼雅说『他必接续我作王，他要坐在我的位上』吗？",
        "0": {
            "sn": "00559",
            "brief": "说"
        },
        "1": {
            "sn": "05416",
            "brief": "拿单"
        },
        "2": {
            "sn": "00113",
            "brief": "主人"
        },
        "3": {
            "sn": "04428",
            "brief": "君王"
        },
        "5": {
            "sn": "00559",
            "brief": "说"
        },
        "7": {
            "sn": "04427",
            "brief": "作王、统治"
        },
        "8": {
            "sn": "00310",
            "brief": "后面、跟着"
        },
        "9": {
            "sn": "01931",
            "brief": "他"
        },
        "10": {
            "sn": "03427",
            "brief": "居住、坐、停留"
        },
        "11": {
            "sn": "05921",
            "brief": "在…上面"
        },
        "12": {
            "sn": "03678",
            "brief": "宝座、座位"
        }
    },
    "34": {
        "9": {
            "sn": "00853",
            "brief": "不必翻译"
        },
        "11": {
            "sn": "01961",
            "brief": "是、成为、临到"
        },
        "12": {
            "sn": "05057",
            "brief": "领袖、君王"
        },
        "13": {
            "sn": "05921",
            "brief": "在…上面"
        },
        "14": {
            "sn": "03478",
            "brief": "以色列"
        },
        "15": {
            "sn": "05921",
            "brief": "在…上面"
        },
        "16": {
            "sn": "03063",
            "brief": "犹大"
        },
        "10": {
            "sn": "06680",
            "brief": "Pi‘el 命令、吩咐"
        },
        "literal": "你们要跟随他上来，让他进来，坐在我的位上，他要接续我作王。我已立他作以色列…的君。」(…处填入下行)和犹大",
        "0": {
            "sn": "05927",
            "brief": "上去、升高、生长、献上"
        },
        "1": {
            "sn": "00310",
            "brief": "后面、跟着"
        },
        "2": {
            "sn": "00935",
            "brief": "来、进入、临到、发生"
        },
        "3": {
            "sn": "03427",
            "brief": "居住、坐、停留"
        },
        "4": {
            "sn": "05921",
            "brief": "在…上面"
        },
        "5": {
            "sn": "03678",
            "brief": "宝座、座位"
        },
        "6": {
            "sn": "01931",
            "brief": "他"
        },
        "7": {
            "sn": "04427",
            "brief": "作王、统治"
        },
        "8": {
            "sn": "08478",
            "brief": "1. 名词：位置、地方；2. 介系词：在…之下；3. 介系词：代替、因为"
        }
    },
    "48": {
        "0": {
            "sn": "02729",
            "brief": "战兢"
        },
        "1": {
            "sn": "06965",
            "brief": "起来、设立、坚立"
        },
        "2": {
            "sn": "03605",
            "brief": "全部、整个、各"
        },
        "3": {
            "sn": "07121",
            "brief": "喊叫、召集、称呼、求告、朗读"
        },
        "4": {
            "sn": "00834",
            "brief": "不必翻译"
        },
        "5": {
            "sn": "00138",
            "brief": "亚多尼雅"
        },
        "literal": "…惊惧起身，(…处填入下行)所有亚多尼雅邀来的(客)人都各自走自己的路去了。",
        "6": {
            "sn": "01980",
            "brief": "行走、去"
        },
        "7": {
            "sn": "00376",
            "brief": "各人、人、男人、丈夫"
        },
        "8": {
            "sn": "01870",
            "brief": "道路、行为、方向、方法"
        }
    },
    "4": {
        "3": {
            "sn": "05375",
            "brief": "高举、举起、背负、承担"
        },
        "literal": "(那时，)哈及的儿子亚多尼雅高抬自己，说：「我必作王。」他就为自己预备车辆、马兵，以及五十人在他前头奔走(指开路)。",
        "1": {
            "sn": "01121",
            "brief": "儿子、孙子、后裔、成员"
        },
        "2": {
            "sn": "02294",
            "brief": "哈及"
        },
        "4": {
            "sn": "00559",
            "brief": "说"
        },
        "5": {
            "sn": "00589",
            "brief": "我"
        },
        "6": {
            "sn": "04427",
            "brief": "作王、统治"
        },
        "7": {
            "sn": "06213",
            "brief": "做"
        },
        "8": {
            "sn": "09001",
            "brief": "给、往、向、到、归属于"
        },
        "9": {
            "sn": "07393",
            "brief": "车辆、战车、上磨石"
        },
        "10": {
            "sn": "06571",
            "brief": "马、马兵"
        },
        "11": {
            "sn": "02572",
            "brief": "数目的「五十」"
        },
        "12": {
            "sn": "00376",
            "brief": "各人、人、男人、丈夫"
        },
        "13": {
            "sn": "07323",
            "brief": "奔跑"
        },
        "14": {
            "sn": "03942",
            "brief": "在…前面"
        },
        "0": {
            "sn": "00138",
            "brief": "亚多尼雅"
        }
    },
    "9": {
        "9": {
            "sn": "03808",
            "brief": "不"
        },
        "literal": "但先知拿单和比拿雅并勇士们，与他的兄弟所罗门，他没有请。",
        "8": {
            "sn": "00251",
            "brief": "兄弟"
        },
        "10": {
            "sn": "07121",
            "brief": "喊叫、召集、称呼、求告、朗读"
        },
        "0": {
            "sn": "00853",
            "brief": "不必翻译"
        },
        "1": {
            "sn": "05416",
            "brief": "拿单"
        },
        "2": {
            "sn": "05030",
            "brief": "先知"
        },
        "3": {
            "sn": "01141",
            "brief": "比拿雅"
        },
        "4": {
            "sn": "00853",
            "brief": "不必翻译"
        },
        "5": {
            "sn": "01368",
            "brief": "形容词：强壮的、有力的；名词：勇士"
        },
        "6": {
            "sn": "00853",
            "brief": "不必翻译"
        },
        "7": {
            "sn": "08010",
            "brief": "所罗门"
        }
    },
    "10": {
        "literal": "拿单对所罗门的母亲拔・示巴说：「你没有听见哈及的儿子亚多尼雅作王了吗？我们的主大卫却不知道。",
        "0": {
            "sn": "00559",
            "brief": "说"
        },
        "1": {
            "sn": "05416",
            "brief": "拿单"
        },
        "2": {
            "sn": "00413",
            "brief": "对、向、往"
        },
        "3": {
            "sn": "01339",
            "brief": "拔・示巴"
        },
        "4": {
            "sn": "01339",
            "brief": "拔・示巴"
        },
        "5": {
            "sn": "00517",
            "brief": "母亲"
        },
        "6": {
            "sn": "08010",
            "brief": "所罗门"
        },
        "9": {
            "sn": "08085",
            "brief": "Qal 听、听从，Hif‘il 说明、使…听"
        },
        "7": {
            "sn": "00559",
            "brief": "说"
        },
        "8": {
            "sn": "03808",
            "brief": "不"
        },
        "10": {
            "sn": "03588",
            "brief": "因为、不必翻译"
        },
        "11": {
            "sn": "04427",
            "brief": "作王、统治"
        },
        "12": {
            "sn": "00138",
            "brief": "亚多尼雅"
        },
        "13": {
            "sn": "01121",
            "brief": "儿子、孙子、后裔、成员"
        },
        "14": {
            "sn": "02294",
            "brief": "哈及"
        },
        "17": {
            "sn": "03808",
            "brief": "不"
        },
        "15": {
            "sn": "00113",
            "brief": "主人"
        },
        "16": {
            "sn": "01732",
            "brief": "大卫"
        },
        "18": {
            "sn": "03045",
            "brief": "Qal 知道、认识、辨别、经历，Hif‘il 使知道、宣告"
        }
    },
    "11": {
        "0": {
            "sn": "06258",
            "brief": "现在"
        },
        "5": {
            "sn": "04422",
            "brief": "Nif‘al, Hitpa‘el 溜出、逃出、被拯救，Pi‘el, Hif‘il 生下、拯救"
        },
        "1": {
            "sn": "01980",
            "brief": "行走、去"
        },
        "2": {
            "sn": "03289",
            "brief": "定意、谘询、劝告"
        },
        "3": {
            "sn": "04994",
            "brief": "作为鼓励语的一部份"
        },
        "4": {
            "sn": "06098",
            "brief": "筹算、谘商、劝告"
        },
        "6": {
            "sn": "00853",
            "brief": "不必翻译"
        },
        "7": {
            "sn": "05315",
            "brief": "生命、胃口、心灵"
        },
        "8": {
            "sn": "00853",
            "brief": "不必翻译"
        },
        "9": {
            "sn": "05315",
            "brief": "生命、胃口、心灵"
        },
        "10": {
            "sn": "01121",
            "brief": "儿子、孙子、后裔、成员"
        },
        "11": {
            "sn": "08010",
            "brief": "所罗门"
        },
        "literal": "现在，来，我给你出个主意，好保全你的性命和你儿子所罗门的性命。"
    },
    "13": {
        "2": {
            "sn": "01696",
            "brief": "Pi‘el 讲、说、指挥"
        },
        "literal": "看哪，你还在那里跟王说话的时候，我会随你之后进去，证实你的话。」",
        "0": {
            "sn": "02009",
            "brief": "看哪"
        },
        "3": {
            "sn": "08033",
            "brief": "那里"
        },
        "4": {
            "sn": "05973",
            "brief": "跟"
        },
        "5": {
            "sn": "04428",
            "brief": "君王"
        },
        "6": {
            "sn": "00589",
            "brief": "我"
        },
        "7": {
            "sn": "00935",
            "brief": "来、进入、临到、发生"
        },
        "8": {
            "sn": "00310",
            "brief": "后面、跟着"
        },
        "9": {
            "sn": "04390",
            "brief": "充满"
        },
        "10": {
            "sn": "00853",
            "brief": "不必翻译"
        },
        "11": {
            "sn": "01697",
            "brief": "话语、事情"
        },
        "1": {
            "sn": "05750",
            "brief": "再、仍然、持续"
        }
    },
    "17": {
        "literal": "现在，看哪，亚多尼雅作王了，现在，王我的主却不知道。",
        "1": {
            "sn": "02009",
            "brief": "看哪"
        },
        "2": {
            "sn": "00138",
            "brief": "亚多尼雅"
        },
        "3": {
            "sn": "04427",
            "brief": "作王、统治"
        },
        "4": {
            "sn": "06258",
            "brief": "现在"
        },
        "5": {
            "sn": "00113",
            "brief": "主人"
        },
        "6": {
            "sn": "04428",
            "brief": "君王"
        },
        "7": {
            "sn": "03808",
            "brief": "不"
        },
        "8": {
            "sn": "03045",
            "brief": "Qal 知道、认识、辨别、经历，Hif‘il 使知道、宣告"
        },
        "0": {
            "sn": "06258",
            "brief": "现在"
        }
    },
    "47": {
        "10": {
            "sn": "03117",
            "brief": "日子、时候"
        },
        "0": {
            "sn": "01571",
            "brief": "也"
        },
        "literal": "王也这样说：「雅威―以色列的上帝是应当称颂的；他今日赏赐一个坐在我位上的人，我的双眼看见了。」",
        "1": {
            "sn": "03602",
            "brief": "这样"
        },
        "2": {
            "sn": "00559",
            "brief": "说"
        },
        "3": {
            "sn": "04428",
            "brief": "王"
        },
        "4": {
            "sn": "01288",
            "brief": "赐福"
        },
        "5": {
            "sn": "03068",
            "brief": "上帝的名字「雅威」，犹太人尊称为「上主」"
        },
        "6": {
            "sn": "00430",
            "brief": "上帝、神、神明"
        },
        "7": {
            "sn": "03478",
            "brief": "以色列"
        },
        "8": {
            "sn": "00834",
            "brief": "不必翻译"
        },
        "9": {
            "sn": "05414",
            "brief": "赐、给"
        },
        "11": {
            "sn": "03427",
            "brief": "居住、坐、停留"
        },
        "12": {
            "sn": "05921",
            "brief": "在…上面"
        },
        "13": {
            "sn": "03678",
            "brief": "宝座、座位"
        },
        "14": {
            "sn": "05869",
            "brief": "眼目、眼睛"
        },
        "15": {
            "sn": "07200",
            "brief": "Qal 看见、看顾、察觉，Nif‘al 显现，Hif‘il 显明"
        }
    },
    "19": {
        "7": {
            "sn": "05046",
            "brief": "Hif‘il 告诉、宣布、声明、通知"
        },
        "0": {
            "sn": "00859",
            "brief": "你"
        },
        "1": {
            "sn": "00113",
            "brief": "主人"
        },
        "2": {
            "sn": "04428",
            "brief": "君王"
        },
        "3": {
            "sn": "05869",
            "brief": "眼目、眼睛"
        },
        "4": {
            "sn": "03605",
            "brief": "全部、整个、各"
        },
        "5": {
            "sn": "03478",
            "brief": "以色列"
        },
        "6": {
            "sn": "05921",
            "brief": "在…上面"
        },
        "8": {
            "sn": "09001",
            "brief": "给、往、向、到、归属于"
        },
        "9": {
            "sn": "04310",
            "brief": "谁"
        },
        "10": {
            "sn": "03427",
            "brief": "居住、坐、停留"
        },
        "11": {
            "sn": "05921",
            "brief": "在…上面"
        },
        "12": {
            "sn": "03678",
            "brief": "宝座、座位"
        },
        "13": {
            "sn": "00113",
            "brief": "主人"
        },
        "14": {
            "sn": "04428",
            "brief": "君王"
        },
        "15": {
            "sn": "00310",
            "brief": "后面、跟着"
        },
        "literal": "你，王我的主啊，以色列众人的眼目都仰望你，等你告诉他们，谁接续他(指王)坐王我的主的位子。"
    },
    "3": {
        "literal": "这女孩极其美貌，她作王的照顾者，事奉他，王却没有亲近她。",
        "0": {
            "sn": "05291",
            "brief": "女孩、女仆"
        },
        "1": {
            "sn": "03303",
            "brief": "美丽的、漂亮的"
        },
        "2": {
            "sn": "05704",
            "brief": "直到"
        },
        "3": {
            "sn": "03966",
            "brief": "极其、非常"
        },
        "4": {
            "sn": "01961",
            "brief": "是、成为、临到"
        },
        "5": {
            "sn": "04428",
            "brief": "君王"
        },
        "8": {
            "sn": "04428",
            "brief": "君王"
        },
        "7": {
            "sn": "08334",
            "brief": "Pi‘el 事奉、管理、伺候、供职"
        },
        "6": {
            "sn": "05532",
            "brief": "Qal 有利、有益、伺候，Hif‘il 熟悉、习惯"
        },
        "10": {
            "sn": "03045",
            "brief": "Qal 知道、认识、辨别、经历，Hif‘il 使知道、宣告"
        },
        "9": {
            "sn": "03808",
            "brief": "不"
        }
    },
    "27": {
        "11": {
            "sn": "05975",
            "brief": "Qal 站立、侍立、停留，Hif‘il 设立、使坚定"
        },
        "7": {
            "sn": "01339",
            "brief": "拔・示巴"
        },
        "8": {
            "sn": "00935",
            "brief": "来、进入、临到、发生"
        },
        "9": {
            "sn": "03942",
            "brief": "在…前面"
        },
        "10": {
            "sn": "04428",
            "brief": "君王"
        },
        "12": {
            "sn": "03942",
            "brief": "在…前面"
        },
        "13": {
            "sn": "04428",
            "brief": "君王"
        },
        "literal": "大卫王回答说：「替我叫拔・示巴来。」她就来到王面前，站在王的面前。",
        "0": {
            "sn": "06030",
            "brief": "I. 回答、作证；II. 忙；III. 使受苦、 使低微；IV. 唱歌 (I, IV 的 SN 为 6030. II, III 的 SN 为 6031)"
        },
        "1": {
            "sn": "04428",
            "brief": "君王"
        },
        "2": {
            "sn": "01732",
            "brief": "大卫"
        },
        "3": {
            "sn": "00559",
            "brief": "说"
        },
        "4": {
            "sn": "07121",
            "brief": "喊叫、召集、称呼、求告、朗读"
        },
        "5": {
            "sn": "09001",
            "brief": "给、往、向、到、归属于"
        },
        "6": {
            "sn": "01339",
            "brief": "拔・示巴"
        }
    },
    "38": {
        "16": {
            "sn": "02421",
            "brief": "Qal 活、存活，Pi‘el 生长、复苏、保存生命，Hif‘il 使存活、复活"
        },
        "0": {
            "sn": "03947",
            "brief": "拿、取"
        },
        "1": {
            "sn": "06659",
            "brief": "撒督"
        },
        "2": {
            "sn": "03548",
            "brief": "祭司"
        },
        "3": {
            "sn": "00853",
            "brief": "不必翻译"
        },
        "4": {
            "sn": "07161",
            "brief": "角"
        },
        "5": {
            "sn": "08081",
            "brief": "油、脂肪"
        },
        "6": {
            "sn": "04480",
            "brief": "从、出、离"
        },
        "7": {
            "sn": "00168",
            "brief": "帐棚、帐蓬"
        },
        "8": {
            "sn": "04886",
            "brief": "膏抹、涂抹"
        },
        "9": {
            "sn": "00853",
            "brief": "不必翻译"
        },
        "10": {
            "sn": "08010",
            "brief": "所罗门"
        },
        "11": {
            "sn": "08628",
            "brief": "吹、钉、敲击"
        },
        "12": {
            "sn": "07782",
            "brief": "角"
        },
        "13": {
            "sn": "00559",
            "brief": "说"
        },
        "14": {
            "sn": "03605",
            "brief": "全部、整个、各"
        },
        "15": {
            "sn": "05971",
            "brief": "百姓"
        },
        "17": {
            "sn": "04428",
            "brief": "君王"
        },
        "18": {
            "sn": "08010",
            "brief": "所罗门"
        },
        "literal": "祭司撒督就…取了(盛)膏油的角来，(…处填入下行)从帐幕中膏所罗门。人就吹角，众民都说：「愿所罗门王万岁！」"
    },
    "36": {
        "0": {
            "sn": "00834",
            "brief": "不必翻译"
        },
        "1": {
            "sn": "01961",
            "brief": "是、成为、临到"
        },
        "2": {
            "sn": "03068",
            "brief": "上帝的名字「雅威」，犹太人尊称为「上主」"
        },
        "3": {
            "sn": "05973",
            "brief": "跟"
        },
        "4": {
            "sn": "00113",
            "brief": "主人"
        },
        "5": {
            "sn": "04428",
            "brief": "君王"
        },
        "6": {
            "sn": "03651",
            "brief": "副词：因此、如此、这样；形容词：对、真的、公平、诚实"
        },
        "7": {
            "sn": "01961",
            "brief": "是、成为、临到"
        },
        "8": {
            "sn": "05973",
            "brief": "跟"
        },
        "9": {
            "sn": "08010",
            "brief": "所罗门"
        },
        "11": {
            "sn": "00853",
            "brief": "不必翻译"
        },
        "12": {
            "sn": "03678",
            "brief": "宝座、座位"
        },
        "13": {
            "sn": "03678",
            "brief": "宝座、座位"
        },
        "14": {
            "sn": "00113",
            "brief": "主人"
        },
        "15": {
            "sn": "04428",
            "brief": "君王"
        },
        "16": {
            "sn": "01732",
            "brief": "大卫"
        },
        "10": {
            "sn": "01431",
            "brief": "养育、使变大、被尊崇"
        },
        "literal": "雅威怎样与王我的主同在，愿他照样与所罗门同在，使他的国位比我主大卫王的国位更大。」"
    },
    "28": {
        "0": {
            "sn": "07650",
            "brief": "Qal Nif‘al 发誓，Hif‘il 使起誓、嘱咐"
        },
        "literal": "王起誓说：我指着…永生的雅威起誓：(…处填入下行)救我性命脱离一切苦难的",
        "1": {
            "sn": "04428",
            "brief": "君王"
        },
        "2": {
            "sn": "00559",
            "brief": "说"
        },
        "3": {
            "sn": "02416",
            "brief": "活的"
        },
        "4": {
            "sn": "03068",
            "brief": "上帝的名字「雅威」，犹太人尊称为「上主」"
        },
        "5": {
            "sn": "00834",
            "brief": "不必翻译"
        },
        "6": {
            "sn": "06299",
            "brief": "救赎"
        },
        "7": {
            "sn": "00853",
            "brief": "不必翻译"
        },
        "8": {
            "sn": "05315",
            "brief": "生命、胃口、心灵"
        },
        "9": {
            "sn": "03605",
            "brief": "全部、整个、各"
        },
        "10": {
            "sn": "06869",
            "brief": "艰难"
        }
    },
    "33": {
        "literal": "祭司撒督和先知拿单要在那里膏他作以色列的王；你们也要吹角，说：『愿所罗门王万岁！』",
        "13": {
            "sn": "02421",
            "brief": "Qal 活、存活，Pi‘el 生长、复苏、保存生命，Hif‘il 使存活、复活"
        },
        "14": {
            "sn": "04428",
            "brief": "君王"
        },
        "15": {
            "sn": "08010",
            "brief": "所罗门"
        },
        "10": {
            "sn": "08628",
            "brief": "吹、钉、敲击"
        },
        "0": {
            "sn": "04886",
            "brief": "膏抹、涂抹"
        },
        "1": {
            "sn": "00853",
            "brief": "不必翻译"
        },
        "2": {
            "sn": "08033",
            "brief": "那里"
        },
        "3": {
            "sn": "06659",
            "brief": "撒督"
        },
        "4": {
            "sn": "03548",
            "brief": "祭司"
        },
        "5": {
            "sn": "05416",
            "brief": "拿单"
        },
        "6": {
            "sn": "05030",
            "brief": "先知"
        },
        "7": {
            "sn": "04428",
            "brief": "君王"
        },
        "8": {
            "sn": "05921",
            "brief": "在…上面"
        },
        "9": {
            "sn": "03478",
            "brief": "以色列"
        },
        "11": {
            "sn": "07782",
            "brief": "角"
        },
        "12": {
            "sn": "00559",
            "brief": "说"
        }
    },
    "32": {
        "literal": "王对他们说：「要带你们主的仆人们，使我儿子所罗门骑上我的骡子，送他下到基训；",
        "8": {
            "sn": "07392",
            "brief": "骑"
        },
        "16": {
            "sn": "03381",
            "brief": "下去"
        },
        "0": {
            "sn": "00559",
            "brief": "说"
        },
        "1": {
            "sn": "04428",
            "brief": "君王"
        },
        "2": {
            "sn": "09001",
            "brief": "给、往、向、到、归属于"
        },
        "3": {
            "sn": "03947",
            "brief": "拿、取"
        },
        "4": {
            "sn": "05973",
            "brief": "跟"
        },
        "5": {
            "sn": "00853",
            "brief": "不必翻译"
        },
        "6": {
            "sn": "05650",
            "brief": "仆人、奴隶"
        },
        "7": {
            "sn": "00113",
            "brief": "主人"
        },
        "9": {
            "sn": "00853",
            "brief": "不必翻译"
        },
        "10": {
            "sn": "08010",
            "brief": "所罗门"
        },
        "11": {
            "sn": "01121",
            "brief": "儿子、孙子、后裔、成员"
        },
        "12": {
            "sn": "05921",
            "brief": "在…上面"
        },
        "13": {
            "sn": "06506",
            "brief": "骡子"
        },
        "14": {
            "sn": "00834",
            "brief": "不必翻译"
        },
        "15": {
            "sn": "09001",
            "brief": "给、往、向、到、归属于"
        },
        "17": {
            "sn": "00853",
            "brief": "不必翻译"
        },
        "18": {
            "sn": "00413",
            "brief": "对、向、往"
        },
        "19": {
            "sn": "01521",
            "brief": "基训"
        }
    },
    "30": {
        "literal": "于是，拔・示巴低头，双鼻碰地，向王下拜，说：「愿我主大卫王万岁！」",
        "0": {
            "sn": "06915",
            "brief": "低头"
        },
        "1": {
            "sn": "01339",
            "brief": "拔・示巴"
        },
        "2": {
            "sn": "01339",
            "brief": "拔・示巴"
        },
        "3": {
            "sn": "00639",
            "brief": "鼻子、怒气、脸"
        },
        "4": {
            "sn": "00776",
            "brief": "地、邦国、疆界"
        },
        "6": {
            "sn": "04428",
            "brief": "君王"
        },
        "7": {
            "sn": "00559",
            "brief": "说"
        },
        "9": {
            "sn": "00113",
            "brief": "主人"
        },
        "10": {
            "sn": "04428",
            "brief": "君王"
        },
        "11": {
            "sn": "01732",
            "brief": "大卫"
        },
        "12": {
            "sn": "05769",
            "brief": "永远、古老、长久"
        },
        "13": {
            "sn": "09015",
            "brief": "开的意思"
        },
        "5": {
            "sn": "09013",
            "brief": "跪拜、下拜"
        },
        "8": {
            "sn": "02421",
            "brief": "Qal 活、存活，Pi‘el 生长、复苏、保存生命，Hif‘il 使存活、复活"
        }
    },
    "14": {
        "literal": "拔・示巴进到内室王那里，王甚老迈，书念女子亚比煞正伺候王。",
        "0": {
            "sn": "00935",
            "brief": "来、进入、临到、发生"
        },
        "1": {
            "sn": "01339",
            "brief": "拔・示巴"
        },
        "2": {
            "sn": "01339",
            "brief": "拔・示巴"
        },
        "3": {
            "sn": "00413",
            "brief": "对、向、往"
        },
        "4": {
            "sn": "04428",
            "brief": "君王"
        },
        "5": {
            "sn": "02315",
            "brief": "房间、寝室"
        },
        "6": {
            "sn": "04428",
            "brief": "君王"
        },
        "7": {
            "sn": "02204",
            "brief": "年老、变老"
        },
        "8": {
            "sn": "03966",
            "brief": "极其、非常"
        },
        "9": {
            "sn": "00049",
            "brief": "亚比煞"
        },
        "10": {
            "sn": "07767",
            "brief": "书念人"
        },
        "11": {
            "sn": "08334",
            "brief": "Pi‘el 事奉、管理、伺候、供职"
        },
        "12": {
            "sn": "00853",
            "brief": "不必翻译"
        },
        "13": {
            "sn": "04428",
            "brief": "君王"
        }
    },
    "37": {
        "literal": "于是，祭司撒督、和先知拿单、…都下去(…处填入下行)和耶何耶大的儿子比拿雅，和基利提人、和比利提人使所罗门骑大卫王的骡子，送他到基训。",
        "0": {
            "sn": "03381",
            "brief": "降临、下去"
        },
        "1": {
            "sn": "06659",
            "brief": "撒督"
        },
        "2": {
            "sn": "03548",
            "brief": "祭司"
        },
        "3": {
            "sn": "05416",
            "brief": "拿单"
        },
        "4": {
            "sn": "05030",
            "brief": "先知"
        },
        "5": {
            "sn": "01141",
            "brief": "比拿雅"
        },
        "6": {
            "sn": "01121",
            "brief": "儿子、孙子、后裔、成员"
        },
        "7": {
            "sn": "03077",
            "brief": "耶何耶大"
        },
        "8": {
            "sn": "03774",
            "brief": "基利提人"
        },
        "9": {
            "sn": "06432",
            "brief": "比利提人"
        },
        "11": {
            "sn": "00853",
            "brief": "不必翻译"
        },
        "10": {
            "sn": "07392",
            "brief": "乘驾、骑"
        },
        "17": {
            "sn": "01980",
            "brief": "行走、去"
        },
        "12": {
            "sn": "08010",
            "brief": "所罗门"
        },
        "13": {
            "sn": "05921",
            "brief": "在…上面"
        },
        "14": {
            "sn": "06506",
            "brief": "骡子"
        },
        "15": {
            "sn": "04428",
            "brief": "君王"
        },
        "16": {
            "sn": "01732",
            "brief": "大卫"
        },
        "18": {
            "sn": "00853",
            "brief": "不必翻译"
        },
        "19": {
            "sn": "05921",
            "brief": "在…上面"
        },
        "20": {
            "sn": "01521",
            "brief": "基训"
        }
    },
    "40": {
        "0": {
            "sn": "08085",
            "brief": "Qal 听、听从，Hif‘il 说明、使…听"
        },
        "9": {
            "sn": "08085",
            "brief": "Qal 听、听从，Hif‘il 说明、使…听"
        },
        "literal": "亚多尼雅和所有在他那里请来的(客)人听见了，就停止吃；约押听见角声就说：「城中为何有这响声呢？」",
        "1": {
            "sn": "00138",
            "brief": "亚多尼雅"
        },
        "2": {
            "sn": "03605",
            "brief": "全部、整个、各"
        },
        "3": {
            "sn": "07121",
            "brief": "喊叫、召集、称呼、求告、朗读"
        },
        "4": {
            "sn": "00834",
            "brief": "不必翻译"
        },
        "5": {
            "sn": "00854",
            "brief": "与、跟"
        },
        "6": {
            "sn": "01992",
            "brief": "他们"
        },
        "8": {
            "sn": "00398",
            "brief": "吃、吞吃"
        },
        "10": {
            "sn": "03097",
            "brief": "约押"
        },
        "11": {
            "sn": "00853",
            "brief": "不必翻译"
        },
        "12": {
            "sn": "06963",
            "brief": "声音"
        },
        "13": {
            "sn": "07782",
            "brief": "角"
        },
        "14": {
            "sn": "00559",
            "brief": "说"
        },
        "15": {
            "sn": "04069",
            "brief": "为什么"
        },
        "16": {
            "sn": "06963",
            "brief": "声音"
        },
        "17": {
            "sn": "07151",
            "brief": "城镇"
        },
        "18": {
            "sn": "01993",
            "brief": "大吼、呼啸、骚动、哀鸣、呻吟"
        },
        "7": {
            "sn": "03615",
            "brief": "Qal 完成、结束、停止，Pi‘el 完成、毁坏、根除"
        }
    },
    "41": {
        "16": {
            "sn": "01319",
            "brief": "传好消息"
        },
        "literal": "他正说话的时候，看哪，祭司亚比亚他的儿子约拿单来了。亚多尼雅说：「进来吧！因为你是个贤明的人，你必带来好消息。」",
        "2": {
            "sn": "02009",
            "brief": "看哪"
        },
        "3": {
            "sn": "03129",
            "brief": "约拿单"
        },
        "4": {
            "sn": "01121",
            "brief": "儿子、孙子、后裔、成员"
        },
        "5": {
            "sn": "00054",
            "brief": "亚比亚他"
        },
        "6": {
            "sn": "03548",
            "brief": "祭司"
        },
        "7": {
            "sn": "00935",
            "brief": "来、进入、临到、发生"
        },
        "8": {
            "sn": "00559",
            "brief": "说"
        },
        "9": {
            "sn": "00138",
            "brief": "亚多尼雅"
        },
        "10": {
            "sn": "00935",
            "brief": "来、进入、临到、发生"
        },
        "11": {
            "sn": "03588",
            "brief": "因为、不必翻译"
        },
        "12": {
            "sn": "00376",
            "brief": "各人、人、男人、丈夫"
        },
        "13": {
            "sn": "02428",
            "brief": "军队、力量、财富、能力"
        },
        "14": {
            "sn": "00859",
            "brief": "你"
        },
        "1": {
            "sn": "01696",
            "brief": "Pi‘el 讲、说、指挥"
        },
        "15": {
            "sn": "02896",
            "brief": "名词：良善、美好、福乐；形容词：良善的、美好的"
        },
        "0": {
            "sn": "05750",
            "brief": "再、仍然、持续"
        }
    },
    "42": {
        "8": {
            "sn": "04427",
            "brief": "作王、统治"
        },
        "literal": "约拿单回答亚多尼雅说：「不，我们的主大卫王立所罗门为王了。",
        "0": {
            "sn": "06030",
            "brief": "I. 回答、作证；II. 忙；III. 使受苦、 使低微；IV. 唱歌 (I, IV 的 SN 为 6030. II, III 的 SN 为 6031)"
        },
        "1": {
            "sn": "03129",
            "brief": "约拿单"
        },
        "2": {
            "sn": "00559",
            "brief": "说"
        },
        "3": {
            "sn": "00138",
            "brief": "亚多尼雅"
        },
        "4": {
            "sn": "00061",
            "brief": "真正地、相反地、然而"
        },
        "5": {
            "sn": "00113",
            "brief": "主人"
        },
        "6": {
            "sn": "04428",
            "brief": "王"
        },
        "7": {
            "sn": "01732",
            "brief": "大卫"
        },
        "9": {
            "sn": "00853",
            "brief": "不必翻译"
        },
        "10": {
            "sn": "08010",
            "brief": "所罗门"
        }
    },
    "43": {
        "literal": "王差遣祭司撒督、…与他(指所罗门)一起，(…处填入下行)和先知拿单、和耶何耶大的儿子比拿雅，和基利提人、和比利提人使他骑在王的骡子上。",
        "0": {
            "sn": "07971",
            "brief": "差遣、释放、送走、伸出、伸展"
        },
        "1": {
            "sn": "00854",
            "brief": "与、跟"
        },
        "2": {
            "sn": "04428",
            "brief": "王"
        },
        "3": {
            "sn": "00853",
            "brief": "不必翻译"
        },
        "4": {
            "sn": "06659",
            "brief": "撒督"
        },
        "5": {
            "sn": "03548",
            "brief": "祭司"
        },
        "6": {
            "sn": "00853",
            "brief": "不必翻译"
        },
        "7": {
            "sn": "05416",
            "brief": "拿单"
        },
        "8": {
            "sn": "05030",
            "brief": "先知"
        },
        "9": {
            "sn": "01141",
            "brief": "比拿雅"
        },
        "10": {
            "sn": "01121",
            "brief": "儿子、孙子、后裔、成员"
        },
        "11": {
            "sn": "03077",
            "brief": "耶何耶大"
        },
        "12": {
            "sn": "03774",
            "brief": "基利提人"
        },
        "13": {
            "sn": "06432",
            "brief": "比利提人"
        },
        "15": {
            "sn": "00853",
            "brief": "不必翻译"
        },
        "16": {
            "sn": "05921",
            "brief": "在…上面"
        },
        "17": {
            "sn": "06506",
            "brief": "骡子"
        },
        "18": {
            "sn": "04428",
            "brief": "王"
        },
        "14": {
            "sn": "07392",
            "brief": "乘驾、骑"
        }
    },
    "35": {
        "literal": "耶何耶大的儿子比拿雅回答王说：「阿们！愿雅威―王我主的上帝也这样说。",
        "0": {
            "sn": "06030",
            "brief": "I. 回答、作证；II. 忙；III. 使受苦、 使低微；IV. 唱歌 (I, IV 的 SN 为 6030. II, III 的 SN 为 6031)"
        },
        "1": {
            "sn": "01141",
            "brief": "比拿雅"
        },
        "2": {
            "sn": "01121",
            "brief": "儿子、孙子、后裔、成员"
        },
        "3": {
            "sn": "03077",
            "brief": "耶何耶大"
        },
        "4": {
            "sn": "00853",
            "brief": "不必翻译"
        },
        "5": {
            "sn": "04428",
            "brief": "君王"
        },
        "6": {
            "sn": "00559",
            "brief": "说"
        },
        "7": {
            "sn": "00543",
            "brief": "真确地"
        },
        "8": {
            "sn": "03651",
            "brief": "副词：因此、如此、这样；形容词：对、真的、公平、诚实"
        },
        "9": {
            "sn": "00559",
            "brief": "说"
        },
        "10": {
            "sn": "03068",
            "brief": "上帝的名字「雅威」，犹太人尊称为「上主」"
        },
        "11": {
            "sn": "00430",
            "brief": "上帝、神、神明"
        },
        "12": {
            "sn": "00113",
            "brief": "主人"
        },
        "13": {
            "sn": "04428",
            "brief": "君王"
        }
    },
    "8": {
        "5": {
            "sn": "05973",
            "brief": "跟"
        },
        "literal": "亚多尼雅…宰了羊和牛、就是肥畜，(…处填入下行)在隐．罗结旁的琐希列磐石那里请他所有的弟兄，王的众子，并所有作王臣仆的犹大人；",
        "0": {
            "sn": "02076",
            "brief": "屠宰、献祭"
        },
        "1": {
            "sn": "00138",
            "brief": "亚多尼雅"
        },
        "2": {
            "sn": "06629",
            "brief": "羊"
        },
        "3": {
            "sn": "01241",
            "brief": "牛"
        },
        "4": {
            "sn": "04806",
            "brief": "肥畜"
        },
        "6": {
            "sn": "00068",
            "brief": "石头、法码、宝石"
        },
        "7": {
            "sn": "02120",
            "brief": "琐希列"
        },
        "8": {
            "sn": "00834",
            "brief": "不必翻译"
        },
        "9": {
            "sn": "00681",
            "brief": "旁边"
        },
        "10": {
            "sn": "05883",
            "brief": "隐．罗结"
        },
        "11": {
            "sn": "05883",
            "brief": "隐．罗结"
        },
        "12": {
            "sn": "07121",
            "brief": "喊叫、召集、称呼、求告、朗读"
        },
        "13": {
            "sn": "00853",
            "brief": "不必翻译"
        },
        "14": {
            "sn": "03605",
            "brief": "全部、整个、各"
        },
        "15": {
            "sn": "00251",
            "brief": "兄弟"
        },
        "16": {
            "sn": "01121",
            "brief": "儿子、孙子、后裔、成员"
        },
        "17": {
            "sn": "04428",
            "brief": "君王"
        },
        "18": {
            "sn": "03605",
            "brief": "全部、整个、各"
        },
        "19": {
            "sn": "00376",
            "brief": "各人、人、男人、丈夫"
        },
        "20": {
            "sn": "03063",
            "brief": "犹大"
        },
        "21": {
            "sn": "05650",
            "brief": "仆人、奴隶"
        },
        "22": {
            "sn": "04428",
            "brief": "君王"
        }
    },
    "18": {
        "literal": "他宰了许多公牛，和肥畜，和羊，请王的众子和祭司亚比亚他，并元帅约押；但你的仆人所罗门，他没有请。",
        "0": {
            "sn": "02076",
            "brief": "屠宰、献祭"
        },
        "1": {
            "sn": "07794",
            "brief": "公牛"
        },
        "2": {
            "sn": "04806",
            "brief": "肥畜"
        },
        "3": {
            "sn": "06629",
            "brief": "羊"
        },
        "4": {
            "sn": "07230",
            "brief": "多"
        },
        "5": {
            "sn": "07121",
            "brief": "喊叫、召集、称呼、求告、朗读"
        },
        "6": {
            "sn": "03605",
            "brief": "全部、整个、各"
        },
        "7": {
            "sn": "01121",
            "brief": "儿子、孙子、后裔、成员"
        },
        "8": {
            "sn": "04428",
            "brief": "君王"
        },
        "9": {
            "sn": "00054",
            "brief": "亚比亚他"
        },
        "10": {
            "sn": "03548",
            "brief": "祭司"
        },
        "11": {
            "sn": "03097",
            "brief": "约押"
        },
        "12": {
            "sn": "08269",
            "brief": "领袖"
        },
        "13": {
            "sn": "06635",
            "brief": "军队、战争、服役"
        },
        "14": {
            "sn": "08010",
            "brief": "所罗门"
        },
        "15": {
            "sn": "05650",
            "brief": "仆人、奴隶"
        },
        "16": {
            "sn": "03808",
            "brief": "不"
        },
        "17": {
            "sn": "07121",
            "brief": "喊叫、召集、称呼、求告、朗读"
        }
    },
    "24": {
        "literal": "他今日下去，宰了许多公牛，和肥畜，和羊，请了王的众子和军队的将领们，并祭司亚比亚他；看哪，他们正在他面前吃喝，说：『愿亚多尼雅王万岁！』",
        "0": {
            "sn": "03588",
            "brief": "因为、不必翻译"
        },
        "1": {
            "sn": "03381",
            "brief": "降临、下去"
        },
        "2": {
            "sn": "03117",
            "brief": "日子、时候"
        },
        "3": {
            "sn": "02076",
            "brief": "屠宰、献祭"
        },
        "4": {
            "sn": "07794",
            "brief": "公牛"
        },
        "5": {
            "sn": "04806",
            "brief": "肥畜"
        },
        "6": {
            "sn": "06629",
            "brief": "羊"
        },
        "7": {
            "sn": "07230",
            "brief": "多"
        },
        "8": {
            "sn": "07121",
            "brief": "喊叫、召集、称呼、求告、朗读"
        },
        "9": {
            "sn": "03605",
            "brief": "全部、整个、各"
        },
        "10": {
            "sn": "01121",
            "brief": "儿子、孙子、后裔、成员"
        },
        "11": {
            "sn": "04428",
            "brief": "君王"
        },
        "12": {
            "sn": "08269",
            "brief": "领袖"
        },
        "13": {
            "sn": "06635",
            "brief": "军队、战争、服役"
        },
        "14": {
            "sn": "00054",
            "brief": "亚比亚他"
        },
        "15": {
            "sn": "03548",
            "brief": "祭司"
        },
        "16": {
            "sn": "02009",
            "brief": "看哪"
        },
        "17": {
            "sn": "00398",
            "brief": "吃、吞吃"
        },
        "18": {
            "sn": "08354",
            "brief": "喝"
        },
        "19": {
            "sn": "03942",
            "brief": "在…前面"
        },
        "20": {
            "sn": "00559",
            "brief": "说"
        },
        "21": {
            "sn": "02421",
            "brief": "Qal 活、存活，Pi‘el 生长、复苏、保存生命，Hif‘il 使存活、复活"
        },
        "22": {
            "sn": "04428",
            "brief": "君王"
        },
        "23": {
            "sn": "00138",
            "brief": "亚多尼雅"
        }
    }
}