{
    "12": {
        "15": {
            "sn": "09001",
            "brief": "给、往、向、到、归属于"
        },
        "6": {
            "sn": "03318",
            "brief": "Qal 出去，Hif‘il 领出"
        },
        "3": {
            "sn": "03874",
            "brief": "紧紧缠裹"
        },
        "literal": "以利亚听见时，就用他的外衣蒙住自己的脸，出来站在洞口。看哪，有声音向他说：「以利亚啊，你在这里(做)甚么？」",
        "0": {
            "sn": "01961",
            "brief": "是、成为、临到"
        },
        "2": {
            "sn": "00452",
            "brief": "以利亚"
        },
        "4": {
            "sn": "06440",
            "brief": "脸面"
        },
        "5": {
            "sn": "00155",
            "brief": "毛皮外袍"
        },
        "1": {
            "sn": "08085",
            "brief": "Qal 听、听从，Hif‘il 说明、使…听"
        },
        "8": {
            "sn": "06607",
            "brief": "通道、入口"
        },
        "9": {
            "sn": "04631",
            "brief": "洞穴"
        },
        "10": {
            "sn": "02009",
            "brief": "看哪"
        },
        "11": {
            "sn": "00413",
            "brief": "向、往"
        },
        "12": {
            "sn": "06963",
            "brief": "声音"
        },
        "13": {
            "sn": "00559",
            "brief": "说"
        },
        "14": {
            "sn": "04100",
            "brief": "什么"
        },
        "16": {
            "sn": "06311",
            "brief": "这里"
        },
        "17": {
            "sn": "00452",
            "brief": "以利亚"
        },
        "7": {
            "sn": "05975",
            "brief": "Qal 站立、侍立、停留，Hif‘il 设立、使坚定"
        }
    },
    "6": {
        "5": {
            "sn": "09002",
            "brief": "在、用、藉着、与、敌对"
        },
        "literal": "雅威的使者又来，第二次拍他，说：「起来吃吧！因为这路途离你甚远。」",
        "1": {
            "sn": "04397",
            "brief": "使者"
        },
        "2": {
            "sn": "03068",
            "brief": "上帝的名字「雅威」，犹太人尊称为「上主」"
        },
        "3": {
            "sn": "08145",
            "brief": "序数的第二"
        },
        "4": {
            "sn": "05060",
            "brief": "接触、触及"
        },
        "6": {
            "sn": "00559",
            "brief": "说"
        },
        "7": {
            "sn": "06965",
            "brief": "起来、设立、坚立"
        },
        "8": {
            "sn": "00398",
            "brief": "吃、吞吃"
        },
        "9": {
            "sn": "03588",
            "brief": "因为、不必翻译"
        },
        "10": {
            "sn": "07227",
            "brief": "I. 形容词：大量的、许多的、充足的，II. 名词：统帅、首领。"
        },
        "11": {
            "sn": "04480",
            "brief": "从、出、离"
        },
        "0": {
            "sn": "07725",
            "brief": "Qal 回复、回转、重复，Po‘lel 带回、复兴、更新，Hif‘il 回报、报告、带回"
        },
        "12": {
            "sn": "01870",
            "brief": "道路、行为、方向、方法"
        }
    },
    "17": {
        "7": {
            "sn": "03808",
            "brief": "不"
        },
        "0": {
            "sn": "07604",
            "brief": "剩下"
        },
        "13": {
            "sn": "03808",
            "brief": "不"
        },
        "literal": "但我在以色列中留下七千人，任何膝盖都没有向巴力弯屈，任何嘴巴也没有亲它。",
        "1": {
            "sn": "03478",
            "brief": "以色列"
        },
        "2": {
            "sn": "07651",
            "brief": "数目的「七」"
        },
        "3": {
            "sn": "00505",
            "brief": "许多、数目的「一千」"
        },
        "4": {
            "sn": "03605",
            "brief": "全部、整个、各"
        },
        "5": {
            "sn": "01290",
            "brief": "膝盖"
        },
        "6": {
            "sn": "00834",
            "brief": "不必翻译"
        },
        "8": {
            "sn": "03766",
            "brief": "叩拜、屈身、下跪"
        },
        "9": {
            "sn": "01168",
            "brief": "巴力"
        },
        "10": {
            "sn": "03605",
            "brief": "全部、整个、各"
        },
        "11": {
            "sn": "06310",
            "brief": "口、命令、末端、沿岸、比例"
        },
        "12": {
            "sn": "00834",
            "brief": "不必翻译"
        },
        "14": {
            "sn": "05401",
            "brief": "I. 放一起、亲嘴；II. 配备"
        },
        "15": {
            "sn": "09001",
            "brief": "给、往、向、到、归属于"
        }
    },
    "3": {
        "21": {
            "sn": "03808",
            "brief": "不"
        },
        "literal": "他在旷野走了一日的路程，来到一棵罗腾树下，就躺下，为自己的性命求死，说：「雅威啊，罢了！现在，求祢取我的性命，因为我不胜于我的列祖。」",
        "0": {
            "sn": "01931",
            "brief": "他"
        },
        "1": {
            "sn": "01980",
            "brief": "来、去"
        },
        "2": {
            "sn": "04057",
            "brief": "旷野"
        },
        "3": {
            "sn": "01870",
            "brief": "道路、行为、方向、方法"
        },
        "4": {
            "sn": "03117",
            "brief": "日子、时候"
        },
        "5": {
            "sn": "00935",
            "brief": "来、进入、临到、发生"
        },
        "6": {
            "sn": "03427",
            "brief": "居住、坐、停留"
        },
        "7": {
            "sn": "08478",
            "brief": "1. 名词：位置、地方；2. 介系词：在…之下；3. 介系词：代替、因为"
        },
        "8": {
            "sn": "07574",
            "brief": "金雀花、罗腾"
        },
        "9": {
            "sn": "00259",
            "brief": "数目的「一」"
        },
        "10": {
            "sn": "07592",
            "brief": "问、询问"
        },
        "11": {
            "sn": "00853",
            "brief": "不必翻译"
        },
        "12": {
            "sn": "05315",
            "brief": "生命、灵魂"
        },
        "13": {
            "sn": "04191",
            "brief": "死、治死"
        },
        "14": {
            "sn": "00559",
            "brief": "说"
        },
        "15": {
            "sn": "07227",
            "brief": "I. 形容词：大量的、许多的、充足的，II. 名词：统帅、首领。"
        },
        "16": {
            "sn": "06258",
            "brief": "现在"
        },
        "17": {
            "sn": "03068",
            "brief": "上帝的名字「雅威」，犹太人尊称为「上主」"
        },
        "18": {
            "sn": "03947",
            "brief": "取、娶、拿"
        },
        "19": {
            "sn": "05315",
            "brief": "生命、灵魂"
        },
        "20": {
            "sn": "03588",
            "brief": "因为、不必翻译"
        },
        "23": {
            "sn": "00595",
            "brief": "我"
        },
        "24": {
            "sn": "00001",
            "brief": "父亲、祖先"
        },
        "22": {
            "sn": "02896",
            "brief": "名词：良善、美好、福乐；形容词：良善的、美好的"
        }
    },
    "0": {
        "literal": "亚哈告诉耶洗别以利亚一切所行的和他用刀杀众先知的一切事。",
        "15": {
            "sn": "02719",
            "brief": "刀、刀剑"
        },
        "0": {
            "sn": "05046",
            "brief": "Hif‘il 告诉、宣布、声明、通知"
        },
        "1": {
            "sn": "00256",
            "brief": "亚哈"
        },
        "2": {
            "sn": "00348",
            "brief": "耶洗别"
        },
        "3": {
            "sn": "00853",
            "brief": "不必翻译"
        },
        "4": {
            "sn": "03605",
            "brief": "全部、整个、各"
        },
        "5": {
            "sn": "00834",
            "brief": "不必翻译"
        },
        "6": {
            "sn": "06213",
            "brief": "做"
        },
        "7": {
            "sn": "00452",
            "brief": "以利亚"
        },
        "8": {
            "sn": "00853",
            "brief": "不必翻译"
        },
        "9": {
            "sn": "03605",
            "brief": "全部、整个、各"
        },
        "10": {
            "sn": "00834",
            "brief": "不必翻译"
        },
        "11": {
            "sn": "02026",
            "brief": "杀戮"
        },
        "12": {
            "sn": "00853",
            "brief": "不必翻译"
        },
        "13": {
            "sn": "03605",
            "brief": "全部、整个、各"
        },
        "14": {
            "sn": "05030",
            "brief": "先知"
        }
    },
    "18": {
        "literal": "于是，他(指以利亚)从那里离开找到沙法的儿子以利沙，他正在耕地；有十二对牛在他前头，他自己(赶着)第十二对。以利亚过到他那里，把他自己的外衣搭在他(指以利亚沙身上。",
        "2": {
            "sn": "04672",
            "brief": "寻找、追上、获得、发现"
        },
        "3": {
            "sn": "00853",
            "brief": "不必翻译"
        },
        "4": {
            "sn": "00477",
            "brief": "以利沙"
        },
        "5": {
            "sn": "01121",
            "brief": "儿子、孙子、后裔、成员"
        },
        "6": {
            "sn": "08202",
            "brief": "沙法"
        },
        "7": {
            "sn": "01931",
            "brief": "他"
        },
        "8": {
            "sn": "02790",
            "brief": "耕种、切割、设计、沉默"
        },
        "9": {
            "sn": "08147",
            "brief": "数目的「二」"
        },
        "10": {
            "sn": "06240",
            "brief": "数目的「十」"
        },
        "11": {
            "sn": "06776",
            "brief": "一对、一双"
        },
        "12": {
            "sn": "03942",
            "brief": "在…之前"
        },
        "13": {
            "sn": "01931",
            "brief": "他"
        },
        "14": {
            "sn": "08147",
            "brief": "数目的「二」"
        },
        "15": {
            "sn": "06240",
            "brief": "数目的「十」"
        },
        "16": {
            "sn": "05674",
            "brief": "经过、穿越、涨溢、离开、拿走、违犯、废除"
        },
        "0": {
            "sn": "01980",
            "brief": "来、去"
        },
        "1": {
            "sn": "08033",
            "brief": "那里"
        },
        "17": {
            "sn": "00452",
            "brief": "以利亚"
        },
        "18": {
            "sn": "00413",
            "brief": "向、往"
        },
        "20": {
            "sn": "00155",
            "brief": "毛皮外袍"
        },
        "21": {
            "sn": "00413",
            "brief": "向、往"
        },
        "19": {
            "sn": "07993",
            "brief": "Hif‘il 抛弃、抛出、赶出、掷"
        }
    },
    "19": {
        "0": {
            "sn": "05800",
            "brief": "I. 离弃、撇下；II. 修复"
        },
        "1": {
            "sn": "00853",
            "brief": "不必翻译"
        },
        "2": {
            "sn": "01241",
            "brief": "牛"
        },
        "3": {
            "sn": "07323",
            "brief": "奔跑"
        },
        "9": {
            "sn": "00001",
            "brief": "父亲、祖先"
        },
        "10": {
            "sn": "00517",
            "brief": "母亲"
        },
        "11": {
            "sn": "01980",
            "brief": "来、去"
        },
        "12": {
            "sn": "00310",
            "brief": "后面"
        },
        "13": {
            "sn": "00559",
            "brief": "说"
        },
        "15": {
            "sn": "01980",
            "brief": "来、去"
        },
        "literal": "以利沙就撇下牛，跑去跟随以利亚，说：「求你容我(先)亲我的父亲和我的母亲，(然后)我便跟随你。」他对他说：「去吧，回去吧，我向你做了甚么呢？」",
        "4": {
            "sn": "00310",
            "brief": "后面"
        },
        "5": {
            "sn": "00452",
            "brief": "以利亚"
        },
        "6": {
            "sn": "00559",
            "brief": "说"
        },
        "7": {
            "sn": "05401",
            "brief": "I. 放一起、亲嘴；II. 配备"
        },
        "8": {
            "sn": "04994",
            "brief": "作为鼓励语的一部份"
        },
        "14": {
            "sn": "09001",
            "brief": "给、往、向、到、归属于"
        },
        "17": {
            "sn": "03588",
            "brief": "因为、不必翻译"
        },
        "18": {
            "sn": "04100",
            "brief": "什么"
        },
        "19": {
            "sn": "06213",
            "brief": "做"
        },
        "20": {
            "sn": "09001",
            "brief": "给、往、向、到、归属于"
        },
        "16": {
            "sn": "07725",
            "brief": "Qal 回复、回转、重复，Po‘lel 带回、复兴、更新，Hif‘il 回报、报告、带回"
        }
    },
    "8": {
        "4": {
            "sn": "03885",
            "brief": "I. 居住、休息、过夜；II. Nif‘al 发牢骚、抱怨"
        },
        "literal": "他来到那里，进了一个洞，就在那里过夜。看哪，雅威的话临到他，对他说：「以利亚啊，你在这里(做)甚么？」",
        "0": {
            "sn": "00935",
            "brief": "来、进入、临到、发生"
        },
        "1": {
            "sn": "08033",
            "brief": "那里"
        },
        "2": {
            "sn": "00413",
            "brief": "向、往"
        },
        "3": {
            "sn": "04631",
            "brief": "洞穴"
        },
        "5": {
            "sn": "08033",
            "brief": "那里"
        },
        "6": {
            "sn": "02009",
            "brief": "看哪"
        },
        "7": {
            "sn": "01697",
            "brief": "话语、事情"
        },
        "8": {
            "sn": "03068",
            "brief": "上帝的名字「雅威」，犹太人尊称为「上主」"
        },
        "9": {
            "sn": "00413",
            "brief": "向、往"
        },
        "10": {
            "sn": "00559",
            "brief": "说"
        },
        "11": {
            "sn": "09001",
            "brief": "给、往、向、到、归属于"
        },
        "12": {
            "sn": "04100",
            "brief": "什么"
        },
        "13": {
            "sn": "09001",
            "brief": "给、往、向、到、归属于"
        },
        "14": {
            "sn": "06311",
            "brief": "这里"
        },
        "15": {
            "sn": "00452",
            "brief": "以利亚"
        }
    },
    "10": {
        "14": {
            "sn": "07665",
            "brief": "Qal 拆毁、折断、打碎，Nif‘al 遭破坏、被折断，Hif‘il 使生产"
        },
        "2": {
            "sn": "05975",
            "brief": "Qal 站立、侍立、停留，Hif‘il 设立、使坚定"
        },
        "literal": "他(指雅威)说：「出来站在山上，在雅威面前。」看哪，雅威经过，…有大而强烈的风，(…处填入下第二行)崩山碎石，在他面前雅威却不在风中；风后有地震，雅威也不在地震之中；",
        "0": {
            "sn": "00559",
            "brief": "说"
        },
        "3": {
            "sn": "02022",
            "brief": "山"
        },
        "4": {
            "sn": "03942",
            "brief": "在…之前"
        },
        "5": {
            "sn": "03068",
            "brief": "上帝的名字「雅威」，犹太人尊称为「上主」"
        },
        "6": {
            "sn": "02009",
            "brief": "看哪"
        },
        "7": {
            "sn": "03068",
            "brief": "上帝的名字「雅威」，犹太人尊称为「上主」"
        },
        "8": {
            "sn": "05674",
            "brief": "经过、穿越、涨溢、离开、拿走、违犯、废除"
        },
        "9": {
            "sn": "07307",
            "brief": "风、灵、气"
        },
        "10": {
            "sn": "01419",
            "brief": "大的、伟大的"
        },
        "11": {
            "sn": "02389",
            "brief": "有能力"
        },
        "13": {
            "sn": "02022",
            "brief": "山"
        },
        "18": {
            "sn": "03808",
            "brief": "不"
        },
        "15": {
            "sn": "05553",
            "brief": "险崖、峭壁、磐石"
        },
        "16": {
            "sn": "03942",
            "brief": "在…之前"
        },
        "17": {
            "sn": "03068",
            "brief": "上帝的名字「雅威」，犹太人尊称为「上主」"
        },
        "12": {
            "sn": "06561",
            "brief": "拯救、抓走、撕开"
        },
        "19": {
            "sn": "07307",
            "brief": "风、灵、气"
        },
        "20": {
            "sn": "03068",
            "brief": "上帝的名字「雅威」，犹太人尊称为「上主」"
        },
        "21": {
            "sn": "00310",
            "brief": "后面"
        },
        "22": {
            "sn": "07307",
            "brief": "风、灵、气"
        },
        "23": {
            "sn": "07494",
            "brief": "地震、摇动、颤动"
        },
        "25": {
            "sn": "07494",
            "brief": "地震、摇动、颤动"
        },
        "26": {
            "sn": "03068",
            "brief": "上帝的名字「雅威」，犹太人尊称为「上主」"
        },
        "24": {
            "sn": "03808",
            "brief": "不"
        },
        "1": {
            "sn": "03318",
            "brief": "Qal 出去，Hif‘il 领出"
        }
    },
    "2": {
        "0": {
            "sn": "07200",
            "brief": "Qal 看见、看顾、察觉，Nif‘al 显现，Hif‘il 显明"
        },
        "literal": "他(以利亚)看见就起来，去(躲)他的命，他来到犹大的别・是巴，就把他的仆人安顿在那里。",
        "10": {
            "sn": "03240",
            "brief": "安顿"
        },
        "1": {
            "sn": "06965",
            "brief": "起来、设立、坚立"
        },
        "2": {
            "sn": "01980",
            "brief": "来、去"
        },
        "3": {
            "sn": "00413",
            "brief": "向、往"
        },
        "4": {
            "sn": "05315",
            "brief": "生命、灵魂"
        },
        "5": {
            "sn": "00935",
            "brief": "来、进入、临到、发生"
        },
        "6": {
            "sn": "00884",
            "brief": "别・是巴"
        },
        "7": {
            "sn": "00884",
            "brief": "别・是巴"
        },
        "8": {
            "sn": "00834",
            "brief": "不必翻译"
        },
        "9": {
            "sn": "03063",
            "brief": "犹大"
        },
        "11": {
            "sn": "00853",
            "brief": "不必翻译"
        },
        "12": {
            "sn": "05288",
            "brief": "男孩、少年、年轻人、仆人"
        },
        "13": {
            "sn": "08033",
            "brief": "那里"
        }
    },
    "16": {
        "1": {
            "sn": "04422",
            "brief": "Nif‘al, Hitpa‘el 溜出、逃出、被拯救，Pi‘el, Hif‘il 生下、拯救"
        },
        "6": {
            "sn": "04422",
            "brief": "Nif‘al, Hitpa‘el 溜出、逃出、被拯救，Pi‘el, Hif‘il 生下、拯救"
        },
        "literal": "将来躲避哈薛之刀的，耶户会杀；躲避耶户之刀的，以利沙会杀。",
        "0": {
            "sn": "01961",
            "brief": "是、成为、临到"
        },
        "2": {
            "sn": "02719",
            "brief": "刀、刀剑"
        },
        "3": {
            "sn": "02371",
            "brief": "哈薛"
        },
        "5": {
            "sn": "03058",
            "brief": "耶户"
        },
        "7": {
            "sn": "02719",
            "brief": "刀、刀剑"
        },
        "8": {
            "sn": "03058",
            "brief": "耶户"
        },
        "10": {
            "sn": "00477",
            "brief": "以利沙"
        },
        "4": {
            "sn": "04191",
            "brief": "死、治死"
        },
        "9": {
            "sn": "04191",
            "brief": "死、治死"
        }
    },
    "14": {
        "4": {
            "sn": "07725",
            "brief": "Qal 回复、回转、重复，Po‘lel 带回、复兴、更新，Hif‘il 回报、报告、带回"
        },
        "literal": "雅威对他说：「去吧，从你的(原)路回大马士革的旷野去。到了之后，就膏哈薛作亚兰王，",
        "0": {
            "sn": "00559",
            "brief": "说"
        },
        "1": {
            "sn": "03068",
            "brief": "上帝的名字「雅威」，犹太人尊称为「上主」"
        },
        "2": {
            "sn": "00413",
            "brief": "向、往"
        },
        "3": {
            "sn": "01980",
            "brief": "来、去"
        },
        "5": {
            "sn": "01870",
            "brief": "道路、行为、方向、方法"
        },
        "6": {
            "sn": "04057",
            "brief": "旷野"
        },
        "7": {
            "sn": "01834",
            "brief": "大马士革"
        },
        "8": {
            "sn": "00935",
            "brief": "来、进入、临到、发生"
        },
        "9": {
            "sn": "04886",
            "brief": "膏抹、涂抹"
        },
        "10": {
            "sn": "00853",
            "brief": "不必翻译"
        },
        "11": {
            "sn": "02371",
            "brief": "哈薛"
        },
        "12": {
            "sn": "04428",
            "brief": "王"
        },
        "13": {
            "sn": "05921",
            "brief": "在…上面"
        },
        "14": {
            "sn": "00758",
            "brief": "亚兰人、亚兰、叙利亚"
        }
    },
    "5": {
        "0": {
            "sn": "05027",
            "brief": "Qal 看，Hif‘il 仰望、看、注意"
        },
        "1": {
            "sn": "02009",
            "brief": "看哪"
        },
        "2": {
            "sn": "04761",
            "brief": "头部位置"
        },
        "3": {
            "sn": "05692",
            "brief": "饼"
        },
        "4": {
            "sn": "07529",
            "brief": "炽热的石块"
        },
        "5": {
            "sn": "06835",
            "brief": "瓶"
        },
        "6": {
            "sn": "04325",
            "brief": "水"
        },
        "7": {
            "sn": "00398",
            "brief": "吃、吞吃"
        },
        "8": {
            "sn": "08354",
            "brief": "喝"
        },
        "9": {
            "sn": "07725",
            "brief": "Qal 回复、回转、重复，Po‘lel 带回、复兴、更新，Hif‘il 回报、报告、带回"
        },
        "10": {
            "sn": "07901",
            "brief": "躺卧、同寝"
        },
        "literal": "他观看，看哪，在他头部位置有石头烤热的饼和一瓶水，他就吃了又喝了，再次躺下。"
    },
    "20": {
        "0": {
            "sn": "07725",
            "brief": "Qal 回复、回转、重复，Po‘lel 带回、复兴、更新，Hif‘il 回报、报告、带回"
        },
        "1": {
            "sn": "00310",
            "brief": "后面"
        },
        "2": {
            "sn": "03947",
            "brief": "取、娶、拿"
        },
        "3": {
            "sn": "00853",
            "brief": "不必翻译"
        },
        "4": {
            "sn": "06776",
            "brief": "一对、一双"
        },
        "5": {
            "sn": "01241",
            "brief": "牛"
        },
        "6": {
            "sn": "02076",
            "brief": "屠宰、献祭"
        },
        "7": {
            "sn": "03627",
            "brief": "物品、器皿、器械、器具"
        },
        "8": {
            "sn": "01241",
            "brief": "牛"
        },
        "9": {
            "sn": "01310",
            "brief": "蒸、煮、烤"
        },
        "10": {
            "sn": "01320",
            "brief": "肉、身体"
        },
        "11": {
            "sn": "05414",
            "brief": "给"
        },
        "12": {
            "sn": "05971",
            "brief": "百姓、国民"
        },
        "13": {
            "sn": "00398",
            "brief": "吃、吞吃"
        },
        "14": {
            "sn": "06965",
            "brief": "起来、设立、坚立"
        },
        "15": {
            "sn": "01980",
            "brief": "来、去"
        },
        "16": {
            "sn": "00310",
            "brief": "后面"
        },
        "17": {
            "sn": "00452",
            "brief": "以利亚"
        },
        "18": {
            "sn": "08334",
            "brief": "Pi‘el 事奉、管理、伺候、供职"
        },
        "19": {
            "sn": "09015",
            "brief": "开的意思"
        },
        "literal": "他(指以利沙)就离开他(指以利亚)回去，取了一对牛，把它宰了，用套牛的器具煮肉给百姓，他们就吃了，他(指以利沙)就起身跟随以利亚，服事他。"
    },
    "4": {
        "1": {
            "sn": "03462",
            "brief": "Qal, Pi‘el 睡觉；Nif‘al 存留许久、溃烂"
        },
        "literal": "他就躺在一棵罗腾树下，睡着了。看哪，有一个天使拍他，对他说：「起来吃吧！」",
        "0": {
            "sn": "07901",
            "brief": "躺卧、同寝"
        },
        "2": {
            "sn": "08478",
            "brief": "1. 名词：位置、地方；2. 介系词：在…之下；3. 介系词：代替、因为"
        },
        "3": {
            "sn": "07574",
            "brief": "金雀花、罗腾"
        },
        "4": {
            "sn": "00259",
            "brief": "数目的「一」"
        },
        "5": {
            "sn": "02009",
            "brief": "看哪"
        },
        "6": {
            "sn": "02088",
            "brief": "这个"
        },
        "7": {
            "sn": "04397",
            "brief": "使者"
        },
        "8": {
            "sn": "05060",
            "brief": "接触、触及"
        },
        "9": {
            "sn": "09002",
            "brief": "在、用、藉着、与、敌对"
        },
        "10": {
            "sn": "00559",
            "brief": "说"
        },
        "11": {
            "sn": "09001",
            "brief": "给、往、向、到、归属于"
        },
        "12": {
            "sn": "06965",
            "brief": "起来、设立、坚立"
        },
        "13": {
            "sn": "00398",
            "brief": "吃、吞吃"
        }
    },
    "15": {
        "literal": "又膏宁示的孙子耶户作以色列王，并膏亚伯・米何拉人沙法的儿子以利沙接续你作先知。」",
        "0": {
            "sn": "00853",
            "brief": "不必翻译"
        },
        "1": {
            "sn": "03058",
            "brief": "耶户"
        },
        "2": {
            "sn": "01121",
            "brief": "儿子、孙子、后裔、成员"
        },
        "3": {
            "sn": "05250",
            "brief": "宁示"
        },
        "4": {
            "sn": "04886",
            "brief": "膏抹、涂抹"
        },
        "5": {
            "sn": "04428",
            "brief": "王"
        },
        "6": {
            "sn": "05921",
            "brief": "在…上面"
        },
        "7": {
            "sn": "03478",
            "brief": "以色列"
        },
        "8": {
            "sn": "00853",
            "brief": "不必翻译"
        },
        "9": {
            "sn": "00477",
            "brief": "以利沙"
        },
        "10": {
            "sn": "01121",
            "brief": "儿子、孙子、后裔、成员"
        },
        "11": {
            "sn": "08202",
            "brief": "沙法"
        },
        "12": {
            "sn": "00065",
            "brief": "亚伯・米何拉"
        },
        "13": {
            "sn": "00065",
            "brief": "亚伯・米何拉"
        },
        "14": {
            "sn": "04886",
            "brief": "膏抹、涂抹"
        },
        "15": {
            "sn": "05030",
            "brief": "先知"
        },
        "16": {
            "sn": "08478",
            "brief": "1. 名词：位置、地方；2. 介系词：在…之下；3. 介系词：代替、因为"
        }
    },
    "11": {
        "literal": "地震之后有火，雅威也不在火中；火之后有微小的悄悄声。",
        "0": {
            "sn": "00310",
            "brief": "后面"
        },
        "1": {
            "sn": "07494",
            "brief": "地震、摇动、颤动"
        },
        "2": {
            "sn": "00784",
            "brief": "火"
        },
        "4": {
            "sn": "00784",
            "brief": "火"
        },
        "5": {
            "sn": "03068",
            "brief": "上帝的名字「雅威」，犹太人尊称为「上主」"
        },
        "6": {
            "sn": "00310",
            "brief": "后面"
        },
        "7": {
            "sn": "00784",
            "brief": "火"
        },
        "8": {
            "sn": "06963",
            "brief": "声音"
        },
        "9": {
            "sn": "01827",
            "brief": "平静"
        },
        "10": {
            "sn": "01851",
            "brief": "薄的、小的"
        },
        "3": {
            "sn": "03808",
            "brief": "不"
        }
    },
    "7": {
        "literal": "他就起来吃了又喝了，仗着这饮食的力，走了四十昼夜，直到上帝的山，就是何烈(山)。",
        "0": {
            "sn": "06965",
            "brief": "起来、设立、坚立"
        },
        "1": {
            "sn": "00398",
            "brief": "吃、吞吃"
        },
        "2": {
            "sn": "08354",
            "brief": "喝"
        },
        "3": {
            "sn": "01980",
            "brief": "来、去"
        },
        "4": {
            "sn": "03581",
            "brief": "力量、财富"
        },
        "5": {
            "sn": "00396",
            "brief": "食物"
        },
        "6": {
            "sn": "01931",
            "brief": "他；她"
        },
        "7": {
            "sn": "00705",
            "brief": "数目的「四十」"
        },
        "8": {
            "sn": "03117",
            "brief": "日子、时候"
        },
        "9": {
            "sn": "00705",
            "brief": "数目的「四十」"
        },
        "10": {
            "sn": "03915",
            "brief": "夜晚"
        },
        "11": {
            "sn": "05704",
            "brief": "直到、甚至"
        },
        "12": {
            "sn": "02022",
            "brief": "山"
        },
        "13": {
            "sn": "00430",
            "brief": "上帝、神、神明"
        },
        "14": {
            "sn": "02722",
            "brief": "何烈山"
        }
    },
    "13": {
        "1": {
            "sn": "07065",
            "brief": "嫉妒"
        },
        "2": {
            "sn": "07065",
            "brief": "嫉妒"
        },
        "literal": "他说：「我为雅威―万军之上帝大发热心；因为以色列人背弃你的约，毁坏你的坛，用刀杀了你的先知，只剩下我一个人，他们还要寻索我的命来取它(原文用阴性，指性命)。」",
        "0": {
            "sn": "00559",
            "brief": "说"
        },
        "3": {
            "sn": "03068",
            "brief": "上帝的名字「雅威」，犹太人尊称为「上主」"
        },
        "4": {
            "sn": "00430",
            "brief": "上帝、神、神明"
        },
        "5": {
            "sn": "06635",
            "brief": "军队、战争、服役"
        },
        "6": {
            "sn": "03588",
            "brief": "因为、不必翻译"
        },
        "7": {
            "sn": "05800",
            "brief": "I. 离弃、撇下；II. 修复"
        },
        "8": {
            "sn": "01285",
            "brief": "约"
        },
        "9": {
            "sn": "01121",
            "brief": "儿子、孙子、后裔、成员"
        },
        "10": {
            "sn": "03478",
            "brief": "以色列"
        },
        "11": {
            "sn": "00853",
            "brief": "不必翻译"
        },
        "12": {
            "sn": "04196",
            "brief": "祭坛"
        },
        "13": {
            "sn": "02040",
            "brief": "破坏、撕裂"
        },
        "14": {
            "sn": "00853",
            "brief": "不必翻译"
        },
        "15": {
            "sn": "05030",
            "brief": "先知"
        },
        "16": {
            "sn": "02026",
            "brief": "杀戮"
        },
        "17": {
            "sn": "02719",
            "brief": "刀、刀剑"
        },
        "18": {
            "sn": "03498",
            "brief": "剩、仅存"
        },
        "19": {
            "sn": "00589",
            "brief": "我"
        },
        "20": {
            "sn": "00905",
            "brief": "分开、门闩、片段"
        },
        "22": {
            "sn": "00853",
            "brief": "不必翻译"
        },
        "23": {
            "sn": "05315",
            "brief": "生命、灵魂"
        },
        "24": {
            "sn": "03947",
            "brief": "取、娶、拿"
        },
        "25": {
            "sn": "09014",
            "brief": "关闭的意思"
        },
        "21": {
            "sn": "01245",
            "brief": "Pi‘el 寻找、渴求、想望、索求"
        }
    },
    "9": {
        "1": {
            "sn": "07065",
            "brief": "嫉妒"
        },
        "2": {
            "sn": "07065",
            "brief": "嫉妒"
        },
        "literal": "他说：「我为雅威―万军之上帝大发热心；因为以色列人背弃你的约，毁坏你的坛，用刀杀了你的先知，只剩下我一个人，他们还要寻索我的命来取它(原文用阴性，指性命)。」",
        "0": {
            "sn": "00559",
            "brief": "说"
        },
        "3": {
            "sn": "03069",
            "brief": "上帝的名字「雅威」，犹太人尊称为「上主」"
        },
        "4": {
            "sn": "00430",
            "brief": "上帝、神、神明"
        },
        "5": {
            "sn": "06635",
            "brief": "军队、战争、服役"
        },
        "6": {
            "sn": "03588",
            "brief": "因为、不必翻译"
        },
        "7": {
            "sn": "05800",
            "brief": "I. 离弃、撇下；II. 修复"
        },
        "8": {
            "sn": "01285",
            "brief": "约"
        },
        "9": {
            "sn": "01121",
            "brief": "儿子、孙子、后裔、成员"
        },
        "10": {
            "sn": "03478",
            "brief": "以色列"
        },
        "11": {
            "sn": "00853",
            "brief": "不必翻译"
        },
        "12": {
            "sn": "04196",
            "brief": "祭坛"
        },
        "13": {
            "sn": "02040",
            "brief": "破坏、撕裂"
        },
        "14": {
            "sn": "00853",
            "brief": "不必翻译"
        },
        "15": {
            "sn": "05030",
            "brief": "先知"
        },
        "16": {
            "sn": "02026",
            "brief": "杀戮"
        },
        "17": {
            "sn": "02719",
            "brief": "刀、刀剑"
        },
        "18": {
            "sn": "03498",
            "brief": "剩、仅存"
        },
        "19": {
            "sn": "00589",
            "brief": "我"
        },
        "20": {
            "sn": "00905",
            "brief": "分开、门闩、片段"
        },
        "22": {
            "sn": "00853",
            "brief": "不必翻译"
        },
        "23": {
            "sn": "05315",
            "brief": "生命、灵魂"
        },
        "24": {
            "sn": "03947",
            "brief": "取、娶、拿"
        },
        "21": {
            "sn": "01245",
            "brief": "Pi‘el 寻找、渴求、想望、索求"
        }
    },
    "1": {
        "10": {
            "sn": "03254",
            "brief": "再一次、增添"
        },
        "literal": "耶洗别就差遣使者到以利亚那里，说：「…愿神明重重地降罚与我。」(…处填入下二行)明日约在这时候，我(如果没有)使你的性命像他们中的一个的性命一样，",
        "0": {
            "sn": "07971",
            "brief": "差遣、释放、送走、伸出、伸展"
        },
        "1": {
            "sn": "00348",
            "brief": "耶洗别"
        },
        "2": {
            "sn": "04397",
            "brief": "使者"
        },
        "3": {
            "sn": "00413",
            "brief": "向、往"
        },
        "4": {
            "sn": "00452",
            "brief": "以利亚"
        },
        "5": {
            "sn": "00559",
            "brief": "说"
        },
        "6": {
            "sn": "03541",
            "brief": "如此、这样"
        },
        "7": {
            "sn": "06213",
            "brief": "做"
        },
        "8": {
            "sn": "00430",
            "brief": "上帝、神、神明"
        },
        "9": {
            "sn": "03541",
            "brief": "如此、这样"
        },
        "11": {
            "sn": "03588",
            "brief": "因为、不必翻译"
        },
        "12": {
            "sn": "06256",
            "brief": "时候"
        },
        "13": {
            "sn": "04279",
            "brief": "明天"
        },
        "14": {
            "sn": "07760",
            "brief": "置、放"
        },
        "15": {
            "sn": "00853",
            "brief": "不必翻译"
        },
        "16": {
            "sn": "05315",
            "brief": "生命、灵魂"
        },
        "17": {
            "sn": "05315",
            "brief": "生命、灵魂"
        },
        "18": {
            "sn": "00259",
            "brief": "数目的「一」"
        },
        "19": {
            "sn": "04880",
            "brief": "从、出"
        }
    }
}