{
    "30": {
        "19": {
            "sn": "09013",
            "brief": "跪拜、下拜"
        },
        "1": {
            "sn": "07043",
            "brief": "Qal 轻，Pi‘el 咒骂、诅咒，Pu‘al 被咒骂、被诅咒，Nif‘al 看为轻、轻视，Hif‘il 减轻、轻视"
        },
        "literal": "他以犯尼八的儿子耶罗波安的罪为轻，又娶了西顿人的王谒巴力的女儿耶洗别为妻，去事奉巴力，叩拜它。",
        "0": {
            "sn": "01961",
            "brief": "是、成为、临到"
        },
        "2": {
            "sn": "01980",
            "brief": "去、来"
        },
        "3": {
            "sn": "02403",
            "brief": "罪、赎罪祭、除罪、罪罚"
        },
        "4": {
            "sn": "03379",
            "brief": "耶罗波安"
        },
        "5": {
            "sn": "01121",
            "brief": "儿子、孙子、后裔、成员"
        },
        "6": {
            "sn": "05028",
            "brief": "尼八"
        },
        "7": {
            "sn": "03947",
            "brief": "拿、取"
        },
        "8": {
            "sn": "00802",
            "brief": "女人、妻子"
        },
        "9": {
            "sn": "00853",
            "brief": "不必翻译"
        },
        "10": {
            "sn": "00348",
            "brief": "耶洗别"
        },
        "11": {
            "sn": "01323",
            "brief": "女儿、女子"
        },
        "12": {
            "sn": "00856",
            "brief": "谒巴力"
        },
        "13": {
            "sn": "04428",
            "brief": "王"
        },
        "14": {
            "sn": "06722",
            "brief": "西顿人"
        },
        "15": {
            "sn": "01980",
            "brief": "去、来"
        },
        "16": {
            "sn": "05647",
            "brief": "工作、服事"
        },
        "17": {
            "sn": "00853",
            "brief": "不必翻译"
        },
        "18": {
            "sn": "01168",
            "brief": "巴力"
        },
        "20": {
            "sn": "09001",
            "brief": "给、往、向、到、归属于"
        }
    },
    "1": {
        "18": {
            "sn": "02403",
            "brief": "罪、赎罪祭、除罪、罪罚"
        },
        "17": {
            "sn": "03707",
            "brief": "发怒、苦恼"
        },
        "13": {
            "sn": "02398",
            "brief": "Qal 犯罪；Pi‘el 献赎罪祭、得洁净；Hif‘il 导致犯罪；Hitpa‘el 迷失、洁净自己"
        },
        "literal": "我既从尘埃中提拔你，立你作我子民以色列的君，你竟走耶罗波安的道，使我子民以色列陷在罪里，以他们的罪惹我发怒，",
        "0": {
            "sn": "03282",
            "brief": "因为"
        },
        "1": {
            "sn": "00834",
            "brief": "不必翻译"
        },
        "3": {
            "sn": "04480",
            "brief": "从、出、离"
        },
        "4": {
            "sn": "06083",
            "brief": "尘土"
        },
        "5": {
            "sn": "05414",
            "brief": "给"
        },
        "6": {
            "sn": "05057",
            "brief": "领袖、君王"
        },
        "7": {
            "sn": "05921",
            "brief": "在…上面"
        },
        "8": {
            "sn": "05971",
            "brief": "百姓、国民"
        },
        "9": {
            "sn": "03478",
            "brief": "以色列"
        },
        "10": {
            "sn": "01980",
            "brief": "去、来"
        },
        "11": {
            "sn": "01870",
            "brief": "道路、行为、方向、方法"
        },
        "12": {
            "sn": "03379",
            "brief": "耶罗波安"
        },
        "14": {
            "sn": "00853",
            "brief": "不必翻译"
        },
        "15": {
            "sn": "05971",
            "brief": "百姓、国民"
        },
        "16": {
            "sn": "03478",
            "brief": "以色列"
        },
        "2": {
            "sn": "07311",
            "brief": "高举、抬高"
        }
    },
    "18": {
        "1": {
            "sn": "02403",
            "brief": "罪、赎罪祭、除罪、罪罚"
        },
        "11": {
            "sn": "02403",
            "brief": "罪、赎罪祭、除罪、罪罚"
        },
        "literal": "这是因他所犯的罪，行雅威眼中(看)为恶的事，行耶罗波安的道，犯…的那罪。(…处填入下行)他所做使以色列人陷在罪里",
        "0": {
            "sn": "05921",
            "brief": "在…上面"
        },
        "2": {
            "sn": "00834",
            "brief": "不必翻译"
        },
        "4": {
            "sn": "06213",
            "brief": "做"
        },
        "5": {
            "sn": "07451",
            "brief": "患难、邪恶、灾难、痛苦、不幸"
        },
        "6": {
            "sn": "05869",
            "brief": "眼目、眼睛"
        },
        "7": {
            "sn": "03068",
            "brief": "上帝的名字「雅威」，犹太人尊称为「上主」"
        },
        "8": {
            "sn": "01980",
            "brief": "去、来"
        },
        "9": {
            "sn": "01870",
            "brief": "道路、行为、方向、方法"
        },
        "10": {
            "sn": "03379",
            "brief": "耶罗波安"
        },
        "3": {
            "sn": "02398",
            "brief": "Qal 犯罪；Pi‘el 献赎罪祭、得洁净；Hif‘il 导致犯罪；Hitpa‘el 迷失、洁净自己"
        },
        "12": {
            "sn": "00834",
            "brief": "不必翻译"
        },
        "13": {
            "sn": "06213",
            "brief": "做"
        },
        "15": {
            "sn": "00853",
            "brief": "不必翻译"
        },
        "16": {
            "sn": "03478",
            "brief": "以色列"
        },
        "14": {
            "sn": "02398",
            "brief": "Qal 犯罪；Pi‘el 献赎罪祭、得洁净；Hif‘il 导致犯罪；Hitpa‘el 迷失、洁净自己"
        }
    },
    "5": {
        "4": {
            "sn": "06912",
            "brief": "埋葬"
        },
        "literal": "巴沙与他列祖同睡，被葬在得撒。他儿子以拉接续他作王。",
        "0": {
            "sn": "07901",
            "brief": "躺卧、同寝"
        },
        "1": {
            "sn": "01201",
            "brief": "巴沙"
        },
        "2": {
            "sn": "05973",
            "brief": "跟"
        },
        "3": {
            "sn": "00001",
            "brief": "父亲、祖先"
        },
        "5": {
            "sn": "08656",
            "brief": "得撒"
        },
        "6": {
            "sn": "04427",
            "brief": "作王、统治"
        },
        "7": {
            "sn": "00425",
            "brief": "以拉"
        },
        "8": {
            "sn": "01121",
            "brief": "儿子、孙子、后裔、成员"
        },
        "9": {
            "sn": "08478",
            "brief": "1. 名词：位置、地方；2. 介系词：在…之下；3. 介系词：代替、因为"
        }
    },
    "26": {
        "8": {
            "sn": "03808",
            "brief": "不"
        },
        "5": {
            "sn": "01369",
            "brief": "力量"
        },
        "6": {
            "sn": "00834",
            "brief": "不必翻译"
        },
        "7": {
            "sn": "06213",
            "brief": "做"
        },
        "9": {
            "sn": "01992",
            "brief": "他们、它们"
        },
        "10": {
            "sn": "03789",
            "brief": "写、刻"
        },
        "11": {
            "sn": "05921",
            "brief": "在…上面"
        },
        "12": {
            "sn": "05612",
            "brief": "着作、书卷"
        },
        "13": {
            "sn": "01697",
            "brief": "话语、事情"
        },
        "14": {
            "sn": "03117",
            "brief": "日子、时候"
        },
        "15": {
            "sn": "04428",
            "brief": "王"
        },
        "16": {
            "sn": "03478",
            "brief": "以色列"
        },
        "literal": "暗利所做其余的事和他所做的他的勇力，它们不是被写在…的书上吗？(…处填入下行)《以色列诸王年鉴纪录》",
        "0": {
            "sn": "03499",
            "brief": "I. 1. 名词：剩下，2. 副词：优秀、丰富，II. 绳、弦"
        },
        "1": {
            "sn": "01697",
            "brief": "话语、事情"
        },
        "2": {
            "sn": "06018",
            "brief": "暗利"
        },
        "3": {
            "sn": "00834",
            "brief": "不必翻译"
        },
        "4": {
            "sn": "06213",
            "brief": "做"
        }
    },
    "27": {
        "literal": "暗利与他列祖同睡，被葬在撒玛利亚。他儿子亚哈接续他作王。",
        "1": {
            "sn": "06018",
            "brief": "暗利"
        },
        "0": {
            "sn": "07901",
            "brief": "躺卧、同寝"
        },
        "2": {
            "sn": "05973",
            "brief": "跟"
        },
        "3": {
            "sn": "00001",
            "brief": "父亲、祖先"
        },
        "4": {
            "sn": "06912",
            "brief": "埋葬"
        },
        "5": {
            "sn": "08111",
            "brief": "撒玛利亚"
        },
        "6": {
            "sn": "04427",
            "brief": "作王、统治"
        },
        "7": {
            "sn": "00256",
            "brief": "亚哈"
        },
        "8": {
            "sn": "01121",
            "brief": "儿子、孙子、后裔、成员"
        },
        "9": {
            "sn": "08478",
            "brief": "1. 名词：位置、地方；2. 介系词：在…之下；3. 介系词：代替、因为"
        },
        "10": {
            "sn": "09015",
            "brief": "开的意思"
        }
    },
    "11": {
        "literal": "心利灭绝巴沙全家，正如雅威…对巴沙所说的话。(…处填入下行)藉先知耶户的手",
        "9": {
            "sn": "01696",
            "brief": "Pi‘el 讲、说、指挥"
        },
        "0": {
            "sn": "08045",
            "brief": "拆毁、灭绝、毁灭"
        },
        "1": {
            "sn": "02174",
            "brief": "心利"
        },
        "2": {
            "sn": "00853",
            "brief": "不必翻译"
        },
        "3": {
            "sn": "03605",
            "brief": "所有、全部、整个、各"
        },
        "4": {
            "sn": "01004",
            "brief": "家、房子、殿"
        },
        "5": {
            "sn": "01201",
            "brief": "巴沙"
        },
        "6": {
            "sn": "01697",
            "brief": "话语、事情"
        },
        "7": {
            "sn": "03068",
            "brief": "上帝的名字「雅威」，犹太人尊称为「上主」"
        },
        "8": {
            "sn": "00834",
            "brief": "不必翻译"
        },
        "10": {
            "sn": "00413",
            "brief": "对、向、往"
        },
        "11": {
            "sn": "01201",
            "brief": "巴沙"
        },
        "12": {
            "sn": "03027",
            "brief": "手、边、力量、权势"
        },
        "13": {
            "sn": "03058",
            "brief": "耶户"
        },
        "14": {
            "sn": "05030",
            "brief": "先知"
        }
    },
    "33": {
        "17": {
            "sn": "01696",
            "brief": "Pi‘el 讲、说、指挥"
        },
        "literal": "在他的日子，有伯特利人希伊勒建造耶利哥；在立它(原文用阴性，下同)根基的时候，牺牲了自己的长子亚比兰；在安它门扇的时候，牺牲了自己的幼子西割，正如雅威藉嫩的儿子约书亚所说的话。",
        "0": {
            "sn": "03117",
            "brief": "日子、时候"
        },
        "1": {
            "sn": "01129",
            "brief": "建造"
        },
        "2": {
            "sn": "02419",
            "brief": "希伊勒"
        },
        "3": {
            "sn": "01017",
            "brief": "伯特利人"
        },
        "4": {
            "sn": "01017",
            "brief": "伯特利人"
        },
        "5": {
            "sn": "00853",
            "brief": "不必翻译"
        },
        "6": {
            "sn": "03405",
            "brief": "耶利哥"
        },
        "7": {
            "sn": "00048",
            "brief": "亚比兰"
        },
        "8": {
            "sn": "01060",
            "brief": "长子"
        },
        "10": {
            "sn": "07687",
            "brief": "西割"
        },
        "11": {
            "sn": "06810",
            "brief": "微小的、年轻的"
        },
        "13": {
            "sn": "01817",
            "brief": "门户、城门"
        },
        "14": {
            "sn": "01697",
            "brief": "话语、事情"
        },
        "15": {
            "sn": "03068",
            "brief": "上帝的名字「雅威」，犹太人尊称为「上主」"
        },
        "16": {
            "sn": "00834",
            "brief": "不必翻译"
        },
        "18": {
            "sn": "03027",
            "brief": "手、边、力量、权势"
        },
        "19": {
            "sn": "03091",
            "brief": "约书亚"
        },
        "20": {
            "sn": "01121",
            "brief": "儿子、孙子、后裔、成员"
        },
        "21": {
            "sn": "05126",
            "brief": "嫩"
        },
        "22": {
            "sn": "09014",
            "brief": "关闭的意思"
        },
        "9": {
            "sn": "03245",
            "brief": "立地基"
        },
        "12": {
            "sn": "05324",
            "brief": "Nif’al 起来、立起，Hif‘il 安置、安排"
        }
    },
    "20": {
        "literal": "那时，以色列人民分为两半：一半的民随从基纳的儿子提比尼，要立他作王；一半随从暗利。",
        "12": {
            "sn": "04427",
            "brief": "作王、统治"
        },
        "0": {
            "sn": "00227",
            "brief": "那时"
        },
        "1": {
            "sn": "02505",
            "brief": "分配、掠夺"
        },
        "2": {
            "sn": "05971",
            "brief": "百姓、国民"
        },
        "3": {
            "sn": "03478",
            "brief": "以色列"
        },
        "4": {
            "sn": "02677",
            "brief": "一半"
        },
        "5": {
            "sn": "02677",
            "brief": "一半"
        },
        "6": {
            "sn": "05971",
            "brief": "百姓、国民"
        },
        "7": {
            "sn": "01961",
            "brief": "是、成为、临到"
        },
        "8": {
            "sn": "00310",
            "brief": "后面、跟着"
        },
        "9": {
            "sn": "08402",
            "brief": "提比尼"
        },
        "10": {
            "sn": "01121",
            "brief": "儿子、孙子、后裔、成员"
        },
        "11": {
            "sn": "01527",
            "brief": "基纳"
        },
        "13": {
            "sn": "02677",
            "brief": "一半"
        },
        "14": {
            "sn": "00310",
            "brief": "后面、跟着"
        },
        "15": {
            "sn": "06018",
            "brief": "暗利"
        }
    },
    "6": {
        "20": {
            "sn": "03707",
            "brief": "发怒、苦恼"
        },
        "28": {
            "sn": "05221",
            "brief": "Hif‘il 击打、击杀"
        },
        "literal": "…也藉哈拿尼的儿子先知耶户的手(…处填入下行) 雅威的话临到巴沙和他的家，因他所行雅威眼中(看)为恶的一切事，以他手所做的惹他发怒，像耶罗波安的家一样，又因他杀了他(指耶罗波安)。",
        "0": {
            "sn": "01571",
            "brief": "甚至、也"
        },
        "1": {
            "sn": "03027",
            "brief": "手、边、力量、权势"
        },
        "2": {
            "sn": "03058",
            "brief": "耶户"
        },
        "3": {
            "sn": "01121",
            "brief": "儿子、孙子、后裔、成员"
        },
        "4": {
            "sn": "02607",
            "brief": "哈拿尼"
        },
        "5": {
            "sn": "05030",
            "brief": "先知"
        },
        "6": {
            "sn": "01697",
            "brief": "话语、事情"
        },
        "7": {
            "sn": "03068",
            "brief": "上帝的名字「雅威」，犹太人尊称为「上主」"
        },
        "8": {
            "sn": "01961",
            "brief": "是、成为、临到"
        },
        "9": {
            "sn": "00413",
            "brief": "对、向、往"
        },
        "10": {
            "sn": "01201",
            "brief": "巴沙"
        },
        "11": {
            "sn": "00413",
            "brief": "对、向、往"
        },
        "12": {
            "sn": "01004",
            "brief": "家、房子、殿"
        },
        "13": {
            "sn": "05921",
            "brief": "在…上面"
        },
        "14": {
            "sn": "03605",
            "brief": "所有、全部、整个、各"
        },
        "15": {
            "sn": "07451",
            "brief": "患难、邪恶、灾难、痛苦、不幸"
        },
        "16": {
            "sn": "00834",
            "brief": "不必翻译"
        },
        "17": {
            "sn": "06213",
            "brief": "做"
        },
        "18": {
            "sn": "05869",
            "brief": "眼目、眼睛"
        },
        "19": {
            "sn": "03068",
            "brief": "上帝的名字「雅威」，犹太人尊称为「上主」"
        },
        "21": {
            "sn": "04639",
            "brief": "工作、作为"
        },
        "22": {
            "sn": "03027",
            "brief": "手、边、力量、权势"
        },
        "23": {
            "sn": "01961",
            "brief": "是、成为、临到"
        },
        "24": {
            "sn": "01004",
            "brief": "家、房子、殿"
        },
        "25": {
            "sn": "03379",
            "brief": "耶罗波安"
        },
        "26": {
            "sn": "05921",
            "brief": "在…上面"
        },
        "27": {
            "sn": "00834",
            "brief": "不必翻译"
        },
        "29": {
            "sn": "00853",
            "brief": "不必翻译"
        },
        "30": {
            "sn": "09015",
            "brief": "开的意思"
        }
    },
    "9": {
        "3": {
            "sn": "04191",
            "brief": "死、治死"
        },
        "2": {
            "sn": "05221",
            "brief": "Hif‘il 击打、击杀"
        },
        "literal": "心利进去击杀他，把他杀死，在犹大王亚撒二十七年，他(指心利)取代他(指以拉)作了王。",
        "0": {
            "sn": "00935",
            "brief": "来、进入、临到、发生"
        },
        "1": {
            "sn": "02174",
            "brief": "心利"
        },
        "4": {
            "sn": "08141",
            "brief": "年"
        },
        "5": {
            "sn": "06242",
            "brief": "数目的「二十」"
        },
        "6": {
            "sn": "07651",
            "brief": "数目的「七」"
        },
        "7": {
            "sn": "00609",
            "brief": "亚撒"
        },
        "8": {
            "sn": "04428",
            "brief": "王"
        },
        "9": {
            "sn": "03063",
            "brief": "犹大"
        },
        "10": {
            "sn": "04427",
            "brief": "作王、统治"
        },
        "11": {
            "sn": "08478",
            "brief": "1. 名词：位置、地方；2. 介系词：在…之下；3. 介系词：代替、因为"
        }
    },
    "17": {
        "1": {
            "sn": "07200",
            "brief": "Qal 看见、看顾、察觉，Nif‘al 显现，Hif‘il 显明"
        },
        "literal": "心利见城被攻破，就进了王宫的内殿(最稳固的地方)，放火焚烧自己和王宫，他就死了。",
        "0": {
            "sn": "01961",
            "brief": "是、成为、临到"
        },
        "2": {
            "sn": "02174",
            "brief": "心利"
        },
        "3": {
            "sn": "03588",
            "brief": "因为、不必翻译"
        },
        "4": {
            "sn": "03920",
            "brief": "攻取、俘虏、捕获、抓住"
        },
        "5": {
            "sn": "05892",
            "brief": "城邑、城镇"
        },
        "6": {
            "sn": "00935",
            "brief": "来、进入、临到、发生"
        },
        "7": {
            "sn": "00413",
            "brief": "对、向、往"
        },
        "8": {
            "sn": "00759",
            "brief": "堡垒、宫殿"
        },
        "9": {
            "sn": "01004",
            "brief": "家、房子、殿"
        },
        "10": {
            "sn": "04428",
            "brief": "王"
        },
        "11": {
            "sn": "08313",
            "brief": "燃烧"
        },
        "12": {
            "sn": "05921",
            "brief": "在…上面"
        },
        "13": {
            "sn": "00853",
            "brief": "不必翻译"
        },
        "14": {
            "sn": "01004",
            "brief": "家、房子、殿"
        },
        "15": {
            "sn": "04428",
            "brief": "王"
        },
        "16": {
            "sn": "00784",
            "brief": "火"
        },
        "17": {
            "sn": "04191",
            "brief": "死、治死"
        }
    },
    "2": {
        "1": {
            "sn": "01197",
            "brief": "I. 烧毁、耗尽、点燃、除去；II. 愚昧、未开化、如野兽般残忍"
        },
        "literal": "看哪，我必除尽巴沙，又除尽他的家，我必使你的家像尼八的儿子耶罗波安的家一样。",
        "0": {
            "sn": "02009",
            "brief": "看哪"
        },
        "2": {
            "sn": "00310",
            "brief": "后面、跟着"
        },
        "3": {
            "sn": "01201",
            "brief": "巴沙"
        },
        "4": {
            "sn": "00310",
            "brief": "后面、跟着"
        },
        "5": {
            "sn": "01004",
            "brief": "家、房子、殿"
        },
        "6": {
            "sn": "05414",
            "brief": "给"
        },
        "7": {
            "sn": "00853",
            "brief": "不必翻译"
        },
        "8": {
            "sn": "01004",
            "brief": "家、房子、殿"
        },
        "9": {
            "sn": "01004",
            "brief": "家、房子、殿"
        },
        "10": {
            "sn": "03379",
            "brief": "耶罗波安"
        },
        "11": {
            "sn": "01121",
            "brief": "儿子、孙子、后裔、成员"
        },
        "12": {
            "sn": "05028",
            "brief": "尼八"
        }
    },
    "10": {
        "10": {
            "sn": "03808",
            "brief": "不"
        },
        "11": {
            "sn": "07604",
            "brief": "剩下"
        },
        "13": {
            "sn": "08366",
            "brief": "小便"
        },
        "4": {
            "sn": "03678",
            "brief": "座位、宝座"
        },
        "6": {
            "sn": "00853",
            "brief": "不必翻译"
        },
        "7": {
            "sn": "03605",
            "brief": "所有、全部、整个、各"
        },
        "8": {
            "sn": "01004",
            "brief": "家、房子、殿"
        },
        "9": {
            "sn": "01201",
            "brief": "巴沙"
        },
        "12": {
            "sn": "09001",
            "brief": "给、往、向、到、归属于"
        },
        "14": {
            "sn": "07023",
            "brief": "墙"
        },
        "15": {
            "sn": "01350",
            "brief": "赎回"
        },
        "16": {
            "sn": "07453",
            "brief": "邻舍、朋友"
        },
        "literal": "心利在他登基，坐上他的王位的时候就击杀巴沙全家，没有给他留下一个对着墙小便的人(指男人)，包括他的亲属和他的朋友。",
        "5": {
            "sn": "05221",
            "brief": "Hif‘il 击打、击杀"
        },
        "0": {
            "sn": "01961",
            "brief": "是、成为、临到"
        },
        "1": {
            "sn": "04427",
            "brief": "作王、统治"
        },
        "2": {
            "sn": "03427",
            "brief": "居住、坐、停留"
        },
        "3": {
            "sn": "05921",
            "brief": "在…上面"
        }
    },
    "25": {
        "8": {
            "sn": "02398",
            "brief": "Qal 犯罪；Pi‘el 献赎罪祭、得洁净；Hif‘il 导致犯罪；Hitpa‘el 迷失、洁净自己"
        },
        "15": {
            "sn": "03478",
            "brief": "以色列"
        },
        "9": {
            "sn": "00853",
            "brief": "不必翻译"
        },
        "literal": "因他行尼八的儿子耶罗波安一切的道，犯了他使以色列陷在罪里的那罪，以他们虚无的神明惹雅威―以色列的上帝的发怒。",
        "0": {
            "sn": "01980",
            "brief": "去、来"
        },
        "1": {
            "sn": "03605",
            "brief": "所有、全部、整个、各"
        },
        "2": {
            "sn": "01870",
            "brief": "道路、行为、方向、方法"
        },
        "3": {
            "sn": "03379",
            "brief": "耶罗波安"
        },
        "4": {
            "sn": "01121",
            "brief": "儿子、孙子、后裔、成员"
        },
        "5": {
            "sn": "05028",
            "brief": "尼八"
        },
        "6": {
            "sn": "02403",
            "brief": "罪、赎罪祭、除罪、罪罚"
        },
        "7": {
            "sn": "00834",
            "brief": "不必翻译"
        },
        "10": {
            "sn": "03478",
            "brief": "以色列"
        },
        "12": {
            "sn": "00853",
            "brief": "不必翻译"
        },
        "13": {
            "sn": "03068",
            "brief": "上帝的名字「雅威」，犹太人尊称为「上主」"
        },
        "14": {
            "sn": "00430",
            "brief": "上帝、神、神明"
        },
        "16": {
            "sn": "01892",
            "brief": "蒸气、气息、空虚"
        },
        "11": {
            "sn": "03707",
            "brief": "发怒、苦恼"
        }
    },
    "3": {
        "0": {
            "sn": "04191",
            "brief": "死、治死"
        },
        "1": {
            "sn": "01201",
            "brief": "巴沙"
        },
        "2": {
            "sn": "05892",
            "brief": "城邑、城镇"
        },
        "3": {
            "sn": "00398",
            "brief": "吃、吞吃"
        },
        "4": {
            "sn": "03611",
            "brief": "狗"
        },
        "5": {
            "sn": "04191",
            "brief": "死、治死"
        },
        "6": {
            "sn": "09001",
            "brief": "给、往、向、到、归属于"
        },
        "7": {
            "sn": "07704",
            "brief": "田地"
        },
        "8": {
            "sn": "00398",
            "brief": "吃、吞吃"
        },
        "9": {
            "sn": "05775",
            "brief": "鸟"
        },
        "10": {
            "sn": "08064",
            "brief": "天"
        },
        "literal": "属巴沙在城中死了的人，狗会吃，属他在田野死了的人，空中的鸟会吃。"
    },
    "14": {
        "literal": "犹大王亚撒二十七年的那年，心利在得撒作王七日。(那时)士兵正安营围攻非利士人的基比顿。",
        "16": {
            "sn": "00834",
            "brief": "不必翻译"
        },
        "0": {
            "sn": "08141",
            "brief": "年"
        },
        "1": {
            "sn": "06242",
            "brief": "数目的「二十」"
        },
        "2": {
            "sn": "07651",
            "brief": "数目的「七」"
        },
        "3": {
            "sn": "08141",
            "brief": "年"
        },
        "4": {
            "sn": "00609",
            "brief": "亚撒"
        },
        "5": {
            "sn": "04428",
            "brief": "王"
        },
        "6": {
            "sn": "03063",
            "brief": "犹大"
        },
        "7": {
            "sn": "04427",
            "brief": "作王、统治"
        },
        "8": {
            "sn": "02174",
            "brief": "心利"
        },
        "9": {
            "sn": "07651",
            "brief": "数目的「七」"
        },
        "10": {
            "sn": "03117",
            "brief": "日子、时候"
        },
        "11": {
            "sn": "08656",
            "brief": "得撒"
        },
        "12": {
            "sn": "05971",
            "brief": "百姓、国民、士兵"
        },
        "13": {
            "sn": "02583",
            "brief": "安营、扎营"
        },
        "14": {
            "sn": "05921",
            "brief": "在…上面"
        },
        "15": {
            "sn": "01405",
            "brief": "基比顿"
        },
        "17": {
            "sn": "06430",
            "brief": "非利士人"
        }
    },
    "16": {
        "literal": "暗利和跟随他的以色列众人从基比顿上去，围困得撒。",
        "1": {
            "sn": "06018",
            "brief": "暗利"
        },
        "2": {
            "sn": "03605",
            "brief": "所有、全部、整个、各"
        },
        "3": {
            "sn": "03478",
            "brief": "以色列"
        },
        "4": {
            "sn": "05973",
            "brief": "跟"
        },
        "5": {
            "sn": "01405",
            "brief": "基比顿"
        },
        "6": {
            "sn": "06696",
            "brief": "绑、围困"
        },
        "7": {
            "sn": "05921",
            "brief": "在…上面"
        },
        "8": {
            "sn": "08656",
            "brief": "得撒"
        },
        "0": {
            "sn": "05927",
            "brief": "上去、升高、生长、献上"
        }
    },
    "31": {
        "literal": "他…为巴力筑坛。(…处填入下行)在他在撒玛利亚所造的巴力庙",
        "1": {
            "sn": "04196",
            "brief": "祭坛"
        },
        "2": {
            "sn": "01168",
            "brief": "巴力"
        },
        "3": {
            "sn": "01004",
            "brief": "家、房子、殿"
        },
        "4": {
            "sn": "01168",
            "brief": "巴力"
        },
        "5": {
            "sn": "00834",
            "brief": "不必翻译"
        },
        "6": {
            "sn": "01129",
            "brief": "建造"
        },
        "7": {
            "sn": "08111",
            "brief": "撒玛利亚"
        },
        "0": {
            "sn": "06965",
            "brief": "起来、设立、坚立"
        }
    },
    "29": {
        "literal": "暗利的儿子亚哈行雅威眼中(看)为恶的事，超过他以前所有的(王)，",
        "0": {
            "sn": "06213",
            "brief": "做"
        },
        "1": {
            "sn": "00256",
            "brief": "亚哈"
        },
        "2": {
            "sn": "01121",
            "brief": "儿子、孙子、后裔、成员"
        },
        "3": {
            "sn": "06018",
            "brief": "暗利"
        },
        "4": {
            "sn": "07451",
            "brief": "患难、邪恶"
        },
        "5": {
            "sn": "05869",
            "brief": "眼目、眼睛"
        },
        "6": {
            "sn": "03068",
            "brief": "上帝的名字「雅威」，犹太人尊称为「上主」"
        },
        "7": {
            "sn": "03605",
            "brief": "所有、全部、整个、各"
        },
        "8": {
            "sn": "00834",
            "brief": "不必翻译"
        },
        "9": {
            "sn": "03942",
            "brief": "在…之前"
        }
    },
    "0": {
        "literal": "雅威的话临到哈拿尼的儿子耶户，责备巴沙说：",
        "0": {
            "sn": "01961",
            "brief": "是、成为、临到"
        },
        "1": {
            "sn": "01697",
            "brief": "话语、事情"
        },
        "2": {
            "sn": "03068",
            "brief": "上帝的名字「雅威」，犹太人尊称为「上主」"
        },
        "3": {
            "sn": "00413",
            "brief": "对、向、往"
        },
        "4": {
            "sn": "03058",
            "brief": "耶户"
        },
        "5": {
            "sn": "01121",
            "brief": "儿子、孙子、后裔、成员"
        },
        "6": {
            "sn": "02607",
            "brief": "哈拿尼"
        },
        "7": {
            "sn": "05921",
            "brief": "在…上面"
        },
        "8": {
            "sn": "01201",
            "brief": "巴沙"
        },
        "9": {
            "sn": "00559",
            "brief": "说"
        }
    },
    "4": {
        "literal": "巴沙其余的事，他所行的和他的勇力，它们不是被写在…的书上吗？(…处填入下行)《以色列诸王年鉴纪录》",
        "0": {
            "sn": "03499",
            "brief": "I. 1. 名词：剩下，2. 副词：优秀、丰富，II. 绳、弦"
        },
        "1": {
            "sn": "01697",
            "brief": "话语、事情"
        },
        "2": {
            "sn": "01201",
            "brief": "巴沙"
        },
        "3": {
            "sn": "00834",
            "brief": "不必翻译"
        },
        "4": {
            "sn": "06213",
            "brief": "做"
        },
        "5": {
            "sn": "01369",
            "brief": "力量"
        },
        "7": {
            "sn": "01992",
            "brief": "他们、它们"
        },
        "8": {
            "sn": "03789",
            "brief": "写、刻"
        },
        "9": {
            "sn": "05921",
            "brief": "在…上面"
        },
        "10": {
            "sn": "05612",
            "brief": "着作、书卷"
        },
        "11": {
            "sn": "01697",
            "brief": "话语、事情"
        },
        "12": {
            "sn": "03117",
            "brief": "日子、时候"
        },
        "13": {
            "sn": "04428",
            "brief": "王"
        },
        "14": {
            "sn": "03478",
            "brief": "以色列"
        },
        "6": {
            "sn": "03808",
            "brief": "不"
        }
    },
    "8": {
        "7": {
            "sn": "01931",
            "brief": "他"
        },
        "literal": "有管理一半战车的他的臣子心利背叛他。当他在得撒，…喝醉的时候，(…处填入下行)在家宰亚杂位于得撒的家里",
        "0": {
            "sn": "07194",
            "brief": "阴谋背叛、结盟、绑"
        },
        "1": {
            "sn": "05921",
            "brief": "在…上面"
        },
        "2": {
            "sn": "05650",
            "brief": "仆人、奴隶"
        },
        "3": {
            "sn": "02174",
            "brief": "心利"
        },
        "4": {
            "sn": "08269",
            "brief": "领袖"
        },
        "5": {
            "sn": "04276",
            "brief": "一半、正午"
        },
        "6": {
            "sn": "07393",
            "brief": "车辆、战车、上磨石"
        },
        "8": {
            "sn": "08656",
            "brief": "得撒"
        },
        "9": {
            "sn": "08354",
            "brief": "喝"
        },
        "10": {
            "sn": "07910",
            "brief": "酒醉的"
        },
        "11": {
            "sn": "01004",
            "brief": "家、房子、殿"
        },
        "12": {
            "sn": "00777",
            "brief": "亚杂"
        },
        "13": {
            "sn": "00834",
            "brief": "不必翻译"
        },
        "14": {
            "sn": "05921",
            "brief": "在…上面"
        },
        "15": {
            "sn": "01004",
            "brief": "家、房子、殿"
        },
        "16": {
            "sn": "08656",
            "brief": "得撒"
        }
    },
    "7": {
        "3": {
            "sn": "08141",
            "brief": "年"
        },
        "5": {
            "sn": "04428",
            "brief": "王"
        },
        "literal": "犹大王亚撒二十六年，巴沙的儿子以拉在得撒登基作以色列王共二年。",
        "0": {
            "sn": "08141",
            "brief": "年"
        },
        "1": {
            "sn": "06242",
            "brief": "数目的「二十」"
        },
        "2": {
            "sn": "08337",
            "brief": "数目的「六」"
        },
        "4": {
            "sn": "00609",
            "brief": "亚撒"
        },
        "6": {
            "sn": "03063",
            "brief": "犹大"
        },
        "7": {
            "sn": "04427",
            "brief": "作王、统治"
        },
        "8": {
            "sn": "00425",
            "brief": "以拉"
        },
        "9": {
            "sn": "01121",
            "brief": "儿子、孙子、后裔、成员"
        },
        "10": {
            "sn": "01201",
            "brief": "巴沙"
        },
        "11": {
            "sn": "05921",
            "brief": "在…上面"
        },
        "12": {
            "sn": "03478",
            "brief": "以色列"
        },
        "13": {
            "sn": "08656",
            "brief": "得撒"
        },
        "14": {
            "sn": "08141",
            "brief": "年"
        }
    },
    "13": {
        "6": {
            "sn": "03808",
            "brief": "不"
        },
        "literal": "以拉其余的事，凡他所行的，它们不是被写在…的书上吗？(…处填入下行)《以色列诸王年鉴纪录》",
        "0": {
            "sn": "03499",
            "brief": "I. 1. 名词：剩下，2. 副词：优秀、丰富，II. 绳、弦"
        },
        "1": {
            "sn": "01697",
            "brief": "话语、事情"
        },
        "2": {
            "sn": "00425",
            "brief": "以拉"
        },
        "3": {
            "sn": "03605",
            "brief": "所有、全部、整个、各"
        },
        "4": {
            "sn": "00834",
            "brief": "不必翻译"
        },
        "5": {
            "sn": "06213",
            "brief": "做"
        },
        "7": {
            "sn": "01992",
            "brief": "他们、它们"
        },
        "8": {
            "sn": "03789",
            "brief": "写、刻"
        },
        "9": {
            "sn": "05921",
            "brief": "在…上面"
        },
        "10": {
            "sn": "05612",
            "brief": "着作、书卷"
        },
        "11": {
            "sn": "01697",
            "brief": "话语、事情"
        },
        "12": {
            "sn": "03117",
            "brief": "日子、时候"
        },
        "13": {
            "sn": "04428",
            "brief": "王"
        },
        "14": {
            "sn": "03478",
            "brief": "以色列"
        },
        "15": {
            "sn": "09015",
            "brief": "开的意思"
        }
    },
    "15": {
        "7": {
            "sn": "05221",
            "brief": "Hif‘il 击打、击杀"
        },
        "10": {
            "sn": "04427",
            "brief": "作王、统治"
        },
        "0": {
            "sn": "08085",
            "brief": "Qal 听、听从，Hif‘il 说明、使…听"
        },
        "literal": "驻扎的士兵听说心利背叛，又杀了王，以色列众人…立军队的元帅暗利作王(…处填入末行)治理以色列。当日就在营中",
        "1": {
            "sn": "05971",
            "brief": "百姓、国民"
        },
        "2": {
            "sn": "02583",
            "brief": "安营、扎营"
        },
        "3": {
            "sn": "00559",
            "brief": "说"
        },
        "4": {
            "sn": "07194",
            "brief": "阴谋背叛、结盟、绑"
        },
        "5": {
            "sn": "02174",
            "brief": "心利"
        },
        "6": {
            "sn": "01571",
            "brief": "甚至、也"
        },
        "8": {
            "sn": "00853",
            "brief": "不必翻译"
        },
        "9": {
            "sn": "04428",
            "brief": "王"
        },
        "11": {
            "sn": "03605",
            "brief": "所有、全部、整个、各"
        },
        "12": {
            "sn": "03478",
            "brief": "以色列"
        },
        "13": {
            "sn": "00853",
            "brief": "不必翻译"
        },
        "14": {
            "sn": "06018",
            "brief": "暗利"
        },
        "15": {
            "sn": "08269",
            "brief": "领袖"
        },
        "16": {
            "sn": "06635",
            "brief": "军队、战争、服役"
        },
        "17": {
            "sn": "05921",
            "brief": "在…上面"
        },
        "18": {
            "sn": "03478",
            "brief": "以色列"
        },
        "19": {
            "sn": "03117",
            "brief": "日子、时候"
        },
        "20": {
            "sn": "01931",
            "brief": "他"
        },
        "21": {
            "sn": "04264",
            "brief": "军旅、军营、军队"
        }
    },
    "19": {
        "literal": "心利其余的事和他所谋画的背叛，它们不是被写在…的书上吗？(…处填入下行)《以色列诸王年鉴纪录》",
        "0": {
            "sn": "03499",
            "brief": "I. 1. 名词：剩下，2. 副词：优秀、丰富，II. 绳、弦"
        },
        "1": {
            "sn": "01697",
            "brief": "话语、事情"
        },
        "2": {
            "sn": "02174",
            "brief": "心利"
        },
        "3": {
            "sn": "07195",
            "brief": "同谋背叛、阴谋"
        },
        "4": {
            "sn": "00834",
            "brief": "不必翻译"
        },
        "5": {
            "sn": "07194",
            "brief": "阴谋背叛、结盟、绑"
        },
        "7": {
            "sn": "01992",
            "brief": "他们、它们"
        },
        "8": {
            "sn": "03789",
            "brief": "写、刻"
        },
        "9": {
            "sn": "05921",
            "brief": "在…上面"
        },
        "10": {
            "sn": "05612",
            "brief": "着作、书卷"
        },
        "11": {
            "sn": "01697",
            "brief": "话语、事情"
        },
        "12": {
            "sn": "03117",
            "brief": "日子、时候"
        },
        "13": {
            "sn": "04428",
            "brief": "王"
        },
        "14": {
            "sn": "03478",
            "brief": "以色列"
        },
        "15": {
            "sn": "09015",
            "brief": "开的意思"
        },
        "6": {
            "sn": "03808",
            "brief": "不"
        }
    },
    "21": {
        "literal": "但随从暗利的人民强过随从基纳的儿子提比尼的人民。提比尼死了，暗利就作了王。",
        "0": {
            "sn": "02388",
            "brief": "加强、支持、抓住、系紧、强壮、勇敢"
        },
        "1": {
            "sn": "05971",
            "brief": "百姓、国民"
        },
        "2": {
            "sn": "00834",
            "brief": "不必翻译"
        },
        "3": {
            "sn": "00310",
            "brief": "后面、跟着"
        },
        "4": {
            "sn": "06018",
            "brief": "暗利"
        },
        "5": {
            "sn": "00854",
            "brief": "与、跟"
        },
        "6": {
            "sn": "05971",
            "brief": "百姓、国民"
        },
        "7": {
            "sn": "00834",
            "brief": "不必翻译"
        },
        "8": {
            "sn": "00310",
            "brief": "后面、跟着"
        },
        "9": {
            "sn": "08402",
            "brief": "提比尼"
        },
        "10": {
            "sn": "01121",
            "brief": "儿子、孙子、后裔、成员"
        },
        "11": {
            "sn": "01527",
            "brief": "基纳"
        },
        "12": {
            "sn": "04191",
            "brief": "死、治死"
        },
        "13": {
            "sn": "08402",
            "brief": "提比尼"
        },
        "14": {
            "sn": "04427",
            "brief": "作王、统治"
        },
        "15": {
            "sn": "06018",
            "brief": "暗利"
        },
        "16": {
            "sn": "09015",
            "brief": "开的意思"
        }
    },
    "22": {
        "literal": "犹大王亚撒三十一年的那年，暗利登基作以色列王共十二年；他在得撒作王六年。",
        "0": {
            "sn": "08141",
            "brief": "年"
        },
        "1": {
            "sn": "07970",
            "brief": "数目的「三十」"
        },
        "2": {
            "sn": "00259",
            "brief": "数目的「一」"
        },
        "3": {
            "sn": "08141",
            "brief": "年"
        },
        "4": {
            "sn": "00609",
            "brief": "亚撒"
        },
        "5": {
            "sn": "04428",
            "brief": "王"
        },
        "6": {
            "sn": "03063",
            "brief": "犹大"
        },
        "7": {
            "sn": "04427",
            "brief": "作王、统治"
        },
        "8": {
            "sn": "06018",
            "brief": "暗利"
        },
        "9": {
            "sn": "05921",
            "brief": "在…上面"
        },
        "10": {
            "sn": "03478",
            "brief": "以色列"
        },
        "11": {
            "sn": "08147",
            "brief": "数目的「二」"
        },
        "12": {
            "sn": "06240",
            "brief": "数目的「十」"
        },
        "13": {
            "sn": "08141",
            "brief": "年"
        },
        "14": {
            "sn": "08656",
            "brief": "得撒"
        },
        "15": {
            "sn": "04427",
            "brief": "作王、统治"
        },
        "16": {
            "sn": "08337",
            "brief": "数目的「六」"
        },
        "17": {
            "sn": "08141",
            "brief": "年"
        }
    },
    "23": {
        "literal": "他用二他连得银子从撒玛买了撒玛利亚山，在山上建造，给所造的城的名字按着山的主人们撒玛的名字叫作撒玛利亚。",
        "0": {
            "sn": "07069",
            "brief": "购买、取得、持有、创造"
        },
        "1": {
            "sn": "00853",
            "brief": "不必翻译"
        },
        "2": {
            "sn": "02022",
            "brief": "山"
        },
        "3": {
            "sn": "08111",
            "brief": "撒玛利亚"
        },
        "4": {
            "sn": "00854",
            "brief": "与、跟"
        },
        "5": {
            "sn": "08106",
            "brief": "撒玛"
        },
        "6": {
            "sn": "03603",
            "brief": "圆形物、圆形区域、他连得"
        },
        "7": {
            "sn": "03701",
            "brief": "银子、钱"
        },
        "8": {
            "sn": "01129",
            "brief": "建造"
        },
        "9": {
            "sn": "00853",
            "brief": "不必翻译"
        },
        "10": {
            "sn": "02022",
            "brief": "山"
        },
        "11": {
            "sn": "07121",
            "brief": "喊叫、召集、称呼、求告、朗读"
        },
        "12": {
            "sn": "00853",
            "brief": "不必翻译"
        },
        "13": {
            "sn": "08034",
            "brief": "名字"
        },
        "14": {
            "sn": "05892",
            "brief": "城邑、城镇"
        },
        "15": {
            "sn": "00834",
            "brief": "不必翻译"
        },
        "16": {
            "sn": "01129",
            "brief": "建造"
        },
        "17": {
            "sn": "05921",
            "brief": "在…上面"
        },
        "18": {
            "sn": "08034",
            "brief": "名字"
        },
        "19": {
            "sn": "08106",
            "brief": "撒玛"
        },
        "20": {
            "sn": "00113",
            "brief": "主人"
        },
        "21": {
            "sn": "02022",
            "brief": "山"
        },
        "22": {
            "sn": "08111",
            "brief": "撒玛利亚"
        }
    },
    "24": {
        "5": {
            "sn": "07489",
            "brief": "I. 行恶 ；II. 破坏、打破"
        },
        "literal": "暗利行雅威眼中(看)为恶的事，他行恶超过他以前所有的(王)。",
        "0": {
            "sn": "06213",
            "brief": "做"
        },
        "1": {
            "sn": "06018",
            "brief": "暗利"
        },
        "2": {
            "sn": "07451",
            "brief": "患难、邪恶、灾难、痛苦、不幸"
        },
        "3": {
            "sn": "05869",
            "brief": "眼目、眼睛"
        },
        "4": {
            "sn": "03068",
            "brief": "上帝的名字「雅威」，犹太人尊称为「上主」"
        },
        "6": {
            "sn": "03605",
            "brief": "所有、全部、整个、各"
        },
        "7": {
            "sn": "00834",
            "brief": "不必翻译"
        },
        "8": {
            "sn": "03942",
            "brief": "在…之前"
        }
    },
    "28": {
        "0": {
            "sn": "00256",
            "brief": "亚哈"
        },
        "1": {
            "sn": "01121",
            "brief": "儿子、孙子、后裔、成员"
        },
        "literal": "…暗利的儿子亚哈登基作以色列的王。(…处填入下行)犹大王亚撒三十八年的那年，暗利的儿子亚哈在撒玛利亚作王治理以色列二十二年。",
        "2": {
            "sn": "06018",
            "brief": "暗利"
        },
        "3": {
            "sn": "04427",
            "brief": "作王、统治"
        },
        "4": {
            "sn": "05921",
            "brief": "在…上面"
        },
        "5": {
            "sn": "03478",
            "brief": "以色列"
        },
        "6": {
            "sn": "08141",
            "brief": "年"
        },
        "7": {
            "sn": "07970",
            "brief": "数目的「三十」"
        },
        "8": {
            "sn": "08083",
            "brief": "数目的「八」"
        },
        "9": {
            "sn": "08141",
            "brief": "年"
        },
        "10": {
            "sn": "00609",
            "brief": "亚撒"
        },
        "11": {
            "sn": "04428",
            "brief": "王"
        },
        "12": {
            "sn": "03063",
            "brief": "犹大"
        },
        "13": {
            "sn": "04427",
            "brief": "作王、统治"
        },
        "14": {
            "sn": "00256",
            "brief": "亚哈"
        },
        "15": {
            "sn": "01121",
            "brief": "儿子、孙子、后裔、成员"
        },
        "16": {
            "sn": "06018",
            "brief": "暗利"
        },
        "17": {
            "sn": "05921",
            "brief": "在…上面"
        },
        "18": {
            "sn": "03478",
            "brief": "以色列"
        },
        "19": {
            "sn": "08111",
            "brief": "撒玛利亚"
        },
        "20": {
            "sn": "06242",
            "brief": "数目的「二十」"
        },
        "21": {
            "sn": "08147",
            "brief": "数目的「二」"
        },
        "22": {
            "sn": "08141",
            "brief": "年"
        }
    },
    "12": {
        "8": {
            "sn": "02398",
            "brief": "Qal 犯罪；Pi‘el 献赎罪祭、得洁净；Hif‘il 导致犯罪；Hitpa‘el 迷失、洁净自己"
        },
        "literal": "这是因巴沙一切的罪和他儿子以拉的罪，就是他们所犯，使以色列陷在罪里…(的罪)。(…处填入下行)以他们虚无的神明惹雅威―以色列的上帝发怒",
        "0": {
            "sn": "00413",
            "brief": "对、向、往"
        },
        "1": {
            "sn": "03605",
            "brief": "所有、全部、整个、各"
        },
        "2": {
            "sn": "02403",
            "brief": "罪、赎罪祭、除罪、罪罚"
        },
        "3": {
            "sn": "01201",
            "brief": "巴沙"
        },
        "4": {
            "sn": "02403",
            "brief": "罪、赎罪祭、除罪、罪罚"
        },
        "5": {
            "sn": "00425",
            "brief": "以拉"
        },
        "6": {
            "sn": "01121",
            "brief": "儿子、孙子、后裔、成员"
        },
        "7": {
            "sn": "00834",
            "brief": "不必翻译"
        },
        "9": {
            "sn": "00834",
            "brief": "不必翻译"
        },
        "11": {
            "sn": "00853",
            "brief": "不必翻译"
        },
        "12": {
            "sn": "03478",
            "brief": "以色列"
        },
        "14": {
            "sn": "00853",
            "brief": "不必翻译"
        },
        "15": {
            "sn": "03068",
            "brief": "上帝的名字「雅威」，犹太人尊称为「上主」"
        },
        "16": {
            "sn": "00430",
            "brief": "上帝、神、神明"
        },
        "17": {
            "sn": "03478",
            "brief": "以色列"
        },
        "18": {
            "sn": "01892",
            "brief": "蒸气、气息、空虚"
        },
        "13": {
            "sn": "03707",
            "brief": "发怒、苦恼"
        },
        "10": {
            "sn": "02398",
            "brief": "Qal 犯罪；Pi‘el 献赎罪祭、得洁净；Hif‘il 导致犯罪；Hitpa‘el 迷失、洁净自己"
        }
    },
    "32": {
        "15": {
            "sn": "00834",
            "brief": "不必翻译"
        },
        "14": {
            "sn": "03478",
            "brief": "以色列"
        },
        "4": {
            "sn": "03254",
            "brief": "再一次、增添"
        },
        "7": {
            "sn": "03707",
            "brief": "发怒、苦恼"
        },
        "literal": "亚哈又做亚舍拉，亚哈再度以所做的惹雅威―以色列上帝的怒气，超过他以前所有的以色列诸王。",
        "0": {
            "sn": "06213",
            "brief": "做"
        },
        "1": {
            "sn": "00256",
            "brief": "亚哈"
        },
        "2": {
            "sn": "00853",
            "brief": "不必翻译"
        },
        "3": {
            "sn": "00842",
            "brief": "木偶、亚舍拉"
        },
        "5": {
            "sn": "00256",
            "brief": "亚哈"
        },
        "6": {
            "sn": "06213",
            "brief": "做"
        },
        "8": {
            "sn": "00853",
            "brief": "不必翻译"
        },
        "9": {
            "sn": "03068",
            "brief": "上帝的名字「雅威」，犹太人尊称为「上主」"
        },
        "10": {
            "sn": "00430",
            "brief": "上帝、神、神明"
        },
        "11": {
            "sn": "03478",
            "brief": "以色列"
        },
        "12": {
            "sn": "03605",
            "brief": "所有、全部、整个、各"
        },
        "13": {
            "sn": "04428",
            "brief": "王"
        },
        "16": {
            "sn": "01961",
            "brief": "是、成为、临到"
        },
        "17": {
            "sn": "03942",
            "brief": "在…之前"
        }
    }
}