{
    "29": {
        "10": {
            "sn": "09001",
            "brief": "给、往、向、到、归属于"
        },
        "literal": "每个盆座有四个铜轮和铜轴。它们有它的四只脚作托座在盆子下面，托座是铸成的，各边都有花圈。",
        "0": {
            "sn": "00702",
            "brief": "数目的「四」"
        },
        "1": {
            "sn": "00212",
            "brief": "车轮"
        },
        "2": {
            "sn": "05178",
            "brief": "铜、脚镣"
        },
        "3": {
            "sn": "04350",
            "brief": "盆座、基座"
        },
        "4": {
            "sn": "00259",
            "brief": "数目的「一」"
        },
        "5": {
            "sn": "05633",
            "brief": "君主, 统治者, 暴君"
        },
        "6": {
            "sn": "05178",
            "brief": "铜、脚镣"
        },
        "7": {
            "sn": "00702",
            "brief": "数目的「四」"
        },
        "8": {
            "sn": "06471",
            "brief": "敲击、脚步、这一次、次数"
        },
        "9": {
            "sn": "03802",
            "brief": "肩膀"
        },
        "11": {
            "sn": "08478",
            "brief": "1. 名词：位置、地方；2. 介系词：在…之下；3. 介系词：代替、因为"
        },
        "12": {
            "sn": "03595",
            "brief": "锅、盆、碗"
        },
        "13": {
            "sn": "03802",
            "brief": "肩膀"
        },
        "14": {
            "sn": "03332",
            "brief": "铸造"
        },
        "15": {
            "sn": "05676",
            "brief": "…外、对面、旁边"
        },
        "16": {
            "sn": "00376",
            "brief": "各人、人、男人、丈夫"
        },
        "17": {
            "sn": "03914",
            "brief": "花圈、花环"
        }
    },
    "33": {
        "0": {
            "sn": "00702",
            "brief": "数目的「四」"
        },
        "1": {
            "sn": "03802",
            "brief": "肩膀"
        },
        "2": {
            "sn": "00413",
            "brief": "向、往"
        },
        "3": {
            "sn": "00702",
            "brief": "数目的「四」"
        },
        "4": {
            "sn": "06438",
            "brief": "房角石"
        },
        "5": {
            "sn": "04350",
            "brief": "盆座、基座"
        },
        "6": {
            "sn": "00259",
            "brief": "数目的「一」"
        },
        "7": {
            "sn": "04480",
            "brief": "从、出、离"
        },
        "8": {
            "sn": "04350",
            "brief": "盆座、基座"
        },
        "9": {
            "sn": "03802",
            "brief": "肩膀"
        },
        "literal": "每个盆座四边有四个托座，它的(原文用阴性，指盆座)托座是从盆座延伸出来的。"
    },
    "49": {
        "literal": "和…杯子、和灯剪、和盘子、和勺子 、和火盆，(…处填入下行)纯金的以及殿的最里面，…的门枢(处填入下行)就是至圣所和外殿的门扇，是金的。",
        "0": {
            "sn": "05592",
            "brief": "门槛、盆、碗、基石"
        },
        "1": {
            "sn": "04212",
            "brief": "剪烛心的剪子"
        },
        "2": {
            "sn": "04219",
            "brief": "碗"
        },
        "3": {
            "sn": "03709",
            "brief": "手掌、脚掌、脚底"
        },
        "4": {
            "sn": "04289",
            "brief": "火鼎、香炉"
        },
        "5": {
            "sn": "02091",
            "brief": "金"
        },
        "7": {
            "sn": "06596",
            "brief": "私密处、扥座、铰链"
        },
        "8": {
            "sn": "01817",
            "brief": "门户、城门"
        },
        "9": {
            "sn": "01004",
            "brief": "殿、房子、家"
        },
        "10": {
            "sn": "06442",
            "brief": "内部的、里面的"
        },
        "11": {
            "sn": "06944",
            "brief": "圣所、圣物、神圣"
        },
        "12": {
            "sn": "06944",
            "brief": "圣所、圣物、神圣"
        },
        "13": {
            "sn": "01817",
            "brief": "门户、城门"
        },
        "14": {
            "sn": "01004",
            "brief": "殿、房子、家"
        },
        "15": {
            "sn": "01964",
            "brief": "圣殿、宫殿"
        },
        "16": {
            "sn": "02091",
            "brief": "金"
        },
        "17": {
            "sn": "09015",
            "brief": "开的意思"
        },
        "6": {
            "sn": "05462",
            "brief": "Qal 关闭、堵塞，Pi‘el 关闭、交付，Hif‘il 关闭、交付"
        }
    },
    "27": {
        "literal": "盆座的造法是这样：它们有嵌边，嵌边在框架之中，",
        "7": {
            "sn": "07948",
            "brief": "(底座的)连结"
        },
        "0": {
            "sn": "02088",
            "brief": "这个"
        },
        "1": {
            "sn": "04639",
            "brief": "作为"
        },
        "2": {
            "sn": "04350",
            "brief": "盆座、基座"
        },
        "3": {
            "sn": "04526",
            "brief": "嵌边、边界、据点"
        },
        "4": {
            "sn": "09001",
            "brief": "给、往、向、到、归属于"
        },
        "5": {
            "sn": "04526",
            "brief": "嵌边、边界、据点"
        },
        "6": {
            "sn": "00996",
            "brief": "在…之间"
        }
    },
    "38": {
        "literal": "他把五个盆座安在殿(门)的右旁，五个放在殿(门)的左旁；又把海放在殿(门)右旁，在东南角。",
        "0": {
            "sn": "05414",
            "brief": "给"
        },
        "1": {
            "sn": "00853",
            "brief": "不必翻译"
        },
        "2": {
            "sn": "04350",
            "brief": "盆座、基座"
        },
        "3": {
            "sn": "02568",
            "brief": "数目的「五」"
        },
        "4": {
            "sn": "05921",
            "brief": "在…上面"
        },
        "5": {
            "sn": "03802",
            "brief": "肩膀"
        },
        "6": {
            "sn": "01004",
            "brief": "殿、房子、家"
        },
        "7": {
            "sn": "03225",
            "brief": "右手、右边"
        },
        "8": {
            "sn": "02568",
            "brief": "数目的「五」"
        },
        "9": {
            "sn": "05921",
            "brief": "在…上面"
        },
        "10": {
            "sn": "03802",
            "brief": "肩膀"
        },
        "11": {
            "sn": "01004",
            "brief": "殿、房子、家"
        },
        "12": {
            "sn": "08040",
            "brief": "左边、左手"
        },
        "13": {
            "sn": "00853",
            "brief": "不必翻译"
        },
        "14": {
            "sn": "03220",
            "brief": "西方、海"
        },
        "15": {
            "sn": "05414",
            "brief": "给"
        },
        "16": {
            "sn": "03802",
            "brief": "肩膀"
        },
        "17": {
            "sn": "01004",
            "brief": "殿、房子、家"
        },
        "18": {
            "sn": "03233",
            "brief": "右边的"
        },
        "19": {
            "sn": "06924",
            "brief": "东方、古老"
        },
        "20": {
            "sn": "04136",
            "brief": "朝向前方、从前面"
        },
        "21": {
            "sn": "05045",
            "brief": "1. 南地、南方；2. 专有名词：尼格夫"
        },
        "22": {
            "sn": "09014",
            "brief": "关闭的意思"
        }
    },
    "40": {
        "literal": "两根柱子和在柱子顶端两个如碗的柱头；以及盖着…的两个网状装饰；(…处填入下二行)两个…如碗柱头(…处填入下行)在柱子顶端",
        "0": {
            "sn": "05982",
            "brief": "柱"
        },
        "1": {
            "sn": "08147",
            "brief": "数目的「二」"
        },
        "2": {
            "sn": "01543",
            "brief": "碗、盆、水泉"
        },
        "3": {
            "sn": "03805",
            "brief": "柱头、柱顶"
        },
        "4": {
            "sn": "00834",
            "brief": "不必翻译"
        },
        "5": {
            "sn": "05921",
            "brief": "在…上面"
        },
        "6": {
            "sn": "07218",
            "brief": "头、起头、山顶、领袖"
        },
        "7": {
            "sn": "05982",
            "brief": "柱"
        },
        "8": {
            "sn": "08147",
            "brief": "数目的「二」"
        },
        "9": {
            "sn": "07639",
            "brief": "网状装饰"
        },
        "11": {
            "sn": "03680",
            "brief": "遮盖、隐藏"
        },
        "10": {
            "sn": "08147",
            "brief": "数目的「二」"
        },
        "12": {
            "sn": "00853",
            "brief": "不必翻译"
        },
        "13": {
            "sn": "08147",
            "brief": "数目的「二」"
        },
        "14": {
            "sn": "01543",
            "brief": "碗、盆、水泉"
        },
        "15": {
            "sn": "03805",
            "brief": "柱头、柱顶"
        },
        "16": {
            "sn": "00834",
            "brief": "不必翻译"
        },
        "17": {
            "sn": "05921",
            "brief": "在…上面"
        },
        "18": {
            "sn": "07218",
            "brief": "头、起头、山顶、领袖"
        },
        "19": {
            "sn": "05982",
            "brief": "柱"
        }
    },
    "46": {
        "literal": "…所罗门让这一切器具过关；(…处填入下行)因为甚多，铜的重量也无法可查。",
        "1": {
            "sn": "08010",
            "brief": "所罗门"
        },
        "0": {
            "sn": "03240",
            "brief": "安顿、让...继续存在"
        },
        "2": {
            "sn": "00853",
            "brief": "不必翻译"
        },
        "3": {
            "sn": "03605",
            "brief": "全部、整个、任何事物"
        },
        "4": {
            "sn": "03627",
            "brief": "器具"
        },
        "5": {
            "sn": "07230",
            "brief": "多"
        },
        "6": {
            "sn": "03966",
            "brief": "极其、非常"
        },
        "7": {
            "sn": "03966",
            "brief": "极其、非常"
        },
        "9": {
            "sn": "02713",
            "brief": "寻求、考查"
        },
        "10": {
            "sn": "04948",
            "brief": "重量"
        },
        "11": {
            "sn": "05178",
            "brief": "铜、脚镣"
        },
        "8": {
            "sn": "03808",
            "brief": "不"
        }
    },
    "47": {
        "literal": "所罗门又造…所有的器皿：(…处填入下行)雅威殿里金坛和在其上摆供饼的金供桌；",
        "0": {
            "sn": "06213",
            "brief": "做"
        },
        "1": {
            "sn": "08010",
            "brief": "所罗门"
        },
        "2": {
            "sn": "00853",
            "brief": "不必翻译"
        },
        "3": {
            "sn": "03605",
            "brief": "全部、整个、任何事物"
        },
        "4": {
            "sn": "03627",
            "brief": "器具"
        },
        "5": {
            "sn": "00834",
            "brief": "不必翻译"
        },
        "6": {
            "sn": "01004",
            "brief": "殿、房子、家"
        },
        "7": {
            "sn": "03068",
            "brief": "上帝的名字「雅威」，犹太人尊称为「上主」"
        },
        "8": {
            "sn": "00853",
            "brief": "不必翻译"
        },
        "9": {
            "sn": "04196",
            "brief": "祭坛"
        },
        "10": {
            "sn": "02091",
            "brief": "金"
        },
        "11": {
            "sn": "00853",
            "brief": "不必翻译"
        },
        "12": {
            "sn": "07979",
            "brief": "筵席、桌子"
        },
        "13": {
            "sn": "00834",
            "brief": "不必翻译"
        },
        "14": {
            "sn": "05921",
            "brief": "在…上面"
        },
        "15": {
            "sn": "03899",
            "brief": "面包、食物"
        },
        "16": {
            "sn": "06440",
            "brief": "脸"
        },
        "17": {
            "sn": "02091",
            "brief": "金"
        }
    },
    "7": {
        "1": {
            "sn": "00834",
            "brief": "不必翻译"
        },
        "literal": "至于他住在那里的自己的宫殿，位于殿廊后面的另一个院子，与这个作法相同。他为所罗门所娶法老的女儿建宫，(做法)与这门廊一样。",
        "0": {
            "sn": "01004",
            "brief": "殿、房子、家"
        },
        "2": {
            "sn": "03427",
            "brief": "居住、坐、停留"
        },
        "3": {
            "sn": "08033",
            "brief": "那里"
        },
        "4": {
            "sn": "02691",
            "brief": "I 院子；II 村庄"
        },
        "5": {
            "sn": "00312",
            "brief": "别的"
        },
        "6": {
            "sn": "01004",
            "brief": "殿、房子、家"
        },
        "7": {
            "sn": "00197",
            "brief": "门廊"
        },
        "8": {
            "sn": "04639",
            "brief": "作为"
        },
        "9": {
            "sn": "02088",
            "brief": "这个"
        },
        "10": {
            "sn": "01961",
            "brief": "是、成为、临到"
        },
        "11": {
            "sn": "01004",
            "brief": "殿、房子、家"
        },
        "12": {
            "sn": "06213",
            "brief": "做"
        },
        "13": {
            "sn": "01323",
            "brief": "女子、女儿"
        },
        "14": {
            "sn": "06547",
            "brief": "法老"
        },
        "15": {
            "sn": "00834",
            "brief": "不必翻译"
        },
        "16": {
            "sn": "03947",
            "brief": "拿、取"
        },
        "17": {
            "sn": "08010",
            "brief": "所罗门"
        },
        "18": {
            "sn": "00197",
            "brief": "门廊"
        },
        "19": {
            "sn": "02088",
            "brief": "这个"
        }
    },
    "20": {
        "0": {
            "sn": "06965",
            "brief": "起来、设立、坚立"
        },
        "5": {
            "sn": "06965",
            "brief": "起来、设立、坚立"
        },
        "1": {
            "sn": "00853",
            "brief": "不必翻译"
        },
        "literal": "他将两根柱子立在殿的门廊：右边立一根柱子，叫它的名字为「雅斤」；左边立一根柱子，叫它的名字为「波阿斯」。",
        "2": {
            "sn": "05982",
            "brief": "柱"
        },
        "3": {
            "sn": "00197",
            "brief": "门廊"
        },
        "4": {
            "sn": "01964",
            "brief": "圣殿、宫殿"
        },
        "6": {
            "sn": "00853",
            "brief": "不必翻译"
        },
        "7": {
            "sn": "05982",
            "brief": "柱"
        },
        "8": {
            "sn": "03233",
            "brief": "右边的"
        },
        "9": {
            "sn": "07121",
            "brief": "喊叫、召集、称呼、求告、朗读"
        },
        "10": {
            "sn": "00853",
            "brief": "不必翻译"
        },
        "11": {
            "sn": "08034",
            "brief": "名、名字"
        },
        "12": {
            "sn": "03199",
            "brief": "雅斤"
        },
        "14": {
            "sn": "00853",
            "brief": "不必翻译"
        },
        "15": {
            "sn": "05982",
            "brief": "柱"
        },
        "16": {
            "sn": "08042",
            "brief": "左边"
        },
        "17": {
            "sn": "07121",
            "brief": "喊叫、召集、称呼、求告、朗读"
        },
        "18": {
            "sn": "00853",
            "brief": "不必翻译"
        },
        "19": {
            "sn": "08034",
            "brief": "名、名字"
        },
        "20": {
            "sn": "01162",
            "brief": "波阿斯"
        },
        "13": {
            "sn": "06965",
            "brief": "起来、设立、坚立"
        }
    },
    "23": {
        "8": {
            "sn": "05362",
            "brief": "I. Nif‘al 砍下，Pi‘el 击打；II. 循环、环绕、修整"
        },
        "literal": "在它(指海，下同)的边缘下面，周围有野瓜(的图案)；环绕着它，每肘十个，围绕着海的周围，共两行野瓜，是铸造它的时候铸上去的。",
        "0": {
            "sn": "06497",
            "brief": "葫芦形装饰品"
        },
        "1": {
            "sn": "08478",
            "brief": "1. 名词：位置、地方；2. 介系词：在…之下；3. 介系词：代替、因为"
        },
        "2": {
            "sn": "08193",
            "brief": "嘴唇、边缘、言语"
        },
        "3": {
            "sn": "05439",
            "brief": "四围、环绕"
        },
        "4": {
            "sn": "05437",
            "brief": "转、步行环绕、围绕"
        },
        "5": {
            "sn": "00853",
            "brief": "不必翻译"
        },
        "6": {
            "sn": "06235",
            "brief": "数目的「十」"
        },
        "7": {
            "sn": "00520",
            "brief": "1.根基；2.一肘，约 18-22 寸，即 45-56 公分"
        },
        "9": {
            "sn": "00853",
            "brief": "不必翻译"
        },
        "10": {
            "sn": "03220",
            "brief": "海、西方"
        },
        "11": {
            "sn": "05439",
            "brief": "四围、环绕"
        },
        "12": {
            "sn": "08147",
            "brief": "数目的「二」"
        },
        "13": {
            "sn": "02905",
            "brief": "一排"
        },
        "14": {
            "sn": "06497",
            "brief": "葫芦形装饰品"
        },
        "15": {
            "sn": "03332",
            "brief": "倒、浇灌"
        },
        "16": {
            "sn": "03333",
            "brief": "铸造"
        }
    },
    "25": {
        "10": {
            "sn": "03557",
            "brief": "盛、装、抓住、容纳、维持"
        },
        "literal": "它的(指海，下同)厚一掌，它的边如杯子的边，(又如)百合花的花蕾，可容二千罢特。",
        "0": {
            "sn": "05672",
            "brief": "厚度"
        },
        "1": {
            "sn": "02947",
            "brief": "手的宽度、一个测量单位"
        },
        "2": {
            "sn": "08193",
            "brief": "嘴唇、边缘、言语"
        },
        "3": {
            "sn": "04639",
            "brief": "作为"
        },
        "4": {
            "sn": "08193",
            "brief": "嘴唇、边缘、言语"
        },
        "5": {
            "sn": "03563",
            "brief": "杯"
        },
        "6": {
            "sn": "06525",
            "brief": "花蕾"
        },
        "7": {
            "sn": "07799",
            "brief": "百合花"
        },
        "8": {
            "sn": "00505",
            "brief": "许多、数目的「一千」"
        },
        "9": {
            "sn": "01324",
            "brief": "罢特，度量衡单位，约等于四十公升。"
        },
        "11": {
            "sn": "09015",
            "brief": "开的意思"
        }
    },
    "15": {
        "7": {
            "sn": "03332",
            "brief": "倒、浇灌、浇铸"
        },
        "literal": "他造了两个柱头安在柱顶上，用铜铸成，(第)一根柱头高五肘，第二根柱头高五肘。",
        "0": {
            "sn": "08147",
            "brief": "数目的「二」"
        },
        "1": {
            "sn": "03805",
            "brief": "柱头、柱顶"
        },
        "2": {
            "sn": "06213",
            "brief": "做"
        },
        "3": {
            "sn": "05414",
            "brief": "给"
        },
        "4": {
            "sn": "05921",
            "brief": "在…上面"
        },
        "5": {
            "sn": "07218",
            "brief": "头、起头、山顶、领袖"
        },
        "6": {
            "sn": "05982",
            "brief": "柱"
        },
        "8": {
            "sn": "05178",
            "brief": "铜、脚镣"
        },
        "9": {
            "sn": "02568",
            "brief": "数目的「五」"
        },
        "10": {
            "sn": "00520",
            "brief": "1.根基；2.一肘，约 18-22 寸，即 45-56 公分"
        },
        "11": {
            "sn": "06967",
            "brief": "高"
        },
        "12": {
            "sn": "03805",
            "brief": "柱头、柱顶"
        },
        "13": {
            "sn": "00259",
            "brief": "数目的「一」"
        },
        "14": {
            "sn": "02568",
            "brief": "数目的「五」"
        },
        "15": {
            "sn": "00520",
            "brief": "1.根基；2.一肘，约 18-22 寸，即 45-56 公分"
        },
        "16": {
            "sn": "06967",
            "brief": "高"
        },
        "17": {
            "sn": "03805",
            "brief": "柱头、柱顶"
        },
        "18": {
            "sn": "08145",
            "brief": "序数的第二"
        }
    },
    "50": {
        "0": {
            "sn": "07999",
            "brief": "Qal 平安，Pi‘el 补偿、完成，Hif‘il 完成、了结"
        },
        "literal": "…一切的工都完成了。(…处填入下行)所罗门王所做雅威的殿所罗门就把他父大卫分别为圣的…都带来，(…处填入下行)银和金和器皿放在雅威殿的府库里。",
        "1": {
            "sn": "03605",
            "brief": "全部、整个、任何事物"
        },
        "2": {
            "sn": "04399",
            "brief": "工作"
        },
        "3": {
            "sn": "00834",
            "brief": "不必翻译"
        },
        "4": {
            "sn": "06213",
            "brief": "做"
        },
        "5": {
            "sn": "04428",
            "brief": "王"
        },
        "6": {
            "sn": "08010",
            "brief": "所罗门"
        },
        "7": {
            "sn": "01004",
            "brief": "殿、房子、家"
        },
        "8": {
            "sn": "03068",
            "brief": "上帝的名字「雅威」，犹太人尊称为「上主」"
        },
        "10": {
            "sn": "08010",
            "brief": "所罗门"
        },
        "11": {
            "sn": "00853",
            "brief": "不必翻译"
        },
        "9": {
            "sn": "00935",
            "brief": "来、进入、临到、发生"
        },
        "12": {
            "sn": "06944",
            "brief": "圣所、圣物、神圣"
        },
        "13": {
            "sn": "01732",
            "brief": "大卫"
        },
        "14": {
            "sn": "00001",
            "brief": "父亲、祖先"
        },
        "15": {
            "sn": "00853",
            "brief": "不必翻译"
        },
        "16": {
            "sn": "03701",
            "brief": "银子、钱"
        },
        "17": {
            "sn": "00853",
            "brief": "不必翻译"
        },
        "18": {
            "sn": "02091",
            "brief": "金"
        },
        "19": {
            "sn": "00853",
            "brief": "不必翻译"
        },
        "20": {
            "sn": "03627",
            "brief": "器具"
        },
        "21": {
            "sn": "05414",
            "brief": "给"
        },
        "22": {
            "sn": "00214",
            "brief": "宝物"
        },
        "23": {
            "sn": "01004",
            "brief": "殿、房子、家"
        },
        "24": {
            "sn": "03068",
            "brief": "上帝的名字「雅威」，犹太人尊称为「上主」"
        },
        "25": {
            "sn": "09015",
            "brief": "开的意思"
        }
    },
    "11": {
        "literal": "大院子四周围有三层凿好的石头和一层香柏木横梁，与上主圣殿内院和圣殿的门廊一样。",
        "0": {
            "sn": "02691",
            "brief": "I 院子；II 村庄"
        },
        "1": {
            "sn": "01419",
            "brief": "大的、伟大的"
        },
        "2": {
            "sn": "05439",
            "brief": "四围、环绕"
        },
        "3": {
            "sn": "07969",
            "brief": "数目的「三」"
        },
        "4": {
            "sn": "02905",
            "brief": "一排"
        },
        "5": {
            "sn": "01496",
            "brief": "凿、切割"
        },
        "6": {
            "sn": "02905",
            "brief": "一排"
        },
        "7": {
            "sn": "03773",
            "brief": "横梁"
        },
        "8": {
            "sn": "00730",
            "brief": "香柏木、香柏树"
        },
        "9": {
            "sn": "02691",
            "brief": "I 院子；II 村庄"
        },
        "10": {
            "sn": "01004",
            "brief": "殿、房子、家"
        },
        "11": {
            "sn": "03068",
            "brief": "上帝的名字「雅威」，犹太人尊称为「上主」"
        },
        "12": {
            "sn": "06442",
            "brief": "内部的、里面的"
        },
        "13": {
            "sn": "00197",
            "brief": "门廊"
        },
        "14": {
            "sn": "01004",
            "brief": "殿、房子、家"
        },
        "15": {
            "sn": "09015",
            "brief": "开的意思"
        }
    },
    "3": {
        "literal": "窗户的框共有三排，以三层的窗与窗相对。",
        "0": {
            "sn": "08261",
            "brief": "框架、窗棂"
        },
        "1": {
            "sn": "07969",
            "brief": "数目的「三」"
        },
        "2": {
            "sn": "02905",
            "brief": "一排"
        },
        "3": {
            "sn": "04237",
            "brief": "光线、窗户"
        },
        "4": {
            "sn": "00413",
            "brief": "向、往"
        },
        "5": {
            "sn": "04237",
            "brief": "光线、窗户"
        },
        "6": {
            "sn": "07969",
            "brief": "数目的「三」"
        },
        "7": {
            "sn": "06471",
            "brief": "敲击、脚步、这一次、次数"
        }
    },
    "4": {
        "literal": "所有的门和门柱都有四方形的框，以三层的窗与窗相对。",
        "0": {
            "sn": "03605",
            "brief": "全部、整个、任何事物"
        },
        "1": {
            "sn": "06607",
            "brief": "通道、入口"
        },
        "2": {
            "sn": "04201",
            "brief": "门框、门柱"
        },
        "3": {
            "sn": "07251",
            "brief": "使成正方形"
        },
        "4": {
            "sn": "08260",
            "brief": "框架、门框"
        },
        "5": {
            "sn": "04136",
            "brief": "朝向前方、从前面"
        },
        "6": {
            "sn": "04237",
            "brief": "光线、窗户"
        },
        "7": {
            "sn": "00413",
            "brief": "向、往"
        },
        "8": {
            "sn": "04237",
            "brief": "光线、窗户"
        },
        "9": {
            "sn": "07969",
            "brief": "数目的「三」"
        },
        "10": {
            "sn": "06471",
            "brief": "敲击、脚步、这一次、次数"
        }
    },
    "5": {
        "literal": "他建造有柱子的门廊，它的长五十肘，它的宽三十肘；它们(指柱子)的前面有门廊，它们前面(指柱子和门廊)有柱子和顶蓬(或译台阶)。",
        "0": {
            "sn": "00853",
            "brief": "不必翻译"
        },
        "1": {
            "sn": "00197",
            "brief": "门廊"
        },
        "2": {
            "sn": "05982",
            "brief": "柱"
        },
        "3": {
            "sn": "06213",
            "brief": "做"
        },
        "4": {
            "sn": "02572",
            "brief": "数目的「五十」"
        },
        "5": {
            "sn": "00520",
            "brief": "1.根基；2.一肘，约 18-22 寸，即 45-56 公分"
        },
        "6": {
            "sn": "00753",
            "brief": "长"
        },
        "7": {
            "sn": "07970",
            "brief": "数目的「三十」"
        },
        "8": {
            "sn": "00520",
            "brief": "1.根基；2.一肘，约 18-22 寸，即 45-56 公分"
        },
        "9": {
            "sn": "07341",
            "brief": "宽度、幅度、广阔区域"
        },
        "10": {
            "sn": "00197",
            "brief": "门廊"
        },
        "11": {
            "sn": "05921",
            "brief": "在…上面"
        },
        "12": {
            "sn": "06440",
            "brief": "脸"
        },
        "13": {
            "sn": "05982",
            "brief": "柱"
        },
        "14": {
            "sn": "05646",
            "brief": "门槛、踏脚台、屋檐"
        },
        "15": {
            "sn": "05921",
            "brief": "在…上面"
        },
        "16": {
            "sn": "06440",
            "brief": "脸"
        }
    },
    "6": {
        "literal": "…有座位的门廊，可在那里审判的(…处填入下下行)审判廊，他建造从这地板到那地板以香柏木覆盖。",
        "0": {
            "sn": "00197",
            "brief": "门廊"
        },
        "1": {
            "sn": "03678",
            "brief": "宝座、座位"
        },
        "2": {
            "sn": "00834",
            "brief": "不必翻译"
        },
        "3": {
            "sn": "08199",
            "brief": "审判、辩白、处罚"
        },
        "4": {
            "sn": "08033",
            "brief": "那里"
        },
        "5": {
            "sn": "00197",
            "brief": "门廊"
        },
        "6": {
            "sn": "04941",
            "brief": "正义、公平、审判、律例、规矩"
        },
        "7": {
            "sn": "06213",
            "brief": "做"
        },
        "8": {
            "sn": "05603",
            "brief": "覆盖"
        },
        "9": {
            "sn": "00730",
            "brief": "香柏木、香柏树"
        },
        "10": {
            "sn": "07172",
            "brief": "底部、地板"
        },
        "11": {
            "sn": "05704",
            "brief": "直到"
        },
        "12": {
            "sn": "07172",
            "brief": "底部、地板"
        }
    },
    "37": {
        "literal": "他制造十个铜盆，每个盆可容四十罢特。每个盆四肘；一个盆安在…每一个盆座上。(…处填入下行)那十个盆座的",
        "14": {
            "sn": "00259",
            "brief": "数目的「一」"
        },
        "15": {
            "sn": "05921",
            "brief": "在…上面"
        },
        "16": {
            "sn": "04350",
            "brief": "盆座、基座"
        },
        "17": {
            "sn": "00259",
            "brief": "数目的「一」"
        },
        "18": {
            "sn": "06235",
            "brief": "数目的「十」"
        },
        "19": {
            "sn": "04350",
            "brief": "盆座、基座"
        },
        "0": {
            "sn": "06213",
            "brief": "做"
        },
        "1": {
            "sn": "06235",
            "brief": "数目的「十」"
        },
        "2": {
            "sn": "03595",
            "brief": "锅、盆、碗"
        },
        "3": {
            "sn": "05178",
            "brief": "铜、脚镣"
        },
        "4": {
            "sn": "00705",
            "brief": "数目的「四十」"
        },
        "5": {
            "sn": "01324",
            "brief": "罢特，度量衡单位，约等于四十公升。"
        },
        "7": {
            "sn": "03595",
            "brief": "锅、盆、碗"
        },
        "8": {
            "sn": "00259",
            "brief": "数目的「一」"
        },
        "9": {
            "sn": "00702",
            "brief": "数目的「四」"
        },
        "10": {
            "sn": "00520",
            "brief": "1.根基；2.一肘，约 18-22 寸，即 45-56 公分"
        },
        "11": {
            "sn": "03595",
            "brief": "锅、盆、碗"
        },
        "12": {
            "sn": "00259",
            "brief": "数目的「一」"
        },
        "13": {
            "sn": "03595",
            "brief": "锅、盆、碗"
        },
        "6": {
            "sn": "03557",
            "brief": "盛、装、抓住、容纳、维持"
        }
    },
    "2": {
        "10": {
            "sn": "02568",
            "brief": "数目的「五」"
        },
        "11": {
            "sn": "06240",
            "brief": "数目的「十」"
        },
        "literal": "横梁上以香柏木覆盖，盖在四十五根柱子上，每行十五根。",
        "0": {
            "sn": "05603",
            "brief": "覆盖"
        },
        "1": {
            "sn": "00730",
            "brief": "香柏木、香柏树"
        },
        "2": {
            "sn": "04605",
            "brief": "在上面"
        },
        "3": {
            "sn": "05921",
            "brief": "在…上面"
        },
        "4": {
            "sn": "06763",
            "brief": "物体的表面、肋骨、横梁"
        },
        "5": {
            "sn": "00834",
            "brief": "不必翻译"
        },
        "6": {
            "sn": "05921",
            "brief": "在…上面"
        },
        "7": {
            "sn": "05982",
            "brief": "柱"
        },
        "8": {
            "sn": "00705",
            "brief": "数目的「四十」"
        },
        "9": {
            "sn": "02568",
            "brief": "数目的「五」"
        },
        "12": {
            "sn": "02905",
            "brief": "一排"
        }
    },
    "16": {
        "literal": "…有网状装饰，(…处填入下下行)就是上有编织炼子图案的网状装饰，在柱子顶端的柱头一个柱头七个，第二个柱头(也有)七个。",
        "0": {
            "sn": "07639",
            "brief": "网状装饰品"
        },
        "1": {
            "sn": "04639",
            "brief": "作为、工"
        },
        "2": {
            "sn": "07639",
            "brief": "网状装饰品"
        },
        "3": {
            "sn": "01434",
            "brief": "串饰"
        },
        "4": {
            "sn": "04639",
            "brief": "作为、工"
        },
        "5": {
            "sn": "08333",
            "brief": "炼子"
        },
        "6": {
            "sn": "03805",
            "brief": "柱头、柱顶"
        },
        "7": {
            "sn": "00834",
            "brief": "不必翻译"
        },
        "8": {
            "sn": "05921",
            "brief": "在…上面"
        },
        "9": {
            "sn": "07218",
            "brief": "头、起头、山顶、领袖"
        },
        "10": {
            "sn": "05982",
            "brief": "柱"
        },
        "11": {
            "sn": "07651",
            "brief": "数目的「七」"
        },
        "12": {
            "sn": "03805",
            "brief": "柱头、柱顶"
        },
        "13": {
            "sn": "00259",
            "brief": "数目的「一」"
        },
        "14": {
            "sn": "07651",
            "brief": "数目的「七」"
        },
        "15": {
            "sn": "03805",
            "brief": "柱头、柱顶"
        },
        "16": {
            "sn": "08145",
            "brief": "序数的第二"
        }
    },
    "34": {
        "literal": "盆座顶端四周围是圆的，高半肘；在盆座顶端有…它的支柱和它的嵌边，(…处填入下行)从它(原文用阴性，指盆座；下同)延伸出来的",
        "0": {
            "sn": "07218",
            "brief": "头、起头、山顶、领袖"
        },
        "1": {
            "sn": "04350",
            "brief": "盆座、基座"
        },
        "2": {
            "sn": "02677",
            "brief": "一半"
        },
        "3": {
            "sn": "00520",
            "brief": "1.根基；2.一肘，约 18-22 寸，即 45-56 公分"
        },
        "4": {
            "sn": "06967",
            "brief": "高"
        },
        "5": {
            "sn": "05696",
            "brief": "圆的"
        },
        "6": {
            "sn": "05439",
            "brief": "四围、环绕"
        },
        "7": {
            "sn": "05921",
            "brief": "在…上面"
        },
        "8": {
            "sn": "07218",
            "brief": "头、起头、山顶、领袖"
        },
        "9": {
            "sn": "04350",
            "brief": "盆座、基座"
        },
        "10": {
            "sn": "03027",
            "brief": "手、边、力量、权势"
        },
        "11": {
            "sn": "04526",
            "brief": "嵌边、边界、据点"
        },
        "12": {
            "sn": "04480",
            "brief": "从、出、离"
        }
    },
    "36": {
        "1": {
            "sn": "06213",
            "brief": "做"
        },
        "9": {
            "sn": "07095",
            "brief": "极处、形状"
        },
        "10": {
            "sn": "00259",
            "brief": "数目的「一」"
        },
        "literal": "像这样他造了十个盆座，一个铸法、一个尺寸、一个样式，它们(原文用阴性)全都相同。",
        "0": {
            "sn": "02063",
            "brief": "这个"
        },
        "2": {
            "sn": "00853",
            "brief": "不必翻译"
        },
        "3": {
            "sn": "06235",
            "brief": "数目的「十」"
        },
        "4": {
            "sn": "04350",
            "brief": "盆座、基座"
        },
        "5": {
            "sn": "04165",
            "brief": "铸造物"
        },
        "6": {
            "sn": "00259",
            "brief": "数目的「一」"
        },
        "7": {
            "sn": "04060",
            "brief": "身量、大小"
        },
        "8": {
            "sn": "00259",
            "brief": "数目的「一」"
        },
        "11": {
            "sn": "03605",
            "brief": "全部、整个、任何事物"
        },
        "12": {
            "sn": "09014",
            "brief": "关闭的意思"
        }
    },
    "44": {
        "6": {
            "sn": "00853",
            "brief": "不必翻译"
        },
        "7": {
            "sn": "03605",
            "brief": "全部、整个、任何事物"
        },
        "8": {
            "sn": "03627",
            "brief": "器具"
        },
        "9": {
            "sn": "00428",
            "brief": "这些"
        },
        "10": {
            "sn": "00834",
            "brief": "不必翻译"
        },
        "11": {
            "sn": "06213",
            "brief": "做"
        },
        "12": {
            "sn": "02438",
            "brief": "希兰"
        },
        "13": {
            "sn": "04428",
            "brief": "王"
        },
        "17": {
            "sn": "05178",
            "brief": "铜、脚镣"
        },
        "literal": "和锅子、和铲子、和盘子，和…所有这些器具，(…处填入下行)希兰为所罗门王所做雅威的殿的都是用光亮的铜(造的)，",
        "0": {
            "sn": "00853",
            "brief": "不必翻译"
        },
        "1": {
            "sn": "05518",
            "brief": "I. 锅；II. 钩、荆棘"
        },
        "2": {
            "sn": "00853",
            "brief": "不必翻译"
        },
        "3": {
            "sn": "03257",
            "brief": "铲子"
        },
        "4": {
            "sn": "00853",
            "brief": "不必翻译"
        },
        "5": {
            "sn": "04219",
            "brief": "碗"
        },
        "14": {
            "sn": "08010",
            "brief": "所罗门"
        },
        "15": {
            "sn": "01004",
            "brief": "殿、房子、家"
        },
        "16": {
            "sn": "03068",
            "brief": "上帝的名字「雅威」，犹太人尊称为「上主」"
        },
        "18": {
            "sn": "04803",
            "brief": "使光秃、磨光"
        }
    },
    "42": {
        "6": {
            "sn": "05921",
            "brief": "在…上面"
        },
        "literal": "和十个盆座和盆座上面的十个盆；",
        "0": {
            "sn": "00853",
            "brief": "不必翻译"
        },
        "1": {
            "sn": "04350",
            "brief": "盆座、基座"
        },
        "2": {
            "sn": "06235",
            "brief": "数目的「十」"
        },
        "3": {
            "sn": "00853",
            "brief": "不必翻译"
        },
        "4": {
            "sn": "03595",
            "brief": "锅、盆、碗"
        },
        "5": {
            "sn": "06235",
            "brief": "数目的「十」"
        },
        "7": {
            "sn": "04350",
            "brief": "盆座、基座"
        }
    },
    "45": {
        "0": {
            "sn": "03603",
            "brief": "圆形物、圆形区域、他连得"
        },
        "1": {
            "sn": "03383",
            "brief": "约旦河"
        },
        "2": {
            "sn": "03332",
            "brief": "倒、浇灌"
        },
        "3": {
            "sn": "04428",
            "brief": "王"
        },
        "4": {
            "sn": "04568",
            "brief": "浓度、塞满紧压"
        },
        "5": {
            "sn": "00127",
            "brief": "泥土的物料、地、土地"
        },
        "6": {
            "sn": "00996",
            "brief": "在…之间"
        },
        "literal": "是在约旦平原，…王用胶泥(模)把它们铸成的。(…处填入末行)疏割和撒拉但中间，",
        "7": {
            "sn": "05523",
            "brief": "疏割"
        },
        "8": {
            "sn": "00996",
            "brief": "在…之间"
        },
        "9": {
            "sn": "06891",
            "brief": "撒拉但"
        }
    },
    "39": {
        "literal": "希兰又造了锅子、和铲子，和盘子。希兰做完了…一切的工：(…处填入下行)他为所罗门王所做雅威的殿",
        "0": {
            "sn": "06213",
            "brief": "做"
        },
        "1": {
            "sn": "02438",
            "brief": "希兰"
        },
        "2": {
            "sn": "00853",
            "brief": "不必翻译"
        },
        "3": {
            "sn": "03595",
            "brief": "锅、盆、碗"
        },
        "4": {
            "sn": "00853",
            "brief": "不必翻译"
        },
        "5": {
            "sn": "03257",
            "brief": "铲子"
        },
        "6": {
            "sn": "00853",
            "brief": "不必翻译"
        },
        "7": {
            "sn": "04219",
            "brief": "碗、盘子"
        },
        "9": {
            "sn": "02438",
            "brief": "希兰"
        },
        "10": {
            "sn": "06213",
            "brief": "做"
        },
        "11": {
            "sn": "00853",
            "brief": "不必翻译"
        },
        "12": {
            "sn": "03605",
            "brief": "全部、整个、任何事物"
        },
        "13": {
            "sn": "04399",
            "brief": "工作"
        },
        "14": {
            "sn": "00834",
            "brief": "不必翻译"
        },
        "15": {
            "sn": "06213",
            "brief": "做"
        },
        "16": {
            "sn": "04428",
            "brief": "王"
        },
        "8": {
            "sn": "03615",
            "brief": "Qal 完成、结束、停止，Pi‘el 完成、毁坏、根除"
        },
        "17": {
            "sn": "08010",
            "brief": "所罗门"
        },
        "18": {
            "sn": "01004",
            "brief": "殿、房子、家"
        },
        "19": {
            "sn": "03068",
            "brief": "上帝的名字「雅威」，犹太人尊称为「上主」"
        }
    },
    "22": {
        "literal": "他又做了一个铸成的海，从它的边直到它的边，十肘，周边是圆的，它的高五肘，三十肘的绳子可以把它绕一圈。",
        "0": {
            "sn": "06213",
            "brief": "做"
        },
        "1": {
            "sn": "00853",
            "brief": "不必翻译"
        },
        "2": {
            "sn": "03220",
            "brief": "海、西方"
        },
        "4": {
            "sn": "06235",
            "brief": "数目的「十」"
        },
        "5": {
            "sn": "00520",
            "brief": "1.根基；2.一肘，约 18-22 寸，即 45-56 公分"
        },
        "6": {
            "sn": "08193",
            "brief": "嘴唇、边缘、言语"
        },
        "7": {
            "sn": "05704",
            "brief": "直到"
        },
        "8": {
            "sn": "08193",
            "brief": "嘴唇、边缘、言语"
        },
        "9": {
            "sn": "05696",
            "brief": "圆的"
        },
        "10": {
            "sn": "05439",
            "brief": "四围、环绕"
        },
        "11": {
            "sn": "02568",
            "brief": "数目的「五」"
        },
        "12": {
            "sn": "00520",
            "brief": "1.根基；2.一肘，约 18-22 寸，即 45-56 公分"
        },
        "13": {
            "sn": "06967",
            "brief": "高"
        },
        "14": {
            "sn": "06957",
            "brief": "I. 拟声词；II. 准绳、绳子"
        },
        "15": {
            "sn": "07970",
            "brief": "数目的「三十」"
        },
        "16": {
            "sn": "00520",
            "brief": "1.根基；2.一肘，约 18-22 寸，即 45-56 公分"
        },
        "17": {
            "sn": "05437",
            "brief": "转、步行环绕、围绕"
        },
        "18": {
            "sn": "00853",
            "brief": "不必翻译"
        },
        "19": {
            "sn": "05439",
            "brief": "四围、环绕"
        },
        "3": {
            "sn": "03332",
            "brief": "倒、浇灌、浇铸"
        }
    },
    "26": {
        "literal": "他制造十个铜盆座，一个盆座长四肘，它的(原文用阴性，指盆座；下同)宽四肘，它的高三肘。",
        "0": {
            "sn": "06213",
            "brief": "做"
        },
        "1": {
            "sn": "00853",
            "brief": "不必翻译"
        },
        "2": {
            "sn": "04350",
            "brief": "盆座、基座"
        },
        "3": {
            "sn": "06235",
            "brief": "数目的「十」"
        },
        "4": {
            "sn": "05178",
            "brief": "铜、脚镣"
        },
        "5": {
            "sn": "00702",
            "brief": "数目的「四」"
        },
        "6": {
            "sn": "00520",
            "brief": "1.根基；2.一肘，约 18-22 寸，即 45-56 公分"
        },
        "7": {
            "sn": "00753",
            "brief": "长"
        },
        "8": {
            "sn": "04350",
            "brief": "盆座、基座"
        },
        "9": {
            "sn": "00259",
            "brief": "数目的「一」"
        },
        "10": {
            "sn": "00702",
            "brief": "数目的「四」"
        },
        "11": {
            "sn": "00520",
            "brief": "1.根基；2.一肘，约 18-22 寸，即 45-56 公分"
        },
        "12": {
            "sn": "07341",
            "brief": "宽度、幅度、广阔区域"
        },
        "13": {
            "sn": "07969",
            "brief": "数目的「三」"
        },
        "14": {
            "sn": "00520",
            "brief": "1.根基；2.一肘，约 18-22 寸，即 45-56 公分"
        },
        "15": {
            "sn": "06967",
            "brief": "高"
        }
    },
    "32": {
        "10": {
            "sn": "03332",
            "brief": "倒、浇灌"
        },
        "literal": "轮的样式如同战车的轮子；它们的轴、和它们的辋、和它们的辐、和它们的毂全都是铸成的。",
        "0": {
            "sn": "04639",
            "brief": "作为"
        },
        "1": {
            "sn": "00212",
            "brief": "车轮"
        },
        "2": {
            "sn": "04639",
            "brief": "作为"
        },
        "3": {
            "sn": "00212",
            "brief": "车轮"
        },
        "4": {
            "sn": "04818",
            "brief": "战车"
        },
        "5": {
            "sn": "03027",
            "brief": "手、边、力量、权势"
        },
        "6": {
            "sn": "01354",
            "brief": "轮圈、背后、眉毛、浮雕"
        },
        "7": {
            "sn": "02839",
            "brief": "轮辐"
        },
        "8": {
            "sn": "02840",
            "brief": "轮轴"
        },
        "9": {
            "sn": "03605",
            "brief": "全部、整个、任何事物"
        }
    },
    "18": {
        "literal": "…柱子顶端的柱头(…处填入下下行)…雕刻着百合花，(…处填入下下行)门廊四肘，",
        "0": {
            "sn": "03805",
            "brief": "柱头、柱顶"
        },
        "1": {
            "sn": "00834",
            "brief": "不必翻译"
        },
        "2": {
            "sn": "05921",
            "brief": "在…上面"
        },
        "3": {
            "sn": "07218",
            "brief": "头、起头、山顶、领袖"
        },
        "4": {
            "sn": "05982",
            "brief": "柱"
        },
        "5": {
            "sn": "04639",
            "brief": "作品、行为、工作"
        },
        "6": {
            "sn": "07799",
            "brief": "百合花"
        },
        "7": {
            "sn": "00197",
            "brief": "门廊"
        },
        "8": {
            "sn": "00702",
            "brief": "数目的「四」"
        },
        "9": {
            "sn": "00520",
            "brief": "1.根基；2.一肘，约 18-22 寸，即 45-56 公分"
        }
    },
    "30": {
        "3": {
            "sn": "04605",
            "brief": "在上面"
        },
        "4": {
            "sn": "00520",
            "brief": "1.根基；2.一肘，约 18-22 寸，即 45-56 公分"
        },
        "5": {
            "sn": "06310",
            "brief": "口、命令、末端、沿岸、比例"
        },
        "6": {
            "sn": "05696",
            "brief": "圆的"
        },
        "7": {
            "sn": "04639",
            "brief": "作为"
        },
        "8": {
            "sn": "03653",
            "brief": "根基、地方、官职、职位"
        },
        "9": {
            "sn": "00520",
            "brief": "1.根基；2.一肘，约 18-22 寸，即 45-56 公分"
        },
        "10": {
            "sn": "02677",
            "brief": "一半"
        },
        "11": {
            "sn": "00520",
            "brief": "1.根基；2.一肘，约 18-22 寸，即 45-56 公分"
        },
        "13": {
            "sn": "05921",
            "brief": "在…上面"
        },
        "14": {
            "sn": "06310",
            "brief": "口、命令、末端、沿岸、比例"
        },
        "15": {
            "sn": "04734",
            "brief": "铭刻"
        },
        "16": {
            "sn": "04526",
            "brief": "嵌边、边界、据点"
        },
        "2": {
            "sn": "03805",
            "brief": "柱头、柱顶"
        },
        "12": {
            "sn": "01571",
            "brief": "也"
        },
        "literal": "它的开口在花冠内，往上高一肘，它的(原文用阴性，指盆座，下同)开口是圆的，彷佛小座的样式，(径)一肘半，它的开口上也有雕工，它们的嵌边是方的，不是圆的。",
        "0": {
            "sn": "06310",
            "brief": "口、命令、末端、沿岸、比例"
        },
        "1": {
            "sn": "01004",
            "brief": "内面、殿、房子、家"
        },
        "19": {
            "sn": "05696",
            "brief": "圆的"
        },
        "18": {
            "sn": "03808",
            "brief": "不"
        },
        "17": {
            "sn": "07251",
            "brief": "使成正方形"
        }
    },
    "31": {
        "literal": "四个轮子在嵌边下面，轮轴与盆座相连，每个轮子高一肘半。",
        "0": {
            "sn": "00702",
            "brief": "数目的「四」"
        },
        "1": {
            "sn": "00212",
            "brief": "车轮"
        },
        "2": {
            "sn": "08478",
            "brief": "1. 名词：位置、地方；2. 介系词：在…之下；3. 介系词：代替、因为"
        },
        "3": {
            "sn": "04526",
            "brief": "边界、据点"
        },
        "4": {
            "sn": "03027",
            "brief": "手、边、力量、权势"
        },
        "5": {
            "sn": "00212",
            "brief": "车轮"
        },
        "6": {
            "sn": "04350",
            "brief": "盆座、基座"
        },
        "7": {
            "sn": "06967",
            "brief": "高"
        },
        "8": {
            "sn": "00212",
            "brief": "车轮"
        },
        "9": {
            "sn": "00259",
            "brief": "数目的「一」"
        },
        "10": {
            "sn": "00520",
            "brief": "1.根基；2.一肘，约 18-22 寸，即 45-56 公分"
        },
        "11": {
            "sn": "02677",
            "brief": "一半"
        },
        "12": {
            "sn": "00520",
            "brief": "1.根基；2.一肘，约 18-22 寸，即 45-56 公分"
        }
    },
    "35": {
        "0": {
            "sn": "06605",
            "brief": "打开、松开、雕刻"
        },
        "literal": "在它支柱的木板上和它的嵌边上，…刻上(…处填入下下行)基路伯、狮子，和棕树，照每个空处所容许的周围有花圈装饰。",
        "1": {
            "sn": "05921",
            "brief": "在…上面"
        },
        "2": {
            "sn": "03871",
            "brief": "板、木板"
        },
        "3": {
            "sn": "03027",
            "brief": "手、边、力量、权势"
        },
        "4": {
            "sn": "05921",
            "brief": "在…上面"
        },
        "5": {
            "sn": "04526",
            "brief": "嵌边、边界、据点"
        },
        "6": {
            "sn": "03742",
            "brief": "基路伯"
        },
        "8": {
            "sn": "08561",
            "brief": "装饰用棕榈树"
        },
        "9": {
            "sn": "04626",
            "brief": "空处、裸体"
        },
        "10": {
            "sn": "00376",
            "brief": "各人、人、男人、丈夫"
        },
        "11": {
            "sn": "03914",
            "brief": "花圈、花环"
        },
        "12": {
            "sn": "05439",
            "brief": "四围、环绕"
        },
        "7": {
            "sn": "00738",
            "brief": "狮子"
        }
    },
    "28": {
        "5": {
            "sn": "00738",
            "brief": "狮子"
        },
        "literal": "框架之中的嵌边上有狮子、牛，和基路伯；框架上又有小座；在狮子和牛的上面和下面有斜挂的花圈装饰。",
        "0": {
            "sn": "05921",
            "brief": "在…上面"
        },
        "1": {
            "sn": "04526",
            "brief": "边界、据点"
        },
        "2": {
            "sn": "00834",
            "brief": "不必翻译"
        },
        "3": {
            "sn": "00996",
            "brief": "在…之间"
        },
        "4": {
            "sn": "07948",
            "brief": "(底座的)连结"
        },
        "6": {
            "sn": "01241",
            "brief": "牛群"
        },
        "7": {
            "sn": "03742",
            "brief": "基路伯"
        },
        "8": {
            "sn": "05921",
            "brief": "在…上面"
        },
        "9": {
            "sn": "07948",
            "brief": "(底座的)连结"
        },
        "10": {
            "sn": "03653",
            "brief": "根基、地方、官职、职位"
        },
        "11": {
            "sn": "04605",
            "brief": "在上面"
        },
        "13": {
            "sn": "00738",
            "brief": "狮子"
        },
        "12": {
            "sn": "08478",
            "brief": "1. 名词：位置、地方；2. 介系词：在…之下；3. 介系词：代替、因为"
        },
        "14": {
            "sn": "01241",
            "brief": "牛群"
        },
        "15": {
            "sn": "03914",
            "brief": "花圈、花环"
        },
        "16": {
            "sn": "04639",
            "brief": "作品、行为、工作"
        },
        "17": {
            "sn": "04174",
            "brief": "斜坡"
        }
    },
    "0": {
        "literal": "至于他自己的宫室，所罗门用十三年建造，他完成了他所有的宫室；",
        "7": {
            "sn": "03615",
            "brief": "Qal 完成、结束、停止，Pi‘el 完成、毁坏、根除"
        },
        "0": {
            "sn": "00853",
            "brief": "不必翻译"
        },
        "1": {
            "sn": "01004",
            "brief": "殿、房子、家"
        },
        "2": {
            "sn": "01129",
            "brief": "建造"
        },
        "3": {
            "sn": "08010",
            "brief": "所罗门"
        },
        "4": {
            "sn": "07969",
            "brief": "数目的「三」"
        },
        "5": {
            "sn": "06240",
            "brief": "数目的「十」"
        },
        "6": {
            "sn": "08141",
            "brief": "年"
        },
        "8": {
            "sn": "00853",
            "brief": "不必翻译"
        },
        "9": {
            "sn": "03605",
            "brief": "全部、整个、任何事物"
        },
        "10": {
            "sn": "01004",
            "brief": "殿、房子、家"
        }
    },
    "41": {
        "literal": "和四百个(安)在两个网状装饰上的石榴，每个网状装饰有两行石榴，盖在…两个如碗的柱头；(…处填入下行)柱子上面",
        "14": {
            "sn": "01543",
            "brief": "碗、盆、水泉"
        },
        "15": {
            "sn": "03805",
            "brief": "柱头、柱顶"
        },
        "16": {
            "sn": "00834",
            "brief": "不必翻译"
        },
        "17": {
            "sn": "05921",
            "brief": "在…上面"
        },
        "18": {
            "sn": "03942",
            "brief": "在…前面"
        },
        "11": {
            "sn": "03680",
            "brief": "遮盖、隐藏"
        },
        "0": {
            "sn": "00853",
            "brief": "不必翻译"
        },
        "1": {
            "sn": "07416",
            "brief": "石榴、石榴树"
        },
        "2": {
            "sn": "00702",
            "brief": "数目的「四」"
        },
        "3": {
            "sn": "03967",
            "brief": "数目的「一百」"
        },
        "4": {
            "sn": "08147",
            "brief": "数目的「二」"
        },
        "5": {
            "sn": "07639",
            "brief": "网子"
        },
        "6": {
            "sn": "08147",
            "brief": "数目的「二」"
        },
        "7": {
            "sn": "02905",
            "brief": "一排"
        },
        "8": {
            "sn": "07416",
            "brief": "石榴、石榴树"
        },
        "9": {
            "sn": "07639",
            "brief": "网子"
        },
        "10": {
            "sn": "00259",
            "brief": "数目的「一」"
        },
        "12": {
            "sn": "00853",
            "brief": "不必翻译"
        },
        "13": {
            "sn": "08147",
            "brief": "数目的「二」"
        },
        "19": {
            "sn": "05982",
            "brief": "柱"
        }
    },
    "43": {
        "literal": "和一个海和海下面的十二头牛；",
        "0": {
            "sn": "00853",
            "brief": "不必翻译"
        },
        "1": {
            "sn": "03220",
            "brief": "西方、海"
        },
        "2": {
            "sn": "00259",
            "brief": "数目的「一」"
        },
        "3": {
            "sn": "00853",
            "brief": "不必翻译"
        },
        "4": {
            "sn": "01241",
            "brief": "牛群"
        },
        "5": {
            "sn": "08147",
            "brief": "数目的「二」"
        },
        "6": {
            "sn": "06240",
            "brief": "数目的「十」"
        },
        "7": {
            "sn": "08478",
            "brief": "1. 名词：位置、地方；2. 介系词：在…之下；3. 介系词：代替、因为"
        },
        "8": {
            "sn": "03220",
            "brief": "西方、海"
        }
    },
    "19": {
        "15": {
            "sn": "05921",
            "brief": "在…上面"
        },
        "0": {
            "sn": "03805",
            "brief": "柱头、柱顶"
        },
        "1": {
            "sn": "05921",
            "brief": "在…上面"
        },
        "literal": "两根柱子上的柱头往上延伸，与挨着网状装饰的圆凸面并列，…有二百个石榴排列环绕。(…处填入下行)在第二个柱头上",
        "2": {
            "sn": "08147",
            "brief": "数目的「二」"
        },
        "3": {
            "sn": "05982",
            "brief": "柱"
        },
        "4": {
            "sn": "01571",
            "brief": "也"
        },
        "5": {
            "sn": "04605",
            "brief": "在上面"
        },
        "6": {
            "sn": "05980",
            "brief": "靠着…旁边、并列"
        },
        "7": {
            "sn": "00990",
            "brief": "子宫、腹部"
        },
        "8": {
            "sn": "00834",
            "brief": "不必翻译"
        },
        "9": {
            "sn": "05676",
            "brief": "…外、对面、旁边"
        },
        "10": {
            "sn": "07639",
            "brief": "网状装饰品"
        },
        "11": {
            "sn": "07416",
            "brief": "石榴、石榴树"
        },
        "12": {
            "sn": "03967",
            "brief": "数目的「一百」"
        },
        "13": {
            "sn": "02905",
            "brief": "一排"
        },
        "14": {
            "sn": "05439",
            "brief": "四围、环绕"
        },
        "16": {
            "sn": "03805",
            "brief": "柱头、柱顶"
        },
        "17": {
            "sn": "08145",
            "brief": "序数的第二"
        }
    },
    "48": {
        "literal": "和…灯台：(…处填入下下行)右边五个，和左边五个，内殿前的纯金和金的花、和灯盏、和灯剪，",
        "0": {
            "sn": "00853",
            "brief": "不必翻译"
        },
        "1": {
            "sn": "04501",
            "brief": "灯台"
        },
        "2": {
            "sn": "02568",
            "brief": "数目的「五」"
        },
        "3": {
            "sn": "03225",
            "brief": "右手、右边"
        },
        "4": {
            "sn": "02568",
            "brief": "数目的「五」"
        },
        "5": {
            "sn": "08040",
            "brief": "左边、左手"
        },
        "6": {
            "sn": "03942",
            "brief": "在…前面"
        },
        "7": {
            "sn": "01687",
            "brief": "内殿、至圣所"
        },
        "8": {
            "sn": "02091",
            "brief": "金"
        },
        "10": {
            "sn": "06525",
            "brief": "花蕾"
        },
        "9": {
            "sn": "05462",
            "brief": "Qal 关闭、堵塞，Pi‘el 关闭、交付，Hif‘il 关闭、交付"
        },
        "11": {
            "sn": "05216",
            "brief": "灯"
        },
        "12": {
            "sn": "04457",
            "brief": "烛花剪、火钳"
        },
        "13": {
            "sn": "02091",
            "brief": "金"
        }
    },
    "8": {
        "literal": "所有的这些，…全都用宝贵的石头(来造)，(…处填入末二行)是按尺寸用锯子…凿成的。(…处填入下行)从裏到外从根基到檐石，从外头直到大院，",
        "0": {
            "sn": "03605",
            "brief": "全部、整个、任何事物"
        },
        "1": {
            "sn": "00428",
            "brief": "这些"
        },
        "2": {
            "sn": "00068",
            "brief": "石头、法码、宝石"
        },
        "3": {
            "sn": "03368",
            "brief": "宝贵的、有价值的"
        },
        "4": {
            "sn": "04060",
            "brief": "身量、大小"
        },
        "5": {
            "sn": "01496",
            "brief": "凿、切割"
        },
        "7": {
            "sn": "04050",
            "brief": "锯子"
        },
        "8": {
            "sn": "01004",
            "brief": "内部、殿、房子、家"
        },
        "9": {
            "sn": "02351",
            "brief": "街上、外头"
        },
        "10": {
            "sn": "04527",
            "brief": "基础、根基"
        },
        "11": {
            "sn": "05704",
            "brief": "直到"
        },
        "12": {
            "sn": "02947",
            "brief": "手的宽度、一个测量单位"
        },
        "13": {
            "sn": "02351",
            "brief": "街上、外头"
        },
        "14": {
            "sn": "05704",
            "brief": "直到"
        },
        "15": {
            "sn": "02691",
            "brief": "I 院子；II 村庄"
        },
        "16": {
            "sn": "01419",
            "brief": "大的、伟大的"
        },
        "6": {
            "sn": "01641",
            "brief": "Qal 拖，Nif‘al 反刍，Po'al 锯开"
        }
    },
    "9": {
        "0": {
            "sn": "03245",
            "brief": "立地基"
        },
        "literal": "立根基是用宝贵的石头，巨大的石头，有长十肘的石头，有长八肘的石头；",
        "1": {
            "sn": "00068",
            "brief": "石头、法码、宝石"
        },
        "2": {
            "sn": "03368",
            "brief": "宝贵的、有价值的"
        },
        "3": {
            "sn": "00068",
            "brief": "石头、法码、宝石"
        },
        "4": {
            "sn": "01419",
            "brief": "大的、伟大的"
        },
        "5": {
            "sn": "00068",
            "brief": "石头、法码、宝石"
        },
        "6": {
            "sn": "06235",
            "brief": "数目的「十」"
        },
        "7": {
            "sn": "00520",
            "brief": "1.根基；2.一肘，约 18-22 寸，即 45-56 公分"
        },
        "8": {
            "sn": "00068",
            "brief": "石头、法码、宝石"
        },
        "9": {
            "sn": "08083",
            "brief": "数目的「八」"
        },
        "10": {
            "sn": "00520",
            "brief": "1.根基；2.一肘，约 18-22 寸，即 45-56 公分"
        }
    },
    "10": {
        "literal": "上面有按尺寸凿成的宝贵石头和香柏木。",
        "0": {
            "sn": "04605",
            "brief": "在上面"
        },
        "1": {
            "sn": "00068",
            "brief": "石头、法码、宝石"
        },
        "2": {
            "sn": "03368",
            "brief": "宝贵的、有价值的"
        },
        "3": {
            "sn": "04060",
            "brief": "身量、大小"
        },
        "4": {
            "sn": "01496",
            "brief": "凿、切割"
        },
        "5": {
            "sn": "00730",
            "brief": "香柏木、香柏树"
        }
    },
    "12": {
        "literal": "所罗门王差遣人从泰尔把希兰带来。",
        "0": {
            "sn": "07971",
            "brief": "差遣、释放、送走、伸出、伸展"
        },
        "1": {
            "sn": "04428",
            "brief": "王"
        },
        "2": {
            "sn": "08010",
            "brief": "所罗门"
        },
        "3": {
            "sn": "03947",
            "brief": "拿、取"
        },
        "4": {
            "sn": "00853",
            "brief": "不必翻译"
        },
        "5": {
            "sn": "02438",
            "brief": "希兰"
        },
        "6": {
            "sn": "06865",
            "brief": "推罗或泰尔"
        }
    },
    "14": {
        "literal": "他造了两根铜柱，…十八肘，(…处填入下行)(第)一根柱子高(要用)十二肘的线来围第二根柱子。",
        "0": {
            "sn": "06696",
            "brief": "绑、围困、做成"
        },
        "1": {
            "sn": "00853",
            "brief": "不必翻译"
        },
        "2": {
            "sn": "08147",
            "brief": "数目的「二」"
        },
        "3": {
            "sn": "05982",
            "brief": "柱"
        },
        "4": {
            "sn": "05178",
            "brief": "铜、脚镣"
        },
        "5": {
            "sn": "08083",
            "brief": "数目的「八」"
        },
        "6": {
            "sn": "06240",
            "brief": "数目的「十」"
        },
        "7": {
            "sn": "00520",
            "brief": "1.根基；2.一肘，约 18-22 寸，即 45-56 公分"
        },
        "8": {
            "sn": "06967",
            "brief": "高"
        },
        "9": {
            "sn": "05982",
            "brief": "柱"
        },
        "10": {
            "sn": "00259",
            "brief": "数目的「一」"
        },
        "11": {
            "sn": "02339",
            "brief": "线"
        },
        "12": {
            "sn": "08147",
            "brief": "数目的「二」"
        },
        "13": {
            "sn": "06240",
            "brief": "数目的「十」"
        },
        "14": {
            "sn": "00520",
            "brief": "1.根基；2.一肘，约 18-22 寸，即 45-56 公分"
        },
        "15": {
            "sn": "05437",
            "brief": "转、步行环绕、围绕"
        },
        "16": {
            "sn": "00853",
            "brief": "不必翻译"
        },
        "17": {
            "sn": "05982",
            "brief": "柱"
        },
        "18": {
            "sn": "08145",
            "brief": "序数的第二"
        }
    },
    "17": {
        "literal": "他造柱子，周围有两行(石榴)，在(同)一个网状装饰的上面，用以覆盖…柱头(处填入下下行)在石榴顶端的他造第二个柱头也是如此。",
        "0": {
            "sn": "06213",
            "brief": "做"
        },
        "1": {
            "sn": "00853",
            "brief": "不必翻译"
        },
        "2": {
            "sn": "05982",
            "brief": "柱"
        },
        "3": {
            "sn": "08147",
            "brief": "数目的「二」"
        },
        "4": {
            "sn": "02905",
            "brief": "一排"
        },
        "5": {
            "sn": "05439",
            "brief": "四围、环绕"
        },
        "6": {
            "sn": "05921",
            "brief": "在…上面"
        },
        "7": {
            "sn": "07639",
            "brief": "网状装饰品"
        },
        "8": {
            "sn": "00259",
            "brief": "数目的「一」"
        },
        "10": {
            "sn": "00853",
            "brief": "不必翻译"
        },
        "11": {
            "sn": "03805",
            "brief": "柱头、柱顶"
        },
        "12": {
            "sn": "00834",
            "brief": "不必翻译"
        },
        "13": {
            "sn": "05921",
            "brief": "在…上面"
        },
        "14": {
            "sn": "07218",
            "brief": "头、起头、山顶、领袖"
        },
        "15": {
            "sn": "07416",
            "brief": "石榴、石榴树"
        },
        "16": {
            "sn": "03651",
            "brief": "副词：因此、如此、这样；形容词：对、真的、公平、诚实"
        },
        "17": {
            "sn": "06213",
            "brief": "做"
        },
        "18": {
            "sn": "03805",
            "brief": "柱头、柱顶"
        },
        "19": {
            "sn": "08145",
            "brief": "序数的第二"
        },
        "9": {
            "sn": "03680",
            "brief": "遮盖、隐藏"
        }
    },
    "21": {
        "literal": "在柱子顶端有百合花的雕刻。这样，(造)柱子的工就完成了。",
        "0": {
            "sn": "05921",
            "brief": "在…上面"
        },
        "1": {
            "sn": "07218",
            "brief": "头、起头、山顶、领袖"
        },
        "2": {
            "sn": "05982",
            "brief": "柱"
        },
        "3": {
            "sn": "04639",
            "brief": "作为"
        },
        "4": {
            "sn": "07799",
            "brief": "百合花"
        },
        "5": {
            "sn": "08552",
            "brief": "完成、结束、消除"
        },
        "6": {
            "sn": "04399",
            "brief": "工作"
        },
        "7": {
            "sn": "05982",
            "brief": "柱"
        }
    },
    "24": {
        "literal": "它立在十二头(铜)牛上面：三头面向北，三头面向西，三头面向南，三头面向东；海在它们上面，它们的尾巴全都朝向内。",
        "1": {
            "sn": "05921",
            "brief": "在…上面"
        },
        "2": {
            "sn": "08147",
            "brief": "数目的「二」"
        },
        "3": {
            "sn": "06240",
            "brief": "数目的「十」"
        },
        "4": {
            "sn": "01241",
            "brief": "牛群"
        },
        "5": {
            "sn": "07969",
            "brief": "数目的「三」"
        },
        "6": {
            "sn": "06437",
            "brief": "转向"
        },
        "7": {
            "sn": "06828",
            "brief": "北方"
        },
        "8": {
            "sn": "07969",
            "brief": "数目的「三」"
        },
        "9": {
            "sn": "06437",
            "brief": "转向"
        },
        "10": {
            "sn": "03220",
            "brief": "海、西方"
        },
        "11": {
            "sn": "07969",
            "brief": "数目的「三」"
        },
        "12": {
            "sn": "06437",
            "brief": "转向"
        },
        "13": {
            "sn": "05045",
            "brief": "1. 南地、南方；2. 专有名词：尼格夫"
        },
        "14": {
            "sn": "07969",
            "brief": "数目的「三」"
        },
        "15": {
            "sn": "06437",
            "brief": "转向"
        },
        "16": {
            "sn": "04217",
            "brief": "日出的方向、东方"
        },
        "17": {
            "sn": "03220",
            "brief": "海、西方"
        },
        "18": {
            "sn": "05921",
            "brief": "在…上面"
        },
        "19": {
            "sn": "04605",
            "brief": "在上面"
        },
        "20": {
            "sn": "03605",
            "brief": "全部、整个、任何事物"
        },
        "21": {
            "sn": "00268",
            "brief": "后面、后来"
        },
        "22": {
            "sn": "01004",
            "brief": "内面、殿、房子、家"
        },
        "0": {
            "sn": "05975",
            "brief": "Qal 站立、侍立、停留，Hif‘il 设立、使坚定"
        }
    },
    "13": {
        "literal": "他是一个寡妇的儿子，来自拿弗他利支派，他的父亲是泰尔人，是一个铜匠。他(指希兰)满有智慧、聪明、技能，善于各样铜作。他来到所罗门王那里，做他(指王)一切的工。",
        "0": {
            "sn": "01121",
            "brief": "儿子、孙子、后裔、成员"
        },
        "1": {
            "sn": "00802",
            "brief": "女人、妻子"
        },
        "2": {
            "sn": "00490",
            "brief": "寡妇、荒废的宫殿"
        },
        "3": {
            "sn": "01931",
            "brief": "他"
        },
        "4": {
            "sn": "04294",
            "brief": "杖、支派、分支"
        },
        "5": {
            "sn": "05321",
            "brief": "拿弗他利"
        },
        "6": {
            "sn": "00001",
            "brief": "父亲、祖先"
        },
        "7": {
            "sn": "00376",
            "brief": "各人、人、男人、丈夫"
        },
        "8": {
            "sn": "06876",
            "brief": "泰尔人"
        },
        "9": {
            "sn": "02794",
            "brief": "铜匠、铁匠"
        },
        "10": {
            "sn": "05178",
            "brief": "铜、脚镣"
        },
        "11": {
            "sn": "04390",
            "brief": "充满"
        },
        "12": {
            "sn": "00853",
            "brief": "不必翻译"
        },
        "13": {
            "sn": "02451",
            "brief": "智慧"
        },
        "14": {
            "sn": "00853",
            "brief": "不必翻译"
        },
        "15": {
            "sn": "08394",
            "brief": "聪明"
        },
        "16": {
            "sn": "00853",
            "brief": "不必翻译"
        },
        "17": {
            "sn": "01847",
            "brief": "知识"
        },
        "18": {
            "sn": "06213",
            "brief": "做"
        },
        "19": {
            "sn": "03605",
            "brief": "全部、整个、任何事物"
        },
        "20": {
            "sn": "04399",
            "brief": "工作"
        },
        "21": {
            "sn": "05178",
            "brief": "铜、脚镣"
        },
        "22": {
            "sn": "00935",
            "brief": "来、进入、临到、发生"
        },
        "23": {
            "sn": "00413",
            "brief": "向、往"
        },
        "24": {
            "sn": "04428",
            "brief": "王"
        },
        "25": {
            "sn": "08010",
            "brief": "所罗门"
        },
        "26": {
            "sn": "06213",
            "brief": "做"
        },
        "27": {
            "sn": "00853",
            "brief": "不必翻译"
        },
        "28": {
            "sn": "03605",
            "brief": "全部、整个、任何事物"
        },
        "29": {
            "sn": "04399",
            "brief": "工作"
        }
    },
    "1": {
        "literal": "他又建造黎巴嫩林宫，它的长一百肘，它的宽五十肘，它的高三十肘，有四行香柏木柱，柱上有香柏木横梁。",
        "0": {
            "sn": "01129",
            "brief": "建造"
        },
        "1": {
            "sn": "00853",
            "brief": "不必翻译"
        },
        "2": {
            "sn": "01004",
            "brief": "殿、房子、家"
        },
        "3": {
            "sn": "03293",
            "brief": "森林"
        },
        "4": {
            "sn": "03844",
            "brief": "黎巴嫩"
        },
        "5": {
            "sn": "03967",
            "brief": "数目的「一百」"
        },
        "6": {
            "sn": "00520",
            "brief": "1.根基；2.一肘，约 18-22 寸，即 45-56 公分"
        },
        "7": {
            "sn": "00753",
            "brief": "长"
        },
        "8": {
            "sn": "02572",
            "brief": "数目的「五十」"
        },
        "9": {
            "sn": "00520",
            "brief": "1.根基；2.一肘，约 18-22 寸，即 45-56 公分"
        },
        "10": {
            "sn": "07341",
            "brief": "宽度、幅度、广阔区域"
        },
        "11": {
            "sn": "07970",
            "brief": "数目的「三十」"
        },
        "12": {
            "sn": "00520",
            "brief": "1.根基；2.一肘，约 18-22 寸，即 45-56 公分"
        },
        "13": {
            "sn": "06967",
            "brief": "高"
        },
        "14": {
            "sn": "05921",
            "brief": "在…上面"
        },
        "15": {
            "sn": "00702",
            "brief": "数目的「四」"
        },
        "16": {
            "sn": "02905",
            "brief": "一排"
        },
        "17": {
            "sn": "05982",
            "brief": "柱"
        },
        "18": {
            "sn": "00730",
            "brief": "香柏木、香柏树"
        },
        "19": {
            "sn": "03773",
            "brief": "横梁"
        },
        "20": {
            "sn": "00730",
            "brief": "香柏木、香柏树"
        },
        "21": {
            "sn": "05921",
            "brief": "在…上面"
        },
        "22": {
            "sn": "05982",
            "brief": "柱"
        }
    }
}