{
    "16": {
        "19": {
            "sn": "09001",
            "brief": "给、往、向、到、归属于"
        },
        "17": {
            "sn": "03808",
            "brief": "不"
        },
        "literal": "亚哈谢就像以利亚所说的雅威的话死了。…约兰接续他作王。(…处填入下行)在约沙法的儿子犹大王约兰第二年，因他没有儿子。",
        "0": {
            "sn": "04191",
            "brief": "死"
        },
        "1": {
            "sn": "01697",
            "brief": "言语、话语、事情"
        },
        "2": {
            "sn": "03068",
            "brief": "上帝的名字「雅威」，犹太人尊称为「上主」"
        },
        "3": {
            "sn": "00834",
            "brief": "不必翻译"
        },
        "5": {
            "sn": "00452",
            "brief": "以利亚"
        },
        "6": {
            "sn": "04427",
            "brief": "作王、统治"
        },
        "7": {
            "sn": "03088",
            "brief": "约兰"
        },
        "8": {
            "sn": "08478",
            "brief": "1. 名词：位置、地方；2. 介系词：在…之下；3. 介系词：代替、因为"
        },
        "9": {
            "sn": "08141",
            "brief": "年"
        },
        "10": {
            "sn": "08147",
            "brief": "数目的「二」"
        },
        "11": {
            "sn": "03088",
            "brief": "约兰"
        },
        "12": {
            "sn": "01121",
            "brief": "儿子、孙子、后裔、成员"
        },
        "13": {
            "sn": "03092",
            "brief": "约沙法"
        },
        "14": {
            "sn": "04428",
            "brief": "君王"
        },
        "15": {
            "sn": "03063",
            "brief": "犹大"
        },
        "16": {
            "sn": "03588",
            "brief": "因为、不必翻译"
        },
        "4": {
            "sn": "01696",
            "brief": "Pi‘el 讲、说、指挥"
        },
        "18": {
            "sn": "01961",
            "brief": "是、成为、临到"
        },
        "20": {
            "sn": "01121",
            "brief": "儿子、孙子、后裔、成员"
        }
    },
    "3": {
        "8": {
            "sn": "03808",
            "brief": "不"
        },
        "literal": "所以雅威如此说：「你所上到那里的那张床，你必不能从它(原文用阴性，指床)那里下去，因你必定会死！」以利亚就去了。",
        "0": {
            "sn": "03651",
            "brief": "副词：因此、如此、这样；形容词：对、真的、公平、诚实"
        },
        "1": {
            "sn": "03541",
            "brief": "如此、这样"
        },
        "2": {
            "sn": "00559",
            "brief": "说"
        },
        "3": {
            "sn": "03068",
            "brief": "上帝的名字「雅威」，犹太人尊称为「上主」"
        },
        "4": {
            "sn": "04296",
            "brief": "睡椅、床"
        },
        "5": {
            "sn": "00834",
            "brief": "不必翻译"
        },
        "6": {
            "sn": "05927",
            "brief": "上去、升高、生长、献上"
        },
        "7": {
            "sn": "08033",
            "brief": "那里"
        },
        "9": {
            "sn": "03381",
            "brief": "降临、下去"
        },
        "10": {
            "sn": "04480",
            "brief": "从、离开"
        },
        "11": {
            "sn": "03588",
            "brief": "因为、不必翻译"
        },
        "12": {
            "sn": "04191",
            "brief": "死"
        },
        "13": {
            "sn": "04191",
            "brief": "死"
        },
        "14": {
            "sn": "01980",
            "brief": "行走、去、至死"
        },
        "15": {
            "sn": "00452",
            "brief": "以利亚"
        }
    },
    "5": {
        "35": {
            "sn": "03808",
            "brief": "不"
        },
        "14": {
            "sn": "01696",
            "brief": "Pi‘el 讲、说、指挥"
        },
        "8": {
            "sn": "07725",
            "brief": "Qal 回复、回转、重复，Po‘lel 带回、复兴、更新，Hif‘il 回报、报告、带回"
        },
        "0": {
            "sn": "00559",
            "brief": "说"
        },
        "9": {
            "sn": "00413",
            "brief": "向、往"
        },
        "17": {
            "sn": "00559",
            "brief": "说"
        },
        "18": {
            "sn": "03068",
            "brief": "上帝的名字「雅威」，犹太人尊称为「上主」"
        },
        "19": {
            "sn": "01097",
            "brief": "没有"
        },
        "literal": "他们对他说：「有一个人迎着我们上来，对我们说：『你们回到差你们来的王那里，对他说：雅威如此说，…难道以色列中没有上帝吗？(…处填入下行)你差人去求问以革伦的神明巴力・西卜，所以你所上到那里的床，你必不从它那里下来，你必定会死。』」",
        "1": {
            "sn": "00413",
            "brief": "向、往"
        },
        "2": {
            "sn": "00376",
            "brief": "各人、人、男人、丈夫"
        },
        "3": {
            "sn": "05927",
            "brief": "上去、升高、生长、献上"
        },
        "4": {
            "sn": "07125",
            "brief": "迎接、遇见、偶然相遇"
        },
        "5": {
            "sn": "00559",
            "brief": "说"
        },
        "6": {
            "sn": "00413",
            "brief": "向、往"
        },
        "7": {
            "sn": "01980",
            "brief": "行走、去、至死"
        },
        "10": {
            "sn": "04428",
            "brief": "王"
        },
        "11": {
            "sn": "00834",
            "brief": "不必翻译"
        },
        "12": {
            "sn": "07971",
            "brief": "差遣、释放、送走、伸出、伸展"
        },
        "13": {
            "sn": "00853",
            "brief": "不必翻译"
        },
        "15": {
            "sn": "00413",
            "brief": "向、往"
        },
        "16": {
            "sn": "03541",
            "brief": "如此、这样"
        },
        "20": {
            "sn": "00369",
            "brief": "没有、除非"
        },
        "21": {
            "sn": "00430",
            "brief": "上帝、神、神明"
        },
        "22": {
            "sn": "03478",
            "brief": "以色列"
        },
        "23": {
            "sn": "00859",
            "brief": "你"
        },
        "24": {
            "sn": "07971",
            "brief": "差遣、释放、送走、伸出、伸展"
        },
        "25": {
            "sn": "01875",
            "brief": "寻求、寻找"
        },
        "26": {
            "sn": "01176",
            "brief": "巴力・西卜"
        },
        "27": {
            "sn": "01176",
            "brief": "巴力・西卜"
        },
        "28": {
            "sn": "00430",
            "brief": "上帝、神、神明"
        },
        "29": {
            "sn": "06138",
            "brief": "以革伦"
        },
        "30": {
            "sn": "03651",
            "brief": "副词：因此、如此、这样；形容词：对、真的、公平、诚实"
        },
        "31": {
            "sn": "04296",
            "brief": "睡椅、床"
        },
        "32": {
            "sn": "00834",
            "brief": "不必翻译"
        },
        "33": {
            "sn": "05927",
            "brief": "上去、升高、生长、献上"
        },
        "34": {
            "sn": "08033",
            "brief": "那里"
        },
        "36": {
            "sn": "03381",
            "brief": "降临、下去"
        },
        "37": {
            "sn": "04480",
            "brief": "从、离开"
        },
        "38": {
            "sn": "03588",
            "brief": "因为、不必翻译"
        },
        "39": {
            "sn": "04191",
            "brief": "死"
        },
        "40": {
            "sn": "04191",
            "brief": "死"
        }
    },
    "1": {
        "5": {
            "sn": "00834",
            "brief": "不必翻译"
        },
        "10": {
            "sn": "00559",
            "brief": "说"
        },
        "literal": "亚哈谢一日从他在撒玛利亚楼上的栏杆后面掉下来，就病了；于是差遣使者，对他们说：「你们去求问以革伦的神明巴力・西卜，看我能不能从这疾病好起来。」",
        "0": {
            "sn": "05307",
            "brief": "跌落、跌倒、使签落在..."
        },
        "1": {
            "sn": "00274",
            "brief": "亚哈谢"
        },
        "2": {
            "sn": "01157",
            "brief": "为了、背后、穿过、围绕"
        },
        "3": {
            "sn": "07639",
            "brief": "网状物、格状门窗"
        },
        "4": {
            "sn": "05944",
            "brief": "楼房、顶楼"
        },
        "6": {
            "sn": "08111",
            "brief": "撒玛利亚"
        },
        "8": {
            "sn": "07971",
            "brief": "差遣、释放、送走、伸出、伸展"
        },
        "9": {
            "sn": "04397",
            "brief": "使者"
        },
        "11": {
            "sn": "00413",
            "brief": "向、往"
        },
        "12": {
            "sn": "01980",
            "brief": "行走、去、至死"
        },
        "13": {
            "sn": "01875",
            "brief": "寻求、寻找"
        },
        "14": {
            "sn": "01176",
            "brief": "巴力・西卜"
        },
        "15": {
            "sn": "01176",
            "brief": "巴力・西卜"
        },
        "16": {
            "sn": "00430",
            "brief": "上帝、神、神明"
        },
        "17": {
            "sn": "06138",
            "brief": "以革伦"
        },
        "18": {
            "sn": "00518",
            "brief": "如果"
        },
        "20": {
            "sn": "02483",
            "brief": "生病"
        },
        "21": {
            "sn": "02088",
            "brief": "这个"
        },
        "22": {
            "sn": "09014",
            "brief": "关闭的意思"
        },
        "7": {
            "sn": "02470",
            "brief": "I. Qal 生病，Hof‘al 受伤，II. Pi‘el 恳求施恩"
        },
        "19": {
            "sn": "02421",
            "brief": "Qal 活、存活，Pi‘el 生长、复苏、保存生命，Hif‘il 使存活、复活"
        }
    },
    "4": {
        "1": {
            "sn": "04397",
            "brief": "使者"
        },
        "0": {
            "sn": "07725",
            "brief": "Qal 回复、回转、重复，Po‘lel 带回、复兴、更新，Hif‘il 回报、报告、带回"
        },
        "7": {
            "sn": "07725",
            "brief": "Qal 回复、回转、重复，Po‘lel 带回、复兴、更新，Hif‘il 回报、报告、带回"
        },
        "literal": "使者回来到他(指王)那里，他对他们说：「你们为甚么这样回来？」",
        "2": {
            "sn": "00413",
            "brief": "向、往"
        },
        "3": {
            "sn": "00559",
            "brief": "说"
        },
        "4": {
            "sn": "00413",
            "brief": "向、往"
        },
        "5": {
            "sn": "04100",
            "brief": "什么"
        },
        "6": {
            "sn": "02088",
            "brief": "这个"
        }
    },
    "0": {
        "1": {
            "sn": "04124",
            "brief": "摩押"
        },
        "literal": "亚哈的死之后，摩押背叛了以色列。",
        "0": {
            "sn": "06586",
            "brief": "悖逆、背叛、违法、犯罪"
        },
        "2": {
            "sn": "03478",
            "brief": "以色列"
        },
        "3": {
            "sn": "00310",
            "brief": "后面、跟着"
        },
        "4": {
            "sn": "04194",
            "brief": "死"
        },
        "5": {
            "sn": "00256",
            "brief": "亚哈"
        }
    },
    "11": {
        "3": {
            "sn": "00413",
            "brief": "向、往"
        },
        "4": {
            "sn": "00518",
            "brief": "如果"
        },
        "5": {
            "sn": "00376",
            "brief": "各人、人、男人、丈夫"
        },
        "6": {
            "sn": "00430",
            "brief": "上帝、神、神明"
        },
        "7": {
            "sn": "00589",
            "brief": "我"
        },
        "8": {
            "sn": "03381",
            "brief": "降临、下去"
        },
        "9": {
            "sn": "00784",
            "brief": "火"
        },
        "10": {
            "sn": "04480",
            "brief": "从、离开"
        },
        "11": {
            "sn": "08064",
            "brief": "天"
        },
        "12": {
            "sn": "00398",
            "brief": "吃、吞吃"
        },
        "13": {
            "sn": "00853",
            "brief": "不必翻译"
        },
        "14": {
            "sn": "00853",
            "brief": "不必翻译"
        },
        "15": {
            "sn": "02572",
            "brief": "数目的「五十」"
        },
        "2": {
            "sn": "01696",
            "brief": "Pi‘el 讲、说、指挥"
        },
        "16": {
            "sn": "03381",
            "brief": "降临、下去"
        },
        "17": {
            "sn": "00784",
            "brief": "火"
        },
        "18": {
            "sn": "00430",
            "brief": "上帝、神、神明"
        },
        "19": {
            "sn": "04480",
            "brief": "从、离开"
        },
        "20": {
            "sn": "08064",
            "brief": "天"
        },
        "21": {
            "sn": "00398",
            "brief": "吃、吞吃"
        },
        "22": {
            "sn": "00853",
            "brief": "不必翻译"
        },
        "23": {
            "sn": "00853",
            "brief": "不必翻译"
        },
        "24": {
            "sn": "02572",
            "brief": "数目的「五十」"
        },
        "literal": "以利亚回应，对他们说：「我若是神人，愿火从天上降下来，吞灭你和你的五十人！」于是上帝的火从天上降下来，吞灭他和他的五十人。",
        "0": {
            "sn": "06030",
            "brief": "I. 回答、作证；II. 忙；III. 使受苦、 使低微；IV. 唱歌 (I, IV 的 SN 为 6030. II, III 的 SN 为 6031)"
        },
        "1": {
            "sn": "00452",
            "brief": "以利亚"
        }
    },
    "2": {
        "2": {
            "sn": "01696",
            "brief": "Pi‘el 讲、说、指挥"
        },
        "12": {
            "sn": "01696",
            "brief": "Pi‘el 讲、说、指挥"
        },
        "literal": "但雅威的使者对提斯比人以利亚说：「起来，上去迎着撒玛利亚王的使者，对他们说：『以色列中没有上帝吗？你们竟去问以革伦的神明巴力・西卜。』」",
        "0": {
            "sn": "04397",
            "brief": "使者"
        },
        "1": {
            "sn": "03068",
            "brief": "上帝的名字「雅威」，犹太人尊称为「上主」"
        },
        "3": {
            "sn": "00413",
            "brief": "向、往"
        },
        "4": {
            "sn": "00452",
            "brief": "以利亚"
        },
        "5": {
            "sn": "08664",
            "brief": "提斯比人"
        },
        "6": {
            "sn": "06965",
            "brief": "起来、设立、坚立"
        },
        "7": {
            "sn": "05927",
            "brief": "上去、升高、生长、献上"
        },
        "8": {
            "sn": "07125",
            "brief": "迎接、遇见、偶然相遇"
        },
        "9": {
            "sn": "04397",
            "brief": "使者"
        },
        "10": {
            "sn": "04428",
            "brief": "王"
        },
        "11": {
            "sn": "08111",
            "brief": "撒玛利亚"
        },
        "13": {
            "sn": "00413",
            "brief": "向、往"
        },
        "14": {
            "sn": "01097",
            "brief": "没有"
        },
        "15": {
            "sn": "00369",
            "brief": "没有、除非"
        },
        "16": {
            "sn": "00430",
            "brief": "上帝、神、神明"
        },
        "17": {
            "sn": "03478",
            "brief": "以色列"
        },
        "18": {
            "sn": "00859",
            "brief": "你"
        },
        "19": {
            "sn": "01980",
            "brief": "行走、去、至死"
        },
        "20": {
            "sn": "01875",
            "brief": "寻求、寻找"
        },
        "21": {
            "sn": "01176",
            "brief": "巴力・西卜"
        },
        "22": {
            "sn": "01176",
            "brief": "巴力・西卜"
        },
        "23": {
            "sn": "00430",
            "brief": "上帝、神、神明"
        },
        "24": {
            "sn": "06138",
            "brief": "以革伦"
        }
    },
    "12": {
        "18": {
            "sn": "01696",
            "brief": "Pi‘el 讲、说、指挥"
        },
        "literal": "王再一次差遣第三个五十夫长和他的五十人去。这五十夫长上去，来到，用他的双膝跪在以利亚面前，哀求他，向他说：「神人哪，愿我的性命和你这五十个仆人的性命在你眼前看为宝贵！",
        "1": {
            "sn": "07971",
            "brief": "差遣、释放、送走、伸出、伸展"
        },
        "2": {
            "sn": "08269",
            "brief": "王子、统治者"
        },
        "3": {
            "sn": "02572",
            "brief": "数目的「五十」"
        },
        "4": {
            "sn": "07992",
            "brief": "序数的「第三」"
        },
        "0": {
            "sn": "07725",
            "brief": "Qal 回复、回转、重复，Po‘lel 带回、复兴、更新，Hif‘il 回报、报告、带回"
        },
        "5": {
            "sn": "02572",
            "brief": "数目的「五十」"
        },
        "6": {
            "sn": "05927",
            "brief": "上去、升高、生长、献上"
        },
        "7": {
            "sn": "00935",
            "brief": "来、进入、临到、发生"
        },
        "8": {
            "sn": "08269",
            "brief": "王子、统治者"
        },
        "9": {
            "sn": "02572",
            "brief": "数目的「五十」"
        },
        "10": {
            "sn": "07992",
            "brief": "序数的「第三」"
        },
        "11": {
            "sn": "03766",
            "brief": "叩拜、屈身、下跪"
        },
        "12": {
            "sn": "05921",
            "brief": "关于、在…上面"
        },
        "13": {
            "sn": "01290",
            "brief": "膝盖"
        },
        "14": {
            "sn": "05048",
            "brief": "在…之前、前头、在…面前"
        },
        "15": {
            "sn": "00452",
            "brief": "以利亚"
        },
        "17": {
            "sn": "00413",
            "brief": "向、往"
        },
        "19": {
            "sn": "00413",
            "brief": "向、往"
        },
        "20": {
            "sn": "00376",
            "brief": "各人、人、男人、丈夫"
        },
        "21": {
            "sn": "00430",
            "brief": "上帝、神、神明"
        },
        "22": {
            "sn": "03365",
            "brief": "宝贝、珍贵"
        },
        "23": {
            "sn": "04994",
            "brief": "作为鼓励语的一部份"
        },
        "24": {
            "sn": "05315",
            "brief": "生命、人"
        },
        "25": {
            "sn": "05315",
            "brief": "生命、人"
        },
        "26": {
            "sn": "05650",
            "brief": "仆人、奴隶"
        },
        "27": {
            "sn": "00428",
            "brief": "这些"
        },
        "28": {
            "sn": "02572",
            "brief": "数目的「五十」"
        },
        "29": {
            "sn": "05869",
            "brief": "眼睛、水泉、泉源"
        },
        "16": {
            "sn": "02603",
            "brief": "恩待、怜悯，Hitpa‘el 求恩"
        }
    },
    "8": {
        "12": {
            "sn": "01696",
            "brief": "Pi‘el 讲、说、指挥"
        },
        "literal": "于是他(指王)差遣五十夫长和他的五十人到他(指以利亚)那里，他(指五十夫长)就上到他(指以利亚)那里。看哪，他(指以利亚)正坐在山顶上。他(指五十夫长)对他(指以利亚)说：「神人哪，王命令：下来！」",
        "0": {
            "sn": "07971",
            "brief": "差遣、释放、送走、伸出、伸展"
        },
        "1": {
            "sn": "00413",
            "brief": "向、往"
        },
        "2": {
            "sn": "08269",
            "brief": "王子、统治者"
        },
        "3": {
            "sn": "02572",
            "brief": "数目的「五十」"
        },
        "4": {
            "sn": "02572",
            "brief": "数目的「五十」"
        },
        "5": {
            "sn": "05927",
            "brief": "上去、升高、生长、献上"
        },
        "6": {
            "sn": "00413",
            "brief": "向、往"
        },
        "7": {
            "sn": "02009",
            "brief": "看哪"
        },
        "8": {
            "sn": "03427",
            "brief": "居住、坐、停留"
        },
        "9": {
            "sn": "05921",
            "brief": "关于、在…上面"
        },
        "10": {
            "sn": "07218",
            "brief": "头、起头、山顶、领袖"
        },
        "11": {
            "sn": "02022",
            "brief": "山"
        },
        "13": {
            "sn": "00413",
            "brief": "向、往"
        },
        "14": {
            "sn": "00376",
            "brief": "各人、人、男人、丈夫"
        },
        "15": {
            "sn": "00430",
            "brief": "上帝、神、神明"
        },
        "16": {
            "sn": "04428",
            "brief": "王"
        },
        "18": {
            "sn": "03381",
            "brief": "降临、下去"
        },
        "17": {
            "sn": "01696",
            "brief": "Pi‘el 讲、说、指挥"
        }
    },
    "9": {
        "2": {
            "sn": "01696",
            "brief": "Pi‘el 讲、说、指挥"
        },
        "literal": "以利亚回应，对五十夫长说：「我若是神人，愿火从天上降下来，吞灭你和你的五十人！」于是有火从天上降下来，吞灭他和他的五十人。",
        "0": {
            "sn": "06030",
            "brief": "I. 回答、作证；II. 忙；III. 使受苦、 使低微；IV. 唱歌 (I, IV 的 SN 为 6030. II, III 的 SN 为 6031)"
        },
        "1": {
            "sn": "00452",
            "brief": "以利亚"
        },
        "3": {
            "sn": "00413",
            "brief": "向、往"
        },
        "4": {
            "sn": "08269",
            "brief": "王子、统治者"
        },
        "5": {
            "sn": "02572",
            "brief": "数目的「五十」"
        },
        "6": {
            "sn": "00518",
            "brief": "如果"
        },
        "7": {
            "sn": "00376",
            "brief": "各人、人、男人、丈夫"
        },
        "8": {
            "sn": "00430",
            "brief": "上帝、神、神明"
        },
        "9": {
            "sn": "00589",
            "brief": "我"
        },
        "10": {
            "sn": "03381",
            "brief": "降临、下去"
        },
        "11": {
            "sn": "00784",
            "brief": "火"
        },
        "12": {
            "sn": "04480",
            "brief": "从、离开"
        },
        "13": {
            "sn": "08064",
            "brief": "天"
        },
        "14": {
            "sn": "00398",
            "brief": "吃、吞吃"
        },
        "15": {
            "sn": "00853",
            "brief": "不必翻译"
        },
        "16": {
            "sn": "00853",
            "brief": "不必翻译"
        },
        "17": {
            "sn": "02572",
            "brief": "数目的「五十」"
        },
        "18": {
            "sn": "03381",
            "brief": "降临、下去"
        },
        "19": {
            "sn": "00784",
            "brief": "火"
        },
        "20": {
            "sn": "04480",
            "brief": "从、离开"
        },
        "21": {
            "sn": "08064",
            "brief": "天"
        },
        "22": {
            "sn": "00398",
            "brief": "吃、吞吃"
        },
        "23": {
            "sn": "00853",
            "brief": "不必翻译"
        },
        "24": {
            "sn": "00853",
            "brief": "不必翻译"
        },
        "25": {
            "sn": "02572",
            "brief": "数目的「五十」"
        }
    },
    "13": {
        "literal": "看哪，已经有火从天上降下来，吞灭先前来的两个五十夫长和他们的五十人；现在愿我的性命在你眼前看为宝贵！」",
        "0": {
            "sn": "02009",
            "brief": "看哪"
        },
        "1": {
            "sn": "03381",
            "brief": "降临、下去"
        },
        "2": {
            "sn": "00784",
            "brief": "火"
        },
        "3": {
            "sn": "04480",
            "brief": "从、离开"
        },
        "4": {
            "sn": "08064",
            "brief": "天"
        },
        "5": {
            "sn": "00398",
            "brief": "吃、吞吃"
        },
        "6": {
            "sn": "00853",
            "brief": "不必翻译"
        },
        "7": {
            "sn": "08147",
            "brief": "数目的「二」"
        },
        "8": {
            "sn": "08269",
            "brief": "王子、统治者"
        },
        "9": {
            "sn": "02572",
            "brief": "数目的「五十」"
        },
        "10": {
            "sn": "07223",
            "brief": "先前的、首先的"
        },
        "11": {
            "sn": "00853",
            "brief": "不必翻译"
        },
        "12": {
            "sn": "02572",
            "brief": "数目的「五十」"
        },
        "13": {
            "sn": "06258",
            "brief": "现在"
        },
        "14": {
            "sn": "03365",
            "brief": "宝贝、珍贵"
        },
        "15": {
            "sn": "05315",
            "brief": "生命、人"
        },
        "16": {
            "sn": "05869",
            "brief": "眼睛、水泉、泉源"
        },
        "17": {
            "sn": "09014",
            "brief": "关闭的意思"
        }
    },
    "14": {
        "literal": "雅威的使者对以利亚说：「同他下去，不要怕他！」他(指以利亚)就起来，同着他下到王那里，",
        "0": {
            "sn": "01696",
            "brief": "Pi‘el 讲、说、指挥"
        },
        "8": {
            "sn": "03372",
            "brief": "Qal 害怕，Nif‘al 令人畏惧"
        },
        "1": {
            "sn": "04397",
            "brief": "使者"
        },
        "2": {
            "sn": "03068",
            "brief": "上帝的名字「雅威」，犹太人尊称为「上主」"
        },
        "3": {
            "sn": "00413",
            "brief": "向、往"
        },
        "4": {
            "sn": "00452",
            "brief": "以利亚"
        },
        "5": {
            "sn": "03381",
            "brief": "降临、下去"
        },
        "6": {
            "sn": "00854",
            "brief": "与、跟"
        },
        "7": {
            "sn": "00408",
            "brief": "不"
        },
        "9": {
            "sn": "06440",
            "brief": "脸、脸面"
        },
        "10": {
            "sn": "06965",
            "brief": "起来、设立、坚立"
        },
        "11": {
            "sn": "03381",
            "brief": "降临、下去"
        },
        "12": {
            "sn": "00853",
            "brief": "不必翻译"
        },
        "13": {
            "sn": "00413",
            "brief": "向、往"
        },
        "14": {
            "sn": "04428",
            "brief": "王"
        }
    },
    "7": {
        "literal": "他们对他说：「那人是身穿毛衣，且以皮带束他的腰的人。」他说：「他必定是提斯比人以利亚。」",
        "4": {
            "sn": "08181",
            "brief": "头发"
        },
        "5": {
            "sn": "00232",
            "brief": "带子"
        },
        "6": {
            "sn": "05785",
            "brief": "皮"
        },
        "7": {
            "sn": "00247",
            "brief": "束腰"
        },
        "8": {
            "sn": "04975",
            "brief": "腰"
        },
        "9": {
            "sn": "00559",
            "brief": "说"
        },
        "10": {
            "sn": "00452",
            "brief": "以利亚"
        },
        "11": {
            "sn": "08664",
            "brief": "提斯比人"
        },
        "12": {
            "sn": "01931",
            "brief": "他"
        },
        "0": {
            "sn": "00559",
            "brief": "说"
        },
        "1": {
            "sn": "00413",
            "brief": "向、往"
        },
        "2": {
            "sn": "00376",
            "brief": "各人、人、男人、丈夫"
        },
        "3": {
            "sn": "01167",
            "brief": "丈夫、主人、巴力"
        }
    },
    "6": {
        "0": {
            "sn": "01696",
            "brief": "Pi‘el 讲、说、指挥"
        },
        "8": {
            "sn": "01696",
            "brief": "Pi‘el 讲、说、指挥"
        },
        "literal": "他对他们说：「上来迎着你们，…那人的样子如何？」(…处填入下行) 对你们说这些话的",
        "1": {
            "sn": "00413",
            "brief": "向、往"
        },
        "2": {
            "sn": "04100",
            "brief": "什么"
        },
        "3": {
            "sn": "04941",
            "brief": "正义、公平、审判、律例、规矩"
        },
        "4": {
            "sn": "00376",
            "brief": "各人、人、男人、丈夫"
        },
        "5": {
            "sn": "00834",
            "brief": "不必翻译"
        },
        "6": {
            "sn": "05927",
            "brief": "上去、升高、生长、献上"
        },
        "7": {
            "sn": "07125",
            "brief": "迎接、遇见、偶然相遇"
        },
        "9": {
            "sn": "00413",
            "brief": "向、往"
        },
        "10": {
            "sn": "00853",
            "brief": "不必翻译"
        },
        "11": {
            "sn": "01697",
            "brief": "言语、话语、事情"
        },
        "12": {
            "sn": "00428",
            "brief": "这些"
        }
    },
    "10": {
        "0": {
            "sn": "07725",
            "brief": "Qal 回复、回转、重复，Po‘lel 带回、复兴、更新，Hif‘il 回报、报告、带回"
        },
        "16": {
            "sn": "03381",
            "brief": "降临、下去"
        },
        "literal": "王又差遣另一个五十夫长和他的五十人到他(指以利亚)那里。他(指五十夫长)回应，吩咐(指以利亚)他：「神人哪，王这样说：快下来！」",
        "1": {
            "sn": "07971",
            "brief": "差遣、释放、送走、伸出、伸展"
        },
        "2": {
            "sn": "00413",
            "brief": "向、往"
        },
        "3": {
            "sn": "08269",
            "brief": "王子、统治者"
        },
        "4": {
            "sn": "02572",
            "brief": "数目的「五十」"
        },
        "5": {
            "sn": "00312",
            "brief": "别的"
        },
        "6": {
            "sn": "02572",
            "brief": "数目的「五十」"
        },
        "7": {
            "sn": "06030",
            "brief": "I. 回答、作证；II. 忙；III. 使受苦、 使低微；IV. 唱歌 (I, IV 的 SN 为 6030. II, III 的 SN 为 6031)"
        },
        "9": {
            "sn": "00413",
            "brief": "向、往"
        },
        "10": {
            "sn": "00376",
            "brief": "各人、人、男人、丈夫"
        },
        "11": {
            "sn": "00430",
            "brief": "上帝、神、神明"
        },
        "12": {
            "sn": "03541",
            "brief": "如此、这样"
        },
        "13": {
            "sn": "00559",
            "brief": "说"
        },
        "14": {
            "sn": "04428",
            "brief": "王"
        },
        "15": {
            "sn": "04120",
            "brief": "急忙、迅速、立即"
        },
        "8": {
            "sn": "01696",
            "brief": "Pi‘el 讲、说、指挥"
        }
    },
    "17": {
        "literal": "亚哈谢其余所行的事，它们不是被写在…的书上吗？(…处填入下行)《以色列诸王年鉴纪录》",
        "0": {
            "sn": "03499",
            "brief": "I. 1. 名词：剩下，2. 副词：优秀、丰富，II. 绳、弦"
        },
        "1": {
            "sn": "01697",
            "brief": "言语、话语、事情"
        },
        "2": {
            "sn": "00274",
            "brief": "亚哈谢"
        },
        "3": {
            "sn": "00834",
            "brief": "不必翻译"
        },
        "4": {
            "sn": "06213",
            "brief": "做"
        },
        "6": {
            "sn": "01992",
            "brief": "他们"
        },
        "7": {
            "sn": "03789",
            "brief": "写、刻"
        },
        "8": {
            "sn": "05921",
            "brief": "关于、在…上面"
        },
        "9": {
            "sn": "05612",
            "brief": "着作、书卷"
        },
        "10": {
            "sn": "01697",
            "brief": "言语、话语、事情"
        },
        "11": {
            "sn": "03117",
            "brief": "日子、时候"
        },
        "5": {
            "sn": "03808",
            "brief": "不"
        },
        "12": {
            "sn": "04428",
            "brief": "君王"
        },
        "13": {
            "sn": "03478",
            "brief": "以色列"
        },
        "14": {
            "sn": "09015",
            "brief": "开的意思"
        }
    },
    "15": {
        "literal": "他(指以利亚)对他(指王)说：「雅威如此说：『你差使者去求问以革伦的神明巴力・西卜，难道以色列中没有上帝可以求问他的话吗？所以你所上到那里的床，你必不从它那里下来，你必定会死！』」",
        "1": {
            "sn": "00413",
            "brief": "向、往"
        },
        "2": {
            "sn": "03541",
            "brief": "如此、这样"
        },
        "3": {
            "sn": "00559",
            "brief": "说"
        },
        "4": {
            "sn": "03068",
            "brief": "上帝的名字「雅威」，犹太人尊称为「上主」"
        },
        "5": {
            "sn": "03282",
            "brief": "因为"
        },
        "6": {
            "sn": "00834",
            "brief": "不必翻译"
        },
        "7": {
            "sn": "07971",
            "brief": "差遣、释放、送走、伸出、伸展"
        },
        "8": {
            "sn": "04397",
            "brief": "使者"
        },
        "9": {
            "sn": "01875",
            "brief": "寻求、寻找"
        },
        "10": {
            "sn": "01176",
            "brief": "巴力・西卜"
        },
        "11": {
            "sn": "01176",
            "brief": "巴力・西卜"
        },
        "12": {
            "sn": "00430",
            "brief": "上帝、神、神明"
        },
        "13": {
            "sn": "06138",
            "brief": "以革伦"
        },
        "14": {
            "sn": "01097",
            "brief": "没有"
        },
        "15": {
            "sn": "00369",
            "brief": "没有、除非"
        },
        "16": {
            "sn": "00430",
            "brief": "上帝、神、神明"
        },
        "17": {
            "sn": "03478",
            "brief": "以色列"
        },
        "0": {
            "sn": "01696",
            "brief": "Pi‘el 讲、说、指挥"
        },
        "18": {
            "sn": "01875",
            "brief": "寻求、寻找"
        },
        "19": {
            "sn": "01697",
            "brief": "言语、话语、事情"
        },
        "20": {
            "sn": "03651",
            "brief": "副词：因此、如此、这样；形容词：对、真的、公平、诚实"
        },
        "21": {
            "sn": "04296",
            "brief": "睡椅、床"
        },
        "22": {
            "sn": "00834",
            "brief": "不必翻译"
        },
        "23": {
            "sn": "05927",
            "brief": "上去、升高、生长、献上"
        },
        "24": {
            "sn": "08033",
            "brief": "那里"
        },
        "26": {
            "sn": "03381",
            "brief": "降临、下去"
        },
        "27": {
            "sn": "04480",
            "brief": "从、离开"
        },
        "28": {
            "sn": "03588",
            "brief": "因为、不必翻译"
        },
        "29": {
            "sn": "04191",
            "brief": "死"
        },
        "30": {
            "sn": "04191",
            "brief": "死"
        },
        "25": {
            "sn": "03808",
            "brief": "不"
        }
    }
}