{
    "11": {
        "11": {
            "sn": "09001",
            "brief": "给、往、向、到、归属于"
        },
        "4": {
            "sn": "01696",
            "brief": "Pi‘el 讲、说、指挥"
        },
        "12": {
            "sn": "05921",
            "brief": "在…上面"
        },
        "13": {
            "sn": "03678",
            "brief": "宝座、座位"
        },
        "14": {
            "sn": "03478",
            "brief": "以色列"
        },
        "literal": "这是从前雅威应许耶户的话说：「你的子孙必坐以色列的国位直到四代。」事情果然如此发生。",
        "0": {
            "sn": "01931",
            "brief": "他"
        },
        "1": {
            "sn": "01697",
            "brief": "话语、事情"
        },
        "2": {
            "sn": "03068",
            "brief": "上帝的名字「雅威」，犹太人尊称为「上主」"
        },
        "3": {
            "sn": "00834",
            "brief": "不必翻译"
        },
        "5": {
            "sn": "00413",
            "brief": "对、向、往"
        },
        "6": {
            "sn": "03058",
            "brief": "耶户"
        },
        "7": {
            "sn": "00559",
            "brief": "说"
        },
        "8": {
            "sn": "01121",
            "brief": "儿子、孙子、后裔、成员"
        },
        "9": {
            "sn": "07243",
            "brief": "序数的「第四」"
        },
        "10": {
            "sn": "03427",
            "brief": "居住、坐、停留"
        },
        "15": {
            "sn": "01961",
            "brief": "是、成为、临到"
        },
        "16": {
            "sn": "03651",
            "brief": "副词：因此、如此、这样；形容词：对、真的、公平、诚实"
        },
        "17": {
            "sn": "09015",
            "brief": "开的意思"
        }
    },
    "6": {
        "8": {
            "sn": "05892",
            "brief": "城邑、城镇"
        },
        "literal": "亚撒利雅与他列祖同睡，人们把他跟他列祖一同葬在大卫城。他儿子约坦接续他作王。",
        "0": {
            "sn": "07901",
            "brief": "躺卧、同寝"
        },
        "1": {
            "sn": "05838",
            "brief": "亚撒利雅"
        },
        "2": {
            "sn": "05973",
            "brief": "跟、与、和"
        },
        "3": {
            "sn": "00001",
            "brief": "父亲、祖先"
        },
        "4": {
            "sn": "06912",
            "brief": "埋葬"
        },
        "5": {
            "sn": "00853",
            "brief": "不必翻译"
        },
        "6": {
            "sn": "05973",
            "brief": "跟、与、和"
        },
        "7": {
            "sn": "00001",
            "brief": "父亲、祖先"
        },
        "9": {
            "sn": "01732",
            "brief": "大卫"
        },
        "10": {
            "sn": "04427",
            "brief": "作王、统治"
        },
        "11": {
            "sn": "03147",
            "brief": "约坦"
        },
        "12": {
            "sn": "01121",
            "brief": "儿子、孙子、后裔、成员"
        },
        "13": {
            "sn": "08478",
            "brief": "1. 名词：位置、地方；2. 介系词：在…之下；3. 介系词：代替、因为"
        },
        "14": {
            "sn": "09015",
            "brief": "开的意思"
        }
    },
    "5": {
        "6": {
            "sn": "03808",
            "brief": "不"
        },
        "11": {
            "sn": "01697",
            "brief": "话语、事情"
        },
        "12": {
            "sn": "03117",
            "brief": "日子、时候"
        },
        "literal": "亚撒利雅其余的事，凡他所行的，它们不是被写在…书上吗？(…处填入下行)《犹大列王编年纪》的",
        "0": {
            "sn": "03499",
            "brief": "I. 1. 名词：剩下，2. 副词：优秀、丰富，II. 绳、弦"
        },
        "1": {
            "sn": "01697",
            "brief": "话语、事情"
        },
        "2": {
            "sn": "05838",
            "brief": "亚撒利雅"
        },
        "3": {
            "sn": "03605",
            "brief": "全部、整个、各"
        },
        "4": {
            "sn": "00834",
            "brief": "不必翻译"
        },
        "5": {
            "sn": "06213",
            "brief": "做"
        },
        "7": {
            "sn": "01992",
            "brief": "他们、它们"
        },
        "8": {
            "sn": "03789",
            "brief": "写、刻"
        },
        "9": {
            "sn": "05921",
            "brief": "在…上面"
        },
        "10": {
            "sn": "05612",
            "brief": "着作、书卷"
        },
        "13": {
            "sn": "04428",
            "brief": "君王、国王"
        },
        "14": {
            "sn": "03063",
            "brief": "犹大"
        }
    },
    "34": {
        "2": {
            "sn": "03808",
            "brief": "不"
        },
        "13": {
            "sn": "01004",
            "brief": "殿、房屋"
        },
        "6": {
            "sn": "02076",
            "brief": "屠宰、献祭"
        },
        "literal": "只是丘坛还没有废去，百姓仍在丘坛献祭烧香。他(指约坦)建立了雅威殿的上门。",
        "0": {
            "sn": "07535",
            "brief": "只是"
        },
        "1": {
            "sn": "01116",
            "brief": "高处、邱坛"
        },
        "3": {
            "sn": "05493",
            "brief": "转离、除去"
        },
        "5": {
            "sn": "05971",
            "brief": "百姓、国民"
        },
        "8": {
            "sn": "01116",
            "brief": "高处、丘坛"
        },
        "9": {
            "sn": "01931",
            "brief": "他"
        },
        "10": {
            "sn": "01129",
            "brief": "建造"
        },
        "11": {
            "sn": "00853",
            "brief": "不必翻译"
        },
        "12": {
            "sn": "08179",
            "brief": "城门"
        },
        "14": {
            "sn": "03068",
            "brief": "上帝的名字「雅威」，犹太人尊称为「上主」"
        },
        "15": {
            "sn": "05945",
            "brief": "1. 名词：至高者、至高处，2. 形容词：高的、上面的"
        },
        "7": {
            "sn": "06999",
            "brief": "献祭、烧香、薰"
        },
        "4": {
            "sn": "05750",
            "brief": "再、仍然、持续"
        }
    },
    "23": {
        "6": {
            "sn": "02403",
            "brief": "罪、赎罪祭、除罪、罪罚"
        },
        "11": {
            "sn": "02398",
            "brief": "Qal 犯罪；Pi‘el 献赎罪祭、得洁净；Hif‘il 导致犯罪；Hitpa‘el 迷失、洁净自己"
        },
        "4": {
            "sn": "03808",
            "brief": "不"
        },
        "literal": "他行雅威眼中(看)为恶的事，不离开尼八的儿子耶罗波安…那罪。(…处填入下行)使以色列人陷在罪里的",
        "0": {
            "sn": "06213",
            "brief": "做"
        },
        "1": {
            "sn": "07451",
            "brief": "邪恶、祸患"
        },
        "2": {
            "sn": "05869",
            "brief": "眼睛"
        },
        "3": {
            "sn": "03068",
            "brief": "上帝的名字「雅威」，犹太人尊称为「上主」"
        },
        "5": {
            "sn": "05493",
            "brief": "转离、除去"
        },
        "7": {
            "sn": "03379",
            "brief": "耶罗波安"
        },
        "8": {
            "sn": "01121",
            "brief": "儿子、孙子、后裔、成员"
        },
        "9": {
            "sn": "05028",
            "brief": "尼八"
        },
        "10": {
            "sn": "00834",
            "brief": "不必翻译"
        },
        "12": {
            "sn": "00853",
            "brief": "不必翻译"
        },
        "13": {
            "sn": "03478",
            "brief": "以色列"
        }
    },
    "1": {
        "0": {
            "sn": "01121",
            "brief": "儿子、孙子、后裔、成员"
        },
        "1": {
            "sn": "08337",
            "brief": "数目的「六」"
        },
        "2": {
            "sn": "06240",
            "brief": "数目的「十」"
        },
        "3": {
            "sn": "08141",
            "brief": "年"
        },
        "4": {
            "sn": "01961",
            "brief": "是、成为、临到"
        },
        "5": {
            "sn": "04427",
            "brief": "作王、统治"
        },
        "8": {
            "sn": "08141",
            "brief": "年"
        },
        "literal": "他登基的时候是十六岁之子，在耶路撒冷作王五十二年。他母亲的名字是耶可利雅，来自耶路撒冷。",
        "6": {
            "sn": "02572",
            "brief": "数目的「五十」"
        },
        "7": {
            "sn": "08147",
            "brief": "数目的「二」"
        },
        "9": {
            "sn": "04427",
            "brief": "作王、统治"
        },
        "10": {
            "sn": "03389",
            "brief": "耶路撒冷"
        },
        "11": {
            "sn": "08034",
            "brief": "名字"
        },
        "12": {
            "sn": "00517",
            "brief": "母亲"
        },
        "13": {
            "sn": "03203",
            "brief": "耶可利雅"
        },
        "14": {
            "sn": "03389",
            "brief": "耶路撒冷"
        }
    },
    "19": {
        "21": {
            "sn": "03808",
            "brief": "不"
        },
        "17": {
            "sn": "00259",
            "brief": "数目的「一」"
        },
        "19": {
            "sn": "04428",
            "brief": "君王、国王"
        },
        "20": {
            "sn": "00804",
            "brief": "亚述"
        },
        "18": {
            "sn": "07725",
            "brief": "Qal 回复、回转、重复，Po‘lel 带回、复兴、更新，Hif‘il 回报、报告、带回"
        },
        "23": {
            "sn": "08033",
            "brief": "那里"
        },
        "0": {
            "sn": "03318",
            "brief": "出去"
        },
        "22": {
            "sn": "05975",
            "brief": "Qal 站立、侍立、停留，Hif‘il 设立、使坚定"
        },
        "1": {
            "sn": "04505",
            "brief": "米拿现"
        },
        "2": {
            "sn": "00853",
            "brief": "不必翻译"
        },
        "3": {
            "sn": "03701",
            "brief": "银子、钱"
        },
        "4": {
            "sn": "05921",
            "brief": "在…上面"
        },
        "5": {
            "sn": "03478",
            "brief": "以色列"
        },
        "6": {
            "sn": "05921",
            "brief": "在…上面"
        },
        "7": {
            "sn": "03605",
            "brief": "全部、整个、各"
        },
        "8": {
            "sn": "01368",
            "brief": "形容词：强壮的、有力的；名词：勇士"
        },
        "9": {
            "sn": "02428",
            "brief": "军队、力量、财富、能力"
        },
        "10": {
            "sn": "05414",
            "brief": "安放、置、放、递出"
        },
        "11": {
            "sn": "04428",
            "brief": "君王、国王"
        },
        "12": {
            "sn": "00804",
            "brief": "亚述"
        },
        "13": {
            "sn": "02572",
            "brief": "数目的「五十」"
        },
        "14": {
            "sn": "08255",
            "brief": "舍客勒、度量衡主要单位，约 10-13公克。"
        },
        "15": {
            "sn": "03701",
            "brief": "银子、钱"
        },
        "16": {
            "sn": "00376",
            "brief": "各人、人、男人、丈夫"
        },
        "24": {
            "sn": "00776",
            "brief": "地、邦国、疆界"
        },
        "literal": "米拿现向以色列…索取银子，(…处填入下行)所有大富户…给亚述王。(…处填入下行)每人各出五十舍客勒银子于是亚述王回去，不在这地那里停留了。"
    },
    "32": {
        "0": {
            "sn": "01121",
            "brief": "儿子、孙子、后裔、成员"
        },
        "1": {
            "sn": "06242",
            "brief": "数目的「二十」"
        },
        "2": {
            "sn": "02568",
            "brief": "数目的「五」"
        },
        "3": {
            "sn": "08141",
            "brief": "年"
        },
        "4": {
            "sn": "01961",
            "brief": "是、成为、临到"
        },
        "5": {
            "sn": "04427",
            "brief": "作王、统治"
        },
        "8": {
            "sn": "08141",
            "brief": "年"
        },
        "literal": "他登基的时候是二十五岁之子，在耶路撒冷作王十六年。他母亲的名字是耶路沙，是撒督的女儿。",
        "6": {
            "sn": "08337",
            "brief": "数目的「六」"
        },
        "7": {
            "sn": "06240",
            "brief": "数目的「十」"
        },
        "9": {
            "sn": "04427",
            "brief": "作王、统治"
        },
        "10": {
            "sn": "03389",
            "brief": "耶路撒冷"
        },
        "11": {
            "sn": "08034",
            "brief": "名字"
        },
        "12": {
            "sn": "00517",
            "brief": "母亲"
        },
        "13": {
            "sn": "03388",
            "brief": "耶路沙"
        },
        "14": {
            "sn": "01323",
            "brief": "女儿、女子"
        },
        "15": {
            "sn": "06659",
            "brief": "撒督"
        }
    },
    "36": {
        "0": {
            "sn": "03117",
            "brief": "日子、时候"
        },
        "3": {
            "sn": "03068",
            "brief": "上帝的名字「雅威」，犹太人尊称为「上主」"
        },
        "7": {
            "sn": "04428",
            "brief": "君王、国王"
        },
        "8": {
            "sn": "00758",
            "brief": "亚兰人、亚兰、叙利亚"
        },
        "9": {
            "sn": "00853",
            "brief": "不必翻译"
        },
        "10": {
            "sn": "06492",
            "brief": "比加"
        },
        "11": {
            "sn": "01121",
            "brief": "儿子、孙子、后裔、成员"
        },
        "12": {
            "sn": "07425",
            "brief": "利玛利"
        },
        "4": {
            "sn": "07971",
            "brief": "差遣、释放、送走、伸出、伸展"
        },
        "literal": "在那些日子，雅威才开始使亚兰王利汛…去攻击犹大。(…处填入下行)和利玛利的儿子比加",
        "2": {
            "sn": "02490",
            "brief": "I. Qal 刺杀、伤害；II. Pi‘el 吹笛子；III. Pi‘el 亵渎、污辱、玷污、俗化，Hif‘il 亵渎、开始"
        },
        "1": {
            "sn": "01992",
            "brief": "他们、它们"
        },
        "5": {
            "sn": "03063",
            "brief": "犹大"
        },
        "6": {
            "sn": "07526",
            "brief": "利汛"
        }
    },
    "13": {
        "literal": "迦底的儿子米拿现从得撒上去，来到撒玛利亚，在撒玛利亚击杀雅比的儿子沙龙，杀死了他，取而代之作王。",
        "7": {
            "sn": "05221",
            "brief": "Hif‘il 击打、击杀"
        },
        "13": {
            "sn": "04191",
            "brief": "死、治死"
        },
        "1": {
            "sn": "04505",
            "brief": "米拿现"
        },
        "2": {
            "sn": "01121",
            "brief": "儿子、孙子、后裔、成员"
        },
        "3": {
            "sn": "01424",
            "brief": "迦底"
        },
        "4": {
            "sn": "08656",
            "brief": "得撒"
        },
        "5": {
            "sn": "00935",
            "brief": "来、进入、临到、发生"
        },
        "6": {
            "sn": "08111",
            "brief": "撒玛利亚"
        },
        "8": {
            "sn": "00853",
            "brief": "不必翻译"
        },
        "9": {
            "sn": "07967",
            "brief": "沙龙"
        },
        "10": {
            "sn": "01121",
            "brief": "儿子、孙子、后裔、成员"
        },
        "11": {
            "sn": "03003",
            "brief": "雅比"
        },
        "12": {
            "sn": "08111",
            "brief": "撒玛利亚"
        },
        "14": {
            "sn": "04427",
            "brief": "作王、统治"
        },
        "15": {
            "sn": "08478",
            "brief": "1. 名词：位置、地方；2. 介系词：在…之下；3. 介系词：代替、因为"
        },
        "0": {
            "sn": "05927",
            "brief": "上去、升高、生长、献上"
        }
    },
    "3": {
        "7": {
            "sn": "06999",
            "brief": "献祭、烧香、薰"
        },
        "6": {
            "sn": "02076",
            "brief": "屠宰、献祭"
        },
        "literal": "只是丘坛还没有废去，百姓仍在丘坛献祭烧香。",
        "0": {
            "sn": "07535",
            "brief": "只是"
        },
        "1": {
            "sn": "01116",
            "brief": "高处、邱坛"
        },
        "3": {
            "sn": "05493",
            "brief": "转离、除去"
        },
        "5": {
            "sn": "05971",
            "brief": "百姓、国民"
        },
        "8": {
            "sn": "01116",
            "brief": "高处、邱坛"
        },
        "2": {
            "sn": "03808",
            "brief": "不"
        },
        "4": {
            "sn": "05750",
            "brief": "再、仍然、持续"
        }
    },
    "28": {
        "29": {
            "sn": "01540",
            "brief": "显露、揭开、移除、迁移"
        },
        "literal": "以色列王比加的日子，亚述王提革拉・毗列色来，夺了以云、和亚伯・伯・玛迦、和亚挪、和基低斯、和夏琐、和基列、和加利利，拿弗他利全地，把他们掳到亚述去。",
        "0": {
            "sn": "03117",
            "brief": "日子、时候"
        },
        "1": {
            "sn": "06492",
            "brief": "比加"
        },
        "2": {
            "sn": "04428",
            "brief": "君王、国王"
        },
        "3": {
            "sn": "03478",
            "brief": "以色列"
        },
        "4": {
            "sn": "00935",
            "brief": "来、进入、临到、发生"
        },
        "5": {
            "sn": "08407",
            "brief": "提革拉・毗列色"
        },
        "6": {
            "sn": "08407",
            "brief": "提革拉・毗列色"
        },
        "7": {
            "sn": "04428",
            "brief": "君王、国王"
        },
        "8": {
            "sn": "00804",
            "brief": "亚述"
        },
        "9": {
            "sn": "03947",
            "brief": "取、娶、拿"
        },
        "10": {
            "sn": "00853",
            "brief": "不必翻译"
        },
        "11": {
            "sn": "05859",
            "brief": "以云"
        },
        "12": {
            "sn": "00853",
            "brief": "不必翻译"
        },
        "13": {
            "sn": "00062",
            "brief": "亚伯・伯・玛迦"
        },
        "14": {
            "sn": "00062",
            "brief": "亚伯・伯・玛迦"
        },
        "15": {
            "sn": "00062",
            "brief": "亚伯・伯・玛迦"
        },
        "16": {
            "sn": "00853",
            "brief": "不必翻译"
        },
        "17": {
            "sn": "03239",
            "brief": "亚挪"
        },
        "18": {
            "sn": "00853",
            "brief": "不必翻译"
        },
        "19": {
            "sn": "06943",
            "brief": "基低斯"
        },
        "20": {
            "sn": "00853",
            "brief": "不必翻译"
        },
        "21": {
            "sn": "02674",
            "brief": "夏琐"
        },
        "22": {
            "sn": "00853",
            "brief": "不必翻译"
        },
        "23": {
            "sn": "01568",
            "brief": "基列"
        },
        "24": {
            "sn": "00853",
            "brief": "不必翻译"
        },
        "25": {
            "sn": "01552",
            "brief": "加利利"
        },
        "26": {
            "sn": "03605",
            "brief": "各、全部、整个"
        },
        "27": {
            "sn": "00776",
            "brief": "地、邦国、疆界"
        },
        "28": {
            "sn": "05321",
            "brief": "拿弗他利"
        },
        "30": {
            "sn": "00804",
            "brief": "亚述"
        }
    },
    "9": {
        "8": {
            "sn": "04191",
            "brief": "死、治死"
        },
        "0": {
            "sn": "07194",
            "brief": "阴谋背叛、结盟、绑"
        },
        "literal": "雅比的儿子沙龙背叛他，在百姓面前击杀他，把他杀死，取而代之作了王。",
        "1": {
            "sn": "05921",
            "brief": "在…上面"
        },
        "2": {
            "sn": "07967",
            "brief": "沙龙"
        },
        "3": {
            "sn": "01121",
            "brief": "儿子、孙子、后裔、成员"
        },
        "4": {
            "sn": "03003",
            "brief": "雅比"
        },
        "6": {
            "sn": "06904",
            "brief": "在…面前"
        },
        "7": {
            "sn": "05971",
            "brief": "百姓、国民"
        },
        "9": {
            "sn": "04427",
            "brief": "作王、统治"
        },
        "10": {
            "sn": "08478",
            "brief": "1. 名词：位置、地方；2. 介系词：在…之下；3. 介系词：代替、因为"
        },
        "5": {
            "sn": "05221",
            "brief": "Hif‘il 击打、击杀"
        }
    },
    "2": {
        "literal": "他…行雅威眼中(看)为正的事，(…处填入下行)照他父亲亚玛谢一切所行的，",
        "0": {
            "sn": "06213",
            "brief": "做"
        },
        "1": {
            "sn": "03477",
            "brief": "正直的、直的"
        },
        "2": {
            "sn": "05869",
            "brief": "眼睛"
        },
        "3": {
            "sn": "03068",
            "brief": "上帝的名字「雅威」，犹太人尊称为「上主」"
        },
        "4": {
            "sn": "03605",
            "brief": "全部、整个、各"
        },
        "5": {
            "sn": "00834",
            "brief": "不必翻译"
        },
        "6": {
            "sn": "06213",
            "brief": "做"
        },
        "7": {
            "sn": "00558",
            "brief": "亚玛谢"
        },
        "8": {
            "sn": "00001",
            "brief": "父亲、祖先"
        }
    },
    "10": {
        "literal": "撒迦利亚其余的事，看哪，它们被写在《以色列诸王年鉴纪录》的书上。",
        "0": {
            "sn": "03499",
            "brief": "I. 1. 名词：剩下，2. 副词：优秀、丰富，II. 绳、弦"
        },
        "1": {
            "sn": "01697",
            "brief": "话语、事情"
        },
        "2": {
            "sn": "02148",
            "brief": "撒迦利亚"
        },
        "3": {
            "sn": "02009",
            "brief": "看哪"
        },
        "4": {
            "sn": "03789",
            "brief": "写、刻"
        },
        "5": {
            "sn": "05921",
            "brief": "在…上面"
        },
        "6": {
            "sn": "05612",
            "brief": "着作、书卷"
        },
        "7": {
            "sn": "01697",
            "brief": "话语、事情"
        },
        "8": {
            "sn": "03117",
            "brief": "日子、时候"
        },
        "9": {
            "sn": "04428",
            "brief": "君王、国王"
        },
        "10": {
            "sn": "03478",
            "brief": "以色列"
        }
    },
    "12": {
        "literal": "…雅比的儿子沙龙作王，(…处填入下行)犹大王乌西雅三十九年在撒玛利亚作王一个月。",
        "0": {
            "sn": "07967",
            "brief": "沙龙"
        },
        "1": {
            "sn": "01121",
            "brief": "儿子、孙子、后裔、成员"
        },
        "2": {
            "sn": "03003",
            "brief": "雅比"
        },
        "3": {
            "sn": "04427",
            "brief": "作王、统治"
        },
        "4": {
            "sn": "08141",
            "brief": "年"
        },
        "5": {
            "sn": "07970",
            "brief": "数目的「三十」"
        },
        "6": {
            "sn": "08672",
            "brief": "数目的「九」"
        },
        "7": {
            "sn": "08141",
            "brief": "年"
        },
        "8": {
            "sn": "05818",
            "brief": "乌西雅"
        },
        "9": {
            "sn": "04428",
            "brief": "君王、国王"
        },
        "10": {
            "sn": "03063",
            "brief": "犹大"
        },
        "11": {
            "sn": "04427",
            "brief": "作王、统治"
        },
        "12": {
            "sn": "03391",
            "brief": "月亮，月份"
        },
        "13": {
            "sn": "03117",
            "brief": "日子、时候"
        },
        "14": {
            "sn": "08111",
            "brief": "撒玛利亚"
        }
    },
    "14": {
        "literal": "沙龙其余的事和他背叛的背叛事，看哪，它们被写在《以色列诸王年鉴纪录》的书上。",
        "0": {
            "sn": "03499",
            "brief": "I. 1. 名词：剩下，2. 副词：优秀、丰富，II. 绳、弦"
        },
        "1": {
            "sn": "01697",
            "brief": "话语、事情"
        },
        "2": {
            "sn": "07967",
            "brief": "沙龙"
        },
        "3": {
            "sn": "07195",
            "brief": "同谋背叛、阴谋"
        },
        "4": {
            "sn": "00834",
            "brief": "不必翻译"
        },
        "5": {
            "sn": "07194",
            "brief": "阴谋背叛、结盟、绑"
        },
        "6": {
            "sn": "02009",
            "brief": "看哪"
        },
        "7": {
            "sn": "03789",
            "brief": "写、刻"
        },
        "8": {
            "sn": "05921",
            "brief": "在…上面"
        },
        "9": {
            "sn": "05612",
            "brief": "着作、书卷"
        },
        "10": {
            "sn": "01697",
            "brief": "话语、事情"
        },
        "11": {
            "sn": "03117",
            "brief": "日子、时候"
        },
        "12": {
            "sn": "04428",
            "brief": "君王、国王"
        },
        "13": {
            "sn": "03478",
            "brief": "以色列"
        },
        "14": {
            "sn": "09014",
            "brief": "关闭的意思"
        }
    },
    "16": {
        "literal": "犹大王亚撒利雅三十九年，迦底的儿子米拿现登基，在撒玛利亚统治以色列十年。",
        "13": {
            "sn": "06235",
            "brief": "数目的「十」"
        },
        "14": {
            "sn": "08141",
            "brief": "年"
        },
        "15": {
            "sn": "08111",
            "brief": "撒玛利亚"
        },
        "0": {
            "sn": "08141",
            "brief": "年"
        },
        "1": {
            "sn": "07970",
            "brief": "数目的「三十」"
        },
        "2": {
            "sn": "08672",
            "brief": "数目的「九」"
        },
        "3": {
            "sn": "08141",
            "brief": "年"
        },
        "4": {
            "sn": "05838",
            "brief": "亚撒利雅"
        },
        "5": {
            "sn": "04428",
            "brief": "君王、国王"
        },
        "6": {
            "sn": "03063",
            "brief": "犹大"
        },
        "7": {
            "sn": "04427",
            "brief": "作王、统治"
        },
        "8": {
            "sn": "04505",
            "brief": "米拿现"
        },
        "9": {
            "sn": "01121",
            "brief": "儿子、孙子、后裔、成员"
        },
        "10": {
            "sn": "01424",
            "brief": "迦底"
        },
        "11": {
            "sn": "05921",
            "brief": "在…上面"
        },
        "12": {
            "sn": "03478",
            "brief": "以色列"
        }
    },
    "33": {
        "literal": "他行雅威眼中(看)为正的事，效法他父亲乌西雅一切所行的；",
        "0": {
            "sn": "06213",
            "brief": "做"
        },
        "1": {
            "sn": "03477",
            "brief": "正直的、直的"
        },
        "2": {
            "sn": "05869",
            "brief": "眼睛"
        },
        "3": {
            "sn": "03068",
            "brief": "上帝的名字「雅威」，犹太人尊称为「上主」"
        },
        "4": {
            "sn": "03605",
            "brief": "各、全部、整个"
        },
        "5": {
            "sn": "00834",
            "brief": "不必翻译"
        },
        "6": {
            "sn": "06213",
            "brief": "做"
        },
        "7": {
            "sn": "05818",
            "brief": "乌西雅"
        },
        "8": {
            "sn": "00001",
            "brief": "父亲、祖先"
        },
        "9": {
            "sn": "06213",
            "brief": "做"
        }
    },
    "25": {
        "literal": "比加辖其余的事，凡他所行的，看哪，它们被写在《以色列诸王年鉴纪录》的书上。",
        "3": {
            "sn": "03605",
            "brief": "各、全部、整个"
        },
        "0": {
            "sn": "03499",
            "brief": "I. 1. 名词：剩下，2. 副词：优秀、丰富，II. 绳、弦"
        },
        "1": {
            "sn": "01697",
            "brief": "话语、事情"
        },
        "2": {
            "sn": "06494",
            "brief": "比加辖"
        },
        "4": {
            "sn": "00834",
            "brief": "不必翻译"
        },
        "5": {
            "sn": "06213",
            "brief": "做"
        },
        "6": {
            "sn": "02009",
            "brief": "看哪"
        },
        "7": {
            "sn": "03789",
            "brief": "写、刻"
        },
        "9": {
            "sn": "05612",
            "brief": "着作、书卷"
        },
        "10": {
            "sn": "01697",
            "brief": "话语、事情"
        },
        "11": {
            "sn": "03117",
            "brief": "日子、时候"
        },
        "12": {
            "sn": "04428",
            "brief": "君王、国王"
        },
        "13": {
            "sn": "03478",
            "brief": "以色列"
        },
        "14": {
            "sn": "09015",
            "brief": "开的意思"
        },
        "8": {
            "sn": "05921",
            "brief": "在…上面、旁边"
        }
    },
    "20": {
        "literal": "米拿现其余的事，凡他所行的，它们不是被写在…的书上吗？(…处填入下行)《以色列诸王年鉴纪录》",
        "1": {
            "sn": "01697",
            "brief": "话语、事情"
        },
        "2": {
            "sn": "04505",
            "brief": "米拿现"
        },
        "3": {
            "sn": "03605",
            "brief": "全部、整个、各"
        },
        "4": {
            "sn": "00834",
            "brief": "不必翻译"
        },
        "5": {
            "sn": "06213",
            "brief": "做"
        },
        "6": {
            "sn": "03808",
            "brief": "不"
        },
        "7": {
            "sn": "01992",
            "brief": "他们、它们"
        },
        "8": {
            "sn": "03789",
            "brief": "写、刻"
        },
        "9": {
            "sn": "05921",
            "brief": "在…上面"
        },
        "10": {
            "sn": "05612",
            "brief": "着作、书卷"
        },
        "11": {
            "sn": "01697",
            "brief": "话语、事情"
        },
        "12": {
            "sn": "03117",
            "brief": "日子、时候"
        },
        "13": {
            "sn": "04428",
            "brief": "君王、国王"
        },
        "14": {
            "sn": "03478",
            "brief": "以色列"
        },
        "0": {
            "sn": "03499",
            "brief": "I. 1. 名词：剩下，2. 副词：优秀、丰富，II. 绳、弦"
        }
    },
    "21": {
        "0": {
            "sn": "07901",
            "brief": "躺卧、同寝"
        },
        "1": {
            "sn": "04505",
            "brief": "米拿现"
        },
        "2": {
            "sn": "05973",
            "brief": "跟、与、和"
        },
        "3": {
            "sn": "00001",
            "brief": "父亲、祖先"
        },
        "4": {
            "sn": "04427",
            "brief": "作王、统治"
        },
        "5": {
            "sn": "06494",
            "brief": "比加辖"
        },
        "6": {
            "sn": "01121",
            "brief": "儿子、孙子、后裔、成员"
        },
        "7": {
            "sn": "08478",
            "brief": "1. 名词：位置、地方；2. 介系词：在…之下；3. 介系词：代替、因为"
        },
        "8": {
            "sn": "09015",
            "brief": "开的意思"
        },
        "literal": "米拿现与他列祖同睡。他儿子比加辖接续他作王。"
    },
    "22": {
        "0": {
            "sn": "08141",
            "brief": "年"
        },
        "1": {
            "sn": "02572",
            "brief": "数目的「五十」"
        },
        "2": {
            "sn": "08141",
            "brief": "年"
        },
        "3": {
            "sn": "05838",
            "brief": "亚撒利雅"
        },
        "4": {
            "sn": "04428",
            "brief": "君王、国王"
        },
        "5": {
            "sn": "03063",
            "brief": "犹大"
        },
        "6": {
            "sn": "04427",
            "brief": "作王、统治"
        },
        "7": {
            "sn": "06494",
            "brief": "比加辖"
        },
        "8": {
            "sn": "01121",
            "brief": "儿子、孙子、后裔、成员"
        },
        "9": {
            "sn": "04505",
            "brief": "米拿现"
        },
        "10": {
            "sn": "05921",
            "brief": "在…上面、旁边"
        },
        "11": {
            "sn": "03478",
            "brief": "以色列"
        },
        "12": {
            "sn": "08111",
            "brief": "撒玛利亚"
        },
        "13": {
            "sn": "08141",
            "brief": "年"
        },
        "literal": "犹大王亚撒利雅五十年，米拿现的儿子比加辖登基，在撒玛利亚统治以色列二年。"
    },
    "26": {
        "0": {
            "sn": "08141",
            "brief": "年"
        },
        "1": {
            "sn": "02572",
            "brief": "数目的「五十」"
        },
        "2": {
            "sn": "08147",
            "brief": "数目的「二」"
        },
        "3": {
            "sn": "08141",
            "brief": "年"
        },
        "4": {
            "sn": "05838",
            "brief": "亚撒利雅"
        },
        "5": {
            "sn": "04428",
            "brief": "君王、国王"
        },
        "6": {
            "sn": "03063",
            "brief": "犹大"
        },
        "7": {
            "sn": "04427",
            "brief": "作王、统治"
        },
        "8": {
            "sn": "06492",
            "brief": "比加"
        },
        "9": {
            "sn": "01121",
            "brief": "儿子、孙子、后裔、成员"
        },
        "10": {
            "sn": "07425",
            "brief": "利玛利"
        },
        "11": {
            "sn": "05921",
            "brief": "在…上面、旁边"
        },
        "12": {
            "sn": "03478",
            "brief": "以色列"
        },
        "13": {
            "sn": "08111",
            "brief": "撒玛利亚"
        },
        "14": {
            "sn": "06242",
            "brief": "数目的「二十」"
        },
        "15": {
            "sn": "08141",
            "brief": "年"
        },
        "literal": "犹大王亚撒利雅五十二年，利玛利的儿子比加登基，在撒玛利亚统治以色列二十年。"
    },
    "7": {
        "literal": "犹大王亚撒利雅三十八年，耶罗波安的儿子撒迦利亚登基，在撒玛利亚统治以色列六个月。",
        "0": {
            "sn": "08141",
            "brief": "年"
        },
        "1": {
            "sn": "07970",
            "brief": "数目的「三十」"
        },
        "2": {
            "sn": "08083",
            "brief": "数目的「八」"
        },
        "3": {
            "sn": "08141",
            "brief": "年"
        },
        "4": {
            "sn": "05838",
            "brief": "亚撒利雅"
        },
        "5": {
            "sn": "04428",
            "brief": "君王、国王"
        },
        "6": {
            "sn": "03063",
            "brief": "犹大"
        },
        "7": {
            "sn": "04427",
            "brief": "作王、统治"
        },
        "8": {
            "sn": "02148",
            "brief": "撒迦利亚"
        },
        "9": {
            "sn": "01121",
            "brief": "儿子、孙子、后裔、成员"
        },
        "10": {
            "sn": "03379",
            "brief": "耶罗波安"
        },
        "11": {
            "sn": "05921",
            "brief": "在…上面"
        },
        "12": {
            "sn": "03478",
            "brief": "以色列"
        },
        "13": {
            "sn": "08111",
            "brief": "撒玛利亚"
        },
        "14": {
            "sn": "08337",
            "brief": "数目的「六」"
        },
        "15": {
            "sn": "02320",
            "brief": "新月、初一"
        }
    },
    "15": {
        "literal": "那时米拿现…去攻打提斐萨(…处填入下第三行)和它(原文用阴性，下同)的一切，和它的四境，从得撒因为他(们)没有开城，他就击杀并剖开它所有的孕妇。",
        "0": {
            "sn": "00227",
            "brief": "那时"
        },
        "2": {
            "sn": "04505",
            "brief": "米拿现"
        },
        "3": {
            "sn": "00853",
            "brief": "不必翻译"
        },
        "4": {
            "sn": "08607",
            "brief": "提斐萨"
        },
        "5": {
            "sn": "00853",
            "brief": "不必翻译"
        },
        "6": {
            "sn": "03605",
            "brief": "全部、整个、各"
        },
        "7": {
            "sn": "00834",
            "brief": "不必翻译"
        },
        "8": {
            "sn": "09002",
            "brief": "在、用、藉着、与、敌对"
        },
        "9": {
            "sn": "00853",
            "brief": "不必翻译"
        },
        "10": {
            "sn": "01366",
            "brief": "边境、边界"
        },
        "11": {
            "sn": "08656",
            "brief": "得撒"
        },
        "12": {
            "sn": "03588",
            "brief": "因为、不必翻译"
        },
        "14": {
            "sn": "06605",
            "brief": "打开、松开、雕刻"
        },
        "16": {
            "sn": "00853",
            "brief": "不必翻译"
        },
        "17": {
            "sn": "03605",
            "brief": "全部、整个、各"
        },
        "18": {
            "sn": "02030",
            "brief": "怀孕的"
        },
        "20": {
            "sn": "09015",
            "brief": "开的意思"
        },
        "19": {
            "sn": "01234",
            "brief": "攻破、劈开、打开"
        },
        "1": {
            "sn": "05221",
            "brief": "Hif‘il 击打、击杀"
        },
        "15": {
            "sn": "05221",
            "brief": "Hif‘il 击打、击杀"
        },
        "13": {
            "sn": "03808",
            "brief": "不"
        }
    },
    "18": {
        "literal": "亚述王普勒来攻击这地，米拿现给普勒一千他连得银子，为要他(指普勒)伸出他的手来帮助他(指米拿现)，使国度在他(指米拿现)手中坚立。",
        "15": {
            "sn": "02388",
            "brief": "加强、支持、抓住、系紧、强壮、勇敢"
        },
        "0": {
            "sn": "00935",
            "brief": "来、进入、临到、发生"
        },
        "1": {
            "sn": "06322",
            "brief": "普勒"
        },
        "2": {
            "sn": "04428",
            "brief": "君王、国王"
        },
        "3": {
            "sn": "00804",
            "brief": "亚述"
        },
        "4": {
            "sn": "05921",
            "brief": "在…上面"
        },
        "5": {
            "sn": "00776",
            "brief": "地、邦国、疆界"
        },
        "6": {
            "sn": "05414",
            "brief": "安放、置、放、递出"
        },
        "7": {
            "sn": "04505",
            "brief": "米拿现"
        },
        "8": {
            "sn": "06322",
            "brief": "普勒"
        },
        "9": {
            "sn": "00505",
            "brief": "许多、数目的「一千」"
        },
        "10": {
            "sn": "03603",
            "brief": "圆形物、圆形区域、他连得"
        },
        "11": {
            "sn": "03701",
            "brief": "银子、钱"
        },
        "12": {
            "sn": "01961",
            "brief": "是、成为、临到"
        },
        "13": {
            "sn": "03027",
            "brief": "手、边、力量、权势"
        },
        "14": {
            "sn": "00854",
            "brief": "跟、与"
        },
        "16": {
            "sn": "04467",
            "brief": "国度"
        },
        "17": {
            "sn": "03027",
            "brief": "手、边、力量、权势"
        }
    },
    "27": {
        "literal": "他行雅威眼中(看)为恶的事，不离开尼八的儿子耶罗波安…那罪。(…处填入下行)使以色列人陷在罪里的",
        "0": {
            "sn": "06213",
            "brief": "做"
        },
        "1": {
            "sn": "07451",
            "brief": "邪恶、祸患"
        },
        "2": {
            "sn": "05869",
            "brief": "眼睛"
        },
        "4": {
            "sn": "03808",
            "brief": "不"
        },
        "3": {
            "sn": "03068",
            "brief": "上帝的名字「雅威」，犹太人尊称为「上主」"
        },
        "5": {
            "sn": "05493",
            "brief": "转离、除去"
        },
        "6": {
            "sn": "04480",
            "brief": "从、出、离"
        },
        "7": {
            "sn": "02403",
            "brief": "罪、赎罪祭、除罪、罪罚"
        },
        "8": {
            "sn": "03379",
            "brief": "耶罗波安"
        },
        "9": {
            "sn": "01121",
            "brief": "儿子、孙子、后裔、成员"
        },
        "10": {
            "sn": "05028",
            "brief": "尼八"
        },
        "11": {
            "sn": "00834",
            "brief": "不必翻译"
        },
        "12": {
            "sn": "02398",
            "brief": "Qal 犯罪；Pi‘el 献赎罪祭、得洁净；Hif‘il 导致犯罪；Hitpa‘el 迷失、洁净自己"
        },
        "13": {
            "sn": "00853",
            "brief": "不必翻译"
        },
        "14": {
            "sn": "03478",
            "brief": "以色列"
        }
    },
    "35": {
        "literal": "约坦其余的事，凡他所行的，它们不是被写在…书上吗？(…处填入下行)《犹大列王编年纪》的",
        "2": {
            "sn": "03147",
            "brief": "约坦"
        },
        "0": {
            "sn": "03499",
            "brief": "I. 1. 名词：剩下，2. 副词：优秀、丰富，II. 绳、弦"
        },
        "1": {
            "sn": "01697",
            "brief": "话语、事情"
        },
        "3": {
            "sn": "00834",
            "brief": "不必翻译"
        },
        "4": {
            "sn": "06213",
            "brief": "做"
        },
        "6": {
            "sn": "01992",
            "brief": "他们、它们"
        },
        "7": {
            "sn": "03789",
            "brief": "写、刻"
        },
        "8": {
            "sn": "05921",
            "brief": "在…上面、旁边"
        },
        "9": {
            "sn": "05612",
            "brief": "着作、书卷"
        },
        "10": {
            "sn": "01697",
            "brief": "话语、事情"
        },
        "11": {
            "sn": "03117",
            "brief": "日子、时候"
        },
        "12": {
            "sn": "04428",
            "brief": "君王、国王"
        },
        "13": {
            "sn": "03063",
            "brief": "犹大"
        },
        "5": {
            "sn": "03808",
            "brief": "不"
        }
    },
    "37": {
        "literal": "约坦与他列祖同睡，与他列祖同葬在他祖大卫城。他儿子亚哈斯接续他作王。",
        "0": {
            "sn": "07901",
            "brief": "躺卧、同寝"
        },
        "1": {
            "sn": "03147",
            "brief": "约坦"
        },
        "2": {
            "sn": "05973",
            "brief": "跟、与、和"
        },
        "3": {
            "sn": "00001",
            "brief": "父亲、祖先"
        },
        "4": {
            "sn": "06912",
            "brief": "埋葬"
        },
        "5": {
            "sn": "05973",
            "brief": "跟、与、和"
        },
        "6": {
            "sn": "00001",
            "brief": "父亲、祖先"
        },
        "7": {
            "sn": "05892",
            "brief": "城邑、城镇"
        },
        "8": {
            "sn": "01732",
            "brief": "大卫"
        },
        "9": {
            "sn": "00001",
            "brief": "父亲、祖先"
        },
        "10": {
            "sn": "04427",
            "brief": "作王、统治"
        },
        "11": {
            "sn": "00271",
            "brief": "亚哈斯"
        },
        "12": {
            "sn": "01121",
            "brief": "儿子、孙子、后裔、成员"
        },
        "13": {
            "sn": "08478",
            "brief": "1. 名词：位置、地方；2. 介系词：在…之下；3. 介系词：代替、因为"
        },
        "14": {
            "sn": "09015",
            "brief": "开的意思"
        }
    },
    "4": {
        "literal": "雅威降灾给王，使他长大麻疯，直到他死的日子，他就住在隔离的宫里。王的儿子约坦管理家事，治理国民。",
        "5": {
            "sn": "06879",
            "brief": "染上麻疯病"
        },
        "1": {
            "sn": "03068",
            "brief": "上帝的名字「雅威」，犹太人尊称为「上主」"
        },
        "2": {
            "sn": "00853",
            "brief": "不必翻译"
        },
        "3": {
            "sn": "04428",
            "brief": "君王、国王"
        },
        "4": {
            "sn": "01961",
            "brief": "是、成为、临到"
        },
        "6": {
            "sn": "05704",
            "brief": "直到"
        },
        "7": {
            "sn": "03117",
            "brief": "日子、时候"
        },
        "8": {
            "sn": "04194",
            "brief": "死亡"
        },
        "9": {
            "sn": "03427",
            "brief": "居住、坐、停留"
        },
        "10": {
            "sn": "01004",
            "brief": "殿、房屋"
        },
        "11": {
            "sn": "02669",
            "brief": "分开的、隔离的"
        },
        "12": {
            "sn": "03147",
            "brief": "约坦"
        },
        "13": {
            "sn": "01121",
            "brief": "儿子、孙子、后裔、成员"
        },
        "14": {
            "sn": "04428",
            "brief": "君王、国王"
        },
        "15": {
            "sn": "05921",
            "brief": "在…上面"
        },
        "16": {
            "sn": "01004",
            "brief": "殿、房屋"
        },
        "17": {
            "sn": "08199",
            "brief": "判断、仲裁"
        },
        "18": {
            "sn": "00853",
            "brief": "不必翻译"
        },
        "19": {
            "sn": "05971",
            "brief": "百姓、国民"
        },
        "20": {
            "sn": "00776",
            "brief": "地、邦国、疆界"
        },
        "0": {
            "sn": "05060",
            "brief": "触撞、触及"
        }
    },
    "29": {
        "literal": "…以拉的儿子何西阿背叛(…处填入末行)利玛利的儿子比加，击打他，杀死他，取而代之作了王。乌西雅的儿子约坦(第)二十年，",
        "0": {
            "sn": "07194",
            "brief": "阴谋背叛、结盟、绑"
        },
        "1": {
            "sn": "07195",
            "brief": "同谋背叛、阴谋"
        },
        "2": {
            "sn": "01954",
            "brief": "何西阿"
        },
        "3": {
            "sn": "01121",
            "brief": "儿子、孙子、后裔、成员"
        },
        "4": {
            "sn": "00425",
            "brief": "以拉"
        },
        "5": {
            "sn": "05921",
            "brief": "在…上面、旁边"
        },
        "6": {
            "sn": "06492",
            "brief": "比加"
        },
        "7": {
            "sn": "01121",
            "brief": "儿子、孙子、后裔、成员"
        },
        "8": {
            "sn": "07425",
            "brief": "利玛利"
        },
        "11": {
            "sn": "04427",
            "brief": "作王、统治"
        },
        "12": {
            "sn": "08478",
            "brief": "1. 名词：位置、地方；2. 介系词：在…之下；3. 介系词：代替、因为"
        },
        "13": {
            "sn": "08141",
            "brief": "年"
        },
        "14": {
            "sn": "06242",
            "brief": "数目的「二十」"
        },
        "15": {
            "sn": "03147",
            "brief": "约坦"
        },
        "16": {
            "sn": "01121",
            "brief": "儿子、孙子、后裔、成员"
        },
        "17": {
            "sn": "05818",
            "brief": "乌西雅"
        },
        "9": {
            "sn": "05221",
            "brief": "Hif‘il 击打、击杀"
        },
        "10": {
            "sn": "04191",
            "brief": "死、治死"
        }
    },
    "31": {
        "literal": "以色列王利玛利的儿子比加(第)二年，犹大王乌西雅的儿子约坦登基。",
        "0": {
            "sn": "08141",
            "brief": "年"
        },
        "1": {
            "sn": "08147",
            "brief": "数目的「二」"
        },
        "2": {
            "sn": "06492",
            "brief": "比加"
        },
        "3": {
            "sn": "01121",
            "brief": "儿子、孙子、后裔、成员"
        },
        "4": {
            "sn": "07425",
            "brief": "利玛利"
        },
        "5": {
            "sn": "04428",
            "brief": "君王、国王"
        },
        "6": {
            "sn": "03478",
            "brief": "以色列"
        },
        "7": {
            "sn": "04427",
            "brief": "作王、统治"
        },
        "8": {
            "sn": "03147",
            "brief": "约坦"
        },
        "9": {
            "sn": "01121",
            "brief": "儿子、孙子、后裔、成员"
        },
        "10": {
            "sn": "05818",
            "brief": "乌西雅"
        },
        "11": {
            "sn": "04428",
            "brief": "君王、国王"
        },
        "12": {
            "sn": "03063",
            "brief": "犹大"
        }
    },
    "0": {
        "literal": "以色列王耶罗波安二十七年，犹大王亚玛谢的儿子亚撒利雅登基，",
        "0": {
            "sn": "08141",
            "brief": "年"
        },
        "1": {
            "sn": "06242",
            "brief": "数目的「二十」"
        },
        "2": {
            "sn": "07651",
            "brief": "数目的「七」"
        },
        "3": {
            "sn": "08141",
            "brief": "年"
        },
        "4": {
            "sn": "03379",
            "brief": "耶罗波安"
        },
        "5": {
            "sn": "04428",
            "brief": "君王、国王"
        },
        "6": {
            "sn": "03478",
            "brief": "以色列"
        },
        "7": {
            "sn": "04427",
            "brief": "作王、统治"
        },
        "8": {
            "sn": "05838",
            "brief": "亚撒利雅"
        },
        "9": {
            "sn": "01121",
            "brief": "儿子、孙子、后裔、成员"
        },
        "10": {
            "sn": "00558",
            "brief": "亚玛谢"
        },
        "11": {
            "sn": "04428",
            "brief": "君王、国王"
        },
        "12": {
            "sn": "03063",
            "brief": "犹大"
        }
    },
    "17": {
        "0": {
            "sn": "06213",
            "brief": "做"
        },
        "literal": "他行雅威眼中(看)为恶的事，…不离开尼八的儿子耶罗波安…那罪。(…处依序填入末行和下行)使以色列陷在罪里的他所有的日子",
        "1": {
            "sn": "07451",
            "brief": "邪恶、祸患"
        },
        "2": {
            "sn": "05869",
            "brief": "眼睛"
        },
        "3": {
            "sn": "03068",
            "brief": "上帝的名字「雅威」，犹太人尊称为「上主」"
        },
        "5": {
            "sn": "05493",
            "brief": "转离、除去"
        },
        "6": {
            "sn": "05921",
            "brief": "在…上面"
        },
        "7": {
            "sn": "02403",
            "brief": "罪、赎罪祭、除罪、罪罚"
        },
        "8": {
            "sn": "03379",
            "brief": "耶罗波安"
        },
        "9": {
            "sn": "01121",
            "brief": "儿子、孙子、后裔、成员"
        },
        "10": {
            "sn": "05028",
            "brief": "尼八"
        },
        "11": {
            "sn": "00834",
            "brief": "不必翻译"
        },
        "13": {
            "sn": "00853",
            "brief": "不必翻译"
        },
        "14": {
            "sn": "03478",
            "brief": "以色列"
        },
        "15": {
            "sn": "03605",
            "brief": "全部、整个、各"
        },
        "16": {
            "sn": "03117",
            "brief": "日子、时候"
        },
        "4": {
            "sn": "03808",
            "brief": "不"
        },
        "12": {
            "sn": "02398",
            "brief": "Qal 犯罪；Pi‘el 献赎罪祭、得洁净；Hif‘il 导致犯罪；Hitpa‘el 迷失、洁净自己"
        }
    },
    "8": {
        "7": {
            "sn": "03808",
            "brief": "不"
        },
        "literal": "他行雅威眼中(看)为恶的事，效法他列祖所行的，不离开尼八的儿子耶罗波安…的那罪。(…处填入下行)使以色列人陷在罪里",
        "0": {
            "sn": "06213",
            "brief": "做"
        },
        "1": {
            "sn": "07451",
            "brief": "邪恶、祸患"
        },
        "2": {
            "sn": "05869",
            "brief": "眼睛"
        },
        "3": {
            "sn": "03068",
            "brief": "上帝的名字「雅威」，犹太人尊称为「上主」"
        },
        "4": {
            "sn": "00834",
            "brief": "不必翻译"
        },
        "5": {
            "sn": "06213",
            "brief": "做"
        },
        "6": {
            "sn": "00001",
            "brief": "父亲、祖先"
        },
        "8": {
            "sn": "05493",
            "brief": "转离、除去"
        },
        "9": {
            "sn": "02403",
            "brief": "罪、赎罪祭、除罪、罪罚"
        },
        "10": {
            "sn": "03379",
            "brief": "耶罗波安"
        },
        "11": {
            "sn": "01121",
            "brief": "儿子、孙子、后裔、成员"
        },
        "12": {
            "sn": "05028",
            "brief": "尼八"
        },
        "13": {
            "sn": "00834",
            "brief": "不必翻译"
        },
        "15": {
            "sn": "00853",
            "brief": "不必翻译"
        },
        "16": {
            "sn": "03478",
            "brief": "以色列"
        },
        "14": {
            "sn": "02398",
            "brief": "Qal 犯罪；Pi‘el 献赎罪祭、得洁净；Hif‘il 导致犯罪；Hitpa‘el 迷失、洁净自己"
        }
    },
    "24": {
        "6": {
            "sn": "05221",
            "brief": "Hif‘il 击打、击杀"
        },
        "literal": "他(指比加辖)的将军利玛利的儿子比加背叛他，在撒玛利亚王宫的天守阁击杀他。亚珥歌伯和亚利耶并基列的五十人帮助他(指比加)；他(指比加)杀死他(指比加辖)，取而代之作了王。",
        "0": {
            "sn": "07194",
            "brief": "阴谋背叛、结盟、绑"
        },
        "1": {
            "sn": "05921",
            "brief": "在…上面、旁边"
        },
        "2": {
            "sn": "06492",
            "brief": "比加"
        },
        "3": {
            "sn": "01121",
            "brief": "儿子、孙子、后裔、成员"
        },
        "4": {
            "sn": "07425",
            "brief": "利玛利"
        },
        "5": {
            "sn": "07991",
            "brief": "I. 量器名称；II. 三弦乐器、叉铃或三角铁；III. 军官"
        },
        "7": {
            "sn": "08111",
            "brief": "撒玛利亚"
        },
        "8": {
            "sn": "00759",
            "brief": "堡垒、宫殿"
        },
        "9": {
            "sn": "01004",
            "brief": "殿、房屋"
        },
        "10": {
            "sn": "04428",
            "brief": "君王、国王"
        },
        "11": {
            "sn": "00854",
            "brief": "跟、与"
        },
        "12": {
            "sn": "00709",
            "brief": "亚珥歌伯"
        },
        "13": {
            "sn": "00854",
            "brief": "跟、与"
        },
        "14": {
            "sn": "00745",
            "brief": "亚利耶"
        },
        "15": {
            "sn": "05973",
            "brief": "跟、与"
        },
        "16": {
            "sn": "02572",
            "brief": "数目的「五十」"
        },
        "17": {
            "sn": "00376",
            "brief": "各人、人、男人、丈夫"
        },
        "18": {
            "sn": "01121",
            "brief": "儿子、孙子、后裔、成员"
        },
        "19": {
            "sn": "01569",
            "brief": "基列人"
        },
        "21": {
            "sn": "04427",
            "brief": "作王、统治"
        },
        "22": {
            "sn": "08478",
            "brief": "1. 名词：位置、地方；2. 介系词：在…之下；3. 介系词：代替、因为"
        },
        "20": {
            "sn": "04191",
            "brief": "死、治死"
        }
    },
    "30": {
        "literal": "比加其余的事，凡他所行的，看哪，它们被写在《以色列诸王年鉴纪录》的书上。",
        "0": {
            "sn": "03499",
            "brief": "I. 1. 名词：剩下，2. 副词：优秀、丰富，II. 绳、弦"
        },
        "1": {
            "sn": "01697",
            "brief": "话语、事情"
        },
        "2": {
            "sn": "06492",
            "brief": "比加"
        },
        "3": {
            "sn": "03605",
            "brief": "各、全部、整个"
        },
        "4": {
            "sn": "00834",
            "brief": "不必翻译"
        },
        "5": {
            "sn": "06213",
            "brief": "做"
        },
        "6": {
            "sn": "02009",
            "brief": "看哪"
        },
        "7": {
            "sn": "03789",
            "brief": "写、刻"
        },
        "8": {
            "sn": "05921",
            "brief": "在…上面、旁边"
        },
        "9": {
            "sn": "05612",
            "brief": "着作、书卷"
        },
        "10": {
            "sn": "01697",
            "brief": "话语、事情"
        },
        "11": {
            "sn": "03117",
            "brief": "日子、时候"
        },
        "12": {
            "sn": "04428",
            "brief": "君王、国王"
        },
        "13": {
            "sn": "03478",
            "brief": "以色列"
        },
        "14": {
            "sn": "09015",
            "brief": "开的意思"
        }
    }
}