{
    "28": {
        "1": {
            "sn": "09001",
            "brief": "给、往、向、到、归属于"
        },
        "literal": "「这是给你的记号：今年要吃自生的，第二年(也要吃)自长的；第三年，你们要耕种要收割，要栽植葡萄园，要吃其中的果子。",
        "0": {
            "sn": "02088",
            "brief": "这个"
        },
        "2": {
            "sn": "00226",
            "brief": "兆头、记号"
        },
        "3": {
            "sn": "00398",
            "brief": "吃、吞吃"
        },
        "4": {
            "sn": "08141",
            "brief": "年"
        },
        "5": {
            "sn": "05599",
            "brief": "自然长出的东西"
        },
        "6": {
            "sn": "08141",
            "brief": "年"
        },
        "7": {
            "sn": "08145",
            "brief": "序数的「第二」、另一、别的"
        },
        "8": {
            "sn": "07823",
            "brief": "自然长出的榖物"
        },
        "9": {
            "sn": "08141",
            "brief": "年"
        },
        "10": {
            "sn": "07992",
            "brief": "序数的「第三」"
        },
        "11": {
            "sn": "02232",
            "brief": "播种、栽种"
        },
        "12": {
            "sn": "07114",
            "brief": "收割"
        },
        "13": {
            "sn": "05193",
            "brief": "栽植、固定"
        },
        "14": {
            "sn": "03754",
            "brief": "葡萄园"
        },
        "15": {
            "sn": "00398",
            "brief": "吃、吞吃"
        },
        "16": {
            "sn": "06529",
            "brief": "果实"
        }
    },
    "20": {
        "7": {
            "sn": "09001",
            "brief": "给、往、向、到、归属于"
        },
        "9": {
            "sn": "09001",
            "brief": "给、往、向、到、归属于"
        },
        "literal": "这是雅威论他所说的话：处女女子锡安藐视你，嗤笑你；女子耶路撒冷向你摇头。",
        "0": {
            "sn": "02088",
            "brief": "这个"
        },
        "1": {
            "sn": "01697",
            "brief": "话语、事情"
        },
        "2": {
            "sn": "00834",
            "brief": "不必翻译"
        },
        "3": {
            "sn": "01696",
            "brief": "Pi‘el 讲、说、指挥"
        },
        "4": {
            "sn": "03068",
            "brief": "上帝的名字「雅威」，犹太人尊称为「上主」"
        },
        "5": {
            "sn": "05921",
            "brief": "在…上面"
        },
        "6": {
            "sn": "00959",
            "brief": "轻视"
        },
        "8": {
            "sn": "03932",
            "brief": "嘲笑"
        },
        "10": {
            "sn": "01330",
            "brief": "处女"
        },
        "11": {
            "sn": "01323",
            "brief": "女儿、女子"
        },
        "12": {
            "sn": "06726",
            "brief": "锡安"
        },
        "13": {
            "sn": "00310",
            "brief": "后面、跟着"
        },
        "14": {
            "sn": "07218",
            "brief": "头、起头、山顶、领袖"
        },
        "16": {
            "sn": "01323",
            "brief": "女儿、女子"
        },
        "17": {
            "sn": "03389",
            "brief": "耶路撒冷"
        },
        "15": {
            "sn": "05128",
            "brief": "震动、摇动、飘流"
        }
    },
    "27": {
        "15": {
            "sn": "09002",
            "brief": "在、用、藉着、与、敌对"
        },
        "11": {
            "sn": "07725",
            "brief": "Qal 回复、回转、重复，Po‘lel 带回、复兴、更新，Hif‘il 回报、报告、带回"
        },
        "literal": "因你向我发烈怒，你的狂傲上达我耳中，我要将我的钩子放在你鼻孔里，把嚼环(放)在你的嘴唇上，使你从你来的那条路转回去。』",
        "0": {
            "sn": "03282",
            "brief": "因为"
        },
        "2": {
            "sn": "00413",
            "brief": "向、往"
        },
        "3": {
            "sn": "07600",
            "brief": "高傲的、安逸的、平静的"
        },
        "4": {
            "sn": "05927",
            "brief": "上去、升高、生长、献上"
        },
        "5": {
            "sn": "00241",
            "brief": "耳朵"
        },
        "6": {
            "sn": "07760",
            "brief": "放、置"
        },
        "7": {
            "sn": "02397",
            "brief": "钩子"
        },
        "8": {
            "sn": "00639",
            "brief": "鼻子"
        },
        "9": {
            "sn": "04964",
            "brief": "嚼环"
        },
        "10": {
            "sn": "08193",
            "brief": "嘴唇、边缘、言语"
        },
        "12": {
            "sn": "01870",
            "brief": "道路、行为、方向、方法"
        },
        "13": {
            "sn": "00834",
            "brief": "不必翻译"
        },
        "14": {
            "sn": "00935",
            "brief": "来、进入、临到、发生"
        },
        "1": {
            "sn": "07264",
            "brief": "发怒、颤抖、摇动"
        }
    },
    "33": {
        "2": {
            "sn": "05892",
            "brief": "城邑、城镇"
        },
        "literal": "我…必保护这城，拯救它(原文用阴性)。』」(…处填入下行)为自己的缘故，又为我仆人大卫的缘故，",
        "0": {
            "sn": "01598",
            "brief": "保护、卫护"
        },
        "1": {
            "sn": "00413",
            "brief": "向、往"
        },
        "3": {
            "sn": "02063",
            "brief": "这个"
        },
        "5": {
            "sn": "04616",
            "brief": "为了、以致"
        },
        "6": {
            "sn": "04616",
            "brief": "为了、以致"
        },
        "7": {
            "sn": "01732",
            "brief": "大卫"
        },
        "8": {
            "sn": "05650",
            "brief": "仆人、奴隶"
        },
        "4": {
            "sn": "03467",
            "brief": "得胜、拯救"
        }
    },
    "12": {
        "6": {
            "sn": "05892",
            "brief": "城邑、城镇"
        },
        "1": {
            "sn": "04428",
            "brief": "君王、国王"
        },
        "2": {
            "sn": "02574",
            "brief": "哈马"
        },
        "5": {
            "sn": "04428",
            "brief": "君王、国王"
        },
        "literal": "哈马的王、和亚珥拔的王、…(都)在哪里呢？(…处填入下行)和西法瓦音城、希拿，和以瓦的王",
        "0": {
            "sn": "00335",
            "brief": "哪里、哪一个"
        },
        "3": {
            "sn": "04428",
            "brief": "君王、国王"
        },
        "4": {
            "sn": "00774",
            "brief": "亚珥拔"
        },
        "7": {
            "sn": "05617",
            "brief": "西法瓦音"
        },
        "8": {
            "sn": "02012",
            "brief": "希拿"
        },
        "9": {
            "sn": "05755",
            "brief": "以瓦、亚瓦"
        }
    },
    "5": {
        "2": {
            "sn": "03470",
            "brief": "耶筛亚、以赛亚"
        },
        "3": {
            "sn": "03541",
            "brief": "如此、这样、这里和那里"
        },
        "4": {
            "sn": "00559",
            "brief": "说"
        },
        "5": {
            "sn": "00413",
            "brief": "对、向、往"
        },
        "literal": "以赛亚对他们说：「要对你们的主人这样说：『雅威如此说：不要因你所听见…的这些话惧怕。(…处填入下行)亚述王的仆人们亵渎我",
        "0": {
            "sn": "00559",
            "brief": "说"
        },
        "1": {
            "sn": "09001",
            "brief": "给、往、向、到、归属于"
        },
        "6": {
            "sn": "00113",
            "brief": "主人"
        },
        "7": {
            "sn": "03541",
            "brief": "如此、这样、这里和那里"
        },
        "8": {
            "sn": "00559",
            "brief": "说"
        },
        "9": {
            "sn": "03068",
            "brief": "上帝的名字「雅威」，犹太人尊称为「上主」"
        },
        "10": {
            "sn": "00408",
            "brief": "不"
        },
        "12": {
            "sn": "06440",
            "brief": "脸、脸面"
        },
        "13": {
            "sn": "01697",
            "brief": "话语、事情"
        },
        "14": {
            "sn": "00834",
            "brief": "不必翻译"
        },
        "16": {
            "sn": "00834",
            "brief": "不必翻译"
        },
        "18": {
            "sn": "05288",
            "brief": "男孩、少年、年轻人、仆人"
        },
        "19": {
            "sn": "04428",
            "brief": "君王、国王"
        },
        "20": {
            "sn": "00804",
            "brief": "亚述"
        },
        "21": {
            "sn": "00853",
            "brief": "不必翻译"
        },
        "17": {
            "sn": "01442",
            "brief": "亵渎"
        },
        "11": {
            "sn": "03372",
            "brief": "Qal 害怕，Nif‘al 令人畏惧"
        },
        "15": {
            "sn": "08085",
            "brief": "Qal 听、听从，Hif‘il 说明、使…听"
        }
    },
    "10": {
        "11": {
            "sn": "00859",
            "brief": "你"
        },
        "12": {
            "sn": "05337",
            "brief": "Nif‘al 获救，Pi‘el 拯救、夺取，Hif‘il 营救、抓走"
        },
        "2": {
            "sn": "08085",
            "brief": "Qal 听、听从，Hif‘il 说明、使…听"
        },
        "0": {
            "sn": "02009",
            "brief": "看哪"
        },
        "1": {
            "sn": "00859",
            "brief": "你"
        },
        "3": {
            "sn": "00853",
            "brief": "不必翻译"
        },
        "4": {
            "sn": "00834",
            "brief": "不必翻译"
        },
        "5": {
            "sn": "06213",
            "brief": "做"
        },
        "6": {
            "sn": "04428",
            "brief": "君王、国王"
        },
        "7": {
            "sn": "00804",
            "brief": "亚述"
        },
        "8": {
            "sn": "03605",
            "brief": "全部、整个、各"
        },
        "9": {
            "sn": "00776",
            "brief": "地、邦国、疆界"
        },
        "10": {
            "sn": "02763",
            "brief": "全然毁坏"
        },
        "literal": "看哪，你总听说亚述诸王向万国所行的，尽行灭绝他们，难道你还能得救吗？"
    },
    "13": {
        "0": {
            "sn": "03947",
            "brief": "拿、取"
        },
        "1": {
            "sn": "02396",
            "brief": "希西家"
        },
        "2": {
            "sn": "00853",
            "brief": "不必翻译"
        },
        "3": {
            "sn": "05612",
            "brief": "文件、书卷"
        },
        "4": {
            "sn": "03027",
            "brief": "手、边、力量、权势"
        },
        "5": {
            "sn": "04397",
            "brief": "使者"
        },
        "8": {
            "sn": "01004",
            "brief": "殿、家、房子"
        },
        "10": {
            "sn": "06566",
            "brief": "撒开、铺在...上面"
        },
        "11": {
            "sn": "02396",
            "brief": "希西家"
        },
        "12": {
            "sn": "03942",
            "brief": "在…之前"
        },
        "13": {
            "sn": "03068",
            "brief": "上帝的名字「雅威」，犹太人尊称为「上主」"
        },
        "14": {
            "sn": "09015",
            "brief": "开的意思"
        },
        "literal": "希西家从使者们的手里接过书信来，把它们读完了，就上雅威的殿。希西家将它展开在雅威面前。",
        "6": {
            "sn": "07121",
            "brief": "喊叫、召集、称呼、求告、朗读"
        },
        "7": {
            "sn": "05927",
            "brief": "上去、升高、生长、献上"
        },
        "9": {
            "sn": "03068",
            "brief": "上帝的名字「雅威」，犹太人尊称为「上主」"
        }
    },
    "15": {
        "3": {
            "sn": "08085",
            "brief": "Qal 听、听从，Hif‘il 说明、使…听"
        },
        "1": {
            "sn": "03068",
            "brief": "上帝的名字「雅威」，犹太人尊称为「上主」"
        },
        "2": {
            "sn": "00241",
            "brief": "耳朵"
        },
        "4": {
            "sn": "06491",
            "brief": "开"
        },
        "5": {
            "sn": "03068",
            "brief": "上帝的名字「雅威」，犹太人尊称为「上主」"
        },
        "6": {
            "sn": "05869",
            "brief": "眼目、眼睛"
        },
        "9": {
            "sn": "00853",
            "brief": "不必翻译"
        },
        "7": {
            "sn": "07200",
            "brief": "Qal 看见、看顾、察觉，Nif‘al 显现，Hif‘il 显明"
        },
        "14": {
            "sn": "02778",
            "brief": "责备、蔑视、辱骂"
        },
        "0": {
            "sn": "05186",
            "brief": "Qal 伸出、铺张、伸展、延长，Hif‘il 屈枉、转弯、 丢一边"
        },
        "literal": "雅威啊，求你侧耳听！雅威啊，求你睁眼看！听西拿基立…的话。(…处填入下行)派(人)来辱骂永生上帝",
        "10": {
            "sn": "01697",
            "brief": "话语、事情"
        },
        "11": {
            "sn": "05576",
            "brief": "西拿基立"
        },
        "12": {
            "sn": "00834",
            "brief": "不必翻译"
        },
        "13": {
            "sn": "07971",
            "brief": "差遣、释放、送走、伸出、伸展"
        },
        "15": {
            "sn": "00430",
            "brief": "上帝、神、神明"
        },
        "16": {
            "sn": "02416",
            "brief": "活的"
        },
        "8": {
            "sn": "08085",
            "brief": "Qal 听、听从，Hif‘il 说明、使…听"
        }
    },
    "24": {
        "5": {
            "sn": "03117",
            "brief": "日子、时候"
        },
        "0": {
            "sn": "03808",
            "brief": "不"
        },
        "1": {
            "sn": "08085",
            "brief": "Qal 听、听从，Hif‘il 说明、使…听"
        },
        "literal": "「『你岂没有听见…的(事)吗？(…处填入下三行)我早先所做、古时所立、现在实现坚固的城被毁坏，变为废墟；",
        "2": {
            "sn": "07350",
            "brief": "远方的"
        },
        "3": {
            "sn": "00853",
            "brief": "不必翻译"
        },
        "4": {
            "sn": "06213",
            "brief": "做"
        },
        "6": {
            "sn": "06924",
            "brief": "古老、东方"
        },
        "9": {
            "sn": "00935",
            "brief": "来、进入、临到、发生"
        },
        "11": {
            "sn": "07582",
            "brief": "毁坏、砸碎、荒芜"
        },
        "13": {
            "sn": "05327",
            "brief": "I. Qal 飞；II. Nif‘al，Hif‘il 争斗；III. Qal，Nif‘al 成为废墟"
        },
        "7": {
            "sn": "03335",
            "brief": "造作、形成"
        },
        "8": {
            "sn": "06258",
            "brief": "现在"
        },
        "10": {
            "sn": "01961",
            "brief": "作、是、成为、临到"
        },
        "12": {
            "sn": "01530",
            "brief": "泉、堆、波浪"
        },
        "14": {
            "sn": "05892",
            "brief": "城邑、城镇"
        },
        "15": {
            "sn": "01219",
            "brief": "坚固"
        }
    },
    "31": {
        "18": {
            "sn": "04043",
            "brief": "盾牌"
        },
        "14": {
            "sn": "08033",
            "brief": "那里"
        },
        "15": {
            "sn": "02671",
            "brief": "箭"
        },
        "17": {
            "sn": "06923",
            "brief": "前往、遇见"
        },
        "7": {
            "sn": "03808",
            "brief": "不"
        },
        "12": {
            "sn": "03808",
            "brief": "不"
        },
        "16": {
            "sn": "03808",
            "brief": "不"
        },
        "19": {
            "sn": "03808",
            "brief": "不"
        },
        "13": {
            "sn": "03384",
            "brief": "Qal 射、抛掷，Hif‘il 教导、射、抛掷"
        },
        "literal": "「所以，雅威论亚述王如此说：『他必不得来到这城，也不在那里射箭，不得拿盾牌到它(原文用阴性，指城)前面，也不能筑垒攻城。",
        "0": {
            "sn": "03651",
            "brief": "副词：因此、如此、这样；形容词：对、真的、公平、诚实"
        },
        "1": {
            "sn": "03541",
            "brief": "如此、这样"
        },
        "2": {
            "sn": "00559",
            "brief": "说"
        },
        "3": {
            "sn": "03068",
            "brief": "上帝的名字「雅威」，犹太人尊称为「上主」"
        },
        "4": {
            "sn": "00413",
            "brief": "向、往"
        },
        "5": {
            "sn": "04428",
            "brief": "君王、国王"
        },
        "6": {
            "sn": "00804",
            "brief": "亚述"
        },
        "8": {
            "sn": "00935",
            "brief": "来、进入、临到、发生"
        },
        "9": {
            "sn": "00413",
            "brief": "向、往"
        },
        "10": {
            "sn": "05892",
            "brief": "城邑、城镇"
        },
        "11": {
            "sn": "02063",
            "brief": "这个"
        },
        "20": {
            "sn": "08210",
            "brief": "倒出"
        },
        "21": {
            "sn": "05921",
            "brief": "在…上面"
        },
        "22": {
            "sn": "05550",
            "brief": "筑墙防卫、石堆、土堤"
        }
    },
    "32": {
        "4": {
            "sn": "07725",
            "brief": "Qal 回复、回转、重复，Po‘lel 带回、复兴、更新，Hif‘il 回报、报告、带回"
        },
        "literal": "他从哪条路来，必从它(原文用阴性，指那条路)回去，必不得来到这城，不得进入。这是雅威说的。",
        "0": {
            "sn": "01870",
            "brief": "道路、行为、方向、方法"
        },
        "1": {
            "sn": "00834",
            "brief": "不必翻译"
        },
        "2": {
            "sn": "00935",
            "brief": "来、进入、临到、发生"
        },
        "3": {
            "sn": "09002",
            "brief": "在、用、藉着、与、敌对"
        },
        "5": {
            "sn": "00413",
            "brief": "向、往"
        },
        "6": {
            "sn": "05892",
            "brief": "城邑、城镇"
        },
        "7": {
            "sn": "02063",
            "brief": "这个"
        },
        "9": {
            "sn": "00935",
            "brief": "来、进入、临到、发生"
        },
        "10": {
            "sn": "05002",
            "brief": "话语"
        },
        "11": {
            "sn": "03068",
            "brief": "上帝的名字「雅威」，犹太人尊称为「上主」"
        },
        "8": {
            "sn": "03808",
            "brief": "不"
        }
    },
    "34": {
        "1": {
            "sn": "03915",
            "brief": "夜晚"
        },
        "2": {
            "sn": "01931",
            "brief": "他"
        },
        "3": {
            "sn": "03318",
            "brief": "出去"
        },
        "4": {
            "sn": "04397",
            "brief": "使者"
        },
        "5": {
            "sn": "03068",
            "brief": "上帝的名字「雅威」，犹太人尊称为「上主」"
        },
        "7": {
            "sn": "04264",
            "brief": "军旅、军营、军队"
        },
        "8": {
            "sn": "00804",
            "brief": "亚述"
        },
        "9": {
            "sn": "03967",
            "brief": "数目的「一百」"
        },
        "10": {
            "sn": "08084",
            "brief": "数目的「八十」"
        },
        "6": {
            "sn": "05221",
            "brief": "Hif‘il 击打、击杀"
        },
        "13": {
            "sn": "07925",
            "brief": "Hif‘il 早起"
        },
        "literal": "当夜，雅威的使者出去，在亚述营中杀了十八万五千人。清早有人起来，看哪，全都是死尸了。",
        "0": {
            "sn": "01961",
            "brief": "当、是、成为、临到"
        },
        "11": {
            "sn": "02568",
            "brief": "数目的「五」"
        },
        "12": {
            "sn": "00505",
            "brief": "许多、数目的「一千」"
        },
        "14": {
            "sn": "01242",
            "brief": "早晨"
        },
        "15": {
            "sn": "02009",
            "brief": "看哪"
        },
        "16": {
            "sn": "03605",
            "brief": "全部、整个、各"
        },
        "17": {
            "sn": "06297",
            "brief": "尸体"
        },
        "18": {
            "sn": "04191",
            "brief": "死、治死"
        }
    },
    "7": {
        "3": {
            "sn": "04672",
            "brief": "寻找、追上、获得、发现"
        },
        "literal": "拉伯・沙基回去，发现亚述王去攻打立拿，原来他(早)听见他(指亚述王)拔营离开拉吉。",
        "7": {
            "sn": "03898",
            "brief": "I. Qal 攻击、打仗，Nif‘al 参战、攻打；II 吃"
        },
        "0": {
            "sn": "07725",
            "brief": "Qal 回复、回转、重复，Po‘lel 带回、复兴、更新，Hif‘il 回报、报告、带回"
        },
        "1": {
            "sn": "07262",
            "brief": "拉伯・沙基"
        },
        "2": {
            "sn": "07262",
            "brief": "拉伯・沙基"
        },
        "4": {
            "sn": "00853",
            "brief": "不必翻译"
        },
        "5": {
            "sn": "04428",
            "brief": "君王、国王"
        },
        "6": {
            "sn": "00804",
            "brief": "亚述"
        },
        "8": {
            "sn": "05921",
            "brief": "在…上面"
        },
        "9": {
            "sn": "03841",
            "brief": "立拿"
        },
        "10": {
            "sn": "03588",
            "brief": "因为、不必翻译"
        },
        "12": {
            "sn": "03588",
            "brief": "因为、不必翻译"
        },
        "13": {
            "sn": "05265",
            "brief": "拔起、移除、启程"
        },
        "14": {
            "sn": "03923",
            "brief": "拉吉"
        },
        "11": {
            "sn": "08085",
            "brief": "Qal 听、听从，Hif‘il 说明、使…听"
        }
    },
    "35": {
        "literal": "亚述王西拿基立就拔营回去，住在尼尼微。",
        "0": {
            "sn": "05265",
            "brief": "迁移、拔营、启程"
        },
        "1": {
            "sn": "01980",
            "brief": "来、去"
        },
        "3": {
            "sn": "05576",
            "brief": "西拿基立"
        },
        "4": {
            "sn": "04428",
            "brief": "君王、国王"
        },
        "5": {
            "sn": "00804",
            "brief": "亚述"
        },
        "6": {
            "sn": "03427",
            "brief": "居住、坐、停留"
        },
        "7": {
            "sn": "05210",
            "brief": "尼尼微"
        },
        "2": {
            "sn": "07725",
            "brief": "Qal 回复、回转、重复，Po‘lel 带回、复兴、更新，Hif‘il 回报、报告、带回"
        }
    },
    "2": {
        "3": {
            "sn": "00559",
            "brief": "说"
        },
        "2": {
            "sn": "03541",
            "brief": "如此、这样、这里和那里"
        },
        "literal": "对他说：「希西家如此说：『今日是急难、和责罚、和凌辱的日子，因为孩子已经来到子宫口，却没有力气(把他)生出来。",
        "0": {
            "sn": "00559",
            "brief": "说"
        },
        "1": {
            "sn": "00413",
            "brief": "对、向、往"
        },
        "4": {
            "sn": "02396",
            "brief": "希西家"
        },
        "5": {
            "sn": "03117",
            "brief": "日子、时候"
        },
        "6": {
            "sn": "06869",
            "brief": "灾难、患难"
        },
        "7": {
            "sn": "08433",
            "brief": "争辩、责罚"
        },
        "8": {
            "sn": "05007",
            "brief": "凌辱、轻视"
        },
        "9": {
            "sn": "03117",
            "brief": "日子、时候"
        },
        "10": {
            "sn": "02088",
            "brief": "这个"
        },
        "11": {
            "sn": "03588",
            "brief": "因为、不必翻译"
        },
        "12": {
            "sn": "00935",
            "brief": "来、进入、临到、发生"
        },
        "13": {
            "sn": "01121",
            "brief": "儿子、孙子、后裔、成员"
        },
        "14": {
            "sn": "05704",
            "brief": "直到"
        },
        "15": {
            "sn": "04866",
            "brief": "裂开的地方、子宫"
        },
        "16": {
            "sn": "03581",
            "brief": "力量、财富、人类之力"
        },
        "17": {
            "sn": "00369",
            "brief": "不存在、没有"
        },
        "18": {
            "sn": "03205",
            "brief": "生出、出生"
        }
    },
    "22": {
        "2": {
            "sn": "02778",
            "brief": "辱骂"
        },
        "literal": "你藉你使者们的手辱骂主，说：藉着我许多的战车，我已上到山的高处，到黎巴嫩顶端；我要砍伐它高大的香柏树和它上等的松树；我要进入极高之处，(进入)它有田园的树林中。",
        "0": {
            "sn": "03027",
            "brief": "手、边、力量、权势"
        },
        "1": {
            "sn": "04397",
            "brief": "使者"
        },
        "3": {
            "sn": "00136",
            "brief": "主人"
        },
        "4": {
            "sn": "00559",
            "brief": "说"
        },
        "5": {
            "sn": "07230",
            "brief": "多"
        },
        "6": {
            "sn": "07393",
            "brief": "车辆、战车、上磨石"
        },
        "7": {
            "sn": "00589",
            "brief": "我"
        },
        "8": {
            "sn": "05927",
            "brief": "上去、升高、生长、献上"
        },
        "9": {
            "sn": "04791",
            "brief": "高处"
        },
        "10": {
            "sn": "02022",
            "brief": "山"
        },
        "11": {
            "sn": "03411",
            "brief": "边、末端、尽头"
        },
        "12": {
            "sn": "03844",
            "brief": "黎巴嫩"
        },
        "13": {
            "sn": "03772",
            "brief": "立约、剪除、切开、砍下"
        },
        "14": {
            "sn": "06967",
            "brief": "高"
        },
        "15": {
            "sn": "00730",
            "brief": "香柏木、香柏树"
        },
        "16": {
            "sn": "04004",
            "brief": "上选之品"
        },
        "17": {
            "sn": "01265",
            "brief": "松树"
        },
        "18": {
            "sn": "00935",
            "brief": "来、进入、临到、发生"
        },
        "19": {
            "sn": "04411",
            "brief": "住宿的地方"
        },
        "20": {
            "sn": "07093",
            "brief": "尾端、结尾"
        },
        "21": {
            "sn": "03293",
            "brief": "树林、森林"
        },
        "22": {
            "sn": "03759",
            "brief": "田园、农田、果园、水果"
        }
    },
    "8": {
        "8": {
            "sn": "03898",
            "brief": "I. Qal 攻击、打仗，Nif‘al 参战、攻打；II 吃"
        },
        "10": {
            "sn": "07725",
            "brief": "Qal 回复、回转、重复，Po‘lel 带回、复兴、更新，Hif‘il 回报、报告、带回"
        },
        "literal": "他(指亚述王)听见人论古实王特哈加说：「看哪，他出来要与你争战。」于是他(指亚述王)又派使者们到希西家那里说：",
        "1": {
            "sn": "00413",
            "brief": "对、向、往"
        },
        "2": {
            "sn": "08640",
            "brief": "特哈加"
        },
        "3": {
            "sn": "04428",
            "brief": "君王、国王"
        },
        "4": {
            "sn": "03568",
            "brief": "古实"
        },
        "5": {
            "sn": "00559",
            "brief": "说"
        },
        "6": {
            "sn": "02009",
            "brief": "看哪"
        },
        "7": {
            "sn": "03318",
            "brief": "出去"
        },
        "9": {
            "sn": "00854",
            "brief": "与、跟"
        },
        "11": {
            "sn": "07971",
            "brief": "差遣、释放、送走、伸出、伸展"
        },
        "12": {
            "sn": "04397",
            "brief": "使者"
        },
        "13": {
            "sn": "00413",
            "brief": "对、向、往"
        },
        "14": {
            "sn": "02396",
            "brief": "希西家"
        },
        "15": {
            "sn": "00559",
            "brief": "说"
        },
        "0": {
            "sn": "08085",
            "brief": "Qal 听、听从，Hif‘il 说明、使…听"
        }
    },
    "3": {
        "1": {
            "sn": "08085",
            "brief": "Qal 听、听从，Hif‘il 说明、使…听"
        },
        "20": {
            "sn": "08085",
            "brief": "Qal 听、听从，Hif‘il 说明、使…听"
        },
        "14": {
            "sn": "02778",
            "brief": "责备、蔑视、辱骂"
        },
        "literal": "或者雅威―你的上帝听见…拉伯・沙基的一切话，(…处填入下行)他主人亚述王派他来辱骂永生上帝的雅威―你的上帝因所听见的这些话就发斥责。因此，求你为所幸存的余剩的民扬声祷告。』」",
        "0": {
            "sn": "00194",
            "brief": "或者、或许"
        },
        "2": {
            "sn": "03068",
            "brief": "上帝的名字「雅威」，犹太人尊称为「上主」"
        },
        "3": {
            "sn": "00430",
            "brief": "上帝、神、神明"
        },
        "4": {
            "sn": "00853",
            "brief": "不必翻译"
        },
        "5": {
            "sn": "03605",
            "brief": "全部、整个、各"
        },
        "6": {
            "sn": "01697",
            "brief": "话语、事情"
        },
        "7": {
            "sn": "07262",
            "brief": "拉伯・沙基"
        },
        "8": {
            "sn": "07262",
            "brief": "拉伯・沙基"
        },
        "9": {
            "sn": "00834",
            "brief": "不必翻译"
        },
        "10": {
            "sn": "07971",
            "brief": "差遣、释放、送走、伸出、伸展"
        },
        "11": {
            "sn": "04428",
            "brief": "君王、国王"
        },
        "12": {
            "sn": "00804",
            "brief": "亚述"
        },
        "13": {
            "sn": "00113",
            "brief": "主人"
        },
        "15": {
            "sn": "00430",
            "brief": "上帝、神、神明"
        },
        "16": {
            "sn": "02416",
            "brief": "活的"
        },
        "18": {
            "sn": "01697",
            "brief": "话语、事情"
        },
        "19": {
            "sn": "00834",
            "brief": "不必翻译"
        },
        "21": {
            "sn": "03068",
            "brief": "上帝的名字「雅威」，犹太人尊称为「上主」"
        },
        "17": {
            "sn": "03198",
            "brief": "判断、证明、指责"
        },
        "22": {
            "sn": "00430",
            "brief": "上帝、神、神明"
        },
        "23": {
            "sn": "05375",
            "brief": "高举、举起、背负、承担"
        },
        "24": {
            "sn": "08605",
            "brief": "祷告"
        },
        "25": {
            "sn": "01157",
            "brief": "为了、背后、穿过、围绕"
        },
        "26": {
            "sn": "07611",
            "brief": "剩余"
        },
        "27": {
            "sn": "04672",
            "brief": "寻找、追上、获得、发现"
        }
    },
    "0": {
        "1": {
            "sn": "08085",
            "brief": "Qal 听、听从，Hif‘il 说明、使…听"
        },
        "6": {
            "sn": "00899",
            "brief": "衣服"
        },
        "literal": "希西家王听见的时候就撕裂自己的衣服，披上麻布，进到雅威的殿里。",
        "0": {
            "sn": "01961",
            "brief": "是、成为、临到"
        },
        "2": {
            "sn": "04428",
            "brief": "君王、国王"
        },
        "3": {
            "sn": "02396",
            "brief": "希西家"
        },
        "4": {
            "sn": "07167",
            "brief": "撕裂、撕破、使宽阔"
        },
        "5": {
            "sn": "00853",
            "brief": "不必翻译"
        },
        "7": {
            "sn": "03680",
            "brief": "遮盖、隐藏"
        },
        "8": {
            "sn": "08242",
            "brief": "麻布、麻袋"
        },
        "9": {
            "sn": "00935",
            "brief": "来、进入、临到、发生"
        },
        "10": {
            "sn": "01004",
            "brief": "殿、家、房子"
        },
        "11": {
            "sn": "03068",
            "brief": "上帝的名字「雅威」，犹太人尊称为「上主」"
        }
    },
    "9": {
        "0": {
            "sn": "03541",
            "brief": "如此、这样、这里和那里"
        },
        "1": {
            "sn": "00559",
            "brief": "说"
        },
        "2": {
            "sn": "00413",
            "brief": "对、向、往"
        },
        "3": {
            "sn": "02396",
            "brief": "希西家"
        },
        "4": {
            "sn": "04428",
            "brief": "君王、国王"
        },
        "5": {
            "sn": "03063",
            "brief": "犹大"
        },
        "6": {
            "sn": "00559",
            "brief": "说"
        },
        "8": {
            "sn": "05377",
            "brief": "蒙蔽、欺骗"
        },
        "7": {
            "sn": "00408",
            "brief": "不"
        },
        "9": {
            "sn": "00430",
            "brief": "上帝、神、神明"
        },
        "10": {
            "sn": "00834",
            "brief": "不必翻译"
        },
        "15": {
            "sn": "03808",
            "brief": "不"
        },
        "11": {
            "sn": "00859",
            "brief": "你"
        },
        "12": {
            "sn": "00982",
            "brief": "倚赖、信靠"
        },
        "13": {
            "sn": "09002",
            "brief": "在、用、藉着、与、敌对"
        },
        "14": {
            "sn": "00559",
            "brief": "说"
        },
        "16": {
            "sn": "05414",
            "brief": "赐、给"
        },
        "17": {
            "sn": "03389",
            "brief": "耶路撒冷"
        },
        "18": {
            "sn": "03027",
            "brief": "手、边、力量、权势"
        },
        "19": {
            "sn": "04428",
            "brief": "君王、国王"
        },
        "20": {
            "sn": "00804",
            "brief": "亚述"
        },
        "literal": "「你们要对犹大王希西家如此说：『不要让你所倚靠他的你的上帝欺哄你说：耶路撒冷必不交在亚述王的手中。"
    },
    "1": {
        "11": {
            "sn": "03680",
            "brief": "遮盖、隐藏"
        },
        "0": {
            "sn": "07971",
            "brief": "差遣、释放、送走、伸出、伸展"
        },
        "1": {
            "sn": "00853",
            "brief": "不必翻译"
        },
        "2": {
            "sn": "00471",
            "brief": "以利・亚敬"
        },
        "3": {
            "sn": "00834",
            "brief": "不必翻译"
        },
        "4": {
            "sn": "05921",
            "brief": "在…上面"
        },
        "5": {
            "sn": "01004",
            "brief": "殿、家、房子"
        },
        "6": {
            "sn": "07644",
            "brief": "舍伯那"
        },
        "7": {
            "sn": "05608",
            "brief": "1. 动词：述说、计算；2. 名词：文士、书记"
        },
        "8": {
            "sn": "00853",
            "brief": "不必翻译"
        },
        "9": {
            "sn": "02205",
            "brief": "年老的"
        },
        "10": {
            "sn": "03548",
            "brief": "祭司"
        },
        "12": {
            "sn": "08242",
            "brief": "麻布、麻袋"
        },
        "13": {
            "sn": "00413",
            "brief": "对、向、往"
        },
        "14": {
            "sn": "03470",
            "brief": "以赛亚"
        },
        "15": {
            "sn": "05030",
            "brief": "先知"
        },
        "16": {
            "sn": "01121",
            "brief": "儿子、孙子、后裔、成员"
        },
        "17": {
            "sn": "00531",
            "brief": "亚摩斯"
        },
        "literal": "他派皇家总管以利亚敬、和书记舍伯那、和祭司中的大老们(都)披上麻布，到亚摩斯的儿子先知以赛亚那里，"
    },
    "6": {
        "8": {
            "sn": "05307",
            "brief": "跌落、跌倒、使签落在..."
        },
        "4": {
            "sn": "08085",
            "brief": "Qal 听、听从，Hif‘il 说明、使…听"
        },
        "0": {
            "sn": "02005",
            "brief": "若、看哪"
        },
        "1": {
            "sn": "05414",
            "brief": "赐、给"
        },
        "2": {
            "sn": "09002",
            "brief": "在、用、藉着、与、敌对"
        },
        "3": {
            "sn": "07307",
            "brief": "灵、风、气息"
        },
        "5": {
            "sn": "08052",
            "brief": "消息"
        },
        "7": {
            "sn": "00776",
            "brief": "地、邦国、疆界"
        },
        "9": {
            "sn": "02719",
            "brief": "刀"
        },
        "10": {
            "sn": "00776",
            "brief": "地、邦国、疆界"
        },
        "6": {
            "sn": "07725",
            "brief": "Qal 回复、回转、重复，Po‘lel 带回、复兴、更新，Hif‘il 回报、报告、带回"
        },
        "literal": "看哪，我要使灵进入他里面，他要听见风声就归回本地。我必使他在他自己的地倒在刀下。』」"
    },
    "21": {
        "2": {
            "sn": "02778",
            "brief": "责备、蔑视、辱骂"
        },
        "3": {
            "sn": "01442",
            "brief": "亵渎"
        },
        "6": {
            "sn": "07311",
            "brief": "高举、抬高"
        },
        "literal": "你辱骂和亵渎谁？你扬起声来，… 攻击谁呢？…(…处填入下行)高举你的眼目乃是攻击以色列的圣者。",
        "0": {
            "sn": "00853",
            "brief": "不必翻译"
        },
        "1": {
            "sn": "04310",
            "brief": "谁"
        },
        "4": {
            "sn": "05921",
            "brief": "在…上面"
        },
        "5": {
            "sn": "04310",
            "brief": "谁"
        },
        "7": {
            "sn": "06963",
            "brief": "声音"
        },
        "8": {
            "sn": "05375",
            "brief": "高举、举起、背负、承担"
        },
        "9": {
            "sn": "04791",
            "brief": "高处"
        },
        "10": {
            "sn": "05869",
            "brief": "眼目、眼睛"
        },
        "11": {
            "sn": "05921",
            "brief": "在…上面"
        },
        "12": {
            "sn": "06918",
            "brief": "圣的、神圣的"
        },
        "13": {
            "sn": "03478",
            "brief": "以色列"
        }
    },
    "4": {
        "literal": "希西家王的臣仆们就来到以赛亚那里。",
        "0": {
            "sn": "00935",
            "brief": "来、进入、临到、发生"
        },
        "1": {
            "sn": "05650",
            "brief": "仆人、奴隶"
        },
        "2": {
            "sn": "04428",
            "brief": "君王、国王"
        },
        "3": {
            "sn": "02396",
            "brief": "希西家"
        },
        "4": {
            "sn": "00413",
            "brief": "对、向、往"
        },
        "5": {
            "sn": "03470",
            "brief": "以赛亚"
        }
    },
    "26": {
        "literal": "『你的坐下，和你的出去，和你的进来，…我都知道，(…处填入下行)还有你向我发的烈怒；",
        "0": {
            "sn": "03427",
            "brief": "居住、坐、停留"
        },
        "1": {
            "sn": "03318",
            "brief": "出去"
        },
        "2": {
            "sn": "00935",
            "brief": "来、进入、临到、发生"
        },
        "4": {
            "sn": "00853",
            "brief": "不必翻译"
        },
        "6": {
            "sn": "00413",
            "brief": "向、往"
        },
        "3": {
            "sn": "03045",
            "brief": "Qal 知道、认识、辨别、经历，Hif‘il 使知道、宣告"
        },
        "5": {
            "sn": "07264",
            "brief": "发怒、颤抖、摇动"
        }
    },
    "25": {
        "1": {
            "sn": "07116",
            "brief": "小的、短的"
        },
        "literal": "城里的居民力量甚小，他们惊惶，他们羞愧。他们像野草，(像)青菜，(如)房顶上的草，(又如)未长成而枯干的禾稼。",
        "0": {
            "sn": "03427",
            "brief": "居住、坐、停留"
        },
        "2": {
            "sn": "03027",
            "brief": "手、边、力量、权势"
        },
        "3": {
            "sn": "02865",
            "brief": "惊惶"
        },
        "4": {
            "sn": "00954",
            "brief": "羞愧"
        },
        "5": {
            "sn": "01961",
            "brief": "是、成为、临到"
        },
        "6": {
            "sn": "06212",
            "brief": "青草"
        },
        "7": {
            "sn": "07704",
            "brief": "田野"
        },
        "8": {
            "sn": "03419",
            "brief": "青菜"
        },
        "9": {
            "sn": "01877",
            "brief": "青菜"
        },
        "10": {
            "sn": "02682",
            "brief": "青草"
        },
        "11": {
            "sn": "01406",
            "brief": "屋顶"
        },
        "12": {
            "sn": "07711",
            "brief": "病虫害、枯萎病"
        },
        "13": {
            "sn": "03942",
            "brief": "在前面"
        },
        "14": {
            "sn": "07054",
            "brief": "禾稼"
        }
    },
    "16": {
        "literal": "雅威啊，亚述诸王果然使…变为荒凉，(…处填入下行)列国和他们的地",
        "0": {
            "sn": "00551",
            "brief": "果然、真的"
        },
        "1": {
            "sn": "03068",
            "brief": "上帝的名字「雅威」，犹太人尊称为「上主」"
        },
        "3": {
            "sn": "04428",
            "brief": "君王、国王"
        },
        "4": {
            "sn": "00804",
            "brief": "亚述"
        },
        "5": {
            "sn": "00853",
            "brief": "不必翻译"
        },
        "6": {
            "sn": "01471",
            "brief": "国家、人民"
        },
        "7": {
            "sn": "00853",
            "brief": "不必翻译"
        },
        "8": {
            "sn": "00776",
            "brief": "地、邦国、疆界"
        },
        "2": {
            "sn": "02717",
            "brief": "荒废、干掉"
        }
    },
    "29": {
        "literal": "犹大家所逃脱剩余的，要再次往下扎根，向上结果。",
        "0": {
            "sn": "03254",
            "brief": "再一次、增添"
        },
        "1": {
            "sn": "06413",
            "brief": "残存之民、拯救、逃脱"
        },
        "2": {
            "sn": "01004",
            "brief": "殿、房屋、家"
        },
        "3": {
            "sn": "03063",
            "brief": "犹大"
        },
        "4": {
            "sn": "07604",
            "brief": "剩下"
        },
        "5": {
            "sn": "08328",
            "brief": "根"
        },
        "6": {
            "sn": "04295",
            "brief": "在下面"
        },
        "7": {
            "sn": "06213",
            "brief": "做"
        },
        "8": {
            "sn": "06529",
            "brief": "果实"
        },
        "9": {
            "sn": "04605",
            "brief": "上面"
        }
    },
    "23": {
        "5": {
            "sn": "02717",
            "brief": "枯干、荒芜、荒废"
        },
        "literal": "我已经在外邦挖井喝水；我必用我的脚掌踏干埃及一切的河流。",
        "0": {
            "sn": "00589",
            "brief": "我"
        },
        "1": {
            "sn": "06979",
            "brief": "挖井"
        },
        "2": {
            "sn": "08354",
            "brief": "喝"
        },
        "3": {
            "sn": "04325",
            "brief": "水"
        },
        "4": {
            "sn": "02114",
            "brief": "做外国人、做陌生人"
        },
        "6": {
            "sn": "03709",
            "brief": "手掌、脚掌、脚底"
        },
        "7": {
            "sn": "06471",
            "brief": "敲击、脚步、这一次、次数"
        },
        "8": {
            "sn": "03605",
            "brief": "全部、整个、任何事物"
        },
        "9": {
            "sn": "02975",
            "brief": "尼罗河、河流"
        },
        "10": {
            "sn": "04693",
            "brief": "埃及"
        }
    },
    "30": {
        "literal": "必有余剩的民从耶路撒冷而出；必有逃脱的人从锡安山(而来)。万军之雅威的热心必成就这事。",
        "0": {
            "sn": "03588",
            "brief": "因为、不必翻译"
        },
        "1": {
            "sn": "03389",
            "brief": "耶路撒冷"
        },
        "2": {
            "sn": "03318",
            "brief": "出去"
        },
        "3": {
            "sn": "07611",
            "brief": "剩余"
        },
        "4": {
            "sn": "06413",
            "brief": "逃走、得救、余民"
        },
        "5": {
            "sn": "02022",
            "brief": "山"
        },
        "6": {
            "sn": "06726",
            "brief": "锡安"
        },
        "7": {
            "sn": "07068",
            "brief": "妒忌、生气的狂热"
        },
        "8": {
            "sn": "03068",
            "brief": "上帝的名字「雅威」，犹太人尊称为「上主」"
        },
        "9": {
            "sn": "06635",
            "brief": "军队、战争、服役"
        },
        "10": {
            "sn": "06213",
            "brief": "做"
        },
        "11": {
            "sn": "02063",
            "brief": "这个"
        },
        "12": {
            "sn": "09014",
            "brief": "关闭的意思"
        }
    },
    "11": {
        "5": {
            "sn": "07843",
            "brief": "毁灭"
        },
        "literal": "…列国，…的神明何曾拯救他们呢？(…处依序填入下行和末二行)我列祖所毁灭的就是歌散、和哈兰、和利色，和在提拉撒的伊甸人",
        "1": {
            "sn": "00853",
            "brief": "不必翻译"
        },
        "2": {
            "sn": "00430",
            "brief": "上帝、神、神明"
        },
        "3": {
            "sn": "01471",
            "brief": "国家、人民"
        },
        "4": {
            "sn": "00834",
            "brief": "不必翻译"
        },
        "6": {
            "sn": "00001",
            "brief": "父亲、祖先"
        },
        "7": {
            "sn": "00853",
            "brief": "不必翻译"
        },
        "8": {
            "sn": "01470",
            "brief": "歌散"
        },
        "9": {
            "sn": "00853",
            "brief": "不必翻译"
        },
        "10": {
            "sn": "02771",
            "brief": "哈兰"
        },
        "11": {
            "sn": "07530",
            "brief": "利色"
        },
        "12": {
            "sn": "01121",
            "brief": "儿子、孙子、后裔、成员"
        },
        "13": {
            "sn": "05729",
            "brief": "伊甸"
        },
        "14": {
            "sn": "00834",
            "brief": "不必翻译"
        },
        "15": {
            "sn": "08515",
            "brief": "提拉撒"
        },
        "0": {
            "sn": "05337",
            "brief": "Nif‘al 获救，Pi‘el 拯救、夺取，Hif‘il 营救、抓走"
        }
    },
    "14": {
        "19": {
            "sn": "00853",
            "brief": "不必翻译"
        },
        "literal": "希西家在雅威前面祷告说：「坐在基路伯上雅威―以色列的上帝啊，祢，惟有祢是那一位…上帝，(…处填入下行)地上万国的祢创造了天和地。",
        "1": {
            "sn": "02396",
            "brief": "希西家"
        },
        "2": {
            "sn": "03942",
            "brief": "在…面前"
        },
        "3": {
            "sn": "03068",
            "brief": "上帝的名字「雅威」，犹太人尊称为「上主」"
        },
        "4": {
            "sn": "00559",
            "brief": "说"
        },
        "5": {
            "sn": "03068",
            "brief": "上帝的名字「雅威」，犹太人尊称为「上主」"
        },
        "6": {
            "sn": "00430",
            "brief": "上帝、神、神明"
        },
        "7": {
            "sn": "03478",
            "brief": "以色列"
        },
        "8": {
            "sn": "03427",
            "brief": "居住、坐、停留"
        },
        "9": {
            "sn": "03742",
            "brief": "基路伯"
        },
        "10": {
            "sn": "00859",
            "brief": "你"
        },
        "11": {
            "sn": "01931",
            "brief": "他"
        },
        "12": {
            "sn": "00430",
            "brief": "上帝、神、神明"
        },
        "13": {
            "sn": "00905",
            "brief": "分开、门闩、片段"
        },
        "14": {
            "sn": "03605",
            "brief": "全部、整个、各"
        },
        "15": {
            "sn": "04467",
            "brief": "国度"
        },
        "16": {
            "sn": "00776",
            "brief": "地、邦国、疆界"
        },
        "17": {
            "sn": "00859",
            "brief": "你"
        },
        "18": {
            "sn": "06213",
            "brief": "做"
        },
        "0": {
            "sn": "06419",
            "brief": "祷告"
        },
        "20": {
            "sn": "08064",
            "brief": "天"
        },
        "21": {
            "sn": "00853",
            "brief": "不必翻译"
        },
        "22": {
            "sn": "00776",
            "brief": "地、邦国、疆界"
        }
    },
    "19": {
        "literal": "亚摩斯的儿子以赛亚派人到希西家那里，说：「雅威―以色列的上帝如此说：『你求我攻击亚述王西拿基立，我已听见了。",
        "0": {
            "sn": "07971",
            "brief": "差遣、释放、送走、伸出、伸展"
        },
        "1": {
            "sn": "03470",
            "brief": "以赛亚"
        },
        "2": {
            "sn": "01121",
            "brief": "儿子、孙子、后裔、成员"
        },
        "3": {
            "sn": "00531",
            "brief": "亚摩斯"
        },
        "4": {
            "sn": "00413",
            "brief": "对、向、往"
        },
        "5": {
            "sn": "02396",
            "brief": "希西家"
        },
        "6": {
            "sn": "00559",
            "brief": "说"
        },
        "7": {
            "sn": "03541",
            "brief": "如此、这样、这里和那里"
        },
        "8": {
            "sn": "00559",
            "brief": "说"
        },
        "9": {
            "sn": "03068",
            "brief": "上帝的名字「雅威」，犹太人尊称为「上主」"
        },
        "10": {
            "sn": "00430",
            "brief": "上帝、神、神明"
        },
        "11": {
            "sn": "03478",
            "brief": "以色列"
        },
        "12": {
            "sn": "00834",
            "brief": "不必翻译"
        },
        "14": {
            "sn": "00413",
            "brief": "对、向、往"
        },
        "15": {
            "sn": "00413",
            "brief": "对、向、往"
        },
        "16": {
            "sn": "05576",
            "brief": "西拿基立"
        },
        "17": {
            "sn": "04428",
            "brief": "君王、国王"
        },
        "18": {
            "sn": "00804",
            "brief": "亚述"
        },
        "19": {
            "sn": "08085",
            "brief": "Qal 听、听从，Hif‘il 说明、使…听"
        },
        "13": {
            "sn": "06419",
            "brief": "Qal 祷告，Hitpa‘el 祷告、代求"
        }
    },
    "18": {
        "3": {
            "sn": "03467",
            "brief": "拯救"
        },
        "6": {
            "sn": "03045",
            "brief": "Qal 知道、认识、辨别、经历，Hif‘il 使知道、宣告"
        },
        "literal": "现在，雅威―我们的上帝啊，求你救我们脱离他(指亚述王)的手，使地上万国都知道祢，惟独祢―雅威是上帝！",
        "0": {
            "sn": "06258",
            "brief": "现在"
        },
        "1": {
            "sn": "03068",
            "brief": "上帝的名字「雅威」，犹太人尊称为「上主」"
        },
        "2": {
            "sn": "00430",
            "brief": "上帝、神、神明"
        },
        "4": {
            "sn": "04994",
            "brief": "作为鼓励语的一部份"
        },
        "5": {
            "sn": "03027",
            "brief": "手、边、力量、权势"
        },
        "7": {
            "sn": "03605",
            "brief": "全部、整个、各"
        },
        "8": {
            "sn": "04467",
            "brief": "国度"
        },
        "9": {
            "sn": "00776",
            "brief": "地、邦国、疆界"
        },
        "10": {
            "sn": "03588",
            "brief": "因为、不必翻译"
        },
        "11": {
            "sn": "00859",
            "brief": "你"
        },
        "12": {
            "sn": "03068",
            "brief": "上帝的名字「雅威」，犹太人尊称为「上主」"
        },
        "13": {
            "sn": "00430",
            "brief": "上帝、神、神明"
        },
        "14": {
            "sn": "00905",
            "brief": "分开、门闩、片段"
        },
        "15": {
            "sn": "09014",
            "brief": "关闭的意思"
        }
    },
    "36": {
        "9": {
            "sn": "05221",
            "brief": "Hif‘il 击打、击杀"
        },
        "12": {
            "sn": "04422",
            "brief": "Nif‘al, Hitpa‘el 溜出、逃出、被拯救，Pi‘el, Hif‘il 生下、拯救"
        },
        "2": {
            "sn": "09013",
            "brief": "跪拜、下拜"
        },
        "literal": "一日他在他的神明―尼斯洛庙里叩拜，他儿子亚得米勒和沙利色用刀击杀他，他们就逃到亚拉腊地。他儿子以撒・哈顿接续他作王。",
        "0": {
            "sn": "01961",
            "brief": "当、是、成为、临到"
        },
        "1": {
            "sn": "01931",
            "brief": "他"
        },
        "3": {
            "sn": "01004",
            "brief": "殿、房屋、家"
        },
        "4": {
            "sn": "05268",
            "brief": "尼斯洛"
        },
        "5": {
            "sn": "00430",
            "brief": "上帝、神、神明"
        },
        "6": {
            "sn": "00152",
            "brief": "亚得米勒"
        },
        "7": {
            "sn": "08272",
            "brief": "沙利色"
        },
        "8": {
            "sn": "01121",
            "brief": "儿子、孙子、后裔、成员"
        },
        "10": {
            "sn": "02719",
            "brief": "刀"
        },
        "11": {
            "sn": "01992",
            "brief": "他们"
        },
        "13": {
            "sn": "00776",
            "brief": "地、邦国、疆界"
        },
        "14": {
            "sn": "00780",
            "brief": "亚拉腊"
        },
        "15": {
            "sn": "04427",
            "brief": "作王、统治"
        },
        "16": {
            "sn": "00634",
            "brief": "以撒•哈顿"
        },
        "17": {
            "sn": "00634",
            "brief": "以撒•哈顿"
        },
        "18": {
            "sn": "01121",
            "brief": "儿子、孙子、后裔、成员"
        },
        "19": {
            "sn": "08478",
            "brief": "1. 名词：位置、地方；2. 介系词：在…之下；3. 介系词：代替、因为"
        },
        "20": {
            "sn": "09015",
            "brief": "开的意思"
        }
    },
    "17": {
        "3": {
            "sn": "00784",
            "brief": "火"
        },
        "15": {
            "sn": "00006",
            "brief": "灭亡"
        },
        "5": {
            "sn": "03808",
            "brief": "不"
        },
        "literal": "将他们的神像都扔在火里；因为它们不是上帝，而是人手所造的，是木头和石头，所以他们(指亚述诸王)灭绝了它们。",
        "0": {
            "sn": "05414",
            "brief": "赐、给"
        },
        "1": {
            "sn": "00853",
            "brief": "不必翻译"
        },
        "2": {
            "sn": "00430",
            "brief": "上帝、神、神明"
        },
        "4": {
            "sn": "03588",
            "brief": "因为、不必翻译"
        },
        "6": {
            "sn": "00430",
            "brief": "上帝、神、神明"
        },
        "7": {
            "sn": "01992",
            "brief": "他们、它们"
        },
        "8": {
            "sn": "03588",
            "brief": "因为、不必翻译"
        },
        "9": {
            "sn": "00518",
            "brief": "如果"
        },
        "10": {
            "sn": "04639",
            "brief": "工作、作为"
        },
        "11": {
            "sn": "03027",
            "brief": "手、边、力量、权势"
        },
        "12": {
            "sn": "00120",
            "brief": "人"
        },
        "13": {
            "sn": "06086",
            "brief": "木头、树"
        },
        "14": {
            "sn": "00068",
            "brief": "石头、法码、宝石"
        }
    }
}