{
    "16": {
        "0": {
            "sn": "07971",
            "brief": "差遣、释放、送走、伸出、伸展"
        },
        "1": {
            "sn": "04428",
            "brief": "君王、国王"
        },
        "2": {
            "sn": "00804",
            "brief": "亚述"
        },
        "3": {
            "sn": "00853",
            "brief": "不必翻译"
        },
        "4": {
            "sn": "08661",
            "brief": "将军、元帅、指挥官"
        },
        "5": {
            "sn": "00853",
            "brief": "不必翻译"
        },
        "6": {
            "sn": "07249",
            "brief": "拉伯・撒利"
        },
        "7": {
            "sn": "07249",
            "brief": "拉伯・撒利"
        },
        "8": {
            "sn": "00853",
            "brief": "不必翻译"
        },
        "9": {
            "sn": "07262",
            "brief": "拉伯・沙基"
        },
        "10": {
            "sn": "07262",
            "brief": "拉伯・沙基"
        },
        "11": {
            "sn": "04480",
            "brief": "从、出"
        },
        "12": {
            "sn": "03923",
            "brief": "拉吉"
        },
        "13": {
            "sn": "00413",
            "brief": "对、向、往"
        },
        "14": {
            "sn": "04428",
            "brief": "君王、国王"
        },
        "15": {
            "sn": "02396",
            "brief": "希西家"
        },
        "16": {
            "sn": "02426",
            "brief": "军队、力量、财富"
        },
        "17": {
            "sn": "03515",
            "brief": "大的、重的、多的"
        },
        "18": {
            "sn": "03389",
            "brief": "耶路撒冷"
        },
        "20": {
            "sn": "00935",
            "brief": "来、进入、临到、发生"
        },
        "21": {
            "sn": "03389",
            "brief": "耶路撒冷"
        },
        "23": {
            "sn": "00935",
            "brief": "来、进入、临到、发生"
        },
        "25": {
            "sn": "08585",
            "brief": "水沟、水道、沟渠"
        },
        "26": {
            "sn": "01295",
            "brief": "水池"
        },
        "27": {
            "sn": "05945",
            "brief": "1. 名词：至高者、至高处，2. 形容词：高的、上面的"
        },
        "28": {
            "sn": "00834",
            "brief": "不必翻译"
        },
        "29": {
            "sn": "04546",
            "brief": "大路、公路、干道"
        },
        "30": {
            "sn": "07704",
            "brief": "田地"
        },
        "31": {
            "sn": "03526",
            "brief": "洗涤、漂洗"
        },
        "24": {
            "sn": "05975",
            "brief": "Qal 站立、侍立、停留，Hif‘il 设立、使坚定"
        },
        "19": {
            "sn": "05927",
            "brief": "上去、升高、生长、献上"
        },
        "22": {
            "sn": "05927",
            "brief": "上去、升高、生长、献上"
        },
        "literal": "亚述王差遣他珥探、拉伯・撒利，和拉伯・沙基从拉吉率领大军前往耶路撒冷希西家王那里。他们上去，来到耶路撒冷，他们上去，来到的时候，就站在上池的水沟旁，就是在漂布地的大路上。"
    },
    "18": {
        "0": {
            "sn": "00559",
            "brief": "说"
        },
        "1": {
            "sn": "00413",
            "brief": "对、向、往"
        },
        "literal": "拉伯・沙基对他们说：「你们去告诉希西家说，亚述王大王如此说：『你所倚靠的这个有什么可仗赖的呢？",
        "2": {
            "sn": "07262",
            "brief": "拉伯・沙基"
        },
        "3": {
            "sn": "07262",
            "brief": "拉伯・沙基"
        },
        "4": {
            "sn": "00559",
            "brief": "说"
        },
        "5": {
            "sn": "04994",
            "brief": "作为鼓励语的一部份"
        },
        "6": {
            "sn": "00413",
            "brief": "对、向、往"
        },
        "7": {
            "sn": "02396",
            "brief": "希西家"
        },
        "8": {
            "sn": "03541",
            "brief": "如此、这样、这里和那里"
        },
        "9": {
            "sn": "00559",
            "brief": "说"
        },
        "10": {
            "sn": "04428",
            "brief": "君王、国王"
        },
        "11": {
            "sn": "01419",
            "brief": "大的、伟大的"
        },
        "12": {
            "sn": "04428",
            "brief": "君王、国王"
        },
        "13": {
            "sn": "00804",
            "brief": "亚述"
        },
        "14": {
            "sn": "04100",
            "brief": "什么"
        },
        "15": {
            "sn": "00986",
            "brief": "信赖、希望"
        },
        "16": {
            "sn": "02088",
            "brief": "这个"
        },
        "17": {
            "sn": "00834",
            "brief": "不必翻译"
        },
        "18": {
            "sn": "00982",
            "brief": "倚赖、信靠"
        }
    },
    "19": {
        "literal": "你说…不过是嘴唇(讲讲)的话。(…处填入下行)有打仗的计谋和能力，现在，你倚靠谁才(敢)背叛我呢？",
        "0": {
            "sn": "00559",
            "brief": "说"
        },
        "1": {
            "sn": "00389",
            "brief": "然而、其实、当然"
        },
        "2": {
            "sn": "01697",
            "brief": "话语、事情"
        },
        "3": {
            "sn": "08193",
            "brief": "嘴唇、边缘、言语"
        },
        "4": {
            "sn": "06098",
            "brief": "谋略、谘商、劝告"
        },
        "5": {
            "sn": "01369",
            "brief": "力量"
        },
        "6": {
            "sn": "04421",
            "brief": "战争"
        },
        "7": {
            "sn": "06258",
            "brief": "现在"
        },
        "8": {
            "sn": "05921",
            "brief": "在…上面"
        },
        "9": {
            "sn": "04310",
            "brief": "谁"
        },
        "10": {
            "sn": "00982",
            "brief": "倚赖、信靠"
        },
        "11": {
            "sn": "03588",
            "brief": "因为、不必翻译"
        },
        "12": {
            "sn": "04775",
            "brief": "背叛"
        },
        "13": {
            "sn": "09002",
            "brief": "在、用、藉着、与、敌对"
        }
    },
    "20": {
        "literal": "现在，看哪，你所倚靠的埃及是这断裂的苇杖，人若靠它，它就进入他的手掌、刺透它(原文用阴性，指手掌)。埃及王法老向一切倚靠他的人就是这样。",
        "0": {
            "sn": "06258",
            "brief": "现在"
        },
        "1": {
            "sn": "02009",
            "brief": "看哪"
        },
        "2": {
            "sn": "00982",
            "brief": "倚赖、信靠"
        },
        "3": {
            "sn": "09001",
            "brief": "给、往、向、到、归属于"
        },
        "4": {
            "sn": "05921",
            "brief": "在…上面"
        },
        "5": {
            "sn": "04938",
            "brief": "拐杖、支持"
        },
        "6": {
            "sn": "07070",
            "brief": "芦苇、菖蒲、灯台的杈枝、一竿(计量的单位- 六肘)"
        },
        "7": {
            "sn": "07533",
            "brief": "压碎、压制"
        },
        "8": {
            "sn": "02088",
            "brief": "这个"
        },
        "9": {
            "sn": "05921",
            "brief": "在…上面"
        },
        "10": {
            "sn": "04714",
            "brief": "埃及"
        },
        "11": {
            "sn": "00834",
            "brief": "不必翻译"
        },
        "12": {
            "sn": "05564",
            "brief": "支持、支撑、承担"
        },
        "13": {
            "sn": "00376",
            "brief": "各人、人、男人、丈夫"
        },
        "14": {
            "sn": "05921",
            "brief": "在…上面"
        },
        "15": {
            "sn": "00935",
            "brief": "来、进入、临到、发生"
        },
        "16": {
            "sn": "03709",
            "brief": "手掌、手"
        },
        "17": {
            "sn": "05344",
            "brief": "I. 刺穿、标明；II. 诅咒"
        },
        "18": {
            "sn": "03651",
            "brief": "副词：因此、如此、这样；形容词：对、真的、公平、诚实"
        },
        "19": {
            "sn": "06547",
            "brief": "法老"
        },
        "20": {
            "sn": "04428",
            "brief": "君王、国王"
        },
        "21": {
            "sn": "04714",
            "brief": "埃及"
        },
        "22": {
            "sn": "03605",
            "brief": "全部、整个、各"
        },
        "23": {
            "sn": "00982",
            "brief": "倚赖、信靠"
        },
        "24": {
            "sn": "05921",
            "brief": "在…上面"
        }
    },
    "21": {
        "0": {
            "sn": "03588",
            "brief": "因为、不必翻译"
        },
        "1": {
            "sn": "00559",
            "brief": "说"
        },
        "2": {
            "sn": "00413",
            "brief": "对、向、往"
        },
        "3": {
            "sn": "00413",
            "brief": "对、向、往"
        },
        "4": {
            "sn": "03068",
            "brief": "上帝的名字「雅威」，犹太人尊称为「上主」"
        },
        "5": {
            "sn": "00430",
            "brief": "上帝、神、神明"
        },
        "6": {
            "sn": "00982",
            "brief": "倚赖、信靠"
        },
        "7": {
            "sn": "03808",
            "brief": "不"
        },
        "8": {
            "sn": "01931",
            "brief": "他"
        },
        "9": {
            "sn": "00834",
            "brief": "不必翻译"
        },
        "11": {
            "sn": "02396",
            "brief": "希西家"
        },
        "12": {
            "sn": "00853",
            "brief": "不必翻译"
        },
        "13": {
            "sn": "01116",
            "brief": "丘坛、高处"
        },
        "14": {
            "sn": "00853",
            "brief": "不必翻译"
        },
        "15": {
            "sn": "04196",
            "brief": "祭坛"
        },
        "16": {
            "sn": "00559",
            "brief": "说"
        },
        "17": {
            "sn": "03063",
            "brief": "犹大"
        },
        "18": {
            "sn": "03389",
            "brief": "耶路撒冷"
        },
        "19": {
            "sn": "03942",
            "brief": "在…之前"
        },
        "20": {
            "sn": "04196",
            "brief": "祭坛"
        },
        "21": {
            "sn": "02088",
            "brief": "这个"
        },
        "23": {
            "sn": "03389",
            "brief": "耶路撒冷"
        },
        "22": {
            "sn": "09013",
            "brief": "跪拜、下拜"
        },
        "10": {
            "sn": "05493",
            "brief": "转离、除去"
        },
        "literal": "你们若对我说：我们倚靠雅威―我们的上帝，他不就是…那一位吗？(…处填入下三行)希西家把他的丘坛和他的祭坛废去，且对犹大和耶路撒冷(的人)说，当在耶路撒冷这坛前敬拜的"
    },
    "22": {
        "0": {
            "sn": "06258",
            "brief": "现在"
        },
        "2": {
            "sn": "04994",
            "brief": "作为鼓励语的一部份"
        },
        "3": {
            "sn": "00854",
            "brief": "与、跟"
        },
        "4": {
            "sn": "00113",
            "brief": "主人"
        },
        "5": {
            "sn": "00854",
            "brief": "与、跟"
        },
        "6": {
            "sn": "04428",
            "brief": "君王、国王"
        },
        "7": {
            "sn": "00804",
            "brief": "亚述"
        },
        "8": {
            "sn": "05414",
            "brief": "赐、给"
        },
        "10": {
            "sn": "00505",
            "brief": "许多、数目的「一千」"
        },
        "11": {
            "sn": "05483",
            "brief": "马"
        },
        "12": {
            "sn": "00518",
            "brief": "如果"
        },
        "13": {
            "sn": "03201",
            "brief": "能够、有能力"
        },
        "14": {
            "sn": "05414",
            "brief": "赐、给"
        },
        "15": {
            "sn": "09001",
            "brief": "给、往、向、到、归属于"
        },
        "16": {
            "sn": "07392",
            "brief": "乘驾、骑"
        },
        "17": {
            "sn": "05921",
            "brief": "在…上面"
        },
        "9": {
            "sn": "09001",
            "brief": "给、往、向、到、归属于"
        },
        "literal": "现在你向我主亚述王担保，我给你二千匹马，看你能否为自己提供骑马的人骑在它们上面。",
        "1": {
            "sn": "06148",
            "brief": "为...担保"
        }
    },
    "36": {
        "18": {
            "sn": "09001",
            "brief": "给、往、向、到、归属于"
        },
        "12": {
            "sn": "02142",
            "brief": "提说、纪念、回想"
        },
        "literal": "希勒家的儿子皇家总管以利亚敬、…来到(…处填入下行)和书记舍伯那、和亚萨的儿子史官约亚希西家那里，撕裂衣服，将拉伯・沙基的话告诉了他。",
        "0": {
            "sn": "00935",
            "brief": "来、进入、临到、发生"
        },
        "1": {
            "sn": "00471",
            "brief": "以利・亚敬"
        },
        "2": {
            "sn": "01121",
            "brief": "儿子、孙子、后裔、成员"
        },
        "3": {
            "sn": "02518",
            "brief": "希勒家"
        },
        "4": {
            "sn": "00834",
            "brief": "不必翻译"
        },
        "5": {
            "sn": "05921",
            "brief": "在…上面"
        },
        "6": {
            "sn": "01004",
            "brief": "殿、家、房子"
        },
        "7": {
            "sn": "07644",
            "brief": "舍伯那"
        },
        "8": {
            "sn": "05608",
            "brief": "1. 动词：述说、计算；2. 名词：文士、书记"
        },
        "9": {
            "sn": "03098",
            "brief": "约亚"
        },
        "10": {
            "sn": "01121",
            "brief": "儿子、孙子、后裔、成员"
        },
        "11": {
            "sn": "00623",
            "brief": "亚萨"
        },
        "13": {
            "sn": "00413",
            "brief": "对、向、往"
        },
        "14": {
            "sn": "02396",
            "brief": "希西家"
        },
        "15": {
            "sn": "07167",
            "brief": "撕裂、撕破、使宽阔"
        },
        "16": {
            "sn": "00899",
            "brief": "衣服"
        },
        "17": {
            "sn": "05046",
            "brief": "Hif‘il 告诉、宣布、声明、通知"
        },
        "19": {
            "sn": "01697",
            "brief": "话语、事情"
        },
        "20": {
            "sn": "07262",
            "brief": "拉伯・沙基"
        },
        "21": {
            "sn": "07262",
            "brief": "拉伯・沙基"
        }
    },
    "23": {
        "10": {
            "sn": "09001",
            "brief": "给、往、向、到、归属于"
        },
        "11": {
            "sn": "05921",
            "brief": "在…上面"
        },
        "1": {
            "sn": "07725",
            "brief": "Qal 回复、回转、重复，Po‘lel 带回、复兴、更新，Hif‘il 回报、报告、带回"
        },
        "literal": "(若不然，)怎能打败我主最小的臣仆中的一个军长呢？你难道要倚靠埃及的战车和马兵吗？",
        "2": {
            "sn": "00853",
            "brief": "不必翻译"
        },
        "3": {
            "sn": "06440",
            "brief": "脸、脸面"
        },
        "4": {
            "sn": "06346",
            "brief": "省长、官员、军长"
        },
        "5": {
            "sn": "00259",
            "brief": "数目的「一」"
        },
        "6": {
            "sn": "05650",
            "brief": "仆人、奴隶"
        },
        "7": {
            "sn": "00113",
            "brief": "主人"
        },
        "8": {
            "sn": "06996",
            "brief": "小的"
        },
        "9": {
            "sn": "00982",
            "brief": "倚赖、信靠"
        },
        "12": {
            "sn": "04714",
            "brief": "埃及"
        },
        "13": {
            "sn": "07393",
            "brief": "车辆、战车、上磨石"
        },
        "14": {
            "sn": "06571",
            "brief": "马、马兵"
        },
        "0": {
            "sn": "00349",
            "brief": "如何、怎么、怎能"
        }
    },
    "3": {
        "24": {
            "sn": "09001",
            "brief": "给、往、向、到、归属于"
        },
        "26": {
            "sn": "09001",
            "brief": "给、往、向、到、归属于"
        },
        "4": {
            "sn": "07665",
            "brief": "Qal 拆毁、折断、打碎，Nif‘al 遭破坏、被折断，Hif‘il 使生产"
        },
        "literal": "他废去丘坛，毁坏柱像，砍下亚舍拉木偶，打碎摩西所造的铜蛇，因为直到那时候，以色列人仍向它烧香。他称它作「尼忽士但」。",
        "0": {
            "sn": "01931",
            "brief": "他"
        },
        "2": {
            "sn": "00853",
            "brief": "不必翻译"
        },
        "3": {
            "sn": "01116",
            "brief": "高处、丘坛"
        },
        "5": {
            "sn": "00853",
            "brief": "不必翻译"
        },
        "6": {
            "sn": "04676",
            "brief": "柱子"
        },
        "7": {
            "sn": "03772",
            "brief": "立约、剪除、切开、砍下"
        },
        "1": {
            "sn": "05493",
            "brief": "转离、除去"
        },
        "8": {
            "sn": "00853",
            "brief": "不必翻译"
        },
        "9": {
            "sn": "00842",
            "brief": "木偶、亚舍拉"
        },
        "11": {
            "sn": "05175",
            "brief": "蛇"
        },
        "12": {
            "sn": "05178",
            "brief": "铜"
        },
        "13": {
            "sn": "00834",
            "brief": "不必翻译"
        },
        "14": {
            "sn": "06213",
            "brief": "做"
        },
        "15": {
            "sn": "04872",
            "brief": "摩西"
        },
        "16": {
            "sn": "03588",
            "brief": "因为、不必翻译"
        },
        "17": {
            "sn": "05704",
            "brief": "直到"
        },
        "18": {
            "sn": "03117",
            "brief": "日子、时候"
        },
        "19": {
            "sn": "01992",
            "brief": "他们、它们"
        },
        "20": {
            "sn": "01961",
            "brief": "是、成为、临到"
        },
        "21": {
            "sn": "01121",
            "brief": "儿子、孙子、后裔、成员"
        },
        "22": {
            "sn": "03478",
            "brief": "以色列"
        },
        "10": {
            "sn": "03807",
            "brief": "打、压碎"
        },
        "25": {
            "sn": "07121",
            "brief": "喊叫、召集、称呼、求告、朗读"
        },
        "23": {
            "sn": "06999",
            "brief": "献祭、烧香、薰"
        },
        "27": {
            "sn": "05180",
            "brief": "尼忽士但"
        }
    },
    "29": {
        "13": {
            "sn": "05892",
            "brief": "城邑、城镇"
        },
        "7": {
            "sn": "05337",
            "brief": "Nif‘al 获救，Pi‘el 拯救、夺取，Hif‘il 营救、抓走"
        },
        "8": {
            "sn": "05337",
            "brief": "Nif‘al 获救，Pi‘el 拯救、夺取，Hif‘il 营救、抓走"
        },
        "literal": "不要听凭希西家使你们倚靠雅威说：雅威一定会拯救我们，这城必不交在亚述王的手中。』",
        "0": {
            "sn": "00408",
            "brief": "不"
        },
        "2": {
            "sn": "00853",
            "brief": "不必翻译"
        },
        "3": {
            "sn": "02396",
            "brief": "希西家"
        },
        "4": {
            "sn": "00413",
            "brief": "对、向、往"
        },
        "5": {
            "sn": "03068",
            "brief": "上帝的名字「雅威」，犹太人尊称为「上主」"
        },
        "6": {
            "sn": "00559",
            "brief": "说"
        },
        "9": {
            "sn": "03068",
            "brief": "上帝的名字「雅威」，犹太人尊称为「上主」"
        },
        "1": {
            "sn": "00982",
            "brief": "倚赖、信靠"
        },
        "11": {
            "sn": "05414",
            "brief": "赐、给"
        },
        "12": {
            "sn": "00853",
            "brief": "不必翻译"
        },
        "14": {
            "sn": "02063",
            "brief": "这个"
        },
        "15": {
            "sn": "03027",
            "brief": "手、边、力量、权势"
        },
        "16": {
            "sn": "04428",
            "brief": "君王、国王"
        },
        "17": {
            "sn": "00804",
            "brief": "亚述"
        },
        "10": {
            "sn": "03808",
            "brief": "不"
        }
    },
    "13": {
        "16": {
            "sn": "05375",
            "brief": "高举、举起、背负、承担"
        },
        "9": {
            "sn": "02398",
            "brief": "Qal 犯罪；Pi‘el 献赎罪祭、得洁净；Hif‘il 导致犯罪；Hitpa‘el 迷失、洁净自己"
        },
        "20": {
            "sn": "05921",
            "brief": "在…上面"
        },
        "30": {
            "sn": "02091",
            "brief": "金"
        },
        "29": {
            "sn": "03603",
            "brief": "圆形物、圆形区域、他连得"
        },
        "literal": "犹大王希西家差人到拉吉到亚述王那里，说：「我有罪了，求你转离我；凡你罚我的，我必承当。」于是亚述王罚犹大王希西家三百他连得银子和三十他连得金子。",
        "0": {
            "sn": "07971",
            "brief": "差遣、释放、送走、伸出、伸展"
        },
        "1": {
            "sn": "02396",
            "brief": "希西家"
        },
        "2": {
            "sn": "04428",
            "brief": "君王、国王"
        },
        "3": {
            "sn": "03063",
            "brief": "犹大"
        },
        "4": {
            "sn": "00413",
            "brief": "对、向、往"
        },
        "5": {
            "sn": "04428",
            "brief": "君王、国王"
        },
        "6": {
            "sn": "00804",
            "brief": "亚述"
        },
        "7": {
            "sn": "03923",
            "brief": "拉吉"
        },
        "8": {
            "sn": "00559",
            "brief": "说"
        },
        "11": {
            "sn": "05921",
            "brief": "在…上面"
        },
        "12": {
            "sn": "00853",
            "brief": "不必翻译"
        },
        "13": {
            "sn": "00834",
            "brief": "不必翻译"
        },
        "14": {
            "sn": "05414",
            "brief": "赐、给"
        },
        "15": {
            "sn": "05921",
            "brief": "在…上面"
        },
        "17": {
            "sn": "07760",
            "brief": "设立、置、放"
        },
        "18": {
            "sn": "04428",
            "brief": "君王、国王"
        },
        "19": {
            "sn": "00804",
            "brief": "亚述"
        },
        "10": {
            "sn": "07725",
            "brief": "Qal 回复、回转、重复，Po‘lel 带回、复兴、更新，Hif‘il 回报、报告、带回"
        },
        "21": {
            "sn": "02396",
            "brief": "希西家"
        },
        "22": {
            "sn": "04428",
            "brief": "君王、国王"
        },
        "23": {
            "sn": "03063",
            "brief": "犹大"
        },
        "24": {
            "sn": "07969",
            "brief": "数目的「三」"
        },
        "25": {
            "sn": "03967",
            "brief": "数目的「一百」"
        },
        "26": {
            "sn": "03603",
            "brief": "圆形物、圆形区域、他连得"
        },
        "27": {
            "sn": "03701",
            "brief": "银子、钱"
        },
        "28": {
            "sn": "07970",
            "brief": "数目的「三十」"
        }
    },
    "31": {
        "18": {
            "sn": "03808",
            "brief": "不"
        },
        "29": {
            "sn": "05337",
            "brief": "Nif‘al 获救，Pi‘el 拯救、夺取，Hif‘il 营救、抓走"
        },
        "literal": "等我来领你们到一个地方，与你们本地一样，就是有五谷和新酒之地，有粮食和葡萄园之地，有橄榄树和新油之地，好使你们存活，不至于死。你们不要听从希西家，让他误导你们说：雅威会拯救我们。",
        "0": {
            "sn": "05704",
            "brief": "直到"
        },
        "1": {
            "sn": "00935",
            "brief": "来、进入、临到、发生"
        },
        "2": {
            "sn": "03947",
            "brief": "拿、取"
        },
        "3": {
            "sn": "00853",
            "brief": "不必翻译"
        },
        "4": {
            "sn": "00413",
            "brief": "对、向、往"
        },
        "5": {
            "sn": "00776",
            "brief": "地、邦国、疆界"
        },
        "6": {
            "sn": "00776",
            "brief": "地、邦国、疆界"
        },
        "7": {
            "sn": "00776",
            "brief": "地、邦国、疆界"
        },
        "8": {
            "sn": "01715",
            "brief": "五榖"
        },
        "9": {
            "sn": "08492",
            "brief": "新酒"
        },
        "10": {
            "sn": "00776",
            "brief": "地、邦国、疆界"
        },
        "11": {
            "sn": "03899",
            "brief": "面包、食物"
        },
        "12": {
            "sn": "03754",
            "brief": "葡萄园"
        },
        "13": {
            "sn": "00776",
            "brief": "地、邦国、疆界"
        },
        "14": {
            "sn": "02132",
            "brief": "橄榄、橄榄树"
        },
        "15": {
            "sn": "03323",
            "brief": "新油"
        },
        "16": {
            "sn": "01706",
            "brief": "蜜"
        },
        "21": {
            "sn": "08085",
            "brief": "Qal 听、听从，Hif‘il 说明、使…听"
        },
        "19": {
            "sn": "04191",
            "brief": "死、治死"
        },
        "20": {
            "sn": "00408",
            "brief": "不"
        },
        "22": {
            "sn": "00413",
            "brief": "对、向、往"
        },
        "23": {
            "sn": "02396",
            "brief": "希西家"
        },
        "24": {
            "sn": "03588",
            "brief": "因为、不必翻译"
        },
        "26": {
            "sn": "00853",
            "brief": "不必翻译"
        },
        "27": {
            "sn": "00559",
            "brief": "说"
        },
        "28": {
            "sn": "03068",
            "brief": "上帝的名字「雅威」，犹太人尊称为「上主」"
        },
        "25": {
            "sn": "05496",
            "brief": "唆使、引诱"
        },
        "17": {
            "sn": "02421",
            "brief": "Qal 活、存活，Pi‘el 生长、复苏、保存生命，Hif‘il 使存活、复活"
        }
    },
    "11": {
        "19": {
            "sn": "03808",
            "brief": "不"
        },
        "13": {
            "sn": "06680",
            "brief": "Pi‘el 命令、吩咐"
        },
        "literal": "因他们不听从雅威―他们上帝的声音，违背他的约；雅威仆人摩西所吩咐的一切，他们不听从也不遵行。",
        "0": {
            "sn": "05921",
            "brief": "在…上面"
        },
        "1": {
            "sn": "00834",
            "brief": "不必翻译"
        },
        "4": {
            "sn": "06963",
            "brief": "声音"
        },
        "5": {
            "sn": "03068",
            "brief": "上帝的名字「雅威」，犹太人尊称为「上主」"
        },
        "6": {
            "sn": "00430",
            "brief": "上帝、神、神明"
        },
        "7": {
            "sn": "05674",
            "brief": "经过、穿越、涨溢、离开、拿走、违犯、废除"
        },
        "8": {
            "sn": "00853",
            "brief": "不必翻译"
        },
        "9": {
            "sn": "01285",
            "brief": "约"
        },
        "10": {
            "sn": "00853",
            "brief": "不必翻译"
        },
        "11": {
            "sn": "03605",
            "brief": "全部、整个、各"
        },
        "12": {
            "sn": "00834",
            "brief": "不必翻译"
        },
        "14": {
            "sn": "04872",
            "brief": "摩西"
        },
        "15": {
            "sn": "05650",
            "brief": "仆人、奴隶"
        },
        "2": {
            "sn": "03808",
            "brief": "不"
        },
        "3": {
            "sn": "08085",
            "brief": "Qal 听、听从，Hif‘il 说明、使…听"
        },
        "16": {
            "sn": "03068",
            "brief": "上帝的名字「雅威」，犹太人尊称为「上主」"
        },
        "18": {
            "sn": "08085",
            "brief": "Qal 听、听从，Hif‘il 说明、使…听"
        },
        "20": {
            "sn": "06213",
            "brief": "做"
        },
        "21": {
            "sn": "09015",
            "brief": "开的意思"
        },
        "17": {
            "sn": "03808",
            "brief": "不"
        }
    },
    "5": {
        "0": {
            "sn": "01692",
            "brief": "紧紧跟随"
        },
        "1": {
            "sn": "03068",
            "brief": "上帝的名字「雅威」，犹太人尊称为「上主」"
        },
        "2": {
            "sn": "03808",
            "brief": "不"
        },
        "3": {
            "sn": "05493",
            "brief": "转离、除去"
        },
        "4": {
            "sn": "00310",
            "brief": "后面、跟着"
        },
        "6": {
            "sn": "04687",
            "brief": "命令、吩咐"
        },
        "7": {
            "sn": "00834",
            "brief": "不必翻译"
        },
        "9": {
            "sn": "03068",
            "brief": "上帝的名字「雅威」，犹太人尊称为「上主」"
        },
        "10": {
            "sn": "00853",
            "brief": "不必翻译"
        },
        "11": {
            "sn": "04872",
            "brief": "摩西"
        },
        "5": {
            "sn": "08104",
            "brief": "Qal 保护、遵守，Nif‘al 小心、防备"
        },
        "8": {
            "sn": "06680",
            "brief": "Pi‘el 命令、吩咐"
        },
        "literal": "他紧紧跟随雅威，总不离开他，谨守雅威所吩咐摩西的他的诫命。"
    },
    "14": {
        "5": {
            "sn": "04672",
            "brief": "寻找、追上、获得、发现"
        },
        "9": {
            "sn": "01004",
            "brief": "殿、家、房子"
        },
        "10": {
            "sn": "04428",
            "brief": "君王、国王"
        },
        "literal": "希西家就把…都交出来。(…处填入下二行)雅威殿里…所能找到的所有银子(…处填入下行)和王宫府库里",
        "0": {
            "sn": "05414",
            "brief": "赐、给"
        },
        "1": {
            "sn": "02396",
            "brief": "希西家"
        },
        "2": {
            "sn": "00853",
            "brief": "不必翻译"
        },
        "3": {
            "sn": "03605",
            "brief": "全部、整个、各"
        },
        "4": {
            "sn": "03701",
            "brief": "银子、钱"
        },
        "6": {
            "sn": "01004",
            "brief": "殿、家、房子"
        },
        "7": {
            "sn": "03068",
            "brief": "上帝的名字「雅威」，犹太人尊称为「上主」"
        },
        "8": {
            "sn": "00214",
            "brief": "宝物、宝库"
        }
    },
    "17": {
        "15": {
            "sn": "00623",
            "brief": "亚萨"
        },
        "16": {
            "sn": "02142",
            "brief": "提说、纪念、回想"
        },
        "literal": "他们呼叫王的时候，…出来到他们那里。(…处填入下二行)希勒家的儿子家宰以利亚敬和书记舍伯那和亚萨的儿子史官约亚",
        "0": {
            "sn": "07121",
            "brief": "喊叫、召集、称呼、求告、朗读"
        },
        "1": {
            "sn": "00413",
            "brief": "对、向、往"
        },
        "2": {
            "sn": "04428",
            "brief": "君王、国王"
        },
        "3": {
            "sn": "03318",
            "brief": "出去"
        },
        "4": {
            "sn": "00413",
            "brief": "对、向、往"
        },
        "5": {
            "sn": "00471",
            "brief": "以利亚敬"
        },
        "6": {
            "sn": "01121",
            "brief": "儿子、孙子、后裔、成员"
        },
        "7": {
            "sn": "02518",
            "brief": "希勒家"
        },
        "8": {
            "sn": "00834",
            "brief": "不必翻译"
        },
        "9": {
            "sn": "05921",
            "brief": "在…上面"
        },
        "10": {
            "sn": "01004",
            "brief": "殿、家、房子"
        },
        "11": {
            "sn": "07644",
            "brief": "舍伯那"
        },
        "12": {
            "sn": "05608",
            "brief": "1. 动词：述说、计算；2. 名词：文士、书记"
        },
        "13": {
            "sn": "03098",
            "brief": "约亚"
        },
        "14": {
            "sn": "01121",
            "brief": "儿子、孙子、后裔、成员"
        }
    },
    "24": {
        "0": {
            "sn": "06258",
            "brief": "现在"
        },
        "1": {
            "sn": "01107",
            "brief": "除非"
        },
        "4": {
            "sn": "05921",
            "brief": "在…上面"
        },
        "7": {
            "sn": "07843",
            "brief": "毁灭"
        },
        "15": {
            "sn": "07843",
            "brief": "毁灭"
        },
        "literal": "现在…岂不是出于雅威吗？(…处填入下行)我上来攻击这地方，毁灭它(原文用阴性，下同)，雅威吩咐我说：『你上去攻击这地，毁灭它吧！』」",
        "2": {
            "sn": "03068",
            "brief": "上帝的名字「雅威」，犹太人尊称为「上主」"
        },
        "3": {
            "sn": "05927",
            "brief": "上去、升高、生长、献上"
        },
        "5": {
            "sn": "04725",
            "brief": "地方"
        },
        "6": {
            "sn": "02088",
            "brief": "这个"
        },
        "8": {
            "sn": "03068",
            "brief": "上帝的名字「雅威」，犹太人尊称为「上主」"
        },
        "9": {
            "sn": "00559",
            "brief": "说"
        },
        "10": {
            "sn": "00413",
            "brief": "对、向、往"
        },
        "11": {
            "sn": "05927",
            "brief": "上去、升高、生长、献上"
        },
        "12": {
            "sn": "05921",
            "brief": "在…上面"
        },
        "13": {
            "sn": "00776",
            "brief": "地、邦国、疆界"
        },
        "14": {
            "sn": "02063",
            "brief": "这个"
        }
    },
    "25": {
        "0": {
            "sn": "00559",
            "brief": "说"
        },
        "1": {
            "sn": "00471",
            "brief": "以利亚敬"
        },
        "2": {
            "sn": "01121",
            "brief": "儿子、孙子、后裔、成员"
        },
        "3": {
            "sn": "02518",
            "brief": "希勒家"
        },
        "4": {
            "sn": "07644",
            "brief": "舍伯那"
        },
        "5": {
            "sn": "03098",
            "brief": "约亚"
        },
        "6": {
            "sn": "00413",
            "brief": "对、向、往"
        },
        "7": {
            "sn": "07262",
            "brief": "拉伯・沙基"
        },
        "8": {
            "sn": "07262",
            "brief": "拉伯・沙基"
        },
        "10": {
            "sn": "04994",
            "brief": "作为鼓励语的一部份"
        },
        "11": {
            "sn": "00413",
            "brief": "对、向、往"
        },
        "12": {
            "sn": "05650",
            "brief": "仆人、奴隶"
        },
        "18": {
            "sn": "01696",
            "brief": "Pi‘el 讲、说、指挥"
        },
        "9": {
            "sn": "01696",
            "brief": "Pi‘el 讲、说、指挥"
        },
        "literal": "希勒家的儿子以利亚敬、和舍伯那、和约亚对…说：(…处填入下行)拉伯・沙基「请用亚兰话对你的仆人们说，因我们会听；不要用犹大话跟我们说，达到城墙上百姓的耳中。」",
        "13": {
            "sn": "00762",
            "brief": "亚兰语"
        },
        "14": {
            "sn": "03588",
            "brief": "因为、不必翻译"
        },
        "16": {
            "sn": "00587",
            "brief": "我们"
        },
        "17": {
            "sn": "00408",
            "brief": "不"
        },
        "19": {
            "sn": "05973",
            "brief": "跟、与、和"
        },
        "20": {
            "sn": "03066",
            "brief": "犹大语"
        },
        "21": {
            "sn": "00241",
            "brief": "耳朵"
        },
        "22": {
            "sn": "05971",
            "brief": "国民、百姓"
        },
        "23": {
            "sn": "00834",
            "brief": "不必翻译"
        },
        "24": {
            "sn": "05921",
            "brief": "在…上面"
        },
        "25": {
            "sn": "02346",
            "brief": "城墙、墙"
        },
        "15": {
            "sn": "08085",
            "brief": "Qal 听、听从，Hif‘il 说明、使…听"
        }
    },
    "1": {
        "literal": "他登基的时候是二十五岁之子，在耶路撒冷作王二十九年。他母亲的名字是亚比，是撒迦利亚的女儿。",
        "0": {
            "sn": "01121",
            "brief": "儿子、孙子、后裔、成员"
        },
        "1": {
            "sn": "06242",
            "brief": "数目的「二十」"
        },
        "2": {
            "sn": "02568",
            "brief": "数目的「五」"
        },
        "3": {
            "sn": "08141",
            "brief": "年"
        },
        "4": {
            "sn": "01961",
            "brief": "是、成为、临到"
        },
        "5": {
            "sn": "04427",
            "brief": "作王、统治"
        },
        "6": {
            "sn": "06242",
            "brief": "数目的「二十」"
        },
        "7": {
            "sn": "08672",
            "brief": "数目的「九」"
        },
        "8": {
            "sn": "08141",
            "brief": "年"
        },
        "9": {
            "sn": "04427",
            "brief": "作王、统治"
        },
        "10": {
            "sn": "03389",
            "brief": "耶路撒冷"
        },
        "11": {
            "sn": "08034",
            "brief": "名字"
        },
        "12": {
            "sn": "00517",
            "brief": "母亲"
        },
        "13": {
            "sn": "00021",
            "brief": "亚比"
        },
        "14": {
            "sn": "01323",
            "brief": "女儿、女子"
        },
        "15": {
            "sn": "02148",
            "brief": "撒迦利亚"
        }
    },
    "7": {
        "9": {
            "sn": "05341",
            "brief": "谨守、遵守、保护、封锁"
        },
        "1": {
            "sn": "05221",
            "brief": "Hif‘il 击打、击杀"
        },
        "literal": "他攻击非利士人，直到迦萨及它(原文用阴性)的四境，从了望楼直到坚固城。",
        "0": {
            "sn": "01931",
            "brief": "他"
        },
        "2": {
            "sn": "00853",
            "brief": "不必翻译"
        },
        "3": {
            "sn": "06430",
            "brief": "非利士人"
        },
        "4": {
            "sn": "05704",
            "brief": "直到"
        },
        "5": {
            "sn": "05804",
            "brief": "迦萨"
        },
        "6": {
            "sn": "00853",
            "brief": "不必翻译"
        },
        "7": {
            "sn": "01366",
            "brief": "边境、边界"
        },
        "8": {
            "sn": "04026",
            "brief": "羊群的高台"
        },
        "10": {
            "sn": "05704",
            "brief": "直到"
        },
        "11": {
            "sn": "05892",
            "brief": "城邑、城镇"
        },
        "12": {
            "sn": "04013",
            "brief": "保障"
        },
        "13": {
            "sn": "09015",
            "brief": "开的意思"
        }
    },
    "27": {
        "0": {
            "sn": "05975",
            "brief": "Qal 站立、侍立、停留，Hif‘il 设立、使坚定"
        },
        "1": {
            "sn": "07262",
            "brief": "拉伯・沙基"
        },
        "2": {
            "sn": "07262",
            "brief": "拉伯・沙基"
        },
        "3": {
            "sn": "07121",
            "brief": "喊叫、召集、称呼、求告、朗读"
        },
        "4": {
            "sn": "06963",
            "brief": "声音"
        },
        "7": {
            "sn": "01696",
            "brief": "Pi‘el 讲、说、指挥"
        },
        "literal": "于是拉伯・沙基站着，用犹大话大声喊，他讲说：「你们当听大王亚述王的话！",
        "5": {
            "sn": "01419",
            "brief": "大的、伟大的"
        },
        "6": {
            "sn": "03066",
            "brief": "犹大语"
        },
        "8": {
            "sn": "00559",
            "brief": "说"
        },
        "10": {
            "sn": "01697",
            "brief": "话语、事情"
        },
        "11": {
            "sn": "04428",
            "brief": "君王、国王"
        },
        "12": {
            "sn": "01419",
            "brief": "大的、伟大的"
        },
        "13": {
            "sn": "04428",
            "brief": "君王、国王"
        },
        "14": {
            "sn": "00804",
            "brief": "亚述"
        },
        "9": {
            "sn": "08085",
            "brief": "Qal 听、听从，Hif‘il 说明、使…听"
        }
    },
    "0": {
        "9": {
            "sn": "02396",
            "brief": "希西家"
        },
        "10": {
            "sn": "01121",
            "brief": "儿子、孙子、后裔、成员"
        },
        "11": {
            "sn": "00271",
            "brief": "亚哈斯"
        },
        "12": {
            "sn": "04428",
            "brief": "君王、国王"
        },
        "13": {
            "sn": "03063",
            "brief": "犹大"
        },
        "0": {
            "sn": "01961",
            "brief": "是、成为、临到"
        },
        "1": {
            "sn": "08141",
            "brief": "年"
        },
        "2": {
            "sn": "07969",
            "brief": "数目的「三」"
        },
        "3": {
            "sn": "01954",
            "brief": "何西阿"
        },
        "4": {
            "sn": "01121",
            "brief": "儿子、孙子、后裔、成员"
        },
        "5": {
            "sn": "00425",
            "brief": "以拉"
        },
        "6": {
            "sn": "04428",
            "brief": "君王、国王"
        },
        "7": {
            "sn": "03478",
            "brief": "以色列"
        },
        "8": {
            "sn": "04427",
            "brief": "作王、统治"
        },
        "literal": "以拉的儿子以色列王何西阿第三年，亚哈斯的儿子犹大王希西家登基。"
    },
    "9": {
        "0": {
            "sn": "03920",
            "brief": "攻取、俘虏、捕获、抓住"
        },
        "1": {
            "sn": "07097",
            "brief": "边缘、极处"
        },
        "2": {
            "sn": "07969",
            "brief": "数目的「三」"
        },
        "3": {
            "sn": "08141",
            "brief": "年"
        },
        "4": {
            "sn": "08141",
            "brief": "年"
        },
        "5": {
            "sn": "08337",
            "brief": "数目的「六」"
        },
        "6": {
            "sn": "02396",
            "brief": "希西家"
        },
        "14": {
            "sn": "08111",
            "brief": "撒玛利亚"
        },
        "literal": "过了三年就攻取了它(原文用阴性，下同)。希西家第六年，它就是以色列王何西阿第九年，撒玛利亚被攻取了。",
        "7": {
            "sn": "01931",
            "brief": "他；她"
        },
        "8": {
            "sn": "08141",
            "brief": "年"
        },
        "9": {
            "sn": "08672",
            "brief": "数目的「九」"
        },
        "10": {
            "sn": "01954",
            "brief": "何西阿"
        },
        "11": {
            "sn": "04428",
            "brief": "君王、国王"
        },
        "12": {
            "sn": "03478",
            "brief": "以色列"
        },
        "13": {
            "sn": "03920",
            "brief": "攻取、俘虏、捕获、抓住"
        }
    },
    "15": {
        "2": {
            "sn": "07112",
            "brief": "剪、切半、切块"
        },
        "11": {
            "sn": "06823",
            "brief": "覆盖、镀"
        },
        "literal": "那时，希西家将…(的金子)都刮下来，(…处填入下二行)雅威殿门上和犹大王希西家包在柱上把它们交给亚述王。",
        "0": {
            "sn": "06256",
            "brief": "时候、时刻"
        },
        "1": {
            "sn": "01931",
            "brief": "他"
        },
        "3": {
            "sn": "02396",
            "brief": "希西家"
        },
        "4": {
            "sn": "00853",
            "brief": "不必翻译"
        },
        "5": {
            "sn": "01817",
            "brief": "门户、城门"
        },
        "6": {
            "sn": "01964",
            "brief": "圣殿、宫殿"
        },
        "7": {
            "sn": "03068",
            "brief": "上帝的名字「雅威」，犹太人尊称为「上主」"
        },
        "8": {
            "sn": "00853",
            "brief": "不必翻译"
        },
        "9": {
            "sn": "00547",
            "brief": "栋梁"
        },
        "10": {
            "sn": "00834",
            "brief": "不必翻译"
        },
        "12": {
            "sn": "02396",
            "brief": "希西家"
        },
        "13": {
            "sn": "04428",
            "brief": "君王、国王"
        },
        "14": {
            "sn": "03063",
            "brief": "犹大"
        },
        "15": {
            "sn": "05414",
            "brief": "赐、给"
        },
        "16": {
            "sn": "04428",
            "brief": "君王、国王"
        },
        "17": {
            "sn": "00804",
            "brief": "亚述"
        },
        "18": {
            "sn": "09015",
            "brief": "开的意思"
        }
    },
    "30": {
        "literal": "你们不要听希西家的话！因亚述王如此说：『你们要与我讲和，出来(投降)我，你们各人就可以吃自己葡萄树和无花果树(的果子)，喝自己井里的水。",
        "1": {
            "sn": "08085",
            "brief": "Qal 听、听从，Hif‘il 说明、使…听"
        },
        "0": {
            "sn": "00408",
            "brief": "不"
        },
        "2": {
            "sn": "00413",
            "brief": "对、向、往"
        },
        "3": {
            "sn": "02396",
            "brief": "希西家"
        },
        "4": {
            "sn": "03588",
            "brief": "因为、不必翻译"
        },
        "5": {
            "sn": "03541",
            "brief": "如此、这样、这里和那里"
        },
        "6": {
            "sn": "00559",
            "brief": "说"
        },
        "7": {
            "sn": "04428",
            "brief": "君王、国王"
        },
        "8": {
            "sn": "00804",
            "brief": "亚述"
        },
        "9": {
            "sn": "06213",
            "brief": "做"
        },
        "10": {
            "sn": "00854",
            "brief": "与、跟"
        },
        "11": {
            "sn": "01293",
            "brief": "祝福、和平之约"
        },
        "12": {
            "sn": "03318",
            "brief": "出去"
        },
        "13": {
            "sn": "00413",
            "brief": "对、向、往"
        },
        "14": {
            "sn": "00398",
            "brief": "吃、吞吃"
        },
        "15": {
            "sn": "00376",
            "brief": "各人、人、男人、丈夫"
        },
        "16": {
            "sn": "01612",
            "brief": "葡萄、葡萄树"
        },
        "17": {
            "sn": "00376",
            "brief": "各人、人、男人、丈夫"
        },
        "18": {
            "sn": "08384",
            "brief": "无花果、无花果树"
        },
        "19": {
            "sn": "08354",
            "brief": "喝"
        },
        "20": {
            "sn": "00376",
            "brief": "各人、人、男人、丈夫"
        },
        "21": {
            "sn": "04325",
            "brief": "水"
        },
        "22": {
            "sn": "00953",
            "brief": "坑、井"
        }
    },
    "32": {
        "9": {
            "sn": "00804",
            "brief": "亚述"
        },
        "8": {
            "sn": "04428",
            "brief": "君王、国王"
        },
        "0": {
            "sn": "05337",
            "brief": "Nif‘al 获救，Pi‘el 拯救、夺取，Hif‘il 营救、抓走"
        },
        "1": {
            "sn": "05337",
            "brief": "Nif‘al 获救，Pi‘el 拯救、夺取，Hif‘il 营救、抓走"
        },
        "literal": "列国的神明有哪一个真的救…呢？(…处填入下行)它本国脱离亚述王的手",
        "2": {
            "sn": "00430",
            "brief": "上帝、神、神明"
        },
        "3": {
            "sn": "01471",
            "brief": "国家、人民"
        },
        "4": {
            "sn": "00376",
            "brief": "各人、人、男人、丈夫"
        },
        "5": {
            "sn": "00853",
            "brief": "不必翻译"
        },
        "6": {
            "sn": "00776",
            "brief": "地、邦国、疆界"
        },
        "7": {
            "sn": "03027",
            "brief": "手、边、力量、权势"
        }
    },
    "6": {
        "10": {
            "sn": "03808",
            "brief": "不"
        },
        "6": {
            "sn": "07919",
            "brief": "Qal 明白、聪明、谨慎，Pi‘el 手交叉，Hif‘il 有洞察力、教导、成功、顺利"
        },
        "literal": "雅威与他同在，他无论往何处去尽都顺利。他背叛亚述王，不肯事奉他。",
        "0": {
            "sn": "01961",
            "brief": "是、成为、临到"
        },
        "1": {
            "sn": "03068",
            "brief": "上帝的名字「雅威」，犹太人尊称为「上主」"
        },
        "2": {
            "sn": "05973",
            "brief": "跟、与、和"
        },
        "3": {
            "sn": "03605",
            "brief": "全部、整个、各"
        },
        "4": {
            "sn": "00834",
            "brief": "不必翻译"
        },
        "5": {
            "sn": "03318",
            "brief": "出去"
        },
        "7": {
            "sn": "04775",
            "brief": "背叛"
        },
        "8": {
            "sn": "04428",
            "brief": "君王"
        },
        "9": {
            "sn": "00804",
            "brief": "亚述"
        },
        "11": {
            "sn": "05647",
            "brief": "工作、服事"
        }
    },
    "12": {
        "literal": "希西家王十四年，亚述王西拿基立上来攻击犹大的一切坚固城，将它们攻取。",
        "0": {
            "sn": "00702",
            "brief": "数目的「四」"
        },
        "1": {
            "sn": "06240",
            "brief": "数目的「十」"
        },
        "2": {
            "sn": "08141",
            "brief": "年"
        },
        "3": {
            "sn": "04428",
            "brief": "君王、国王"
        },
        "4": {
            "sn": "02396",
            "brief": "希西家"
        },
        "5": {
            "sn": "05927",
            "brief": "上去、升高、生长、献上"
        },
        "6": {
            "sn": "05576",
            "brief": "西拿基立"
        },
        "7": {
            "sn": "04428",
            "brief": "君王、国王"
        },
        "8": {
            "sn": "00804",
            "brief": "亚述"
        },
        "9": {
            "sn": "05921",
            "brief": "在…上面"
        },
        "10": {
            "sn": "03605",
            "brief": "全部、整个、各"
        },
        "11": {
            "sn": "05892",
            "brief": "城邑、城镇"
        },
        "12": {
            "sn": "03063",
            "brief": "犹大"
        },
        "13": {
            "sn": "01219",
            "brief": "收集、拦阻、坚固"
        },
        "14": {
            "sn": "08610",
            "brief": "掌握、掳获、攻取、抢夺"
        }
    },
    "28": {
        "8": {
            "sn": "03808",
            "brief": "不"
        },
        "10": {
            "sn": "05337",
            "brief": "Nif‘al 获救，Pi‘el 拯救、夺取，Hif‘il 营救、抓走"
        },
        "4": {
            "sn": "05377",
            "brief": "蒙蔽、欺骗"
        },
        "literal": "王如此说：『不要让希西家把你们给骗了；因他不能救你们脱离他(指亚述王)的手。",
        "0": {
            "sn": "03541",
            "brief": "如此、这样"
        },
        "1": {
            "sn": "00559",
            "brief": "说"
        },
        "2": {
            "sn": "04428",
            "brief": "君王、国王"
        },
        "3": {
            "sn": "00408",
            "brief": "不"
        },
        "5": {
            "sn": "09001",
            "brief": "给、往、向、到、归属于"
        },
        "6": {
            "sn": "02396",
            "brief": "希西家"
        },
        "7": {
            "sn": "03588",
            "brief": "因为、不必翻译"
        },
        "9": {
            "sn": "03201",
            "brief": "能够、有能力"
        },
        "11": {
            "sn": "00853",
            "brief": "不必翻译"
        },
        "12": {
            "sn": "03027",
            "brief": "手、边、力量、权势"
        }
    },
    "35": {
        "literal": "百姓静默不言，不回答他一句话，因为王的吩咐，它(原文用阴性，指吩咐)是说：「不要回答他。」",
        "1": {
            "sn": "05971",
            "brief": "国民、百姓"
        },
        "3": {
            "sn": "06030",
            "brief": "I. 回答、作证；II. 忙；III. 使受苦、 使低微；IV. 唱歌 (I, IV 的 SN 为 6030. II, III 的 SN 为 6031)"
        },
        "4": {
            "sn": "00853",
            "brief": "不必翻译"
        },
        "5": {
            "sn": "01697",
            "brief": "话语、事情"
        },
        "6": {
            "sn": "03588",
            "brief": "因为、不必翻译"
        },
        "7": {
            "sn": "04687",
            "brief": "命令、吩咐"
        },
        "8": {
            "sn": "04428",
            "brief": "君王、国王"
        },
        "9": {
            "sn": "01931",
            "brief": "他"
        },
        "10": {
            "sn": "00559",
            "brief": "说"
        },
        "12": {
            "sn": "06030",
            "brief": "I. 回答、作证；II. 忙；III. 使受苦、 使低微；IV. 唱歌 (I, IV 的 SN 为 6030. II, III 的 SN 为 6031)"
        },
        "2": {
            "sn": "03808",
            "brief": "不"
        },
        "11": {
            "sn": "03808",
            "brief": "不"
        },
        "0": {
            "sn": "02790",
            "brief": "耕种、切割、设计、沉默"
        }
    },
    "2": {
        "0": {
            "sn": "06213",
            "brief": "做"
        },
        "literal": "希西家行雅威眼中(看)为正的事，效法他祖大卫一切所行的。",
        "1": {
            "sn": "03477",
            "brief": "正直的、直的"
        },
        "2": {
            "sn": "05869",
            "brief": "眼目、眼睛"
        },
        "3": {
            "sn": "03068",
            "brief": "上帝的名字「雅威」，犹太人尊称为「上主」"
        },
        "4": {
            "sn": "03605",
            "brief": "全部、整个、各"
        },
        "5": {
            "sn": "00834",
            "brief": "不必翻译"
        },
        "6": {
            "sn": "06213",
            "brief": "做"
        },
        "7": {
            "sn": "01732",
            "brief": "大卫"
        },
        "8": {
            "sn": "00001",
            "brief": "父亲、祖先"
        }
    },
    "8": {
        "19": {
            "sn": "06696",
            "brief": "绑、围困"
        },
        "literal": "希西家王第四年，它(原文用阴性)就是以拉的儿子以色列王何西阿第七年，亚述王撒缦以色上来进攻撒玛利亚，围困它(原文用阴性)；",
        "0": {
            "sn": "01961",
            "brief": "是、成为、临到"
        },
        "1": {
            "sn": "08141",
            "brief": "年"
        },
        "2": {
            "sn": "07243",
            "brief": "序数的「第四」"
        },
        "3": {
            "sn": "04428",
            "brief": "君王、国王"
        },
        "4": {
            "sn": "02396",
            "brief": "希西家"
        },
        "5": {
            "sn": "01931",
            "brief": "他；她"
        },
        "6": {
            "sn": "08141",
            "brief": "年"
        },
        "7": {
            "sn": "07637",
            "brief": "序数的「第七」"
        },
        "8": {
            "sn": "01954",
            "brief": "何西阿"
        },
        "9": {
            "sn": "01121",
            "brief": "儿子、孙子、后裔、成员"
        },
        "10": {
            "sn": "00425",
            "brief": "以拉"
        },
        "11": {
            "sn": "04428",
            "brief": "君王、国王"
        },
        "12": {
            "sn": "03478",
            "brief": "以色列"
        },
        "13": {
            "sn": "05927",
            "brief": "上去、升高、生长、献上"
        },
        "14": {
            "sn": "08022",
            "brief": "撒缦以色"
        },
        "15": {
            "sn": "04428",
            "brief": "君王、国王"
        },
        "16": {
            "sn": "00804",
            "brief": "亚述"
        },
        "17": {
            "sn": "05921",
            "brief": "在…上面"
        },
        "18": {
            "sn": "08111",
            "brief": "撒玛利亚"
        },
        "20": {
            "sn": "05921",
            "brief": "在…上面"
        }
    },
    "10": {
        "literal": "亚述王将以色列(人)掳到亚述，把他们安置在哈腊、和在哈博、(在)歌散河边，并米底亚的城邑；",
        "1": {
            "sn": "04428",
            "brief": "君王、国王"
        },
        "2": {
            "sn": "00804",
            "brief": "亚述"
        },
        "3": {
            "sn": "00853",
            "brief": "不必翻译"
        },
        "4": {
            "sn": "03478",
            "brief": "以色列"
        },
        "5": {
            "sn": "00804",
            "brief": "亚述"
        },
        "7": {
            "sn": "02477",
            "brief": "哈腊"
        },
        "8": {
            "sn": "02249",
            "brief": "哈博"
        },
        "9": {
            "sn": "05104",
            "brief": "河流"
        },
        "10": {
            "sn": "01470",
            "brief": "歌散"
        },
        "11": {
            "sn": "05892",
            "brief": "城邑、城镇"
        },
        "12": {
            "sn": "04074",
            "brief": "米底亚"
        },
        "0": {
            "sn": "01540",
            "brief": "显露、揭开、移除、迁移"
        },
        "6": {
            "sn": "05148",
            "brief": "引导"
        }
    },
    "26": {
        "literal": "拉伯・沙基对他们说：「我主差遣我来岂是(单)对你的主和你…吗？(…处填入下行)说这些话不(也)是对这些住在城墙上…的人(说的)吗？」(…处填入下二行)要…吃自己粪、又喝自己的脚(尿出来)的水(…处填入下行)跟你们一起",
        "0": {
            "sn": "00559",
            "brief": "说"
        },
        "1": {
            "sn": "00413",
            "brief": "对、向、往"
        },
        "2": {
            "sn": "07262",
            "brief": "拉伯・沙基"
        },
        "3": {
            "sn": "07262",
            "brief": "拉伯・沙基"
        },
        "4": {
            "sn": "05921",
            "brief": "在…上面"
        },
        "5": {
            "sn": "00113",
            "brief": "主人"
        },
        "6": {
            "sn": "00413",
            "brief": "对、向、往"
        },
        "7": {
            "sn": "07971",
            "brief": "差遣、释放、送走、伸出、伸展"
        },
        "8": {
            "sn": "00113",
            "brief": "主人"
        },
        "10": {
            "sn": "00853",
            "brief": "不必翻译"
        },
        "11": {
            "sn": "01697",
            "brief": "话语、事情"
        },
        "12": {
            "sn": "00428",
            "brief": "这些"
        },
        "14": {
            "sn": "05921",
            "brief": "在…上面"
        },
        "15": {
            "sn": "00376",
            "brief": "各人、人、男人、丈夫"
        },
        "16": {
            "sn": "03427",
            "brief": "居住、坐、停留"
        },
        "17": {
            "sn": "05921",
            "brief": "在…上面"
        },
        "18": {
            "sn": "02346",
            "brief": "城墙、墙"
        },
        "19": {
            "sn": "00398",
            "brief": "吃、吞吃"
        },
        "20": {
            "sn": "00853",
            "brief": "不必翻译"
        },
        "21": {
            "sn": "06675",
            "brief": "污秽、肮脏、污物"
        },
        "22": {
            "sn": "08354",
            "brief": "喝"
        },
        "23": {
            "sn": "00853",
            "brief": "不必翻译"
        },
        "24": {
            "sn": "04325",
            "brief": "水"
        },
        "25": {
            "sn": "07272",
            "brief": "脚"
        },
        "26": {
            "sn": "05973",
            "brief": "跟、与、和"
        },
        "13": {
            "sn": "03808",
            "brief": "不"
        },
        "9": {
            "sn": "01696",
            "brief": "Pi‘el 讲、说、指挥"
        }
    },
    "33": {
        "literal": "哈马和亚珥拔的神明在哪里呢？西法瓦音、希拿和以瓦的神明在哪里呢？他们曾救撒玛利亚脱离我的手吗？",
        "0": {
            "sn": "00346",
            "brief": "在哪里"
        },
        "1": {
            "sn": "00430",
            "brief": "上帝、神、神明"
        },
        "2": {
            "sn": "02574",
            "brief": "哈马"
        },
        "3": {
            "sn": "00774",
            "brief": "亚珥拔"
        },
        "4": {
            "sn": "00346",
            "brief": "在哪里"
        },
        "5": {
            "sn": "00430",
            "brief": "上帝、神、神明"
        },
        "6": {
            "sn": "05617",
            "brief": "西法瓦音"
        },
        "7": {
            "sn": "02012",
            "brief": "希拿"
        },
        "9": {
            "sn": "03588",
            "brief": "因为、不必翻译"
        },
        "11": {
            "sn": "00853",
            "brief": "不必翻译"
        },
        "12": {
            "sn": "08111",
            "brief": "撒玛利亚"
        },
        "13": {
            "sn": "03027",
            "brief": "手、边、力量、权势"
        },
        "8": {
            "sn": "05755",
            "brief": "以瓦、亚瓦"
        },
        "10": {
            "sn": "05337",
            "brief": "Nif‘al 获救，Pi‘el 拯救、夺取，Hif‘il 营救、抓走"
        }
    },
    "34": {
        "literal": "这些国所有的神明有谁…呢？(…处填入下行)曾救自己的国脱离我的手难道雅威能救耶路撒冷脱离我的手吗？』」",
        "0": {
            "sn": "04310",
            "brief": "谁"
        },
        "1": {
            "sn": "03605",
            "brief": "全部、整个、各"
        },
        "2": {
            "sn": "00430",
            "brief": "上帝、神、神明"
        },
        "3": {
            "sn": "00776",
            "brief": "地、邦国、疆界"
        },
        "4": {
            "sn": "00834",
            "brief": "不必翻译"
        },
        "6": {
            "sn": "00853",
            "brief": "不必翻译"
        },
        "7": {
            "sn": "00776",
            "brief": "地、邦国、疆界"
        },
        "8": {
            "sn": "03027",
            "brief": "手、边、力量、权势"
        },
        "9": {
            "sn": "03588",
            "brief": "因为、不必翻译"
        },
        "11": {
            "sn": "03068",
            "brief": "上帝的名字「雅威」，犹太人尊称为「上主」"
        },
        "12": {
            "sn": "00853",
            "brief": "不必翻译"
        },
        "13": {
            "sn": "03389",
            "brief": "耶路撒冷"
        },
        "14": {
            "sn": "03027",
            "brief": "手、边、力量、权势"
        },
        "5": {
            "sn": "05337",
            "brief": "Nif‘al 获救，Pi‘el 拯救、夺取，Hif‘il 营救、抓走"
        },
        "10": {
            "sn": "05337",
            "brief": "Nif‘al 获救，Pi‘el 拯救、夺取，Hif‘il 营救、抓走"
        }
    },
    "4": {
        "5": {
            "sn": "03808",
            "brief": "不"
        },
        "literal": "他倚靠雅威―以色列的上帝，在他之后，…的犹大列王中没有像他的。(…处填入下行)在他之前",
        "0": {
            "sn": "03068",
            "brief": "上帝的名字「雅威」，犹太人尊称为「上主」"
        },
        "1": {
            "sn": "00430",
            "brief": "上帝、神、神明"
        },
        "2": {
            "sn": "03478",
            "brief": "以色列"
        },
        "3": {
            "sn": "00982",
            "brief": "倚赖、信靠"
        },
        "4": {
            "sn": "00310",
            "brief": "后面、跟着"
        },
        "6": {
            "sn": "01961",
            "brief": "是、成为、临到"
        },
        "7": {
            "sn": "03644",
            "brief": "像"
        },
        "8": {
            "sn": "03605",
            "brief": "全部、整个、各"
        },
        "9": {
            "sn": "04428",
            "brief": "君王"
        },
        "10": {
            "sn": "03063",
            "brief": "犹大"
        },
        "11": {
            "sn": "00834",
            "brief": "不必翻译"
        },
        "12": {
            "sn": "01961",
            "brief": "是、成为、临到"
        },
        "13": {
            "sn": "03942",
            "brief": "在…之前"
        }
    }
}