{
    "1": {
        "5": {
            "sn": "09001",
            "brief": "给、往、向、到、归属于"
        },
        "7": {
            "sn": "09001",
            "brief": "给、往、向、到、归属于"
        },
        "10": {
            "sn": "09001",
            "brief": "给、往、向、到、归属于"
        },
        "literal": "以利沙对她说：「我可以为你做甚么呢？告诉我，你家里有甚么？」她说：「你婢女家中全部，…甚么也没有。」(…处填入下行) 除了一小瓶油之外，",
        "0": {
            "sn": "00559",
            "brief": "说"
        },
        "1": {
            "sn": "00413",
            "brief": "对、向、往"
        },
        "2": {
            "sn": "00477",
            "brief": "以利沙"
        },
        "3": {
            "sn": "04100",
            "brief": "什么"
        },
        "4": {
            "sn": "06213",
            "brief": "做"
        },
        "8": {
            "sn": "04100",
            "brief": "什么"
        },
        "9": {
            "sn": "03426",
            "brief": "有、存在、是"
        },
        "11": {
            "sn": "01004",
            "brief": "家、房子、殿"
        },
        "12": {
            "sn": "00559",
            "brief": "说"
        },
        "13": {
            "sn": "00369",
            "brief": "没有、除非"
        },
        "14": {
            "sn": "08198",
            "brief": "婢女"
        },
        "15": {
            "sn": "03605",
            "brief": "全部、整个、各"
        },
        "16": {
            "sn": "01004",
            "brief": "家、房子、殿"
        },
        "17": {
            "sn": "03588",
            "brief": "因为、不必翻译"
        },
        "18": {
            "sn": "00518",
            "brief": "如果"
        },
        "19": {
            "sn": "00610",
            "brief": "小油罐"
        },
        "20": {
            "sn": "08081",
            "brief": "膏油"
        },
        "6": {
            "sn": "05046",
            "brief": "Hif‘il 告诉、宣布、声明、通知"
        }
    },
    "2": {
        "3": {
            "sn": "09001",
            "brief": "给、往、向、到、归属于"
        },
        "literal": "他(指以利沙)说：「你去，到外面去为自己要器皿，向你所有的邻舍(要)空器皿，不可少(要)；",
        "0": {
            "sn": "00559",
            "brief": "说"
        },
        "1": {
            "sn": "01980",
            "brief": "行走、去"
        },
        "2": {
            "sn": "07592",
            "brief": "问、询问"
        },
        "4": {
            "sn": "03627",
            "brief": "物品、器皿、器械、器具"
        },
        "5": {
            "sn": "04480",
            "brief": "从、离开"
        },
        "6": {
            "sn": "02351",
            "brief": "街上、外头"
        },
        "7": {
            "sn": "00854",
            "brief": "与、跟"
        },
        "8": {
            "sn": "03605",
            "brief": "全部、整个、各"
        },
        "9": {
            "sn": "07934",
            "brief": "居民、邻居"
        },
        "10": {
            "sn": "03627",
            "brief": "物品、器皿、器械、器具"
        },
        "11": {
            "sn": "07386",
            "brief": "空虚的、无用的"
        },
        "12": {
            "sn": "00408",
            "brief": "不"
        },
        "13": {
            "sn": "04591",
            "brief": "变少"
        }
    },
    "11": {
        "8": {
            "sn": "09001",
            "brief": "给、往、向、到、归属于"
        },
        "0": {
            "sn": "00559",
            "brief": "说"
        },
        "1": {
            "sn": "00413",
            "brief": "对、向、往"
        },
        "2": {
            "sn": "01522",
            "brief": "基哈西"
        },
        "literal": "以利沙对他的仆人基哈西说：「去叫这书念妇人来。」他去把她叫来，她就站在他面前。",
        "3": {
            "sn": "05288",
            "brief": "男孩、少年、年轻人、仆人"
        },
        "4": {
            "sn": "07121",
            "brief": "喊叫、召集、称呼、求告、朗读"
        },
        "5": {
            "sn": "07767",
            "brief": "书念女子"
        },
        "6": {
            "sn": "02063",
            "brief": "这个"
        },
        "7": {
            "sn": "07121",
            "brief": "喊叫、召集、称呼、求告、朗读"
        },
        "9": {
            "sn": "05975",
            "brief": "Qal 站立、侍立、停留，Hif‘il 设立、使坚定"
        },
        "10": {
            "sn": "03942",
            "brief": "在…前面"
        }
    },
    "12": {
        "1": {
            "sn": "09001",
            "brief": "给、往、向、到、归属于"
        },
        "14": {
            "sn": "09001",
            "brief": "给、往、向、到、归属于"
        },
        "17": {
            "sn": "09001",
            "brief": "给、往、向、到、归属于"
        },
        "literal": "他(指以利沙)对他说：「去对她说：『看哪，你既为我们费了这一切心思，可以为你做甚么呢？你有甚么要…求的没有？』」(…处填入下行) 向王或元帅她说：「我住在我的民中。」",
        "0": {
            "sn": "00559",
            "brief": "说"
        },
        "16": {
            "sn": "01696",
            "brief": "Pi‘el 讲、说、指挥"
        },
        "2": {
            "sn": "00559",
            "brief": "说"
        },
        "3": {
            "sn": "04994",
            "brief": "作为鼓励语的一部份"
        },
        "4": {
            "sn": "00413",
            "brief": "对、向、往"
        },
        "5": {
            "sn": "02009",
            "brief": "看哪"
        },
        "6": {
            "sn": "02729",
            "brief": "移动、战兢"
        },
        "7": {
            "sn": "00413",
            "brief": "对、向、往"
        },
        "8": {
            "sn": "00853",
            "brief": "不必翻译"
        },
        "9": {
            "sn": "03605",
            "brief": "全部、整个、各"
        },
        "10": {
            "sn": "02731",
            "brief": "战兢、害怕、焦虑"
        },
        "11": {
            "sn": "02063",
            "brief": "这个"
        },
        "12": {
            "sn": "04100",
            "brief": "什么"
        },
        "13": {
            "sn": "06213",
            "brief": "做"
        },
        "15": {
            "sn": "03426",
            "brief": "有、存在、是"
        },
        "18": {
            "sn": "00413",
            "brief": "对、向、往"
        },
        "19": {
            "sn": "04428",
            "brief": "王"
        },
        "20": {
            "sn": "00176",
            "brief": "或"
        },
        "21": {
            "sn": "00413",
            "brief": "对、向、往"
        },
        "22": {
            "sn": "08269",
            "brief": "王子、统治者"
        },
        "23": {
            "sn": "06635",
            "brief": "军队、战争、服役"
        },
        "24": {
            "sn": "00559",
            "brief": "说"
        },
        "25": {
            "sn": "08432",
            "brief": "中间"
        },
        "26": {
            "sn": "05971",
            "brief": "百姓、国民"
        },
        "27": {
            "sn": "00595",
            "brief": "我"
        },
        "28": {
            "sn": "03427",
            "brief": "居住、坐、停留"
        }
    },
    "30": {
        "16": {
            "sn": "09001",
            "brief": "给、往、向、到、归属于"
        },
        "literal": "基哈西在他们前面先过去，把杖放在孩子脸上，却没有声音，也没有动静。他(指基哈西)就回来迎着他(指以利沙)，告诉他说：「孩子没有醒过来。」",
        "0": {
            "sn": "01522",
            "brief": "基哈西"
        },
        "1": {
            "sn": "05674",
            "brief": "经过、穿越、涨溢、离开、拿走、违犯、废除"
        },
        "2": {
            "sn": "03942",
            "brief": "在…前面"
        },
        "3": {
            "sn": "07760",
            "brief": "设立、置、放"
        },
        "4": {
            "sn": "00853",
            "brief": "不必翻译"
        },
        "5": {
            "sn": "04938",
            "brief": "拐杖、支持"
        },
        "6": {
            "sn": "05921",
            "brief": "在…上面"
        },
        "7": {
            "sn": "06440",
            "brief": "脸"
        },
        "8": {
            "sn": "05288",
            "brief": "男孩、少年、年轻人、仆人"
        },
        "9": {
            "sn": "00369",
            "brief": "没有、除非"
        },
        "10": {
            "sn": "06963",
            "brief": "声音"
        },
        "11": {
            "sn": "00369",
            "brief": "没有、除非"
        },
        "12": {
            "sn": "07182",
            "brief": "注意"
        },
        "14": {
            "sn": "07125",
            "brief": "迎接、遇见、偶然相遇"
        },
        "15": {
            "sn": "05046",
            "brief": "Hif‘il 告诉、宣布、声明、通知"
        },
        "17": {
            "sn": "00559",
            "brief": "说"
        },
        "19": {
            "sn": "06974",
            "brief": "醒"
        },
        "20": {
            "sn": "05288",
            "brief": "男孩、少年、年轻人、仆人"
        },
        "18": {
            "sn": "03808",
            "brief": "不"
        },
        "13": {
            "sn": "07725",
            "brief": "Qal 回复、回转、重复，Po‘lel 带回、复兴、更新，Hif‘il 回报、报告、带回"
        }
    },
    "13": {
        "9": {
            "sn": "09001",
            "brief": "给、往、向、到、归属于"
        },
        "literal": "他(指以利沙)说：「究竟可以为她做甚么呢？」基哈西说：「她确实没有儿子，她的丈夫也老了。」",
        "0": {
            "sn": "00559",
            "brief": "说"
        },
        "1": {
            "sn": "04100",
            "brief": "什么"
        },
        "2": {
            "sn": "06213",
            "brief": "做"
        },
        "3": {
            "sn": "09001",
            "brief": "给、往、向、到、归属于"
        },
        "4": {
            "sn": "00559",
            "brief": "说"
        },
        "5": {
            "sn": "01522",
            "brief": "基哈西"
        },
        "6": {
            "sn": "00061",
            "brief": "真正地、确信地、 必然地、然而"
        },
        "7": {
            "sn": "01121",
            "brief": "儿子、孙子、后裔、成员"
        },
        "8": {
            "sn": "00369",
            "brief": "没有、除非"
        },
        "10": {
            "sn": "00376",
            "brief": "各人、人、男人、丈夫"
        },
        "11": {
            "sn": "02204",
            "brief": "年老、变老"
        }
    },
    "25": {
        "5": {
            "sn": "09001",
            "brief": "给、往、向、到、归属于"
        },
        "7": {
            "sn": "09001",
            "brief": "给、往、向、到、归属于"
        },
        "0": {
            "sn": "06258",
            "brief": "现在"
        },
        "literal": "你跑去迎接她，对她说：『你平安吗？你丈夫平安吗？孩子平安吗？』」她说：「平安。」",
        "1": {
            "sn": "07323",
            "brief": "奔跑"
        },
        "2": {
            "sn": "04994",
            "brief": "作为鼓励语的一部份"
        },
        "3": {
            "sn": "07125",
            "brief": "迎接、遇见、偶然相遇"
        },
        "4": {
            "sn": "00559",
            "brief": "说"
        },
        "6": {
            "sn": "07965",
            "brief": "平安、完全、全部"
        },
        "8": {
            "sn": "07965",
            "brief": "平安、完全、全部"
        },
        "9": {
            "sn": "00376",
            "brief": "各人、人、男人、丈夫"
        },
        "10": {
            "sn": "07965",
            "brief": "平安、完全、全部"
        },
        "11": {
            "sn": "03206",
            "brief": "儿童、少年人"
        },
        "12": {
            "sn": "00559",
            "brief": "说"
        },
        "13": {
            "sn": "07965",
            "brief": "平安、完全、全部"
        }
    },
    "26": {
        "15": {
            "sn": "09001",
            "brief": "给、往、向、到、归属于"
        },
        "19": {
            "sn": "09001",
            "brief": "给、往、向、到、归属于"
        },
        "25": {
            "sn": "09001",
            "brief": "给、往、向、到、归属于"
        },
        "24": {
            "sn": "05046",
            "brief": "Hif‘il 告诉、宣布、声明、通知"
        },
        "1": {
            "sn": "00413",
            "brief": "对、向、往"
        },
        "literal": "她(指妇人)来到山上，到了神人那里，就抱住他(指神人)的脚。基哈西前来要推开她，神人说：「由她吧！因为她心里有她的愁苦，雅威向我隐瞒，没有指示我。」",
        "0": {
            "sn": "00935",
            "brief": "来、进入、临到、发生"
        },
        "2": {
            "sn": "00376",
            "brief": "各人、人、男人、丈夫"
        },
        "3": {
            "sn": "00430",
            "brief": "上帝、神、神明"
        },
        "4": {
            "sn": "00413",
            "brief": "对、向、往"
        },
        "5": {
            "sn": "02022",
            "brief": "山"
        },
        "7": {
            "sn": "07272",
            "brief": "脚"
        },
        "8": {
            "sn": "05066",
            "brief": "靠近"
        },
        "9": {
            "sn": "01522",
            "brief": "基哈西"
        },
        "10": {
            "sn": "01920",
            "brief": "赶逐、赶、推"
        },
        "11": {
            "sn": "00559",
            "brief": "说"
        },
        "12": {
            "sn": "00376",
            "brief": "各人、人、男人、丈夫"
        },
        "13": {
            "sn": "00430",
            "brief": "上帝、神、神明"
        },
        "6": {
            "sn": "02388",
            "brief": "加强、支持、抓住、系紧、强壮、勇敢"
        },
        "16": {
            "sn": "03588",
            "brief": "因为、不必翻译"
        },
        "17": {
            "sn": "05315",
            "brief": "生命、人"
        },
        "14": {
            "sn": "07503",
            "brief": "Qal 落、沉、掉、放松、变弱，Hif‘il 安静、听任、放弃、让他走"
        },
        "20": {
            "sn": "03068",
            "brief": "上帝的名字「雅威」，犹太人尊称为「上主」"
        },
        "22": {
            "sn": "04480",
            "brief": "从、离开"
        },
        "21": {
            "sn": "05956",
            "brief": "隐藏"
        },
        "18": {
            "sn": "04843",
            "brief": "Qal 受苦；Hif‘il 使受苦、触犯"
        },
        "23": {
            "sn": "03808",
            "brief": "不"
        }
    },
    "22": {
        "6": {
            "sn": "03808",
            "brief": "不"
        },
        "8": {
            "sn": "03808",
            "brief": "不"
        },
        "literal": "丈夫说：「你为何要去他那里呢？今日不是月朔，也不是安息日。」妇人说：「没事。」",
        "0": {
            "sn": "00559",
            "brief": "说"
        },
        "1": {
            "sn": "04069",
            "brief": "为什么"
        },
        "2": {
            "sn": "00859",
            "brief": "你，你"
        },
        "3": {
            "sn": "01980",
            "brief": "行走、去"
        },
        "4": {
            "sn": "00413",
            "brief": "对、向、往"
        },
        "5": {
            "sn": "03117",
            "brief": "日子、时候"
        },
        "7": {
            "sn": "02320",
            "brief": "月朔、新月"
        },
        "9": {
            "sn": "07676",
            "brief": "安息日"
        },
        "10": {
            "sn": "00559",
            "brief": "说"
        },
        "11": {
            "sn": "07965",
            "brief": "平安、完全、全部"
        }
    },
    "40": {
        "10": {
            "sn": "03808",
            "brief": "不"
        },
        "7": {
            "sn": "03332",
            "brief": "倒、浇灌"
        },
        "literal": "他(指以利沙)说：「拿点面来！」他(把面)撒在锅中，说：「倒给众人吃！」锅中就没有毒物了。",
        "0": {
            "sn": "00559",
            "brief": "说"
        },
        "1": {
            "sn": "03947",
            "brief": "拿、取"
        },
        "2": {
            "sn": "07058",
            "brief": "面粉"
        },
        "4": {
            "sn": "00413",
            "brief": "对、向、往"
        },
        "5": {
            "sn": "05518",
            "brief": "锅、钩、荆棘"
        },
        "6": {
            "sn": "00559",
            "brief": "说"
        },
        "3": {
            "sn": "07993",
            "brief": "Hif‘il 抛弃、抛出、赶出、掷"
        },
        "8": {
            "sn": "05971",
            "brief": "百姓、国民"
        },
        "9": {
            "sn": "00398",
            "brief": "吃、吞吃"
        },
        "11": {
            "sn": "01961",
            "brief": "成为、是、临到"
        },
        "12": {
            "sn": "01697",
            "brief": "言语、话语、事情"
        },
        "13": {
            "sn": "07451",
            "brief": "邪恶的、灾难的"
        },
        "14": {
            "sn": "05518",
            "brief": "锅、钩、荆棘"
        },
        "15": {
            "sn": "09014",
            "brief": "关闭的意思"
        }
    },
    "39": {
        "13": {
            "sn": "03808",
            "brief": "不"
        },
        "7": {
            "sn": "06817",
            "brief": "Qal 呼喊、哀求；Pi‘el 大声呼喊；Nif‘al 被召唤、聚集；Hif‘il 召集"
        },
        "literal": "他们倒出来给众人吃，他们吃汤的时候，他们都喊叫说：「神人哪，锅中会死人！」他们就不能吃了。",
        "0": {
            "sn": "03332",
            "brief": "倒、浇灌"
        },
        "1": {
            "sn": "00376",
            "brief": "各人、人、男人、丈夫"
        },
        "2": {
            "sn": "00398",
            "brief": "吃、吞吃"
        },
        "3": {
            "sn": "01961",
            "brief": "当、是、成为、临到"
        },
        "4": {
            "sn": "00398",
            "brief": "吃、吞吃"
        },
        "5": {
            "sn": "05138",
            "brief": "汤"
        },
        "6": {
            "sn": "01992",
            "brief": "他们"
        },
        "8": {
            "sn": "00559",
            "brief": "说"
        },
        "9": {
            "sn": "04194",
            "brief": "死亡"
        },
        "10": {
            "sn": "05518",
            "brief": "I. 锅；II. 钩、荆棘"
        },
        "11": {
            "sn": "00376",
            "brief": "各人、人、男人、丈夫"
        },
        "12": {
            "sn": "00430",
            "brief": "上帝、神、神明"
        },
        "14": {
            "sn": "03201",
            "brief": "能够、有能力"
        },
        "15": {
            "sn": "00398",
            "brief": "吃、吞吃"
        }
    },
    "0": {
        "0": {
            "sn": "00802",
            "brief": "女人、妻子"
        },
        "1": {
            "sn": "00259",
            "brief": "数目的「一」"
        },
        "2": {
            "sn": "00802",
            "brief": "女人、妻子"
        },
        "3": {
            "sn": "01121",
            "brief": "儿子、孙子、后裔、成员"
        },
        "4": {
            "sn": "05030",
            "brief": "先知"
        },
        "6": {
            "sn": "00413",
            "brief": "对、向、往"
        },
        "11": {
            "sn": "04191",
            "brief": "死"
        },
        "5": {
            "sn": "06817",
            "brief": "Qal 呼喊、哀求；Pi‘el 大声呼喊；Nif‘al 被召唤、聚集；Hif‘il 召集"
        },
        "7": {
            "sn": "00477",
            "brief": "以利沙"
        },
        "8": {
            "sn": "00559",
            "brief": "说"
        },
        "9": {
            "sn": "05650",
            "brief": "仆人、奴隶"
        },
        "10": {
            "sn": "00376",
            "brief": "各人、人、男人、丈夫"
        },
        "12": {
            "sn": "00859",
            "brief": "你"
        },
        "14": {
            "sn": "03588",
            "brief": "因为、不必翻译"
        },
        "17": {
            "sn": "03372",
            "brief": "Qal 害怕，Nif‘al 令人畏惧"
        },
        "13": {
            "sn": "03045",
            "brief": "Qal 知道、认识、辨别、经历，Hif‘il 使知道、宣告"
        },
        "15": {
            "sn": "05650",
            "brief": "仆人、奴隶"
        },
        "16": {
            "sn": "01961",
            "brief": "是、成为、临到"
        },
        "18": {
            "sn": "00853",
            "brief": "不必翻译"
        },
        "19": {
            "sn": "03068",
            "brief": "上帝的名字「雅威」，犹太人尊称为「上主」"
        },
        "20": {
            "sn": "05383",
            "brief": "出借、作债主"
        },
        "21": {
            "sn": "00935",
            "brief": "来、进入、临到、发生"
        },
        "22": {
            "sn": "03947",
            "brief": "拿、取"
        },
        "23": {
            "sn": "00853",
            "brief": "不必翻译"
        },
        "24": {
            "sn": "08147",
            "brief": "数目的「二」"
        },
        "25": {
            "sn": "03206",
            "brief": "儿童、少年人"
        },
        "26": {
            "sn": "09001",
            "brief": "给、往、向、到、归属于"
        },
        "27": {
            "sn": "05650",
            "brief": "仆人、奴隶"
        },
        "literal": "有一个先知门徒的妻子哀求以利沙说：「你仆人―我丈夫死了，你知道你的仆人是敬畏雅威的。现在有债主来，要带走我的两个孩子给他作奴仆。」"
    },
    "3": {
        "7": {
            "sn": "05921",
            "brief": "在…上面"
        },
        "literal": "然后回来，在你和你儿子们的背后关上门，倒油在所有这些器皿里，倒满了的放在一边。」",
        "0": {
            "sn": "00935",
            "brief": "来、进入、临到、发生"
        },
        "2": {
            "sn": "01817",
            "brief": "门"
        },
        "3": {
            "sn": "01157",
            "brief": "为了、背后、穿过、围绕"
        },
        "4": {
            "sn": "01157",
            "brief": "为了、背后、穿过、围绕"
        },
        "5": {
            "sn": "01121",
            "brief": "儿子、孙子、后裔、成员"
        },
        "6": {
            "sn": "03332",
            "brief": "倒、浇灌"
        },
        "8": {
            "sn": "03605",
            "brief": "全部、整个、各"
        },
        "9": {
            "sn": "03627",
            "brief": "物品、器皿、器械、器具"
        },
        "10": {
            "sn": "00428",
            "brief": "这些"
        },
        "11": {
            "sn": "04392",
            "brief": "充满的"
        },
        "12": {
            "sn": "05265",
            "brief": "拔起、移除、启程"
        },
        "1": {
            "sn": "05462",
            "brief": "Qal 关闭、堵塞，Pi‘el 关闭、交付，Hif‘il 关闭、交付"
        }
    },
    "17": {
        "0": {
            "sn": "01431",
            "brief": "长大、变大"
        },
        "4": {
            "sn": "03318",
            "brief": "Qal 出去，Hif‘il 领出"
        },
        "literal": "孩子(渐渐)长大，一日出去，到他父亲(和)收割的人那里，",
        "1": {
            "sn": "03206",
            "brief": "儿童、少年人"
        },
        "2": {
            "sn": "01961",
            "brief": "是、成为、临到"
        },
        "3": {
            "sn": "03117",
            "brief": "日子、时候"
        },
        "5": {
            "sn": "00413",
            "brief": "对、向、往"
        },
        "6": {
            "sn": "00001",
            "brief": "父亲、祖先"
        },
        "7": {
            "sn": "00413",
            "brief": "对、向、往"
        },
        "8": {
            "sn": "07114",
            "brief": "I 是短的、没耐心的，II 收割，"
        }
    },
    "21": {
        "8": {
            "sn": "04480",
            "brief": "从、离开"
        },
        "4": {
            "sn": "07971",
            "brief": "差遣、释放、送走、伸出、伸展"
        },
        "literal": "她呼叫她丈夫说：「请派仆人中的一个，为我牵一匹驴来，我要快奔到神人那里，然后回来。」",
        "0": {
            "sn": "07121",
            "brief": "喊叫、召集、称呼、求告、朗读"
        },
        "1": {
            "sn": "00413",
            "brief": "对、向、往"
        },
        "2": {
            "sn": "00376",
            "brief": "各人、人、男人、丈夫"
        },
        "3": {
            "sn": "00559",
            "brief": "说"
        },
        "5": {
            "sn": "04994",
            "brief": "作为鼓励语的一部份"
        },
        "6": {
            "sn": "09001",
            "brief": "给、往、向、到、归属于"
        },
        "7": {
            "sn": "00259",
            "brief": "数目的「一」"
        },
        "9": {
            "sn": "05288",
            "brief": "男孩、少年、年轻人、仆人"
        },
        "10": {
            "sn": "00259",
            "brief": "数目的「一」"
        },
        "11": {
            "sn": "00860",
            "brief": "母驴"
        },
        "12": {
            "sn": "07323",
            "brief": "奔跑"
        },
        "13": {
            "sn": "05704",
            "brief": "直到、甚至"
        },
        "14": {
            "sn": "00376",
            "brief": "各人、人、男人、丈夫"
        },
        "15": {
            "sn": "00430",
            "brief": "上帝、神、神明"
        },
        "16": {
            "sn": "07725",
            "brief": "Qal 回复、回转、重复，Po‘lel 带回、复兴、更新，Hif‘il 回报、报告、带回"
        }
    },
    "23": {
        "14": {
            "sn": "09001",
            "brief": "给、往、向、到、归属于"
        },
        "literal": "于是她绑上驴，对她的仆人说：「快快赶着走，…就不要让我迟慢下来。」(…处填入下行) 我若不吩咐你，",
        "0": {
            "sn": "02280",
            "brief": "缠裹、绑住"
        },
        "1": {
            "sn": "00860",
            "brief": "母驴"
        },
        "2": {
            "sn": "00559",
            "brief": "说"
        },
        "3": {
            "sn": "00413",
            "brief": "对、向、往"
        },
        "4": {
            "sn": "05288",
            "brief": "男孩、少年、年轻人、仆人"
        },
        "5": {
            "sn": "05090",
            "brief": "掳去、驱赶、引导"
        },
        "6": {
            "sn": "01980",
            "brief": "行走、去"
        },
        "7": {
            "sn": "00408",
            "brief": "不"
        },
        "8": {
            "sn": "06113",
            "brief": "保留、限制、关闭"
        },
        "9": {
            "sn": "09001",
            "brief": "给、往、向、到、归属于"
        },
        "10": {
            "sn": "07392",
            "brief": "乘驾、骑"
        },
        "11": {
            "sn": "03588",
            "brief": "因为、不必翻译"
        },
        "12": {
            "sn": "00518",
            "brief": "如果"
        },
        "13": {
            "sn": "00559",
            "brief": "说"
        }
    },
    "33": {
        "2": {
            "sn": "05921",
            "brief": "在…上面"
        },
        "0": {
            "sn": "05927",
            "brief": "上去、升高、生长、献上"
        },
        "1": {
            "sn": "07901",
            "brief": "躺卧、同寝"
        },
        "3": {
            "sn": "03206",
            "brief": "儿童、少年人"
        },
        "4": {
            "sn": "07760",
            "brief": "设立、置、放"
        },
        "5": {
            "sn": "06310",
            "brief": "口、命令、末端、沿岸、比例"
        },
        "6": {
            "sn": "05921",
            "brief": "在…上面"
        },
        "7": {
            "sn": "06310",
            "brief": "口、命令、末端、沿岸、比例"
        },
        "8": {
            "sn": "05869",
            "brief": "眼睛、水泉、泉源"
        },
        "9": {
            "sn": "05921",
            "brief": "在…上面"
        },
        "10": {
            "sn": "05869",
            "brief": "眼睛、水泉、泉源"
        },
        "11": {
            "sn": "03709",
            "brief": "手掌、脚掌、脚底"
        },
        "12": {
            "sn": "05921",
            "brief": "在…上面"
        },
        "13": {
            "sn": "03709",
            "brief": "手掌、脚掌、脚底"
        },
        "14": {
            "sn": "01457",
            "brief": "曲膝蹲伏"
        },
        "15": {
            "sn": "05921",
            "brief": "在…上面"
        },
        "16": {
            "sn": "02552",
            "brief": "热"
        },
        "17": {
            "sn": "01320",
            "brief": "肉、身体"
        },
        "18": {
            "sn": "03206",
            "brief": "儿童、少年人"
        },
        "literal": "他上了床伏在孩子身上，把他的口对着他的口，他的眼对着他的眼，他的手掌对着他的手掌；既伏在他身上，孩子的身体就渐渐暖和了。"
    },
    "38": {
        "14": {
            "sn": "00899",
            "brief": "衣服"
        },
        "15": {
            "sn": "00935",
            "brief": "来、进入、临到、发生"
        },
        "16": {
            "sn": "06398",
            "brief": "穿过, 切"
        },
        "17": {
            "sn": "00413",
            "brief": "对、向、往"
        },
        "18": {
            "sn": "05518",
            "brief": "锅、钩、荆棘"
        },
        "19": {
            "sn": "05138",
            "brief": "汤"
        },
        "20": {
            "sn": "03588",
            "brief": "因为、不必翻译"
        },
        "9": {
            "sn": "03950",
            "brief": "采"
        },
        "0": {
            "sn": "03318",
            "brief": "Qal 出去，Hif‘il 领出"
        },
        "literal": "有一个人去到田野掐菜，在田野发现一棵野瓜藤，就从它摘了一满兜田野的野瓜，回来，切了搁在熬汤的锅中，他们不知道(是甚么东西)；",
        "1": {
            "sn": "00259",
            "brief": "数目的「一」"
        },
        "2": {
            "sn": "00413",
            "brief": "对、向、往"
        },
        "3": {
            "sn": "07704",
            "brief": "田地"
        },
        "5": {
            "sn": "00219",
            "brief": "光、药草"
        },
        "6": {
            "sn": "04672",
            "brief": "寻找、追上、获得、发现"
        },
        "7": {
            "sn": "01612",
            "brief": "葡萄、葡萄树"
        },
        "8": {
            "sn": "07704",
            "brief": "田地"
        },
        "10": {
            "sn": "04480",
            "brief": "从、离开"
        },
        "11": {
            "sn": "06498",
            "brief": "葫芦瓜、丝瓜"
        },
        "12": {
            "sn": "07704",
            "brief": "田地"
        },
        "4": {
            "sn": "03950",
            "brief": "采"
        },
        "13": {
            "sn": "04393",
            "brief": "很多、充满"
        },
        "21": {
            "sn": "03808",
            "brief": "不"
        },
        "22": {
            "sn": "03045",
            "brief": "Qal 知道、认识、辨别、经历，Hif‘il 使知道、宣告"
        }
    },
    "37": {
        "14": {
            "sn": "01310",
            "brief": "煮"
        },
        "1": {
            "sn": "07725",
            "brief": "Qal 回复、回转、重复，Po‘lel 带回、复兴、更新，Hif‘il 回报、报告、带回"
        },
        "literal": "以利沙又来到吉甲，那地正有饥荒。先知的门徒坐在他面前，他吩咐他的仆人说：「将大锅放在火上，给先知的门徒熬汤。」",
        "0": {
            "sn": "00477",
            "brief": "以利沙"
        },
        "2": {
            "sn": "01537",
            "brief": "吉甲"
        },
        "3": {
            "sn": "07458",
            "brief": "饥饿、饥荒"
        },
        "4": {
            "sn": "00776",
            "brief": "地、邦国、疆界"
        },
        "5": {
            "sn": "01121",
            "brief": "儿子、孙子、后裔、成员"
        },
        "6": {
            "sn": "05030",
            "brief": "先知"
        },
        "7": {
            "sn": "03427",
            "brief": "居住、坐、停留"
        },
        "8": {
            "sn": "03942",
            "brief": "在…前面"
        },
        "9": {
            "sn": "00559",
            "brief": "说"
        },
        "10": {
            "sn": "05288",
            "brief": "男孩、少年、年轻人、仆人"
        },
        "11": {
            "sn": "08239",
            "brief": "安置、放、指派"
        },
        "12": {
            "sn": "05518",
            "brief": "锅、钩、荆棘"
        },
        "13": {
            "sn": "01419",
            "brief": "大的、伟大的"
        },
        "15": {
            "sn": "05138",
            "brief": "汤"
        },
        "16": {
            "sn": "01121",
            "brief": "儿子、孙子、后裔、成员"
        },
        "17": {
            "sn": "05030",
            "brief": "先知"
        }
    },
    "6": {
        "9": {
            "sn": "07999",
            "brief": "Qal 平安，Pi‘el 补偿、报答，Hif‘il 完成、了结"
        },
        "1": {
            "sn": "05046",
            "brief": "Hif‘il 告诉、宣布、声明、通知"
        },
        "literal": "她去告诉神人，他说：「你去卖油还你的债务，剩下的你和你儿子们可以靠着度日。」",
        "0": {
            "sn": "00935",
            "brief": "来、进入、临到、发生"
        },
        "2": {
            "sn": "00376",
            "brief": "各人、人、男人、丈夫"
        },
        "3": {
            "sn": "00430",
            "brief": "上帝、神、神明"
        },
        "4": {
            "sn": "00559",
            "brief": "说"
        },
        "5": {
            "sn": "01980",
            "brief": "行走、去"
        },
        "6": {
            "sn": "04376",
            "brief": "卖"
        },
        "7": {
            "sn": "00853",
            "brief": "不必翻译"
        },
        "8": {
            "sn": "08081",
            "brief": "膏油"
        },
        "10": {
            "sn": "00853",
            "brief": "不必翻译"
        },
        "11": {
            "sn": "05386",
            "brief": "债务"
        },
        "12": {
            "sn": "00859",
            "brief": "你"
        },
        "13": {
            "sn": "01121",
            "brief": "儿子、孙子、后裔、成员"
        },
        "15": {
            "sn": "03498",
            "brief": "剩、仅存"
        },
        "14": {
            "sn": "02421",
            "brief": "Qal 活、存活，Pi‘el 生长、复苏、保存生命，Hif‘il 使存活、复活"
        },
        "16": {
            "sn": "09015",
            "brief": "开的意思"
        }
    },
    "42": {
        "1": {
            "sn": "08334",
            "brief": "Pi‘el 事奉、管理、伺候、供职"
        },
        "17": {
            "sn": "03498",
            "brief": "剩、仅存"
        },
        "literal": "他的仆人说：「这一点我如何摆一百人面前呢？」他说：「只管给众人，让他们吃！因为雅威如此说，(众人)必吃了，还有剩下。」",
        "0": {
            "sn": "00559",
            "brief": "说"
        },
        "2": {
            "sn": "04100",
            "brief": "什么"
        },
        "3": {
            "sn": "05414",
            "brief": "给"
        },
        "4": {
            "sn": "02088",
            "brief": "这个"
        },
        "5": {
            "sn": "03942",
            "brief": "在…前面"
        },
        "6": {
            "sn": "03967",
            "brief": "数目的「一百」"
        },
        "7": {
            "sn": "00376",
            "brief": "各人、人、男人、丈夫"
        },
        "8": {
            "sn": "00559",
            "brief": "说"
        },
        "9": {
            "sn": "05414",
            "brief": "给"
        },
        "10": {
            "sn": "05971",
            "brief": "百姓、国民"
        },
        "11": {
            "sn": "00398",
            "brief": "吃、吞吃"
        },
        "12": {
            "sn": "03588",
            "brief": "因为、不必翻译"
        },
        "13": {
            "sn": "03541",
            "brief": "如此、这样、这里和那里"
        },
        "14": {
            "sn": "00559",
            "brief": "说"
        },
        "15": {
            "sn": "03068",
            "brief": "上帝的名字「雅威」，犹太人尊称为「上主」"
        },
        "16": {
            "sn": "00398",
            "brief": "吃、吞吃"
        }
    },
    "41": {
        "4": {
            "sn": "00935",
            "brief": "来、进入、临到、发生"
        },
        "literal": "有一个人从巴力・沙利沙来，他带着饼来送给神人―初熟大麦做的饼二十个，并新穗子，装在口袋里。他(指神人)说：「(把这些)给众人，让他们吃。」",
        "0": {
            "sn": "00376",
            "brief": "各人、人、男人、丈夫"
        },
        "1": {
            "sn": "00935",
            "brief": "来、进入、临到、发生"
        },
        "2": {
            "sn": "01190",
            "brief": "巴力・沙利沙"
        },
        "3": {
            "sn": "01190",
            "brief": "巴力・沙利沙"
        },
        "5": {
            "sn": "00376",
            "brief": "各人、人、男人、丈夫"
        },
        "6": {
            "sn": "00430",
            "brief": "上帝、神、神明"
        },
        "7": {
            "sn": "03899",
            "brief": "面包、食物"
        },
        "8": {
            "sn": "01061",
            "brief": "初熟的果子"
        },
        "9": {
            "sn": "06242",
            "brief": "数目的「二十」"
        },
        "10": {
            "sn": "03899",
            "brief": "面包、食物"
        },
        "11": {
            "sn": "08184",
            "brief": "大麦"
        },
        "12": {
            "sn": "03759",
            "brief": "田园、农田、果园、水果"
        },
        "13": {
            "sn": "06861",
            "brief": "袋子"
        },
        "14": {
            "sn": "00559",
            "brief": "说"
        },
        "15": {
            "sn": "05414",
            "brief": "给"
        },
        "16": {
            "sn": "05971",
            "brief": "百姓、国民"
        },
        "17": {
            "sn": "00398",
            "brief": "吃、吞吃"
        }
    },
    "7": {
        "9": {
            "sn": "02388",
            "brief": "加强、支持、抓住、系紧、强壮、勇敢"
        },
        "literal": "一日，以利沙经过书念，那里有一个大户的妇人强留他吃饭。此后，他每从那里经过就转过去吃饭。",
        "0": {
            "sn": "01961",
            "brief": "是、成为、临到"
        },
        "1": {
            "sn": "03117",
            "brief": "日子、时候"
        },
        "2": {
            "sn": "05674",
            "brief": "经过、穿越、涨溢、离开、拿走、违犯、废除"
        },
        "3": {
            "sn": "00477",
            "brief": "以利沙"
        },
        "4": {
            "sn": "00413",
            "brief": "对、向、往"
        },
        "5": {
            "sn": "07766",
            "brief": "书念"
        },
        "6": {
            "sn": "08033",
            "brief": "那里"
        },
        "7": {
            "sn": "00802",
            "brief": "女人、妻子"
        },
        "8": {
            "sn": "01419",
            "brief": "大的、伟大的"
        },
        "10": {
            "sn": "09002",
            "brief": "在、用、藉着、与、敌对"
        },
        "11": {
            "sn": "00398",
            "brief": "吃、吞吃"
        },
        "12": {
            "sn": "03899",
            "brief": "面包、食物"
        },
        "13": {
            "sn": "01961",
            "brief": "是、成为、临到"
        },
        "14": {
            "sn": "01767",
            "brief": "足够、每每"
        },
        "15": {
            "sn": "05674",
            "brief": "经过、穿越、涨溢、离开、拿走、违犯、废除"
        },
        "16": {
            "sn": "05493",
            "brief": "转离、离开"
        },
        "17": {
            "sn": "08033",
            "brief": "那里"
        },
        "18": {
            "sn": "00398",
            "brief": "吃、吞吃"
        },
        "19": {
            "sn": "03899",
            "brief": "面包、食物"
        }
    },
    "8": {
        "5": {
            "sn": "03045",
            "brief": "Qal 知道、认识、辨别、经历，Hif‘il 使知道、宣告"
        },
        "literal": "她对她丈夫说：「看哪，我知道…他是个神圣的神人。」(…处填入下行) 经常从我们这里经过的那人，",
        "0": {
            "sn": "00559",
            "brief": "说"
        },
        "1": {
            "sn": "00413",
            "brief": "对、向、往"
        },
        "2": {
            "sn": "00376",
            "brief": "各人、人、男人、丈夫"
        },
        "3": {
            "sn": "02009",
            "brief": "看哪"
        },
        "4": {
            "sn": "04994",
            "brief": "作为鼓励语的一部份"
        },
        "6": {
            "sn": "03588",
            "brief": "因为、不必翻译"
        },
        "7": {
            "sn": "00376",
            "brief": "各人、人、男人、丈夫"
        },
        "8": {
            "sn": "00430",
            "brief": "上帝、神、神明"
        },
        "9": {
            "sn": "06918",
            "brief": "圣的、神圣的"
        },
        "10": {
            "sn": "01931",
            "brief": "他"
        },
        "11": {
            "sn": "05674",
            "brief": "经过、穿越、涨溢、离开、拿走、违犯、废除"
        },
        "12": {
            "sn": "05921",
            "brief": "在…上面"
        },
        "13": {
            "sn": "08548",
            "brief": "经常、一直、连续"
        }
    },
    "24": {
        "9": {
            "sn": "07200",
            "brief": "Qal 看见、看顾、察觉，Nif‘al 显现，Hif‘il 显明"
        },
        "20": {
            "sn": "01975",
            "brief": "这个"
        },
        "literal": "妇人就往迦密山去见神人。神人从对面看见她的时候，对他的仆人基哈西说：「看哪，那个书念的妇人(来了)！",
        "0": {
            "sn": "01980",
            "brief": "行走、去"
        },
        "1": {
            "sn": "00935",
            "brief": "来、进入、临到、发生"
        },
        "2": {
            "sn": "00413",
            "brief": "对、向、往"
        },
        "3": {
            "sn": "00376",
            "brief": "各人、人、男人、丈夫"
        },
        "4": {
            "sn": "00430",
            "brief": "上帝、神、神明"
        },
        "5": {
            "sn": "00413",
            "brief": "对、向、往"
        },
        "6": {
            "sn": "02022",
            "brief": "山"
        },
        "7": {
            "sn": "03760",
            "brief": "迦密"
        },
        "8": {
            "sn": "01961",
            "brief": "是、成为、临到"
        },
        "10": {
            "sn": "00376",
            "brief": "各人、人、男人、丈夫"
        },
        "11": {
            "sn": "00430",
            "brief": "上帝、神、神明"
        },
        "12": {
            "sn": "00853",
            "brief": "不必翻译"
        },
        "13": {
            "sn": "05048",
            "brief": "在…之前、前头、在…面前"
        },
        "14": {
            "sn": "00559",
            "brief": "说"
        },
        "15": {
            "sn": "00413",
            "brief": "对、向、往"
        },
        "16": {
            "sn": "01522",
            "brief": "基哈西"
        },
        "17": {
            "sn": "05288",
            "brief": "男孩、少年、年轻人、仆人"
        },
        "18": {
            "sn": "02009",
            "brief": "看哪"
        },
        "19": {
            "sn": "07767",
            "brief": "书念"
        }
    },
    "28": {
        "0": {
            "sn": "00559",
            "brief": "说"
        },
        "1": {
            "sn": "01522",
            "brief": "基哈西"
        },
        "2": {
            "sn": "02296",
            "brief": "束腰"
        },
        "3": {
            "sn": "04975",
            "brief": "腰"
        },
        "4": {
            "sn": "03947",
            "brief": "拿、取"
        },
        "5": {
            "sn": "04938",
            "brief": "拐杖、支持"
        },
        "6": {
            "sn": "03027",
            "brief": "手、边、力量、权势"
        },
        "7": {
            "sn": "01980",
            "brief": "行走、去"
        },
        "8": {
            "sn": "03588",
            "brief": "因为、不必翻译"
        },
        "9": {
            "sn": "04672",
            "brief": "寻找、追上、获得、发现"
        },
        "10": {
            "sn": "00376",
            "brief": "各人、人、男人、丈夫"
        },
        "11": {
            "sn": "03808",
            "brief": "不"
        },
        "12": {
            "sn": "01288",
            "brief": "称颂、祝福、诅咒"
        },
        "13": {
            "sn": "03588",
            "brief": "因为、不必翻译"
        },
        "14": {
            "sn": "01288",
            "brief": "称颂、祝福、诅咒"
        },
        "15": {
            "sn": "00376",
            "brief": "各人、人、男人、丈夫"
        },
        "16": {
            "sn": "03808",
            "brief": "不"
        },
        "17": {
            "sn": "06030",
            "brief": "I. 回答、作证；II. 忙；III. 使受苦、 使低微；IV. 唱歌 (I, IV 的 SN 为 6030. II, III 的 SN 为 6031)"
        },
        "18": {
            "sn": "07760",
            "brief": "设立、置、放"
        },
        "19": {
            "sn": "04938",
            "brief": "拐杖、支持"
        },
        "20": {
            "sn": "05921",
            "brief": "在…上面"
        },
        "21": {
            "sn": "06440",
            "brief": "脸"
        },
        "22": {
            "sn": "05288",
            "brief": "男孩、少年、年轻人、仆人"
        },
        "literal": "他对基哈西说：「束上你的腰，你的手要拿我的杖前去；若遇见人，不要向他问安；人若向你问安，也不要回答他；把我的杖放在孩子脸上。」"
    },
    "43": {
        "literal": "他(指仆人)就摆在他们面前，他们吃了，(果然)还有剩下，正如雅威(所说)的话。",
        "0": {
            "sn": "05414",
            "brief": "给"
        },
        "1": {
            "sn": "03942",
            "brief": "在…前面"
        },
        "2": {
            "sn": "00398",
            "brief": "吃、吞吃"
        },
        "4": {
            "sn": "01697",
            "brief": "言语、话语、事情"
        },
        "5": {
            "sn": "03068",
            "brief": "上帝的名字「雅威」，犹太人尊称为「上主」"
        },
        "6": {
            "sn": "09015",
            "brief": "开的意思"
        },
        "3": {
            "sn": "03498",
            "brief": "剩、仅存"
        }
    },
    "31": {
        "literal": "以利沙来到屋子，看哪，那孩子死了，被放在他的床上。",
        "5": {
            "sn": "04191",
            "brief": "死"
        },
        "0": {
            "sn": "00935",
            "brief": "来、进入、临到、发生"
        },
        "1": {
            "sn": "00477",
            "brief": "以利沙"
        },
        "2": {
            "sn": "01004",
            "brief": "家、房子、殿"
        },
        "3": {
            "sn": "02009",
            "brief": "看哪"
        },
        "4": {
            "sn": "05288",
            "brief": "男孩、少年、年轻人、仆人"
        },
        "7": {
            "sn": "05921",
            "brief": "在…上面"
        },
        "8": {
            "sn": "04296",
            "brief": "睡椅、床"
        },
        "6": {
            "sn": "07901",
            "brief": "躺卧、同寝"
        }
    },
    "19": {
        "1": {
            "sn": "00935",
            "brief": "来、进入、临到、发生"
        },
        "0": {
            "sn": "05375",
            "brief": "高举、举起、背负、承担"
        },
        "2": {
            "sn": "00413",
            "brief": "对、向、往"
        },
        "3": {
            "sn": "00517",
            "brief": "母亲"
        },
        "4": {
            "sn": "03427",
            "brief": "居住、坐、停留"
        },
        "5": {
            "sn": "05921",
            "brief": "在…上面"
        },
        "6": {
            "sn": "01290",
            "brief": "膝盖"
        },
        "7": {
            "sn": "05704",
            "brief": "直到、甚至"
        },
        "8": {
            "sn": "06672",
            "brief": "正午"
        },
        "9": {
            "sn": "04191",
            "brief": "死"
        },
        "literal": "他(指仆人)把他抱去，带他到他母亲那里；他(指孩子)坐在她的膝上，到中午他就死了。"
    },
    "16": {
        "8": {
            "sn": "00834",
            "brief": "不必翻译"
        },
        "literal": "妇人怀了孕，到那特定的时候，…她就生了一个儿子，(…处填入下行)就是以利沙对她所说生命(成熟)的时候，",
        "0": {
            "sn": "02029",
            "brief": "怀孕"
        },
        "1": {
            "sn": "00802",
            "brief": "女人、妻子"
        },
        "2": {
            "sn": "03205",
            "brief": "生出、出生"
        },
        "3": {
            "sn": "01121",
            "brief": "儿子、孙子、后裔、成员"
        },
        "4": {
            "sn": "04150",
            "brief": "指定的节期、指定的聚会"
        },
        "5": {
            "sn": "02088",
            "brief": "这个"
        },
        "6": {
            "sn": "06256",
            "brief": "时候、时刻"
        },
        "7": {
            "sn": "02416",
            "brief": "生活、活的"
        },
        "10": {
            "sn": "00413",
            "brief": "对、向、往"
        },
        "11": {
            "sn": "00477",
            "brief": "以利沙"
        },
        "12": {
            "sn": "00413",
            "brief": "对、向、往"
        },
        "13": {
            "sn": "00477",
            "brief": "以利沙"
        },
        "9": {
            "sn": "01696",
            "brief": "Pi‘el 讲、说、指挥"
        }
    },
    "32": {
        "0": {
            "sn": "00935",
            "brief": "来、进入、临到、发生"
        },
        "2": {
            "sn": "01817",
            "brief": "门"
        },
        "literal": "他进去，在他们两人背后把门关上，他便向雅威祈祷，",
        "3": {
            "sn": "01157",
            "brief": "为了、背后、穿过、围绕"
        },
        "4": {
            "sn": "08147",
            "brief": "数目的「二」"
        },
        "6": {
            "sn": "00413",
            "brief": "对、向、往"
        },
        "7": {
            "sn": "03068",
            "brief": "上帝的名字「雅威」，犹太人尊称为「上主」"
        },
        "5": {
            "sn": "06419",
            "brief": "Qal 祷告，Hitpa‘el 祷告、代求"
        },
        "1": {
            "sn": "05462",
            "brief": "Qal 关闭、堵塞，Pi‘el 关闭、交付，Hif‘il 关闭、交付"
        }
    },
    "27": {
        "6": {
            "sn": "00559",
            "brief": "说"
        },
        "7": {
            "sn": "03808",
            "brief": "不"
        },
        "5": {
            "sn": "03808",
            "brief": "不"
        },
        "literal": "她(指妇人)说：「我何尝向我主求过儿子呢？我岂没有说过，不要欺哄我吗？」",
        "0": {
            "sn": "00559",
            "brief": "说"
        },
        "1": {
            "sn": "07592",
            "brief": "问、询问"
        },
        "2": {
            "sn": "01121",
            "brief": "儿子、孙子、后裔、成员"
        },
        "3": {
            "sn": "00854",
            "brief": "与、跟"
        },
        "4": {
            "sn": "00113",
            "brief": "主人"
        },
        "9": {
            "sn": "00853",
            "brief": "不必翻译"
        },
        "8": {
            "sn": "07952",
            "brief": "误导"
        }
    },
    "9": {
        "4": {
            "sn": "06996",
            "brief": "小的"
        },
        "literal": "我们可以盖一间有墙的小楼房，在那里为他摆设床榻、和桌子、和椅子、和灯台，他来到我们这里的时候就可以转过去(住在)那里。」",
        "0": {
            "sn": "06213",
            "brief": "做"
        },
        "1": {
            "sn": "04994",
            "brief": "作为鼓励语的一部份"
        },
        "2": {
            "sn": "05944",
            "brief": "楼房、顶楼"
        },
        "3": {
            "sn": "07023",
            "brief": "墙"
        },
        "5": {
            "sn": "07760",
            "brief": "设立、置、放"
        },
        "6": {
            "sn": "09001",
            "brief": "给、往、向、到、归属于"
        },
        "7": {
            "sn": "08033",
            "brief": "那里"
        },
        "8": {
            "sn": "04296",
            "brief": "睡椅、床"
        },
        "9": {
            "sn": "07979",
            "brief": "筵席、桌子"
        },
        "10": {
            "sn": "03678",
            "brief": "宝座、座位"
        },
        "11": {
            "sn": "04501",
            "brief": "灯台"
        },
        "12": {
            "sn": "01961",
            "brief": "是、成为、临到"
        },
        "13": {
            "sn": "00935",
            "brief": "来、进入、临到、发生"
        },
        "14": {
            "sn": "00413",
            "brief": "对、向、往"
        },
        "15": {
            "sn": "05493",
            "brief": "转离、离开"
        },
        "16": {
            "sn": "08033",
            "brief": "那里"
        }
    },
    "4": {
        "literal": "于是，她离开他，在她和她儿子们的背后关上门；他们把器皿拿来给她，她就(开始)倒油。",
        "0": {
            "sn": "01980",
            "brief": "行走、去"
        },
        "1": {
            "sn": "00854",
            "brief": "与、跟"
        },
        "3": {
            "sn": "01817",
            "brief": "门"
        },
        "4": {
            "sn": "01157",
            "brief": "为了、背后、穿过、围绕"
        },
        "5": {
            "sn": "01157",
            "brief": "为了、背后、穿过、围绕"
        },
        "6": {
            "sn": "01121",
            "brief": "儿子、孙子、后裔、成员"
        },
        "7": {
            "sn": "01992",
            "brief": "他们、它们"
        },
        "9": {
            "sn": "00413",
            "brief": "对、向、往"
        },
        "10": {
            "sn": "01931",
            "brief": "他；她"
        },
        "8": {
            "sn": "05066",
            "brief": "靠近"
        },
        "11": {
            "sn": "03332",
            "brief": "倒、浇灌"
        },
        "2": {
            "sn": "05462",
            "brief": "Qal 关闭、堵塞，Pi‘el 关闭、交付，Hif‘il 关闭、交付"
        }
    },
    "10": {
        "literal": "一日，以利沙来到那里，就转到那楼房，在那里躺卧。",
        "0": {
            "sn": "01961",
            "brief": "是、成为、临到"
        },
        "1": {
            "sn": "03117",
            "brief": "日子、时候"
        },
        "2": {
            "sn": "00935",
            "brief": "来、进入、临到、发生"
        },
        "3": {
            "sn": "08033",
            "brief": "那里"
        },
        "4": {
            "sn": "05493",
            "brief": "转离、离开"
        },
        "5": {
            "sn": "00413",
            "brief": "对、向、往"
        },
        "6": {
            "sn": "05944",
            "brief": "楼房、顶楼"
        },
        "7": {
            "sn": "07901",
            "brief": "躺卧、同寝"
        },
        "8": {
            "sn": "08033",
            "brief": "那里"
        }
    },
    "14": {
        "5": {
            "sn": "05975",
            "brief": "Qal 站立、侍立、停留，Hif‘il 设立、使坚定"
        },
        "literal": "他(指以利沙)说：「去叫她来。」于是他他(指基哈西)把她叫来，她就站在门口。",
        "0": {
            "sn": "00559",
            "brief": "说"
        },
        "1": {
            "sn": "07121",
            "brief": "喊叫、召集、称呼、求告、朗读"
        },
        "2": {
            "sn": "09001",
            "brief": "给、往、向、到、归属于"
        },
        "3": {
            "sn": "07121",
            "brief": "喊叫、召集、称呼、求告、朗读"
        },
        "4": {
            "sn": "09001",
            "brief": "给、往、向、到、归属于"
        },
        "6": {
            "sn": "06607",
            "brief": "通道、入口"
        }
    },
    "18": {
        "literal": "他对他父亲说：「我的头，我的头啊！」他(指父亲)对仆人说：「把他抱到他母亲那里。」",
        "0": {
            "sn": "00559",
            "brief": "说"
        },
        "1": {
            "sn": "00413",
            "brief": "对、向、往"
        },
        "2": {
            "sn": "00001",
            "brief": "父亲、祖先"
        },
        "3": {
            "sn": "07218",
            "brief": "头、起头、山顶、领袖"
        },
        "4": {
            "sn": "07218",
            "brief": "头、起头、山顶、领袖"
        },
        "5": {
            "sn": "00559",
            "brief": "说"
        },
        "6": {
            "sn": "00413",
            "brief": "对、向、往"
        },
        "7": {
            "sn": "05288",
            "brief": "男孩、少年、年轻人、仆人"
        },
        "8": {
            "sn": "05375",
            "brief": "高举、举起、背负、承担"
        },
        "9": {
            "sn": "00413",
            "brief": "对、向、往"
        },
        "10": {
            "sn": "00517",
            "brief": "母亲"
        }
    },
    "34": {
        "literal": "然后他回来，在屋里这里和那里走了一趟，又上去伏在他(指孩子)身上，孩子打了七次的喷嚏，孩子就睁开他的眼睛了。",
        "1": {
            "sn": "01980",
            "brief": "行走、去"
        },
        "2": {
            "sn": "01004",
            "brief": "家、房子、殿"
        },
        "0": {
            "sn": "07725",
            "brief": "Qal 回复、回转、重复，Po‘lel 带回、复兴、更新，Hif‘il 回报、报告、带回"
        },
        "3": {
            "sn": "00259",
            "brief": "数目的「一」"
        },
        "4": {
            "sn": "02008",
            "brief": "这里、现在"
        },
        "5": {
            "sn": "00259",
            "brief": "数目的「一」"
        },
        "6": {
            "sn": "02008",
            "brief": "这里、现在"
        },
        "7": {
            "sn": "05927",
            "brief": "上去、升高、生长、献上"
        },
        "8": {
            "sn": "01457",
            "brief": "曲膝蹲伏"
        },
        "9": {
            "sn": "05921",
            "brief": "在…上面"
        },
        "10": {
            "sn": "02237",
            "brief": "打喷嚏"
        },
        "11": {
            "sn": "05288",
            "brief": "男孩、少年、年轻人、仆人"
        },
        "12": {
            "sn": "05704",
            "brief": "直到、甚至"
        },
        "13": {
            "sn": "07651",
            "brief": "数目的「七」"
        },
        "14": {
            "sn": "06471",
            "brief": "敲击、脚步、这一次、次数"
        },
        "15": {
            "sn": "06491",
            "brief": "开"
        },
        "16": {
            "sn": "05288",
            "brief": "男孩、少年、年轻人、仆人"
        },
        "17": {
            "sn": "00853",
            "brief": "不必翻译"
        },
        "18": {
            "sn": "05869",
            "brief": "眼睛、水泉、泉源"
        }
    },
    "29": {
        "literal": "孩子的母亲说：「我指着永生的雅威和你的生命起誓，我必不离开你。」于是他起身，随着她去了。",
        "0": {
            "sn": "00559",
            "brief": "说"
        },
        "1": {
            "sn": "00517",
            "brief": "母亲"
        },
        "2": {
            "sn": "05288",
            "brief": "男孩、少年、年轻人、仆人"
        },
        "3": {
            "sn": "02416",
            "brief": "活的"
        },
        "4": {
            "sn": "03068",
            "brief": "上帝的名字「雅威」，犹太人尊称为「上主」"
        },
        "5": {
            "sn": "02416",
            "brief": "活的"
        },
        "6": {
            "sn": "05315",
            "brief": "生命、人"
        },
        "7": {
            "sn": "00518",
            "brief": "如果"
        },
        "8": {
            "sn": "05800",
            "brief": "I. 离弃、撇下；II. 修复"
        },
        "9": {
            "sn": "06965",
            "brief": "起来、设立、坚立"
        },
        "10": {
            "sn": "01980",
            "brief": "行走、去"
        },
        "11": {
            "sn": "00310",
            "brief": "后面、跟着"
        }
    },
    "36": {
        "literal": "她就进来，在他(指以利沙)脚前叩拜于地，抱起她的儿子出去了。",
        "0": {
            "sn": "00935",
            "brief": "来、进入、临到、发生"
        },
        "1": {
            "sn": "05307",
            "brief": "跌落、跌倒、使签落在..."
        },
        "2": {
            "sn": "05921",
            "brief": "在…上面"
        },
        "3": {
            "sn": "07272",
            "brief": "脚"
        },
        "4": {
            "sn": "09013",
            "brief": "跪拜、下拜"
        },
        "5": {
            "sn": "00776",
            "brief": "地、邦国、疆界"
        },
        "6": {
            "sn": "05375",
            "brief": "高举、举起、背负、承担"
        },
        "7": {
            "sn": "00853",
            "brief": "不必翻译"
        },
        "8": {
            "sn": "01121",
            "brief": "儿子、孙子、后裔、成员"
        },
        "10": {
            "sn": "09015",
            "brief": "开的意思"
        },
        "9": {
            "sn": "03318",
            "brief": "Qal 出去，Hif‘il 领出"
        }
    },
    "5": {
        "11": {
            "sn": "00413",
            "brief": "对、向、往"
        },
        "6": {
            "sn": "05066",
            "brief": "靠近"
        },
        "literal": "器皿都满了，她对她的儿子说：「再去拿器皿来给我。」他对她说：「再没有器皿了。」油就停住了。",
        "0": {
            "sn": "01961",
            "brief": "是、成为、临到"
        },
        "1": {
            "sn": "04390",
            "brief": "充满"
        },
        "2": {
            "sn": "03627",
            "brief": "物品、器皿、器械、器具"
        },
        "3": {
            "sn": "00559",
            "brief": "说"
        },
        "4": {
            "sn": "00413",
            "brief": "对、向、往"
        },
        "5": {
            "sn": "01121",
            "brief": "儿子、孙子、后裔、成员"
        },
        "7": {
            "sn": "00413",
            "brief": "对、向、往"
        },
        "9": {
            "sn": "03627",
            "brief": "物品、器皿、器械、器具"
        },
        "10": {
            "sn": "00559",
            "brief": "说"
        },
        "12": {
            "sn": "00369",
            "brief": "没有、除非"
        },
        "14": {
            "sn": "03627",
            "brief": "物品、器皿、器械、器具"
        },
        "16": {
            "sn": "08081",
            "brief": "膏油"
        },
        "15": {
            "sn": "05975",
            "brief": "Qal 站立、侍立、停留，Hif‘il 设立、使坚定"
        },
        "8": {
            "sn": "05750",
            "brief": "再、仍然、持续"
        },
        "13": {
            "sn": "05750",
            "brief": "再、仍然、持续"
        }
    },
    "35": {
        "literal": "以利沙叫基哈西说：「去叫这书念妇人来。」他就叫了她来。她来到他那里，他说：「将你儿子抱起来。」",
        "0": {
            "sn": "07121",
            "brief": "喊叫、召集、称呼、求告、朗读"
        },
        "1": {
            "sn": "00413",
            "brief": "对、向、往"
        },
        "2": {
            "sn": "01522",
            "brief": "基哈西"
        },
        "3": {
            "sn": "00559",
            "brief": "说"
        },
        "4": {
            "sn": "07121",
            "brief": "喊叫、召集、称呼、求告、朗读"
        },
        "5": {
            "sn": "00413",
            "brief": "对、向、往"
        },
        "6": {
            "sn": "07767",
            "brief": "书念女子"
        },
        "7": {
            "sn": "02063",
            "brief": "这个"
        },
        "8": {
            "sn": "07121",
            "brief": "喊叫、召集、称呼、求告、朗读"
        },
        "9": {
            "sn": "00935",
            "brief": "来、进入、临到、发生"
        },
        "10": {
            "sn": "00413",
            "brief": "对、向、往"
        },
        "11": {
            "sn": "00559",
            "brief": "说"
        },
        "12": {
            "sn": "05375",
            "brief": "高举、举起、背负、承担"
        },
        "13": {
            "sn": "01121",
            "brief": "儿子、孙子、后裔、成员"
        }
    },
    "15": {
        "literal": "他说：「到那特定的时候，生命(成熟)的时候，你必抱一个儿子。」她说：「神人我主啊，不，不要欺哄你的婢女。」",
        "0": {
            "sn": "00559",
            "brief": "说"
        },
        "1": {
            "sn": "04150",
            "brief": "指定的节期、指定的聚会"
        },
        "2": {
            "sn": "02088",
            "brief": "这个"
        },
        "3": {
            "sn": "06256",
            "brief": "时候、时刻"
        },
        "4": {
            "sn": "02416",
            "brief": "活的"
        },
        "5": {
            "sn": "00859",
            "brief": "你；你"
        },
        "6": {
            "sn": "02263",
            "brief": "拥抱"
        },
        "7": {
            "sn": "01121",
            "brief": "儿子、孙子、后裔、成员"
        },
        "8": {
            "sn": "00559",
            "brief": "说"
        },
        "9": {
            "sn": "00408",
            "brief": "不"
        },
        "10": {
            "sn": "00113",
            "brief": "主人"
        },
        "11": {
            "sn": "00376",
            "brief": "各人、人、男人、丈夫"
        },
        "12": {
            "sn": "00430",
            "brief": "上帝、神、神明"
        },
        "13": {
            "sn": "00408",
            "brief": "不"
        },
        "15": {
            "sn": "08198",
            "brief": "婢女"
        },
        "14": {
            "sn": "03576",
            "brief": "无效、欺骗、说谎"
        }
    },
    "20": {
        "literal": "她上去，让他躺卧在神人的床铺上，在他背后关上门就出来。",
        "0": {
            "sn": "05927",
            "brief": "上去、升高、生长、献上"
        },
        "2": {
            "sn": "05921",
            "brief": "在…上面"
        },
        "3": {
            "sn": "04296",
            "brief": "睡椅、床"
        },
        "4": {
            "sn": "00376",
            "brief": "各人、人、男人、丈夫"
        },
        "5": {
            "sn": "00430",
            "brief": "上帝、神、神明"
        },
        "7": {
            "sn": "01157",
            "brief": "为了、背后、穿过、围绕"
        },
        "1": {
            "sn": "07901",
            "brief": "躺卧、同寝"
        },
        "6": {
            "sn": "05462",
            "brief": "Qal 关闭、堵塞，Pi‘el 关闭、交付，Hif‘il 关闭、交付"
        },
        "8": {
            "sn": "03318",
            "brief": "Qal 出去，Hif‘il 领出"
        }
    }
}