{
    "18": {
        "13": {
            "sn": "09001",
            "brief": "给、往、向、到、归属于"
        },
        "literal": "雅威却…不愿意灭绝犹大，(…处填入下行)因他仆人大卫的缘故，照自己对他(指大卫，下同)所说的，不断地赐灯光给他和他的子孙。",
        "3": {
            "sn": "07843",
            "brief": "毁灭"
        },
        "1": {
            "sn": "00014",
            "brief": "愿意"
        },
        "2": {
            "sn": "03068",
            "brief": "上帝的名字「雅威」，犹太人尊称为「上主」"
        },
        "4": {
            "sn": "00853",
            "brief": "不必翻译"
        },
        "5": {
            "sn": "03063",
            "brief": "犹大"
        },
        "6": {
            "sn": "04616",
            "brief": "为了"
        },
        "7": {
            "sn": "01732",
            "brief": "大卫"
        },
        "8": {
            "sn": "05650",
            "brief": "仆人、奴隶"
        },
        "9": {
            "sn": "00834",
            "brief": "不必翻译"
        },
        "10": {
            "sn": "00559",
            "brief": "说"
        },
        "11": {
            "sn": "09001",
            "brief": "给、往、向、到、归属于"
        },
        "12": {
            "sn": "05414",
            "brief": "给"
        },
        "14": {
            "sn": "05216",
            "brief": "灯"
        },
        "15": {
            "sn": "01121",
            "brief": "儿子、孙子、后裔、成员"
        },
        "16": {
            "sn": "03605",
            "brief": "全部、整个、各"
        },
        "17": {
            "sn": "03117",
            "brief": "日子、时候"
        },
        "0": {
            "sn": "03808",
            "brief": "不"
        }
    },
    "5": {
        "4": {
            "sn": "09001",
            "brief": "给、往、向、到、归属于"
        },
        "6": {
            "sn": "09001",
            "brief": "给、往、向、到、归属于"
        },
        "15": {
            "sn": "09001",
            "brief": "给、往、向、到、归属于"
        },
        "literal": "王问那妇人，她就告诉他。于是王派给她一个太监，说：「凡属她的一切，…都还给她。」(…处填入下二行)和…田地一切的出产，(…处填入下行)自从她离开这地的日子直到现在，",
        "0": {
            "sn": "07592",
            "brief": "问、询问"
        },
        "1": {
            "sn": "04428",
            "brief": "君王、国王"
        },
        "2": {
            "sn": "00802",
            "brief": "女人、妻子"
        },
        "3": {
            "sn": "05608",
            "brief": "1. 动词：述说、计算；2. 名词：文士、书记"
        },
        "5": {
            "sn": "05414",
            "brief": "给"
        },
        "11": {
            "sn": "07725",
            "brief": "Qal 回复、回转、重复，Po‘lel 带回、复兴、更新，Hif‘il 回报、报告、带回"
        },
        "7": {
            "sn": "04428",
            "brief": "君王、国王"
        },
        "8": {
            "sn": "05631",
            "brief": "大臣、太监"
        },
        "9": {
            "sn": "00259",
            "brief": "数目的「一」"
        },
        "10": {
            "sn": "00559",
            "brief": "说"
        },
        "12": {
            "sn": "00853",
            "brief": "不必翻译"
        },
        "13": {
            "sn": "03605",
            "brief": "全部、整个、各"
        },
        "14": {
            "sn": "00834",
            "brief": "不必翻译"
        },
        "16": {
            "sn": "00853",
            "brief": "不必翻译"
        },
        "17": {
            "sn": "03605",
            "brief": "全部、整个、各"
        },
        "18": {
            "sn": "08393",
            "brief": "出产、生产、岁入、税收"
        },
        "19": {
            "sn": "07704",
            "brief": "田地"
        },
        "20": {
            "sn": "03117",
            "brief": "日子、时候"
        },
        "21": {
            "sn": "05800",
            "brief": "I. 离弃、撇下；II. 修复"
        },
        "22": {
            "sn": "00853",
            "brief": "不必翻译"
        },
        "23": {
            "sn": "00776",
            "brief": "地、邦国、疆界"
        },
        "24": {
            "sn": "05704",
            "brief": "直到"
        },
        "25": {
            "sn": "06258",
            "brief": "现在"
        },
        "26": {
            "sn": "09015",
            "brief": "开的意思"
        }
    },
    "6": {
        "9": {
            "sn": "09001",
            "brief": "给、往、向、到、归属于"
        },
        "8": {
            "sn": "05046",
            "brief": "Hif‘il 告诉、宣布、声明、通知"
        },
        "10": {
            "sn": "00559",
            "brief": "说"
        },
        "literal": "以利沙来到大马士革，亚兰王便・哈达正患病。有人告诉他说：「神人来到这里了。」",
        "0": {
            "sn": "00935",
            "brief": "来、进入、临到、发生"
        },
        "1": {
            "sn": "00477",
            "brief": "以利沙"
        },
        "2": {
            "sn": "01834",
            "brief": "大马士革"
        },
        "3": {
            "sn": "01130",
            "brief": "便・哈达"
        },
        "4": {
            "sn": "01130",
            "brief": "便・哈达"
        },
        "5": {
            "sn": "04428",
            "brief": "君王、国王"
        },
        "6": {
            "sn": "00758",
            "brief": "亚兰人、亚兰、叙利亚"
        },
        "11": {
            "sn": "00935",
            "brief": "来、进入、临到、发生"
        },
        "12": {
            "sn": "00376",
            "brief": "各人、人、男人、丈夫"
        },
        "13": {
            "sn": "00430",
            "brief": "上帝、神、神明"
        },
        "14": {
            "sn": "05704",
            "brief": "直到"
        },
        "15": {
            "sn": "02008",
            "brief": "这里、现在"
        },
        "7": {
            "sn": "02470",
            "brief": "I. Qal 生病，Hof‘al 受伤，II. Pi‘el 恳求施恩"
        }
    },
    "23": {
        "7": {
            "sn": "05892",
            "brief": "城邑、城镇"
        },
        "literal": "约兰与他列祖同睡，葬在大卫城他列祖的坟地里。他儿子亚哈谢接续他作王。",
        "0": {
            "sn": "07901",
            "brief": "躺卧、同寝"
        },
        "1": {
            "sn": "03141",
            "brief": "约兰"
        },
        "2": {
            "sn": "05973",
            "brief": "跟、与、和"
        },
        "3": {
            "sn": "00001",
            "brief": "父亲、祖先"
        },
        "4": {
            "sn": "06912",
            "brief": "埋葬"
        },
        "5": {
            "sn": "05973",
            "brief": "跟、与、和"
        },
        "6": {
            "sn": "00001",
            "brief": "父亲、祖先"
        },
        "8": {
            "sn": "01732",
            "brief": "大卫"
        },
        "9": {
            "sn": "04427",
            "brief": "作王、统治"
        },
        "10": {
            "sn": "00274",
            "brief": "亚哈谢"
        },
        "11": {
            "sn": "01121",
            "brief": "儿子、孙子、后裔、成员"
        },
        "12": {
            "sn": "08478",
            "brief": "1. 名词：位置、地方；2. 介系词：在…之下；3. 介系词：代替、因为"
        },
        "13": {
            "sn": "09015",
            "brief": "开的意思"
        }
    },
    "8": {
        "8": {
            "sn": "01834",
            "brief": "大马士革"
        },
        "9": {
            "sn": "04853",
            "brief": "I. 利慕伊勒王的国度；II. 重担、负担、贡物；III. 默示、神谕"
        },
        "10": {
            "sn": "00705",
            "brief": "数目的「四十」"
        },
        "11": {
            "sn": "01581",
            "brief": "骆驼"
        },
        "12": {
            "sn": "00935",
            "brief": "来、进入、临到、发生"
        },
        "14": {
            "sn": "03942",
            "brief": "在…前面"
        },
        "15": {
            "sn": "00559",
            "brief": "说"
        },
        "16": {
            "sn": "01121",
            "brief": "儿子、孙子、后裔、成员"
        },
        "19": {
            "sn": "04428",
            "brief": "君王、国王"
        },
        "13": {
            "sn": "05975",
            "brief": "Qal 站立、侍立、停留，Hif‘il 设立、使坚定"
        },
        "24": {
            "sn": "02421",
            "brief": "Qal 活、存活，Pi‘el 生长、复苏、保存生命，Hif‘il 使存活、复活"
        },
        "3": {
            "sn": "03947",
            "brief": "拿、取"
        },
        "literal": "于是哈薛去迎见他(指以利沙)，他(指哈薛)带着礼物在他手里，用四十只骆驼驮着的大马士革的各样美物。他(指哈薛)抵达，站在他(指以利沙)面前，说：「你儿子亚兰王便・哈达差我到你这里，说：『我能够从这病中获得痊愈吗？』」",
        "0": {
            "sn": "01980",
            "brief": "去"
        },
        "1": {
            "sn": "02371",
            "brief": "哈薛"
        },
        "2": {
            "sn": "07125",
            "brief": "迎接、遇见、偶然相遇"
        },
        "4": {
            "sn": "04503",
            "brief": "供物、礼物、祭物、素祭"
        },
        "5": {
            "sn": "03027",
            "brief": "手、边、力量、权势"
        },
        "6": {
            "sn": "03605",
            "brief": "全部、整个、各"
        },
        "7": {
            "sn": "02898",
            "brief": "美物"
        },
        "17": {
            "sn": "01130",
            "brief": "便・哈达"
        },
        "18": {
            "sn": "01130",
            "brief": "便・哈达"
        },
        "20": {
            "sn": "00758",
            "brief": "亚兰人、亚兰、叙利亚"
        },
        "21": {
            "sn": "07971",
            "brief": "差遣、释放、送走、伸出、伸展"
        },
        "22": {
            "sn": "00413",
            "brief": "对、向、往"
        },
        "23": {
            "sn": "00559",
            "brief": "说"
        },
        "25": {
            "sn": "02483",
            "brief": "生病"
        },
        "26": {
            "sn": "02088",
            "brief": "这个"
        }
    },
    "14": {
        "0": {
            "sn": "01961",
            "brief": "是、成为、临到"
        },
        "2": {
            "sn": "03947",
            "brief": "拿、取"
        },
        "3": {
            "sn": "04346",
            "brief": "网状的布料或床单"
        },
        "4": {
            "sn": "02881",
            "brief": "蘸、浸入、陷入"
        },
        "5": {
            "sn": "04325",
            "brief": "水"
        },
        "6": {
            "sn": "06566",
            "brief": "撒开、铺在…上面"
        },
        "7": {
            "sn": "05921",
            "brief": "在…上面"
        },
        "8": {
            "sn": "06440",
            "brief": "脸"
        },
        "9": {
            "sn": "04191",
            "brief": "死"
        },
        "10": {
            "sn": "04427",
            "brief": "作王、统治"
        },
        "11": {
            "sn": "02371",
            "brief": "哈薛"
        },
        "1": {
            "sn": "04283",
            "brief": "翌日"
        },
        "12": {
            "sn": "08478",
            "brief": "1. 名词：位置、地方；2. 介系词：在…之下；3. 介系词：代替、因为"
        },
        "13": {
            "sn": "09015",
            "brief": "开的意思"
        },
        "literal": "次日，他(指哈薛)拿了床单浸在水中，蒙住他(指王)的脸，他(指王)就死了。于是哈薛取代他作王。"
    },
    "12": {
        "literal": "哈薛说：「你的仆人算甚么，不过是一条狗，焉能行这大事呢？」以利沙说：「雅威指示我，你必作亚兰王。」",
        "0": {
            "sn": "00559",
            "brief": "说"
        },
        "1": {
            "sn": "02371",
            "brief": "哈薛"
        },
        "2": {
            "sn": "03588",
            "brief": "因为、不必翻译"
        },
        "3": {
            "sn": "04100",
            "brief": "什么"
        },
        "4": {
            "sn": "05650",
            "brief": "仆人、奴隶"
        },
        "5": {
            "sn": "03611",
            "brief": "狗"
        },
        "6": {
            "sn": "03588",
            "brief": "因为、不必翻译"
        },
        "7": {
            "sn": "06213",
            "brief": "做"
        },
        "8": {
            "sn": "01697",
            "brief": "话语、言词"
        },
        "9": {
            "sn": "01419",
            "brief": "大的、伟大的"
        },
        "10": {
            "sn": "02088",
            "brief": "这个"
        },
        "11": {
            "sn": "00559",
            "brief": "说"
        },
        "12": {
            "sn": "00477",
            "brief": "以利沙"
        },
        "14": {
            "sn": "03068",
            "brief": "上帝的名字「雅威」，犹太人尊称为「上主」"
        },
        "15": {
            "sn": "00853",
            "brief": "不必翻译"
        },
        "16": {
            "sn": "04428",
            "brief": "君王、国王"
        },
        "17": {
            "sn": "05921",
            "brief": "在…上面"
        },
        "18": {
            "sn": "00758",
            "brief": "亚兰人、亚兰、叙利亚"
        },
        "13": {
            "sn": "07200",
            "brief": "Qal 看见、看顾、察觉，Nif‘al 显现，Hif‘il 显明"
        }
    },
    "16": {
        "0": {
            "sn": "01121",
            "brief": "儿子、孙子、后裔、成员"
        },
        "1": {
            "sn": "07970",
            "brief": "数目的「三十」"
        },
        "2": {
            "sn": "08147",
            "brief": "数目的「二」"
        },
        "3": {
            "sn": "08141",
            "brief": "年"
        },
        "4": {
            "sn": "01961",
            "brief": "是、成为、临到"
        },
        "7": {
            "sn": "08141",
            "brief": "年"
        },
        "5": {
            "sn": "04427",
            "brief": "作王、统治"
        },
        "6": {
            "sn": "08083",
            "brief": "数目的「八」"
        },
        "8": {
            "sn": "04427",
            "brief": "作王、统治"
        },
        "9": {
            "sn": "03389",
            "brief": "耶路撒冷"
        },
        "literal": "在他登基的时候是三十二岁之子，他在耶路撒冷作王八年。"
    },
    "15": {
        "0": {
            "sn": "08141",
            "brief": "年"
        },
        "1": {
            "sn": "02568",
            "brief": "数目的「五」"
        },
        "2": {
            "sn": "03141",
            "brief": "约兰"
        },
        "3": {
            "sn": "01121",
            "brief": "儿子、孙子、后裔、成员"
        },
        "4": {
            "sn": "00256",
            "brief": "亚哈"
        },
        "5": {
            "sn": "04428",
            "brief": "君王、国王"
        },
        "6": {
            "sn": "03478",
            "brief": "以色列"
        },
        "7": {
            "sn": "03092",
            "brief": "约沙法"
        },
        "8": {
            "sn": "04428",
            "brief": "君王、国王"
        },
        "9": {
            "sn": "03063",
            "brief": "犹大"
        },
        "10": {
            "sn": "04427",
            "brief": "作王、统治"
        },
        "11": {
            "sn": "03088",
            "brief": "约兰"
        },
        "12": {
            "sn": "01121",
            "brief": "儿子、孙子、后裔、成员"
        },
        "13": {
            "sn": "03092",
            "brief": "约沙法"
        },
        "14": {
            "sn": "04428",
            "brief": "君王、国王"
        },
        "15": {
            "sn": "03063",
            "brief": "犹大"
        },
        "literal": "以色列王亚哈的儿子约兰第五年，约沙法还是犹大王的时候，约沙法的儿子约兰登基作了犹大王。"
    },
    "3": {
        "8": {
            "sn": "05608",
            "brief": "1. 动词：述说、计算；2. 名词：文士、书记"
        },
        "literal": "王正在跟神人的仆人基哈西说话，说：「请将以利沙所行的一切大事告诉我。」",
        "0": {
            "sn": "04428",
            "brief": "君王、国王"
        },
        "2": {
            "sn": "00413",
            "brief": "对、向、往"
        },
        "3": {
            "sn": "01522",
            "brief": "基哈西"
        },
        "4": {
            "sn": "05288",
            "brief": "男孩、少年、年轻人、仆人"
        },
        "5": {
            "sn": "00376",
            "brief": "各人、人、男人、丈夫"
        },
        "6": {
            "sn": "00430",
            "brief": "上帝、神、神明"
        },
        "7": {
            "sn": "00559",
            "brief": "说"
        },
        "9": {
            "sn": "04994",
            "brief": "作为鼓励语的一部份"
        },
        "10": {
            "sn": "09001",
            "brief": "给、往、向、到、归属于"
        },
        "11": {
            "sn": "00853",
            "brief": "不必翻译"
        },
        "12": {
            "sn": "03605",
            "brief": "全部、整个、各"
        },
        "13": {
            "sn": "01419",
            "brief": "大的、伟大的"
        },
        "14": {
            "sn": "00834",
            "brief": "不必翻译"
        },
        "15": {
            "sn": "06213",
            "brief": "做"
        },
        "16": {
            "sn": "00477",
            "brief": "以利沙"
        },
        "1": {
            "sn": "01696",
            "brief": "Pi‘el 讲、说、指挥"
        }
    },
    "0": {
        "1": {
            "sn": "01696",
            "brief": "Pi‘el 讲、说、指挥"
        },
        "literal": "以利沙对他曾救活她儿子的那妇人说：「你和你的家(人)要起身往你可住的地方去住，因为雅威召来饥荒，它甚至会降在这地七年。」",
        "0": {
            "sn": "00477",
            "brief": "以利沙"
        },
        "2": {
            "sn": "00413",
            "brief": "对、向、往"
        },
        "3": {
            "sn": "00802",
            "brief": "女人、妻子"
        },
        "4": {
            "sn": "00834",
            "brief": "不必翻译"
        },
        "5": {
            "sn": "02421",
            "brief": "Qal 活、存活，Pi‘el 生长、复苏、保存生命，Hif‘il 使存活、复活"
        },
        "6": {
            "sn": "00853",
            "brief": "不必翻译"
        },
        "7": {
            "sn": "01121",
            "brief": "儿子、孙子、后裔、成员"
        },
        "8": {
            "sn": "00559",
            "brief": "说"
        },
        "9": {
            "sn": "06965",
            "brief": "起来、设立、坚立"
        },
        "10": {
            "sn": "01980",
            "brief": "去"
        },
        "11": {
            "sn": "00859",
            "brief": "你"
        },
        "12": {
            "sn": "01004",
            "brief": "殿、房屋、家"
        },
        "14": {
            "sn": "00834",
            "brief": "不必翻译"
        },
        "16": {
            "sn": "03588",
            "brief": "因为、不必翻译"
        },
        "17": {
            "sn": "07121",
            "brief": "喊叫、召集、称呼、求告、朗读"
        },
        "18": {
            "sn": "03068",
            "brief": "上帝的名字「雅威」，犹太人尊称为「上主」"
        },
        "19": {
            "sn": "07458",
            "brief": "饥饿、饥荒"
        },
        "20": {
            "sn": "01571",
            "brief": "也"
        },
        "21": {
            "sn": "00935",
            "brief": "来、进入、临到、发生"
        },
        "22": {
            "sn": "00413",
            "brief": "对、向、往"
        },
        "23": {
            "sn": "00776",
            "brief": "地、邦国、疆界"
        },
        "24": {
            "sn": "07651",
            "brief": "数目的「七」"
        },
        "25": {
            "sn": "08141",
            "brief": "年"
        },
        "13": {
            "sn": "01481",
            "brief": "I. Qal 居住、寄居，Hitpo‘lel 聚集，II. 争论，III. 害怕"
        },
        "15": {
            "sn": "01481",
            "brief": "I. Qal 居住、寄居，Hitpo‘lel 聚集，II. 争论，III. 害怕"
        }
    },
    "4": {
        "12": {
            "sn": "02421",
            "brief": "Qal 活、存活，Pi‘el 生长、复苏、保存生命，Hif‘il 使存活、复活"
        },
        "2": {
            "sn": "05608",
            "brief": "1. 动词：述说、计算；2. 名词：文士、书记"
        },
        "literal": "他(指基哈西)向他(指王)述说他(指神人)如何使死人复活。看哪，他(指神人)使她儿子活过来的那妇人来…哀求王。(…处填入下行)为她的房屋和她的田地基哈西说：「王我的主，这就是那妇人，这是以利沙所救活的她的儿子。」",
        "0": {
            "sn": "01961",
            "brief": "是、成为、临到"
        },
        "1": {
            "sn": "01931",
            "brief": "他"
        },
        "3": {
            "sn": "04428",
            "brief": "君王、国王"
        },
        "4": {
            "sn": "00853",
            "brief": "不必翻译"
        },
        "5": {
            "sn": "00834",
            "brief": "不必翻译"
        },
        "7": {
            "sn": "00853",
            "brief": "不必翻译"
        },
        "8": {
            "sn": "04191",
            "brief": "死"
        },
        "9": {
            "sn": "02009",
            "brief": "看哪"
        },
        "10": {
            "sn": "00802",
            "brief": "女人、妻子"
        },
        "11": {
            "sn": "00834",
            "brief": "不必翻译"
        },
        "13": {
            "sn": "00853",
            "brief": "不必翻译"
        },
        "14": {
            "sn": "01121",
            "brief": "儿子、孙子、后裔、成员"
        },
        "16": {
            "sn": "00413",
            "brief": "对、向、往"
        },
        "17": {
            "sn": "04428",
            "brief": "君王、国王"
        },
        "18": {
            "sn": "05921",
            "brief": "在…上面"
        },
        "19": {
            "sn": "01004",
            "brief": "殿、房屋、家"
        },
        "20": {
            "sn": "05921",
            "brief": "在…上面"
        },
        "21": {
            "sn": "07704",
            "brief": "田地"
        },
        "22": {
            "sn": "00559",
            "brief": "说"
        },
        "23": {
            "sn": "01522",
            "brief": "基哈西"
        },
        "24": {
            "sn": "00113",
            "brief": "主人"
        },
        "25": {
            "sn": "04428",
            "brief": "君王、国王"
        },
        "26": {
            "sn": "02063",
            "brief": "这个"
        },
        "27": {
            "sn": "00802",
            "brief": "女人、妻子"
        },
        "28": {
            "sn": "02088",
            "brief": "这个"
        },
        "29": {
            "sn": "01121",
            "brief": "儿子、孙子、后裔、成员"
        },
        "30": {
            "sn": "00834",
            "brief": "不必翻译"
        },
        "6": {
            "sn": "02421",
            "brief": "Qal 活、存活，Pi‘el 生长、复苏、保存生命，Hif‘il 使存活、复活"
        },
        "15": {
            "sn": "06817",
            "brief": "Qal 呼喊、哀求；Pi‘el 大声呼喊；Nif‘al 被召唤、聚集；Hif‘il 召集"
        },
        "32": {
            "sn": "00477",
            "brief": "以利沙"
        },
        "31": {
            "sn": "02421",
            "brief": "Qal 活、存活，Pi‘el 生长、复苏、保存生命，Hif‘il 使存活、复活"
        }
    },
    "28": {
        "8": {
            "sn": "05221",
            "brief": "Hif‘il 击打、击杀"
        },
        "22": {
            "sn": "07200",
            "brief": "Qal 看见、看顾、察觉，Nif‘al 显现，Hif‘il 显明"
        },
        "6": {
            "sn": "04347",
            "brief": "击打、鞭打"
        },
        "literal": "约兰王回去，在耶斯列医治他在拉玛…亚兰人打了他所受的伤。(…处填入下行)与亚兰王哈薛打仗的时候，约兰的儿子犹大王亚哈谢下到耶斯列看望亚哈的儿子约兰，因为他(指约兰)病了。",
        "1": {
            "sn": "03141",
            "brief": "约兰"
        },
        "2": {
            "sn": "04428",
            "brief": "君王、国王"
        },
        "4": {
            "sn": "03157",
            "brief": "耶斯列"
        },
        "5": {
            "sn": "04480",
            "brief": "从、出、离"
        },
        "7": {
            "sn": "00834",
            "brief": "不必翻译"
        },
        "9": {
            "sn": "00761",
            "brief": "亚兰人"
        },
        "10": {
            "sn": "07414",
            "brief": "拉玛"
        },
        "3": {
            "sn": "07495",
            "brief": "医治"
        },
        "0": {
            "sn": "07725",
            "brief": "Qal 回复、回转、重复，Po‘lel 带回、复兴、更新，Hif‘il 回报、报告、带回"
        },
        "12": {
            "sn": "00854",
            "brief": "与、跟"
        },
        "13": {
            "sn": "02371",
            "brief": "哈薛"
        },
        "14": {
            "sn": "04428",
            "brief": "君王、国王"
        },
        "15": {
            "sn": "00758",
            "brief": "亚兰、叙利亚"
        },
        "16": {
            "sn": "00274",
            "brief": "亚哈谢"
        },
        "17": {
            "sn": "01121",
            "brief": "儿子、孙子、后裔、成员"
        },
        "18": {
            "sn": "03088",
            "brief": "约兰"
        },
        "19": {
            "sn": "04428",
            "brief": "君王、国王"
        },
        "20": {
            "sn": "03063",
            "brief": "犹大"
        },
        "21": {
            "sn": "03381",
            "brief": "降临、下去"
        },
        "23": {
            "sn": "00853",
            "brief": "不必翻译"
        },
        "24": {
            "sn": "03141",
            "brief": "约兰"
        },
        "25": {
            "sn": "01121",
            "brief": "儿子、孙子、后裔、成员"
        },
        "26": {
            "sn": "00256",
            "brief": "亚哈"
        },
        "27": {
            "sn": "03157",
            "brief": "耶斯列"
        },
        "28": {
            "sn": "03588",
            "brief": "因为、不必翻译"
        },
        "30": {
            "sn": "01931",
            "brief": "他"
        },
        "31": {
            "sn": "09015",
            "brief": "开的意思"
        },
        "11": {
            "sn": "03898",
            "brief": "I. Qal 攻击、打仗，Nif‘al 参战、攻打；II 吃"
        },
        "29": {
            "sn": "02470",
            "brief": "I. Qal 生病，Hof‘al 受伤，II. Pi‘el 恳求施恩"
        }
    },
    "2": {
        "4": {
            "sn": "07725",
            "brief": "Qal 回复、回转、重复，Po‘lel 带回、复兴、更新，Hif‘il 回报、报告、带回"
        },
        "9": {
            "sn": "06817",
            "brief": "Qal 呼喊、哀求；Pi‘el 大声呼喊；Nif‘al 被召唤、聚集；Hif‘il 召集"
        },
        "0": {
            "sn": "01961",
            "brief": "是、成为、临到"
        },
        "1": {
            "sn": "07097",
            "brief": "边缘、极处"
        },
        "2": {
            "sn": "07651",
            "brief": "数目的「七」"
        },
        "3": {
            "sn": "08141",
            "brief": "年"
        },
        "5": {
            "sn": "00802",
            "brief": "女人、妻子"
        },
        "6": {
            "sn": "00776",
            "brief": "地、邦国、疆界"
        },
        "7": {
            "sn": "06430",
            "brief": "非利士人"
        },
        "8": {
            "sn": "03318",
            "brief": "出去"
        },
        "10": {
            "sn": "00413",
            "brief": "对、向、往"
        },
        "11": {
            "sn": "04428",
            "brief": "君王、国王"
        },
        "12": {
            "sn": "00413",
            "brief": "对、向、往"
        },
        "13": {
            "sn": "01004",
            "brief": "殿、房屋、家"
        },
        "14": {
            "sn": "00413",
            "brief": "对、向、往"
        },
        "15": {
            "sn": "07704",
            "brief": "田地"
        },
        "literal": "到了七年的结尾，那妇人从非利士人之地回来，就出去为她的房屋和她的田地哀求王。"
    },
    "17": {
        "literal": "他行以色列诸王的道，如亚哈家所行的；因为亚哈的女儿作了他的妻子，他就行雅威眼中(看)为恶的事。",
        "0": {
            "sn": "01980",
            "brief": "去"
        },
        "1": {
            "sn": "01870",
            "brief": "道路、行为、方向、方法"
        },
        "2": {
            "sn": "04428",
            "brief": "君王、国王"
        },
        "3": {
            "sn": "03478",
            "brief": "以色列"
        },
        "4": {
            "sn": "00834",
            "brief": "不必翻译"
        },
        "5": {
            "sn": "06213",
            "brief": "做"
        },
        "6": {
            "sn": "01004",
            "brief": "殿、房屋、家"
        },
        "7": {
            "sn": "00256",
            "brief": "亚哈"
        },
        "8": {
            "sn": "03588",
            "brief": "因为、不必翻译"
        },
        "9": {
            "sn": "01323",
            "brief": "女儿、女子"
        },
        "10": {
            "sn": "00256",
            "brief": "亚哈"
        },
        "11": {
            "sn": "01961",
            "brief": "是、成为、临到"
        },
        "12": {
            "sn": "09001",
            "brief": "给、往、向、到、归属于"
        },
        "13": {
            "sn": "00802",
            "brief": "女人、妻子"
        },
        "14": {
            "sn": "06213",
            "brief": "做"
        },
        "15": {
            "sn": "07451",
            "brief": "邪恶、灾难"
        },
        "16": {
            "sn": "05869",
            "brief": "眼目、眼睛"
        },
        "17": {
            "sn": "03068",
            "brief": "上帝的名字「雅威」，犹太人尊称为「上主」"
        }
    },
    "19": {
        "literal": "在他(指约兰)的年日，以东背叛，脱离犹大的手，自己立王治理他们。",
        "0": {
            "sn": "03117",
            "brief": "日子、时候"
        },
        "1": {
            "sn": "06586",
            "brief": "悖逆、背叛、违法、犯罪"
        },
        "2": {
            "sn": "00123",
            "brief": "以东"
        },
        "3": {
            "sn": "08478",
            "brief": "1. 名词：位置、地方；2. 介系词：在…之下；3. 介系词：代替、因为"
        },
        "4": {
            "sn": "03027",
            "brief": "手、边、力量、权势"
        },
        "5": {
            "sn": "03063",
            "brief": "犹大"
        },
        "6": {
            "sn": "04427",
            "brief": "作王、统治"
        },
        "7": {
            "sn": "05921",
            "brief": "在…上面"
        },
        "8": {
            "sn": "04428",
            "brief": "君王、国王"
        }
    },
    "20": {
        "10": {
            "sn": "05221",
            "brief": "Hif‘il 击打、击杀"
        },
        "literal": "约兰和跟随他的所有战车过到撒益，他夜间起来，攻打围困他的以东(人)和战车长；(犹大)士兵就逃回自己的帐棚去了。",
        "0": {
            "sn": "05674",
            "brief": "经过、穿越、涨溢、离开、拿走、违犯、废除"
        },
        "1": {
            "sn": "03141",
            "brief": "约兰"
        },
        "2": {
            "sn": "06811",
            "brief": "撒益"
        },
        "3": {
            "sn": "03605",
            "brief": "全部、整个、各"
        },
        "4": {
            "sn": "07393",
            "brief": "车辆、战车、上磨石"
        },
        "5": {
            "sn": "05973",
            "brief": "跟、与、和"
        },
        "6": {
            "sn": "01961",
            "brief": "是、成为、临到"
        },
        "7": {
            "sn": "01931",
            "brief": "他，她"
        },
        "8": {
            "sn": "06965",
            "brief": "起来、设立、坚立"
        },
        "9": {
            "sn": "03915",
            "brief": "夜里"
        },
        "11": {
            "sn": "00853",
            "brief": "不必翻译"
        },
        "12": {
            "sn": "00123",
            "brief": "以东"
        },
        "13": {
            "sn": "05437",
            "brief": "环绕、游行、转"
        },
        "14": {
            "sn": "00413",
            "brief": "对、向、往"
        },
        "15": {
            "sn": "00853",
            "brief": "不必翻译"
        },
        "16": {
            "sn": "08269",
            "brief": "王子、统治者"
        },
        "17": {
            "sn": "07393",
            "brief": "车辆、战车、上磨石"
        },
        "18": {
            "sn": "05127",
            "brief": "逃走"
        },
        "19": {
            "sn": "05971",
            "brief": "百姓、国民"
        },
        "20": {
            "sn": "00168",
            "brief": "帐棚、帐蓬"
        }
    },
    "21": {
        "literal": "(这样，)以东背叛，脱离犹大的手，直到今日。那时立拿也背叛了。",
        "0": {
            "sn": "06586",
            "brief": "悖逆、背叛、违法、犯罪"
        },
        "1": {
            "sn": "00123",
            "brief": "以东"
        },
        "2": {
            "sn": "08478",
            "brief": "1. 名词：位置、地方；2. 介系词：在…之下；3. 介系词：代替、因为"
        },
        "3": {
            "sn": "03027",
            "brief": "手、边、力量、权势"
        },
        "4": {
            "sn": "03063",
            "brief": "犹大"
        },
        "5": {
            "sn": "05704",
            "brief": "直到"
        },
        "6": {
            "sn": "03117",
            "brief": "日子、时候"
        },
        "7": {
            "sn": "02088",
            "brief": "这个"
        },
        "8": {
            "sn": "00227",
            "brief": "那时"
        },
        "9": {
            "sn": "06586",
            "brief": "悖逆、背叛、违法、犯罪"
        },
        "10": {
            "sn": "03841",
            "brief": "立拿"
        },
        "11": {
            "sn": "06256",
            "brief": "时候、时刻"
        },
        "12": {
            "sn": "01931",
            "brief": "他，她"
        }
    },
    "22": {
        "literal": "约兰其余的事，凡他所行的，它们不是被写在…书上吗？(…处填入下行)《犹大列王编年纪》的",
        "0": {
            "sn": "03499",
            "brief": "I. 1. 名词：剩下，2. 副词：优秀、丰富，II. 绳、弦"
        },
        "1": {
            "sn": "01697",
            "brief": "话语、言词"
        },
        "2": {
            "sn": "03141",
            "brief": "约兰"
        },
        "3": {
            "sn": "03605",
            "brief": "全部、整个、各"
        },
        "4": {
            "sn": "00834",
            "brief": "不必翻译"
        },
        "5": {
            "sn": "06213",
            "brief": "做"
        },
        "6": {
            "sn": "03808",
            "brief": "不"
        },
        "7": {
            "sn": "01992",
            "brief": "他们、它们"
        },
        "8": {
            "sn": "03789",
            "brief": "写、刻"
        },
        "9": {
            "sn": "05921",
            "brief": "在…上面"
        },
        "10": {
            "sn": "05612",
            "brief": "着作、书卷"
        },
        "11": {
            "sn": "01697",
            "brief": "话语、言词"
        },
        "12": {
            "sn": "03117",
            "brief": "日子、时候"
        },
        "13": {
            "sn": "04428",
            "brief": "君王、国王"
        },
        "14": {
            "sn": "03063",
            "brief": "犹大"
        }
    },
    "24": {
        "literal": "…十二年，(…处填入下行) 以色列王亚哈的儿子约兰犹大王约兰的儿子亚哈谢登基。",
        "0": {
            "sn": "08141",
            "brief": "年"
        },
        "1": {
            "sn": "08147",
            "brief": "数目的「二」"
        },
        "2": {
            "sn": "06240",
            "brief": "数目的「十」"
        },
        "3": {
            "sn": "08141",
            "brief": "年"
        },
        "4": {
            "sn": "03141",
            "brief": "约兰"
        },
        "5": {
            "sn": "01121",
            "brief": "儿子、孙子、后裔、成员"
        },
        "6": {
            "sn": "00256",
            "brief": "亚哈"
        },
        "7": {
            "sn": "04428",
            "brief": "君王、国王"
        },
        "8": {
            "sn": "03478",
            "brief": "以色列"
        },
        "9": {
            "sn": "04427",
            "brief": "作王、统治"
        },
        "10": {
            "sn": "00274",
            "brief": "亚哈谢"
        },
        "11": {
            "sn": "01121",
            "brief": "儿子、孙子、后裔、成员"
        },
        "12": {
            "sn": "03088",
            "brief": "约兰"
        },
        "13": {
            "sn": "04428",
            "brief": "君王、国王"
        },
        "14": {
            "sn": "03063",
            "brief": "犹大"
        }
    },
    "26": {
        "literal": "他(指亚哈谢)行亚哈家的道，像亚哈家一样行雅威眼中(看)为恶的事，因为他是亚哈家的女婿。",
        "0": {
            "sn": "01980",
            "brief": "去"
        },
        "1": {
            "sn": "01870",
            "brief": "道路、行为、方向、方法"
        },
        "2": {
            "sn": "01004",
            "brief": "殿、房屋、家"
        },
        "3": {
            "sn": "00256",
            "brief": "亚哈"
        },
        "4": {
            "sn": "06213",
            "brief": "做"
        },
        "5": {
            "sn": "07451",
            "brief": "邪恶、灾难"
        },
        "6": {
            "sn": "05869",
            "brief": "眼目、眼睛"
        },
        "7": {
            "sn": "03068",
            "brief": "上帝的名字「雅威」，犹太人尊称为「上主」"
        },
        "8": {
            "sn": "01004",
            "brief": "殿、房屋、家"
        },
        "9": {
            "sn": "00256",
            "brief": "亚哈"
        },
        "10": {
            "sn": "03588",
            "brief": "因为、不必翻译"
        },
        "11": {
            "sn": "02860",
            "brief": "新郎、女婿"
        },
        "12": {
            "sn": "01004",
            "brief": "殿、房屋、家"
        },
        "13": {
            "sn": "00256",
            "brief": "亚哈"
        },
        "14": {
            "sn": "01931",
            "brief": "他"
        }
    },
    "27": {
        "0": {
            "sn": "01980",
            "brief": "去"
        },
        "12": {
            "sn": "05221",
            "brief": "Hif‘il 击打、击杀"
        },
        "1": {
            "sn": "00854",
            "brief": "与、跟"
        },
        "2": {
            "sn": "03141",
            "brief": "约兰"
        },
        "3": {
            "sn": "01121",
            "brief": "儿子、孙子、后裔、成员"
        },
        "4": {
            "sn": "00256",
            "brief": "亚哈"
        },
        "5": {
            "sn": "04421",
            "brief": "战争"
        },
        "6": {
            "sn": "05973",
            "brief": "跟、与、和"
        },
        "7": {
            "sn": "02371",
            "brief": "哈薛"
        },
        "8": {
            "sn": "04428",
            "brief": "君王、国王"
        },
        "9": {
            "sn": "00758",
            "brief": "亚兰人、亚兰、叙利亚"
        },
        "10": {
            "sn": "07433",
            "brief": "基列的拉末"
        },
        "11": {
            "sn": "07433",
            "brief": "基列的拉末"
        },
        "13": {
            "sn": "00761",
            "brief": "亚兰人"
        },
        "14": {
            "sn": "00853",
            "brief": "不必翻译"
        },
        "15": {
            "sn": "03141",
            "brief": "约兰"
        },
        "literal": "他与亚哈的儿子约兰同往…要跟亚兰王哈薛打仗。(…处填入下行) 基列的拉末，亚兰人打伤了约兰。"
    },
    "10": {
        "literal": "他(指神人)使自己的眼睛停住，盯着他(指哈薛)直到他惭愧。神人就哭了；",
        "1": {
            "sn": "00853",
            "brief": "不必翻译"
        },
        "2": {
            "sn": "06440",
            "brief": "脸"
        },
        "3": {
            "sn": "07760",
            "brief": "设立、置、放"
        },
        "4": {
            "sn": "05704",
            "brief": "直到"
        },
        "5": {
            "sn": "00954",
            "brief": "羞愧"
        },
        "6": {
            "sn": "01058",
            "brief": "哭"
        },
        "7": {
            "sn": "00376",
            "brief": "各人、人、男人、丈夫"
        },
        "8": {
            "sn": "00430",
            "brief": "上帝、神、神明"
        },
        "0": {
            "sn": "05975",
            "brief": "Qal 站立、侍立、停留，Hif‘il 设立、使坚定"
        }
    },
    "9": {
        "8": {
            "sn": "07200",
            "brief": "Qal 看见、看顾、察觉，Nif‘al 显现，Hif‘il 显明"
        },
        "6": {
            "sn": "02421",
            "brief": "Qal 活、存活，Pi‘el 生长、复苏、保存生命，Hif‘il 使存活、复活"
        },
        "7": {
            "sn": "02421",
            "brief": "Qal 活、存活，Pi‘el 生长、复苏、保存生命，Hif‘il 使存活、复活"
        },
        "literal": "以利沙对他(指哈薛)说：「你去对他说，这病必能好；但雅威指示我，他必会死。」",
        "0": {
            "sn": "00559",
            "brief": "说"
        },
        "1": {
            "sn": "00413",
            "brief": "对、向、往"
        },
        "2": {
            "sn": "00477",
            "brief": "以利沙"
        },
        "3": {
            "sn": "01980",
            "brief": "去"
        },
        "4": {
            "sn": "00559",
            "brief": "说"
        },
        "5": {
            "sn": "09001",
            "brief": "给、往、向、到、归属于"
        },
        "9": {
            "sn": "03068",
            "brief": "上帝的名字「雅威」，犹太人尊称为「上主」"
        },
        "10": {
            "sn": "03588",
            "brief": "因为、不必翻译"
        },
        "11": {
            "sn": "04191",
            "brief": "死"
        },
        "12": {
            "sn": "04191",
            "brief": "死"
        }
    },
    "11": {
        "literal": "哈薛说：「我主为甚么哭？」他说：「因为我知道你必苦害以色列人，你会用火焚烧他们的保障，他们的壮丁你会用刀杀死，他们的婴孩你会摔死，他们的孕妇你会剖开。」",
        "0": {
            "sn": "00559",
            "brief": "说"
        },
        "1": {
            "sn": "02371",
            "brief": "哈薛"
        },
        "2": {
            "sn": "04069",
            "brief": "为什么"
        },
        "3": {
            "sn": "00113",
            "brief": "主人"
        },
        "4": {
            "sn": "01058",
            "brief": "哭"
        },
        "5": {
            "sn": "00559",
            "brief": "说"
        },
        "6": {
            "sn": "03588",
            "brief": "因为、不必翻译"
        },
        "8": {
            "sn": "00853",
            "brief": "不必翻译"
        },
        "9": {
            "sn": "00834",
            "brief": "不必翻译"
        },
        "10": {
            "sn": "06213",
            "brief": "做"
        },
        "11": {
            "sn": "01121",
            "brief": "儿子、孙子、后裔、成员"
        },
        "12": {
            "sn": "03478",
            "brief": "以色列"
        },
        "13": {
            "sn": "07451",
            "brief": "邪恶、灾难"
        },
        "14": {
            "sn": "04013",
            "brief": "保障"
        },
        "16": {
            "sn": "00784",
            "brief": "火"
        },
        "17": {
            "sn": "00970",
            "brief": "年轻人"
        },
        "18": {
            "sn": "02719",
            "brief": "刀"
        },
        "19": {
            "sn": "02026",
            "brief": "杀"
        },
        "20": {
            "sn": "05768",
            "brief": "孩童、婴孩"
        },
        "22": {
            "sn": "02030",
            "brief": "怀孕的"
        },
        "15": {
            "sn": "07971",
            "brief": "差遣、释放、送走、伸出、伸展"
        },
        "21": {
            "sn": "07376",
            "brief": "击碎"
        },
        "23": {
            "sn": "01234",
            "brief": "攻破、劈开、打开"
        },
        "7": {
            "sn": "03045",
            "brief": "Qal 知道、认识、辨别、经历，Hif‘il 使知道、宣告"
        }
    },
    "13": {
        "15": {
            "sn": "02421",
            "brief": "Qal 活、存活，Pi‘el 生长、复苏、保存生命，Hif‘il 使存活、复活"
        },
        "16": {
            "sn": "02421",
            "brief": "Qal 活、存活，Pi‘el 生长、复苏、保存生命，Hif‘il 使存活、复活"
        },
        "literal": "他(指哈薛)离开以利沙，到他的主人那里。他(指主人)对他(指哈薛)说：「以利沙对你说了甚么？」他说：「他对我说，你一定会痊愈。」",
        "0": {
            "sn": "01980",
            "brief": "去"
        },
        "1": {
            "sn": "00854",
            "brief": "与、跟"
        },
        "2": {
            "sn": "00477",
            "brief": "以利沙"
        },
        "3": {
            "sn": "00935",
            "brief": "来、进入、临到、发生"
        },
        "4": {
            "sn": "00413",
            "brief": "对、向、往"
        },
        "5": {
            "sn": "00113",
            "brief": "主人"
        },
        "6": {
            "sn": "00559",
            "brief": "说"
        },
        "7": {
            "sn": "09001",
            "brief": "给、往、向、到、归属于"
        },
        "8": {
            "sn": "04100",
            "brief": "什么"
        },
        "9": {
            "sn": "00559",
            "brief": "说"
        },
        "10": {
            "sn": "09001",
            "brief": "给、往、向、到、归属于"
        },
        "11": {
            "sn": "00477",
            "brief": "以利沙"
        },
        "12": {
            "sn": "00559",
            "brief": "说"
        },
        "13": {
            "sn": "00559",
            "brief": "说"
        },
        "14": {
            "sn": "09001",
            "brief": "给、往、向、到、归属于"
        }
    },
    "1": {
        "9": {
            "sn": "01481",
            "brief": "I. Qal 居住、寄居，Hitpo‘lel 聚集，II. 争论，III. 害怕"
        },
        "literal": "妇人就起身，照神人的话去做，她和她的家(人)就去寄居在非利士人之地七年。",
        "0": {
            "sn": "06965",
            "brief": "起来、设立、坚立"
        },
        "1": {
            "sn": "00802",
            "brief": "女人、妻子"
        },
        "2": {
            "sn": "06213",
            "brief": "做"
        },
        "3": {
            "sn": "01697",
            "brief": "话语、言词"
        },
        "4": {
            "sn": "00376",
            "brief": "各人、人、男人、丈夫"
        },
        "5": {
            "sn": "00430",
            "brief": "上帝、神、神明"
        },
        "6": {
            "sn": "01980",
            "brief": "去"
        },
        "7": {
            "sn": "01931",
            "brief": "他"
        },
        "8": {
            "sn": "01004",
            "brief": "殿、房屋、家"
        },
        "10": {
            "sn": "00776",
            "brief": "地、邦国、疆界"
        },
        "11": {
            "sn": "06430",
            "brief": "非利士人"
        },
        "12": {
            "sn": "07651",
            "brief": "数目的「七」"
        },
        "13": {
            "sn": "08141",
            "brief": "年"
        }
    },
    "7": {
        "literal": "王对哈薛说：「你要带着礼物在你手里去迎见神人，要托他求问雅威，说：『我能够从这病中获得痊愈吗？』」",
        "0": {
            "sn": "00559",
            "brief": "说"
        },
        "1": {
            "sn": "04428",
            "brief": "君王、国王"
        },
        "2": {
            "sn": "00413",
            "brief": "对、向、往"
        },
        "3": {
            "sn": "02371",
            "brief": "哈薛"
        },
        "4": {
            "sn": "03947",
            "brief": "拿、取"
        },
        "5": {
            "sn": "03027",
            "brief": "手、边、力量、权势"
        },
        "6": {
            "sn": "04503",
            "brief": "供物、礼物、祭物、素祭"
        },
        "7": {
            "sn": "01980",
            "brief": "去"
        },
        "8": {
            "sn": "07125",
            "brief": "迎接、遇见、偶然相遇"
        },
        "9": {
            "sn": "00376",
            "brief": "各人、人、男人、丈夫"
        },
        "10": {
            "sn": "00430",
            "brief": "上帝、神、神明"
        },
        "11": {
            "sn": "01875",
            "brief": "寻求、寻找"
        },
        "12": {
            "sn": "00853",
            "brief": "不必翻译"
        },
        "13": {
            "sn": "03069",
            "brief": "上帝的名字「雅威」，犹太人尊称为「上主」"
        },
        "14": {
            "sn": "00854",
            "brief": "与、跟"
        },
        "15": {
            "sn": "00559",
            "brief": "说"
        },
        "17": {
            "sn": "02483",
            "brief": "生病"
        },
        "18": {
            "sn": "02088",
            "brief": "这个"
        },
        "16": {
            "sn": "02421",
            "brief": "Qal 活、存活，Pi‘el 生长、复苏、保存生命，Hif‘il 使存活、复活"
        }
    },
    "25": {
        "literal": "亚哈谢他登基的时候是二十二岁之子，在耶路撒冷作王一年。他母亲的名字是亚她利雅，是以色列王暗利的孙女。",
        "0": {
            "sn": "01121",
            "brief": "儿子、孙子、后裔、成员"
        },
        "1": {
            "sn": "06242",
            "brief": "数目的「二十」"
        },
        "2": {
            "sn": "08147",
            "brief": "数目的「二」"
        },
        "3": {
            "sn": "08141",
            "brief": "年"
        },
        "4": {
            "sn": "00274",
            "brief": "亚哈谢"
        },
        "5": {
            "sn": "04427",
            "brief": "作王、统治"
        },
        "6": {
            "sn": "08141",
            "brief": "年"
        },
        "7": {
            "sn": "00259",
            "brief": "数目的「一」"
        },
        "8": {
            "sn": "04427",
            "brief": "作王、统治"
        },
        "9": {
            "sn": "03389",
            "brief": "耶路撒冷"
        },
        "10": {
            "sn": "08034",
            "brief": "名字"
        },
        "11": {
            "sn": "00517",
            "brief": "母亲"
        },
        "12": {
            "sn": "06271",
            "brief": "亚她利雅"
        },
        "13": {
            "sn": "01323",
            "brief": "女儿、女子"
        },
        "14": {
            "sn": "06018",
            "brief": "暗利"
        },
        "15": {
            "sn": "04428",
            "brief": "君王、国王"
        },
        "16": {
            "sn": "03478",
            "brief": "以色列"
        }
    }
}