{
    "12": {
        "7": {
            "sn": "05892",
            "brief": "城邑、城镇"
        },
        "1": {
            "sn": "05493",
            "brief": "转离、除去"
        },
        "9": {
            "sn": "05186",
            "brief": "Qal 伸出、铺张、伸展、延长，Hif‘il 屈枉、转弯、 丢一边"
        },
        "11": {
            "sn": "01004",
            "brief": "殿、房屋、家"
        },
        "literal": "于是大卫不将(约)柜转运到他那里，到大卫的城，却把它移转到迦特人俄别・以东的家中。",
        "2": {
            "sn": "01732",
            "brief": "大卫"
        },
        "3": {
            "sn": "00853",
            "brief": "不必翻译"
        },
        "4": {
            "sn": "00727",
            "brief": "约柜、盒子"
        },
        "5": {
            "sn": "00413",
            "brief": "向、往"
        },
        "6": {
            "sn": "00413",
            "brief": "向、往"
        },
        "8": {
            "sn": "01732",
            "brief": "大卫"
        },
        "10": {
            "sn": "00413",
            "brief": "向、往"
        },
        "12": {
            "sn": "05654",
            "brief": "俄别・以东"
        },
        "13": {
            "sn": "05654",
            "brief": "俄别・以东"
        },
        "14": {
            "sn": "01663",
            "brief": "迦特人"
        },
        "0": {
            "sn": "03808",
            "brief": "不"
        }
    },
    "1": {
        "22": {
            "sn": "05892",
            "brief": "城邑、城镇"
        },
        "15": {
            "sn": "07604",
            "brief": "剩下"
        },
        "7": {
            "sn": "02896",
            "brief": "名词：良善、美好、福乐；形容词：良善的、美好的"
        },
        "literal": "大卫对以色列全体会众说：「你们若以为美，(这事)也出于雅威―我们的上帝，让我们差遣人到各处，…，到我们其余的弟兄那里，(…处填入下行)走遍以色列地，以及同他们一起住在他们郊野之城的祭司和利未人那里，使他们都聚集到我们这里。",
        "0": {
            "sn": "00559",
            "brief": "说"
        },
        "1": {
            "sn": "01732",
            "brief": "大卫"
        },
        "2": {
            "sn": "03605",
            "brief": "全部、整个、任何事物"
        },
        "3": {
            "sn": "06951",
            "brief": "集会"
        },
        "4": {
            "sn": "03478",
            "brief": "以色列"
        },
        "5": {
            "sn": "00518",
            "brief": "如果、不是"
        },
        "6": {
            "sn": "05921",
            "brief": "在…上面"
        },
        "8": {
            "sn": "04480",
            "brief": "从、出、离"
        },
        "9": {
            "sn": "03068",
            "brief": "上帝的名字「雅威」，犹太人尊称为「上主」"
        },
        "10": {
            "sn": "00430",
            "brief": "上帝、神、神明"
        },
        "11": {
            "sn": "06555",
            "brief": "爆炸、胀裂、破坏、散布"
        },
        "12": {
            "sn": "07971",
            "brief": "差遣、释放、送走、伸出、伸展"
        },
        "13": {
            "sn": "05921",
            "brief": "因着、对、向、在…上面"
        },
        "14": {
            "sn": "00251",
            "brief": "兄弟、弟兄"
        },
        "16": {
            "sn": "03605",
            "brief": "全部、整个、任何事物"
        },
        "17": {
            "sn": "00776",
            "brief": "地、邦国、疆界"
        },
        "18": {
            "sn": "03478",
            "brief": "以色列"
        },
        "19": {
            "sn": "05973",
            "brief": "跟"
        },
        "20": {
            "sn": "03548",
            "brief": "祭司"
        },
        "21": {
            "sn": "03881",
            "brief": "利未人"
        },
        "23": {
            "sn": "04054",
            "brief": "空地、郊区"
        },
        "24": {
            "sn": "06908",
            "brief": "聚集"
        },
        "25": {
            "sn": "00413",
            "brief": "向、往"
        }
    },
    "5": {
        "1": {
            "sn": "01732",
            "brief": "大卫"
        },
        "2": {
            "sn": "03605",
            "brief": "全部、整个、各"
        },
        "3": {
            "sn": "03478",
            "brief": "以色列"
        },
        "4": {
            "sn": "01173",
            "brief": "巴拉"
        },
        "5": {
            "sn": "00413",
            "brief": "向、往"
        },
        "6": {
            "sn": "07157",
            "brief": "基列・耶琳"
        },
        "7": {
            "sn": "07157",
            "brief": "基列・耶琳"
        },
        "8": {
            "sn": "00834",
            "brief": "不必翻译"
        },
        "9": {
            "sn": "03063",
            "brief": "犹大"
        },
        "11": {
            "sn": "08033",
            "brief": "那里"
        },
        "12": {
            "sn": "00853",
            "brief": "不必翻译"
        },
        "13": {
            "sn": "00727",
            "brief": "约柜、盒子"
        },
        "14": {
            "sn": "00430",
            "brief": "上帝、神、神明"
        },
        "15": {
            "sn": "03068",
            "brief": "上帝的名字「雅威」，犹太人尊称为「上主」"
        },
        "16": {
            "sn": "03427",
            "brief": "居住、坐、停留"
        },
        "17": {
            "sn": "03742",
            "brief": "基路伯"
        },
        "18": {
            "sn": "00834",
            "brief": "不必翻译"
        },
        "19": {
            "sn": "07121",
            "brief": "喊叫、召集、称呼、求告、朗读"
        },
        "20": {
            "sn": "08034",
            "brief": "名字"
        },
        "0": {
            "sn": "05927",
            "brief": "上去、升高、生长、献上"
        },
        "10": {
            "sn": "05927",
            "brief": "上去、升高、生长、献上"
        },
        "literal": "大卫和以色列众人都上到巴拉，到犹大的基列・耶琳，要将…上帝的(约)柜从那里运上来。(…处填入下行)以坐在基路伯上的雅威来命名的"
    },
    "8": {
        "12": {
            "sn": "08058",
            "brief": "失去、释放"
        },
        "0": {
            "sn": "00935",
            "brief": "来、进入、临到、发生"
        },
        "1": {
            "sn": "05704",
            "brief": "直到"
        },
        "2": {
            "sn": "01637",
            "brief": "打谷场"
        },
        "3": {
            "sn": "03592",
            "brief": "基顿"
        },
        "4": {
            "sn": "07971",
            "brief": "差遣、释放、送走、伸出、伸展"
        },
        "5": {
            "sn": "05798",
            "brief": "乌撒"
        },
        "6": {
            "sn": "00853",
            "brief": "不必翻译"
        },
        "7": {
            "sn": "03027",
            "brief": "手、边、力量、权势"
        },
        "8": {
            "sn": "00270",
            "brief": "抓牢、握住、紧抓住"
        },
        "9": {
            "sn": "00853",
            "brief": "不必翻译"
        },
        "10": {
            "sn": "00727",
            "brief": "约柜、盒子"
        },
        "11": {
            "sn": "03588",
            "brief": "因为、不必翻译"
        },
        "13": {
            "sn": "01241",
            "brief": "牛"
        },
        "literal": "到了基顿的禾场；…乌撒就伸出他的手扶住(约)柜。(…处填入下行)因为牛失前蹄(或译：惊跳)，"
    },
    "6": {
        "literal": "他们让上帝的(约)柜骑在新车上，从亚比拿达的家里(运)出来，乌撒和亚希约赶这辆车子。",
        "1": {
            "sn": "00853",
            "brief": "不必翻译"
        },
        "2": {
            "sn": "00727",
            "brief": "约柜、盒子"
        },
        "3": {
            "sn": "00430",
            "brief": "上帝、神、神明"
        },
        "4": {
            "sn": "05921",
            "brief": "在…上面"
        },
        "5": {
            "sn": "05699",
            "brief": "车子"
        },
        "6": {
            "sn": "02319",
            "brief": "新的"
        },
        "7": {
            "sn": "01004",
            "brief": "家"
        },
        "8": {
            "sn": "00041",
            "brief": "亚比拿达"
        },
        "9": {
            "sn": "05798",
            "brief": "乌撒"
        },
        "10": {
            "sn": "00283",
            "brief": "亚希约"
        },
        "11": {
            "sn": "05090",
            "brief": "掳去、驱赶、引导"
        },
        "12": {
            "sn": "05699",
            "brief": "车子"
        },
        "0": {
            "sn": "07392",
            "brief": "乘驾、骑"
        }
    },
    "7": {
        "0": {
            "sn": "01732",
            "brief": "大卫"
        },
        "1": {
            "sn": "03605",
            "brief": "全部、整个、各"
        },
        "2": {
            "sn": "03478",
            "brief": "以色列"
        },
        "4": {
            "sn": "03942",
            "brief": "在…前面"
        },
        "5": {
            "sn": "00430",
            "brief": "上帝、神、神明"
        },
        "6": {
            "sn": "03605",
            "brief": "全部、整个、各"
        },
        "7": {
            "sn": "05797",
            "brief": "能力、力量"
        },
        "8": {
            "sn": "07892",
            "brief": "唱歌"
        },
        "9": {
            "sn": "03658",
            "brief": "琴、竖琴"
        },
        "10": {
            "sn": "05035",
            "brief": "瑟、水壶、琴"
        },
        "11": {
            "sn": "08596",
            "brief": "铃鼓、手鼓"
        },
        "12": {
            "sn": "04700",
            "brief": "钹"
        },
        "13": {
            "sn": "02689",
            "brief": "号筒、喇叭"
        },
        "3": {
            "sn": "07832",
            "brief": "笑、戏笑，Pi‘el 戏笑、弹奏"
        },
        "literal": "大卫和以色列众人在上帝面前，…极所有的力跳舞。(…处填入下二行)用诗歌，和用琴、和用瑟、和用鼓、和用钹、和用号"
    },
    "9": {
        "literal": "雅威的怒气向乌撒发作，他因他伸他的手在(约)柜上就击杀他，他就在那里，死在上帝面前。",
        "0": {
            "sn": "02734",
            "brief": "发怒、燃烧"
        },
        "1": {
            "sn": "00639",
            "brief": "鼻子、怒气、脸"
        },
        "2": {
            "sn": "03068",
            "brief": "上帝的名字「雅威」，犹太人尊称为「上主」"
        },
        "3": {
            "sn": "05798",
            "brief": "乌撒"
        },
        "5": {
            "sn": "05921",
            "brief": "在…上面"
        },
        "6": {
            "sn": "00834",
            "brief": "不必翻译"
        },
        "7": {
            "sn": "07971",
            "brief": "差遣、释放、送走、伸出、伸展"
        },
        "8": {
            "sn": "03027",
            "brief": "手、边、力量、权势"
        },
        "9": {
            "sn": "05921",
            "brief": "在…上面"
        },
        "10": {
            "sn": "00727",
            "brief": "约柜、盒子"
        },
        "11": {
            "sn": "04191",
            "brief": "死"
        },
        "12": {
            "sn": "08033",
            "brief": "那里"
        },
        "13": {
            "sn": "03942",
            "brief": "在…前面"
        },
        "14": {
            "sn": "00430",
            "brief": "上帝、神、神明"
        },
        "4": {
            "sn": "05221",
            "brief": "Hif‘il 击打、击杀"
        }
    },
    "2": {
        "0": {
            "sn": "05437",
            "brief": "转回、步行环绕、围绕"
        },
        "literal": "让我们把我们上帝的(约)柜请回我们这里；因为在扫罗的日子，我们没有求问它。」",
        "1": {
            "sn": "00853",
            "brief": "不必翻译"
        },
        "2": {
            "sn": "00727",
            "brief": "约柜、盒子"
        },
        "3": {
            "sn": "00430",
            "brief": "上帝、神、神明"
        },
        "4": {
            "sn": "00413",
            "brief": "向、往"
        },
        "5": {
            "sn": "03588",
            "brief": "因为、不必翻译"
        },
        "7": {
            "sn": "01875",
            "brief": "寻求、寻找"
        },
        "8": {
            "sn": "03117",
            "brief": "日子、时候"
        },
        "9": {
            "sn": "07586",
            "brief": "扫罗"
        },
        "6": {
            "sn": "03808",
            "brief": "不"
        }
    },
    "3": {
        "literal": "全体会众都说可以如此行；因这事在众民眼中都(看)为好。",
        "0": {
            "sn": "00559",
            "brief": "说"
        },
        "1": {
            "sn": "03605",
            "brief": "全部、整个、各"
        },
        "2": {
            "sn": "06951",
            "brief": "集会"
        },
        "3": {
            "sn": "06213",
            "brief": "做"
        },
        "4": {
            "sn": "03651",
            "brief": "副词：因此、如此、这样；形容词：对、真的、公平、诚实"
        },
        "5": {
            "sn": "03588",
            "brief": "因为、不必翻译"
        },
        "7": {
            "sn": "01697",
            "brief": "话语、事情、言论"
        },
        "8": {
            "sn": "05869",
            "brief": "眼目、眼睛"
        },
        "9": {
            "sn": "03605",
            "brief": "全部、整个、各"
        },
        "10": {
            "sn": "05971",
            "brief": "百姓、国民"
        },
        "6": {
            "sn": "03474",
            "brief": "Qal 是直的、可喜悦的，Pi‘el 引领直往、成平坦、引领，Hif‘il 使平坦、修直"
        }
    },
    "4": {
        "literal": "于是，大卫将以色列众人…都招聚了来，(…处填入下行)从埃及的西曷河直到哈马口要从基列・耶琳将上帝的(约)柜请回来。",
        "0": {
            "sn": "06950",
            "brief": "聚集"
        },
        "11": {
            "sn": "00935",
            "brief": "来、进入、临到、发生"
        },
        "1": {
            "sn": "01732",
            "brief": "大卫"
        },
        "2": {
            "sn": "00853",
            "brief": "不必翻译"
        },
        "3": {
            "sn": "03605",
            "brief": "全部、整个、各"
        },
        "4": {
            "sn": "03478",
            "brief": "以色列"
        },
        "5": {
            "sn": "04480",
            "brief": "从、出、离"
        },
        "6": {
            "sn": "07883",
            "brief": "西曷"
        },
        "7": {
            "sn": "04714",
            "brief": "埃及、麦西"
        },
        "8": {
            "sn": "05704",
            "brief": "直到"
        },
        "9": {
            "sn": "00935",
            "brief": "来、进入、临到、发生"
        },
        "10": {
            "sn": "02574",
            "brief": "哈马"
        },
        "12": {
            "sn": "00853",
            "brief": "不必翻译"
        },
        "13": {
            "sn": "00727",
            "brief": "约柜、盒子"
        },
        "14": {
            "sn": "00430",
            "brief": "上帝、神、神明"
        },
        "15": {
            "sn": "07157",
            "brief": "基列・耶琳"
        },
        "16": {
            "sn": "07157",
            "brief": "基列・耶琳"
        }
    },
    "10": {
        "5": {
            "sn": "06556",
            "brief": "破裂"
        },
        "6": {
            "sn": "05798",
            "brief": "乌撒"
        },
        "7": {
            "sn": "07121",
            "brief": "喊叫、召集、称呼、求告、朗读"
        },
        "8": {
            "sn": "04725",
            "brief": "地方"
        },
        "9": {
            "sn": "01931",
            "brief": "他"
        },
        "10": {
            "sn": "06560",
            "brief": "毗列斯・乌撒"
        },
        "11": {
            "sn": "06560",
            "brief": "毗列斯・乌撒"
        },
        "12": {
            "sn": "05704",
            "brief": "直到"
        },
        "13": {
            "sn": "03117",
            "brief": "日子、时候"
        },
        "14": {
            "sn": "02088",
            "brief": "这个"
        },
        "literal": "大卫…就生气，(…处填入下行)因雅威闯杀乌撒称那地方为毗列斯・乌撒，直到今日。",
        "0": {
            "sn": "02734",
            "brief": "发怒、燃烧"
        },
        "1": {
            "sn": "01732",
            "brief": "大卫"
        },
        "2": {
            "sn": "03588",
            "brief": "因为、不必翻译"
        },
        "3": {
            "sn": "06555",
            "brief": "爆炸、胀裂、破坏"
        },
        "4": {
            "sn": "03068",
            "brief": "上帝的名字「雅威」，犹太人尊称为「上主」"
        }
    },
    "0": {
        "2": {
            "sn": "05973",
            "brief": "跟"
        },
        "literal": "大卫与千夫长和百夫长，…商议。(…处填入下行)一切的首领",
        "0": {
            "sn": "03289",
            "brief": "定意、谘询、劝告"
        },
        "1": {
            "sn": "01732",
            "brief": "大卫"
        },
        "3": {
            "sn": "08269",
            "brief": "领袖"
        },
        "4": {
            "sn": "00505",
            "brief": "许多、数目的「一千」"
        },
        "5": {
            "sn": "03967",
            "brief": "数目的「一百」"
        },
        "6": {
            "sn": "03605",
            "brief": "全部、整个、任何事物"
        },
        "7": {
            "sn": "05057",
            "brief": "领袖、君王"
        }
    },
    "11": {
        "0": {
            "sn": "03372",
            "brief": "Qal 害怕，Nif‘al 令人畏惧"
        },
        "literal": "那日，大卫惧怕上帝，说：「上帝的(约)柜怎可运到我这里来？」",
        "1": {
            "sn": "01732",
            "brief": "大卫"
        },
        "2": {
            "sn": "00853",
            "brief": "不必翻译"
        },
        "3": {
            "sn": "00430",
            "brief": "上帝、神、神明"
        },
        "4": {
            "sn": "03117",
            "brief": "日子、时候"
        },
        "5": {
            "sn": "01931",
            "brief": "他"
        },
        "6": {
            "sn": "00559",
            "brief": "说"
        },
        "7": {
            "sn": "01963",
            "brief": "如何"
        },
        "9": {
            "sn": "00413",
            "brief": "向、往"
        },
        "10": {
            "sn": "00853",
            "brief": "不必翻译"
        },
        "11": {
            "sn": "00727",
            "brief": "约柜、盒子"
        },
        "12": {
            "sn": "00430",
            "brief": "上帝、神、神明"
        },
        "8": {
            "sn": "00935",
            "brief": "来、进入、临到、发生"
        }
    },
    "13": {
        "literal": "上帝的(约)柜留在俄别・以东家，在他的家中三个月，雅威赐福给俄别・以东的家和他一切所有的。",
        "0": {
            "sn": "03427",
            "brief": "居住、坐、停留"
        },
        "1": {
            "sn": "00727",
            "brief": "约柜、盒子"
        },
        "2": {
            "sn": "00430",
            "brief": "上帝、神、神明"
        },
        "3": {
            "sn": "05973",
            "brief": "跟"
        },
        "4": {
            "sn": "01004",
            "brief": "殿、房屋、家"
        },
        "5": {
            "sn": "05654",
            "brief": "俄别・以东"
        },
        "6": {
            "sn": "05654",
            "brief": "俄别・以东"
        },
        "7": {
            "sn": "01004",
            "brief": "殿、房屋、家"
        },
        "8": {
            "sn": "07969",
            "brief": "数目的「三」"
        },
        "9": {
            "sn": "02320",
            "brief": "月、新月、初一"
        },
        "11": {
            "sn": "03068",
            "brief": "上帝的名字「雅威」，犹太人尊称为「上主」"
        },
        "12": {
            "sn": "00853",
            "brief": "不必翻译"
        },
        "13": {
            "sn": "01004",
            "brief": "殿、房屋、家"
        },
        "14": {
            "sn": "05654",
            "brief": "俄别・以东"
        },
        "15": {
            "sn": "05654",
            "brief": "俄别・以东"
        },
        "16": {
            "sn": "00853",
            "brief": "不必翻译"
        },
        "17": {
            "sn": "03605",
            "brief": "全部、整个、任何事物"
        },
        "18": {
            "sn": "00834",
            "brief": "不必翻译"
        },
        "19": {
            "sn": "09001",
            "brief": "给、往、向、到、归属于"
        },
        "20": {
            "sn": "09015",
            "brief": "开的意思"
        },
        "10": {
            "sn": "01288",
            "brief": "赐福"
        }
    }
}