{
    "32": {
        "3": {
            "sn": "09014",
            "brief": "关闭的意思"
        },
        "4": {
            "sn": "02365",
            "brief": "户筛"
        },
        "5": {
            "sn": "00757",
            "brief": "亚基人"
        },
        "6": {
            "sn": "07453",
            "brief": "邻舍、朋友"
        },
        "7": {
            "sn": "04428",
            "brief": "王"
        },
        "literal": "亚希多弗作王的谋士。亚基人户筛作王的陪伴。",
        "0": {
            "sn": "00302",
            "brief": "亚希多弗"
        },
        "1": {
            "sn": "03289",
            "brief": "谘询、劝告"
        },
        "2": {
            "sn": "04428",
            "brief": "王"
        }
    },
    "23": {
        "5": {
            "sn": "03808",
            "brief": "不"
        },
        "12": {
            "sn": "03808",
            "brief": "不"
        },
        "6": {
            "sn": "03615",
            "brief": "Qal 完成、结束、停止，Pi‘el 完成、毁坏、根除"
        },
        "literal": "洗鲁雅的儿子约押开始数点，没有点完，当时因这件事，烈怒临到以色列；(因此)数目没有登录在《大卫王记》的数目。",
        "0": {
            "sn": "03097",
            "brief": "约押"
        },
        "1": {
            "sn": "01121",
            "brief": "儿子、孙子、后裔、成员"
        },
        "2": {
            "sn": "06870",
            "brief": "洗鲁雅"
        },
        "4": {
            "sn": "04487",
            "brief": "计算、想、分配、指定、预备"
        },
        "3": {
            "sn": "02490",
            "brief": "I. Qal 刺杀、伤害；II. Pi‘el 吹笛子；III. Pi‘el 亵渎、污辱、玷污、俗化，Hif‘il 亵渎、开始"
        },
        "7": {
            "sn": "01961",
            "brief": "是、成为、临到"
        },
        "8": {
            "sn": "02063",
            "brief": "这个"
        },
        "9": {
            "sn": "07110",
            "brief": "忿恨"
        },
        "10": {
            "sn": "05921",
            "brief": "在…上面"
        },
        "11": {
            "sn": "03478",
            "brief": "以色列"
        },
        "13": {
            "sn": "05927",
            "brief": "上去、升高、生长、献上"
        },
        "14": {
            "sn": "04557",
            "brief": "计量、计数"
        },
        "15": {
            "sn": "04557",
            "brief": "计量、计数"
        },
        "16": {
            "sn": "01697",
            "brief": "话语、事情"
        },
        "17": {
            "sn": "03117",
            "brief": "日子、时候"
        },
        "18": {
            "sn": "04428",
            "brief": "王"
        },
        "19": {
            "sn": "01732",
            "brief": "大卫"
        },
        "20": {
            "sn": "09014",
            "brief": "关闭的意思"
        }
    },
    "3": {
        "literal": "管理二月班的是亚何亚人朵代，密基罗是他班里的主要官员；他的班内有二万四千人。",
        "13": {
            "sn": "00505",
            "brief": "许多、数目的「一千」"
        },
        "14": {
            "sn": "09014",
            "brief": "关闭的意思"
        },
        "0": {
            "sn": "05921",
            "brief": "在…上面"
        },
        "1": {
            "sn": "04256",
            "brief": "分配"
        },
        "2": {
            "sn": "02320",
            "brief": "月朔、新月"
        },
        "3": {
            "sn": "08145",
            "brief": "序数的「第二」"
        },
        "4": {
            "sn": "01737",
            "brief": "朵代"
        },
        "5": {
            "sn": "00266",
            "brief": "亚何亚人"
        },
        "6": {
            "sn": "04256",
            "brief": "分配"
        },
        "7": {
            "sn": "04732",
            "brief": "米基罗"
        },
        "8": {
            "sn": "05057",
            "brief": "领袖、君王"
        },
        "9": {
            "sn": "05921",
            "brief": "在…上面"
        },
        "10": {
            "sn": "04256",
            "brief": "分配"
        },
        "11": {
            "sn": "06242",
            "brief": "数目的「二十」"
        },
        "12": {
            "sn": "00702",
            "brief": "数目的「四」"
        }
    },
    "8": {
        "literal": "六月第六班是提哥亚人益吉的儿子以拉；他的班内有二万四千人。",
        "2": {
            "sn": "08345",
            "brief": "序数的「第六」"
        },
        "4": {
            "sn": "01121",
            "brief": "儿子、孙子、后裔、成员"
        },
        "5": {
            "sn": "06142",
            "brief": "益吉"
        },
        "6": {
            "sn": "08621",
            "brief": "提哥亚人"
        },
        "7": {
            "sn": "05921",
            "brief": "在…上面"
        },
        "8": {
            "sn": "04256",
            "brief": "分配"
        },
        "9": {
            "sn": "06242",
            "brief": "数目的「二十」"
        },
        "10": {
            "sn": "00702",
            "brief": "数目的「四」"
        },
        "11": {
            "sn": "00505",
            "brief": "许多、数目的「一千」"
        },
        "12": {
            "sn": "09014",
            "brief": "关闭的意思"
        },
        "0": {
            "sn": "08345",
            "brief": "序数的「第六」"
        },
        "1": {
            "sn": "02320",
            "brief": "月朔、新月"
        },
        "3": {
            "sn": "05896",
            "brief": "以拉"
        }
    },
    "9": {
        "literal": "七月第七班是以法莲族比伦人希利斯；他的班内有二万四千人。",
        "0": {
            "sn": "07637",
            "brief": "序数的「第七」"
        },
        "1": {
            "sn": "02320",
            "brief": "月朔、新月"
        },
        "2": {
            "sn": "07637",
            "brief": "序数的「第七」"
        },
        "3": {
            "sn": "02503",
            "brief": "希利斯"
        },
        "4": {
            "sn": "06397",
            "brief": "比伦人"
        },
        "5": {
            "sn": "04480",
            "brief": "从、出、离"
        },
        "6": {
            "sn": "01121",
            "brief": "儿子、孙子、后裔、成员"
        },
        "7": {
            "sn": "00669",
            "brief": "以法莲"
        },
        "8": {
            "sn": "05921",
            "brief": "在…上面"
        },
        "9": {
            "sn": "04256",
            "brief": "分配"
        },
        "10": {
            "sn": "06242",
            "brief": "数目的「二十」"
        },
        "11": {
            "sn": "00702",
            "brief": "数目的「四」"
        },
        "12": {
            "sn": "00505",
            "brief": "许多、数目的「一千」"
        },
        "13": {
            "sn": "09014",
            "brief": "关闭的意思"
        }
    },
    "11": {
        "literal": "九月第九班是便雅悯族亚拿突人亚比以谢；他的班内有二万四千人。",
        "0": {
            "sn": "08671",
            "brief": "序数的「第九」"
        },
        "1": {
            "sn": "02320",
            "brief": "月朔、新月"
        },
        "2": {
            "sn": "08671",
            "brief": "序数的「第九」"
        },
        "3": {
            "sn": "00044",
            "brief": "亚比以谢"
        },
        "4": {
            "sn": "06069",
            "brief": "亚拿突人"
        },
        "5": {
            "sn": "01145",
            "brief": "便雅悯"
        },
        "6": {
            "sn": "05921",
            "brief": "在…上面"
        },
        "7": {
            "sn": "04256",
            "brief": "分配"
        },
        "8": {
            "sn": "06242",
            "brief": "数目的「二十」"
        },
        "9": {
            "sn": "00702",
            "brief": "数目的「四」"
        },
        "10": {
            "sn": "00505",
            "brief": "许多、数目的「一千」"
        },
        "11": {
            "sn": "09014",
            "brief": "关闭的意思"
        }
    },
    "28": {
        "0": {
            "sn": "05921",
            "brief": "在…上面"
        },
        "6": {
            "sn": "05921",
            "brief": "在…上面"
        },
        "8": {
            "sn": "06010",
            "brief": "谷"
        },
        "9": {
            "sn": "08202",
            "brief": "沙法"
        },
        "10": {
            "sn": "01121",
            "brief": "儿子、孙子、后裔、成员"
        },
        "11": {
            "sn": "05724",
            "brief": "亚第赉"
        },
        "7": {
            "sn": "01241",
            "brief": "牛"
        },
        "literal": "掌管沙仑牧放牛群的是沙仑人施提赉。掌管山谷牛群的是亚第赉的儿子沙法。",
        "1": {
            "sn": "01241",
            "brief": "牛"
        },
        "2": {
            "sn": "07462",
            "brief": "I. 吃草、放牧、喂养；II. 结交、与...作伴"
        },
        "3": {
            "sn": "08289",
            "brief": "沙仑"
        },
        "4": {
            "sn": "07861",
            "brief": "施提赉"
        },
        "5": {
            "sn": "08290",
            "brief": "沙仑人"
        },
        "12": {
            "sn": "09014",
            "brief": "关闭的意思"
        }
    },
    "22": {
        "1": {
            "sn": "05375",
            "brief": "高举、举起、背负、承担"
        },
        "0": {
            "sn": "03808",
            "brief": "不"
        },
        "2": {
            "sn": "01732",
            "brief": "大卫"
        },
        "3": {
            "sn": "04557",
            "brief": "计量、计数"
        },
        "5": {
            "sn": "06242",
            "brief": "数目的「二十」"
        },
        "11": {
            "sn": "07235",
            "brief": "多、变多"
        },
        "literal": "…大卫没有记他们的数目；(…处填入下行)二十岁以下的，因雅威曾说要加增以色列(人)如天上的星那样多。",
        "4": {
            "sn": "01121",
            "brief": "儿子、孙子、后裔、成员"
        },
        "6": {
            "sn": "08141",
            "brief": "年"
        },
        "7": {
            "sn": "04295",
            "brief": "在下面"
        },
        "8": {
            "sn": "03588",
            "brief": "因为、不必翻译"
        },
        "9": {
            "sn": "00559",
            "brief": "说"
        },
        "10": {
            "sn": "03068",
            "brief": "上帝的名字「雅威」，犹太人尊称为「上主」"
        },
        "12": {
            "sn": "00853",
            "brief": "不必翻译"
        },
        "13": {
            "sn": "03478",
            "brief": "以色列"
        },
        "14": {
            "sn": "03556",
            "brief": "星星"
        },
        "15": {
            "sn": "08064",
            "brief": "天"
        }
    },
    "30": {
        "0": {
            "sn": "05921",
            "brief": "在…上面"
        },
        "1": {
            "sn": "06629",
            "brief": "羊"
        },
        "2": {
            "sn": "03151",
            "brief": "雅悉"
        },
        "3": {
            "sn": "01905",
            "brief": "1. 夏甲人；2. 哈基利"
        },
        "4": {
            "sn": "03605",
            "brief": "全部、整个、各"
        },
        "5": {
            "sn": "00428",
            "brief": "这些"
        },
        "6": {
            "sn": "08269",
            "brief": "领袖"
        },
        "7": {
            "sn": "07399",
            "brief": "家畜、财产"
        },
        "8": {
            "sn": "00834",
            "brief": "不必翻译"
        },
        "9": {
            "sn": "04428",
            "brief": "王"
        },
        "10": {
            "sn": "01732",
            "brief": "大卫"
        },
        "literal": "掌管羊群的是夏甲人雅悉。这些都是为大卫王管理产业的。"
    },
    "33": {
        "literal": "亚希多弗之后，有比拿雅的儿子耶何耶大和亚比亚他。约押作王的元帅。",
        "3": {
            "sn": "01121",
            "brief": "儿子、孙子、后裔、成员"
        },
        "4": {
            "sn": "01141",
            "brief": "比拿雅"
        },
        "5": {
            "sn": "00054",
            "brief": "亚比亚他"
        },
        "6": {
            "sn": "08269",
            "brief": "领袖"
        },
        "7": {
            "sn": "06635",
            "brief": "军队、战争、服役"
        },
        "8": {
            "sn": "04428",
            "brief": "王"
        },
        "9": {
            "sn": "03097",
            "brief": "约押"
        },
        "10": {
            "sn": "09015",
            "brief": "开的意思"
        },
        "0": {
            "sn": "00310",
            "brief": "后面、以后"
        },
        "1": {
            "sn": "00302",
            "brief": "亚希多弗"
        },
        "2": {
            "sn": "03077",
            "brief": "耶何耶大"
        }
    },
    "24": {
        "0": {
            "sn": "05921",
            "brief": "在…上面"
        },
        "1": {
            "sn": "00214",
            "brief": "宝物、府库"
        },
        "2": {
            "sn": "04428",
            "brief": "王"
        },
        "3": {
            "sn": "05820",
            "brief": "亚斯玛威"
        },
        "4": {
            "sn": "01121",
            "brief": "儿子、后裔、成员"
        },
        "5": {
            "sn": "05717",
            "brief": "亚底业"
        },
        "6": {
            "sn": "09014",
            "brief": "关闭的意思"
        },
        "7": {
            "sn": "05921",
            "brief": "在…上面"
        },
        "8": {
            "sn": "00214",
            "brief": "宝物、府库"
        },
        "literal": "掌管王府库的是亚底业的儿子亚斯玛威。掌管田野、城邑，和村庄，和望楼之仓库的是乌西雅的儿子约拿单。",
        "9": {
            "sn": "07704",
            "brief": "田地"
        },
        "10": {
            "sn": "05892",
            "brief": "城邑、城镇"
        },
        "11": {
            "sn": "03723",
            "brief": "村庄"
        },
        "12": {
            "sn": "04026",
            "brief": "羊群的高台"
        },
        "13": {
            "sn": "03083",
            "brief": "约拿单"
        },
        "14": {
            "sn": "01121",
            "brief": "儿子、孙子、后裔、成员"
        },
        "15": {
            "sn": "05818",
            "brief": "乌西雅"
        },
        "16": {
            "sn": "09014",
            "brief": "关闭的意思"
        }
    },
    "25": {
        "literal": "掌管耕田种地的是基绿的儿子以斯利。",
        "1": {
            "sn": "06213",
            "brief": "做"
        },
        "2": {
            "sn": "04399",
            "brief": "工作"
        },
        "3": {
            "sn": "07704",
            "brief": "田地"
        },
        "4": {
            "sn": "05656",
            "brief": "工作、劳碌、劳役"
        },
        "5": {
            "sn": "00127",
            "brief": "地"
        },
        "6": {
            "sn": "05836",
            "brief": "以斯利"
        },
        "7": {
            "sn": "01121",
            "brief": "儿子、孙子、后裔、成员"
        },
        "8": {
            "sn": "03620",
            "brief": "基绿"
        },
        "0": {
            "sn": "05921",
            "brief": "在…上面"
        }
    },
    "6": {
        "0": {
            "sn": "07243",
            "brief": "序数的「第四」"
        },
        "literal": "四月第四班是约押的兄弟亚撒・黑。接续他的是他儿子西巴第雅；他的班内有二万四千人。",
        "1": {
            "sn": "02320",
            "brief": "月朔、新月"
        },
        "2": {
            "sn": "07243",
            "brief": "序数的「第四」"
        },
        "3": {
            "sn": "06214",
            "brief": "亚撒・黑"
        },
        "4": {
            "sn": "06214",
            "brief": "亚撒・黑"
        },
        "5": {
            "sn": "00251",
            "brief": "兄弟"
        },
        "6": {
            "sn": "03097",
            "brief": "约押"
        },
        "7": {
            "sn": "02069",
            "brief": "西巴第雅"
        },
        "8": {
            "sn": "01121",
            "brief": "儿子、孙子、后裔、成员"
        },
        "9": {
            "sn": "00310",
            "brief": "后面、以后 (指时间)"
        },
        "10": {
            "sn": "05921",
            "brief": "在…上面"
        },
        "11": {
            "sn": "04256",
            "brief": "分配"
        },
        "12": {
            "sn": "06242",
            "brief": "数目的「二十」"
        },
        "13": {
            "sn": "00702",
            "brief": "数目的「四」"
        },
        "14": {
            "sn": "00505",
            "brief": "许多、数目的「一千」"
        },
        "15": {
            "sn": "09014",
            "brief": "关闭的意思"
        }
    },
    "0": {
        "9": {
            "sn": "08334",
            "brief": "Pi‘el 事奉、管理、伺候、供职"
        },
        "literal": "以色列人的…按他们的数目，(…处填入下行)父家领袖、千夫长、百夫长，和他们的官长…按班次服事王。(…处填入下二行)周年按月轮流出入，每班二万四千人，",
        "0": {
            "sn": "01121",
            "brief": "儿子、孙子、后裔、成员"
        },
        "1": {
            "sn": "03478",
            "brief": "以色列"
        },
        "2": {
            "sn": "04557",
            "brief": "计量、计数"
        },
        "3": {
            "sn": "07218",
            "brief": "头、起头、山顶、领袖"
        },
        "4": {
            "sn": "00001",
            "brief": "父亲、祖先"
        },
        "5": {
            "sn": "08269",
            "brief": "王子、统治者"
        },
        "6": {
            "sn": "00505",
            "brief": "许多、数目的「一千」"
        },
        "7": {
            "sn": "03967",
            "brief": "数目的「一百」"
        },
        "8": {
            "sn": "07860",
            "brief": "官员、书记官、首领"
        },
        "10": {
            "sn": "00853",
            "brief": "不必翻译"
        },
        "11": {
            "sn": "04428",
            "brief": "君王、国王"
        },
        "12": {
            "sn": "03605",
            "brief": "全部、整个、各"
        },
        "13": {
            "sn": "01697",
            "brief": "话语、事情、行动"
        },
        "14": {
            "sn": "04256",
            "brief": "分配"
        },
        "15": {
            "sn": "00935",
            "brief": "来、进入、临到、发生"
        },
        "16": {
            "sn": "03318",
            "brief": "出去"
        },
        "17": {
            "sn": "02320",
            "brief": "月朔、新月"
        },
        "18": {
            "sn": "02320",
            "brief": "月朔、新月"
        },
        "19": {
            "sn": "03605",
            "brief": "全部、整个、各"
        },
        "20": {
            "sn": "02320",
            "brief": "月朔、新月"
        },
        "21": {
            "sn": "08141",
            "brief": "年"
        },
        "22": {
            "sn": "04256",
            "brief": "分配"
        },
        "23": {
            "sn": "00259",
            "brief": "数目的「一」"
        },
        "24": {
            "sn": "06242",
            "brief": "数目的「二十」"
        },
        "25": {
            "sn": "00702",
            "brief": "数目的「四」"
        },
        "26": {
            "sn": "00505",
            "brief": "许多、数目的「一千」"
        },
        "27": {
            "sn": "09014",
            "brief": "关闭的意思"
        }
    },
    "10": {
        "0": {
            "sn": "08066",
            "brief": "序数的「第八」"
        },
        "1": {
            "sn": "02320",
            "brief": "月朔、新月"
        },
        "2": {
            "sn": "08066",
            "brief": "序数的「第八」"
        },
        "3": {
            "sn": "05444",
            "brief": "西比该"
        },
        "4": {
            "sn": "02843",
            "brief": "户沙人"
        },
        "5": {
            "sn": "02227",
            "brief": "谢拉人"
        },
        "6": {
            "sn": "05921",
            "brief": "在…上面"
        },
        "7": {
            "sn": "04256",
            "brief": "分配"
        },
        "8": {
            "sn": "06242",
            "brief": "数目的「二十」"
        },
        "9": {
            "sn": "00702",
            "brief": "数目的「四」"
        },
        "10": {
            "sn": "00505",
            "brief": "许多、数目的「一千」"
        },
        "11": {
            "sn": "09014",
            "brief": "关闭的意思"
        },
        "literal": "八月第八班是属谢拉族的户沙人西比该；他的班内有二万四千人。"
    },
    "16": {
        "literal": "(管)利未的是基母利的儿子哈沙比雅；(管)亚伦(子孙)的是撒督；",
        "0": {
            "sn": "03878",
            "brief": "利未、利未人"
        },
        "1": {
            "sn": "02811",
            "brief": "哈沙比雅"
        },
        "2": {
            "sn": "01121",
            "brief": "儿子、孙子、后裔、成员"
        },
        "3": {
            "sn": "07055",
            "brief": "基母利"
        },
        "4": {
            "sn": "00175",
            "brief": "亚伦"
        },
        "5": {
            "sn": "06659",
            "brief": "撒督"
        },
        "6": {
            "sn": "09014",
            "brief": "关闭的意思"
        }
    },
    "18": {
        "6": {
            "sn": "01121",
            "brief": "儿子、孙子、后裔、成员"
        },
        "7": {
            "sn": "05837",
            "brief": "亚斯列"
        },
        "8": {
            "sn": "09014",
            "brief": "关闭的意思"
        },
        "literal": "(管)西布伦的是俄巴底亚的儿子伊施玛雅；(管)拿弗他利的是亚斯列的儿子耶利末；",
        "0": {
            "sn": "02074",
            "brief": "西布伦"
        },
        "1": {
            "sn": "03460",
            "brief": "伊施玛雅"
        },
        "2": {
            "sn": "01121",
            "brief": "儿子、孙子、后裔、成员"
        },
        "3": {
            "sn": "05662",
            "brief": "俄巴底亚"
        },
        "4": {
            "sn": "05321",
            "brief": "拿弗他利"
        },
        "5": {
            "sn": "03406",
            "brief": "耶利末"
        }
    },
    "1": {
        "0": {
            "sn": "05921",
            "brief": "在…上面"
        },
        "literal": "管理正月第一班的是撒巴第业的儿子雅朔班；他的班有二万四千人。",
        "1": {
            "sn": "04256",
            "brief": "分配"
        },
        "2": {
            "sn": "07223",
            "brief": "先前的、首先的"
        },
        "3": {
            "sn": "02320",
            "brief": "月朔、新月"
        },
        "4": {
            "sn": "07223",
            "brief": "先前的、首先的"
        },
        "5": {
            "sn": "03434",
            "brief": "雅朔班"
        },
        "6": {
            "sn": "01121",
            "brief": "儿子、孙子、后裔、成员"
        },
        "7": {
            "sn": "02068",
            "brief": "撒巴第业"
        },
        "8": {
            "sn": "05921",
            "brief": "在…上面"
        },
        "9": {
            "sn": "04256",
            "brief": "分配"
        },
        "10": {
            "sn": "06242",
            "brief": "数目的「二十」"
        },
        "11": {
            "sn": "00702",
            "brief": "数目的「四」"
        },
        "12": {
            "sn": "00505",
            "brief": "许多、数目的「一千」"
        }
    },
    "5": {
        "0": {
            "sn": "01931",
            "brief": "他"
        },
        "1": {
            "sn": "01141",
            "brief": "比拿雅"
        },
        "2": {
            "sn": "01368",
            "brief": "形容词：强壮的、有力的；名词：勇士"
        },
        "3": {
            "sn": "07970",
            "brief": "数目的「三十」"
        },
        "4": {
            "sn": "05921",
            "brief": "在…上面"
        },
        "5": {
            "sn": "07970",
            "brief": "数目的「三十」"
        },
        "6": {
            "sn": "04256",
            "brief": "分配"
        },
        "7": {
            "sn": "05990",
            "brief": "暗米萨拔"
        },
        "literal": "这比拿雅属三十个勇士，管理那三十人；他儿子暗米萨拔在他的班内。",
        "8": {
            "sn": "01121",
            "brief": "儿子、孙子、后裔、成员"
        },
        "9": {
            "sn": "09014",
            "brief": "关闭的意思"
        }
    },
    "12": {
        "literal": "十月第十班是谢拉族尼陀法人玛哈莱；他的班内有二万四千人。",
        "0": {
            "sn": "06224",
            "brief": "序数的「第十」"
        },
        "1": {
            "sn": "02320",
            "brief": "月朔、新月"
        },
        "2": {
            "sn": "06224",
            "brief": "序数的「第十」"
        },
        "3": {
            "sn": "04121",
            "brief": "玛哈莱"
        },
        "4": {
            "sn": "05200",
            "brief": "尼陀法人"
        },
        "5": {
            "sn": "02227",
            "brief": "谢拉人"
        },
        "6": {
            "sn": "05921",
            "brief": "在…上面"
        },
        "7": {
            "sn": "04256",
            "brief": "分配"
        },
        "8": {
            "sn": "06242",
            "brief": "数目的「二十」"
        },
        "9": {
            "sn": "00702",
            "brief": "数目的「四」"
        },
        "10": {
            "sn": "00505",
            "brief": "许多、数目的「一千」"
        },
        "11": {
            "sn": "09014",
            "brief": "关闭的意思"
        }
    },
    "13": {
        "literal": "十一月第十一班是以法莲族比拉顿人比拿雅；他的班内有二万四千人。",
        "11": {
            "sn": "04256",
            "brief": "分配"
        },
        "13": {
            "sn": "00702",
            "brief": "数目的「四」"
        },
        "14": {
            "sn": "00505",
            "brief": "许多、数目的「一千」"
        },
        "15": {
            "sn": "09014",
            "brief": "关闭的意思"
        },
        "0": {
            "sn": "06249",
            "brief": "数目的「十一」"
        },
        "1": {
            "sn": "06240",
            "brief": "数目的「十」"
        },
        "2": {
            "sn": "06249",
            "brief": "数目的「十一」"
        },
        "3": {
            "sn": "06240",
            "brief": "数目的「十」"
        },
        "4": {
            "sn": "02320",
            "brief": "月朔、新月"
        },
        "5": {
            "sn": "01141",
            "brief": "比拿雅"
        },
        "6": {
            "sn": "06553",
            "brief": "比拉顿人"
        },
        "7": {
            "sn": "04480",
            "brief": "从、出、离"
        },
        "8": {
            "sn": "01121",
            "brief": "儿子、孙子、后裔、成员"
        },
        "9": {
            "sn": "00669",
            "brief": "以法莲"
        },
        "10": {
            "sn": "05921",
            "brief": "在…上面"
        },
        "12": {
            "sn": "06242",
            "brief": "数目的「二十」"
        }
    },
    "14": {
        "literal": "十二月第十二班是俄陀聂族尼陀法人黑玳；他的班内有二万四千人。",
        "0": {
            "sn": "08147",
            "brief": "数目的「二」"
        },
        "1": {
            "sn": "06240",
            "brief": "数目的「十」"
        },
        "2": {
            "sn": "08147",
            "brief": "数目的「二」"
        },
        "3": {
            "sn": "06240",
            "brief": "数目的「十」"
        },
        "4": {
            "sn": "02320",
            "brief": "月朔、新月"
        },
        "5": {
            "sn": "02469",
            "brief": "黑玳"
        },
        "6": {
            "sn": "05200",
            "brief": "尼陀法人"
        },
        "7": {
            "sn": "06274",
            "brief": "俄陀聂"
        },
        "8": {
            "sn": "05921",
            "brief": "在…上面"
        },
        "9": {
            "sn": "04256",
            "brief": "分配"
        },
        "10": {
            "sn": "06242",
            "brief": "数目的「二十」"
        },
        "11": {
            "sn": "00702",
            "brief": "数目的「四」"
        },
        "12": {
            "sn": "00505",
            "brief": "许多、数目的「一千」"
        },
        "13": {
            "sn": "09015",
            "brief": "开的意思"
        }
    },
    "31": {
        "10": {
            "sn": "02453",
            "brief": "哈革摩尼"
        },
        "12": {
            "sn": "01121",
            "brief": "儿子、孙子、后裔、成员"
        },
        "13": {
            "sn": "04428",
            "brief": "王"
        },
        "literal": "大卫的叔叔约拿单作谋士；他是个聪明人，又作书记。哈革摩尼的儿子耶歇与王的众子在一起。",
        "5": {
            "sn": "00995",
            "brief": "明白、分辨、了解"
        },
        "0": {
            "sn": "03083",
            "brief": "约拿单"
        },
        "1": {
            "sn": "01730",
            "brief": "叔伯、舅舅、心爱的人、爱、爱情"
        },
        "2": {
            "sn": "01732",
            "brief": "大卫"
        },
        "3": {
            "sn": "03289",
            "brief": "谘询、劝告"
        },
        "4": {
            "sn": "00376",
            "brief": "各人、人、男人、丈夫"
        },
        "6": {
            "sn": "05608",
            "brief": "1. 动词：述说、计算；2. 名词：文士、书记"
        },
        "7": {
            "sn": "01931",
            "brief": "他"
        },
        "8": {
            "sn": "03171",
            "brief": "耶歇"
        },
        "9": {
            "sn": "01121",
            "brief": "儿子、孙子、后裔、成员"
        },
        "11": {
            "sn": "05973",
            "brief": "跟"
        }
    },
    "20": {
        "literal": "(管)基列(地)的玛拿西那半支派的是撒迦利亚的儿子易多；(管)便雅悯的是押尼珥的儿子雅西业；",
        "0": {
            "sn": "02677",
            "brief": "一半"
        },
        "1": {
            "sn": "04519",
            "brief": "玛拿西"
        },
        "2": {
            "sn": "01568",
            "brief": "基列"
        },
        "3": {
            "sn": "03035",
            "brief": "雅玳、易多"
        },
        "4": {
            "sn": "01121",
            "brief": "儿子、孙子、后裔、成员"
        },
        "5": {
            "sn": "02148",
            "brief": "撒迦利亚"
        },
        "6": {
            "sn": "09014",
            "brief": "关闭的意思"
        },
        "7": {
            "sn": "01144",
            "brief": "便雅悯"
        },
        "8": {
            "sn": "03300",
            "brief": "雅西业"
        },
        "9": {
            "sn": "01121",
            "brief": "儿子、孙子、后裔、成员"
        },
        "10": {
            "sn": "00074",
            "brief": "押尼珥"
        },
        "11": {
            "sn": "09014",
            "brief": "关闭的意思"
        }
    },
    "2": {
        "literal": "他是法勒斯的子孙，统管正月班所有的军官。",
        "0": {
            "sn": "04480",
            "brief": "从、出、离"
        },
        "1": {
            "sn": "01121",
            "brief": "儿子、孙子、后裔、成员"
        },
        "2": {
            "sn": "06557",
            "brief": "法勒斯"
        },
        "3": {
            "sn": "07218",
            "brief": "头、起头、山顶、领袖"
        },
        "4": {
            "sn": "03605",
            "brief": "全部、整个、各"
        },
        "5": {
            "sn": "08269",
            "brief": "王子、统治者"
        },
        "6": {
            "sn": "06635",
            "brief": "军队、战争、服役"
        },
        "7": {
            "sn": "02320",
            "brief": "月朔、新月"
        },
        "8": {
            "sn": "07223",
            "brief": "先前的、首先的"
        }
    },
    "7": {
        "literal": "五月第五班有官长伊斯拉人珊合；他的班内有二万四千人。",
        "0": {
            "sn": "02549",
            "brief": "序数的「第五」"
        },
        "1": {
            "sn": "02320",
            "brief": "月朔、新月"
        },
        "2": {
            "sn": "02549",
            "brief": "序数的「第五」"
        },
        "3": {
            "sn": "08269",
            "brief": "王子、统治者"
        },
        "4": {
            "sn": "08049",
            "brief": "珊合"
        },
        "5": {
            "sn": "03155",
            "brief": "伊斯拉人"
        },
        "6": {
            "sn": "05921",
            "brief": "在…上面"
        },
        "7": {
            "sn": "04256",
            "brief": "分配"
        },
        "8": {
            "sn": "06242",
            "brief": "数目的「二十」"
        },
        "9": {
            "sn": "00702",
            "brief": "数目的「四」"
        },
        "10": {
            "sn": "00505",
            "brief": "许多、数目的「一千」"
        },
        "11": {
            "sn": "09014",
            "brief": "关闭的意思"
        }
    },
    "21": {
        "literal": "(管)但的是耶罗罕的儿子亚萨列。这些是以色列众支派的首领。",
        "0": {
            "sn": "01835",
            "brief": "但"
        },
        "1": {
            "sn": "05832",
            "brief": "亚萨列"
        },
        "2": {
            "sn": "01121",
            "brief": "儿子、孙子、后裔、成员"
        },
        "3": {
            "sn": "03395",
            "brief": "耶罗罕"
        },
        "4": {
            "sn": "00428",
            "brief": "这些"
        },
        "5": {
            "sn": "08269",
            "brief": "领袖"
        },
        "6": {
            "sn": "07626",
            "brief": "棍、杖、支派、分支"
        },
        "7": {
            "sn": "03478",
            "brief": "以色列"
        }
    },
    "19": {
        "0": {
            "sn": "01121",
            "brief": "儿子、孙子、后裔、成员"
        },
        "1": {
            "sn": "00669",
            "brief": "以法莲"
        },
        "2": {
            "sn": "01954",
            "brief": "何西阿"
        },
        "3": {
            "sn": "01121",
            "brief": "儿子、孙子、后裔、成员"
        },
        "4": {
            "sn": "05812",
            "brief": "阿撒细雅"
        },
        "5": {
            "sn": "02677",
            "brief": "一半"
        },
        "6": {
            "sn": "07626",
            "brief": "棍、杖、支派、分支"
        },
        "7": {
            "sn": "04519",
            "brief": "玛拿西"
        },
        "literal": "(管)以法莲人的是阿撒细雅的儿子何西阿；(管)玛拿西半支派的是毗大雅的儿子约珥；",
        "8": {
            "sn": "03100",
            "brief": "约珥"
        },
        "9": {
            "sn": "01121",
            "brief": "儿子、孙子、后裔、成员"
        },
        "10": {
            "sn": "06305",
            "brief": "毗大雅"
        },
        "11": {
            "sn": "09014",
            "brief": "关闭的意思"
        }
    },
    "27": {
        "literal": "掌管谢非拉的橄榄树和桑树的是基第利人巴力・哈难掌管油库的是约阿施。",
        "0": {
            "sn": "05921",
            "brief": "在…上面"
        },
        "1": {
            "sn": "02132",
            "brief": "橄榄、橄榄树"
        },
        "2": {
            "sn": "08256",
            "brief": "无花果树、桑树"
        },
        "3": {
            "sn": "00834",
            "brief": "不必翻译"
        },
        "4": {
            "sn": "08219",
            "brief": "1. 低地；2. 专有名词：雪非拉"
        },
        "5": {
            "sn": "01177",
            "brief": "巴力•哈难"
        },
        "6": {
            "sn": "01177",
            "brief": "巴力•哈难"
        },
        "7": {
            "sn": "01451",
            "brief": "基第利人"
        },
        "8": {
            "sn": "09014",
            "brief": "关闭的意思"
        },
        "9": {
            "sn": "05921",
            "brief": "在…上面"
        },
        "10": {
            "sn": "00214",
            "brief": "宝物、府库"
        },
        "11": {
            "sn": "08081",
            "brief": "膏油"
        },
        "12": {
            "sn": "03135",
            "brief": "约阿施"
        },
        "13": {
            "sn": "09014",
            "brief": "关闭的意思"
        }
    },
    "29": {
        "literal": "掌管骆驼的是以实玛利人阿比勒。掌管驴群的是米仑人耶希底亚。",
        "0": {
            "sn": "05921",
            "brief": "在…上面"
        },
        "1": {
            "sn": "01581",
            "brief": "骆驼"
        },
        "2": {
            "sn": "00179",
            "brief": "阿比勒"
        },
        "3": {
            "sn": "03459",
            "brief": "以实玛利人"
        },
        "4": {
            "sn": "05921",
            "brief": "在…上面"
        },
        "5": {
            "sn": "00860",
            "brief": "母驴"
        },
        "6": {
            "sn": "03165",
            "brief": "耶希底亚"
        },
        "7": {
            "sn": "04824",
            "brief": "米仑人"
        },
        "8": {
            "sn": "09014",
            "brief": "关闭的意思"
        }
    },
    "15": {
        "literal": "管理以色列支派的，(管)吕便人的官长是细基利的儿子以利以谢；(管)西缅人的是玛迦的儿子示法提雅；",
        "0": {
            "sn": "05921",
            "brief": "在…上面"
        },
        "1": {
            "sn": "07626",
            "brief": "棍、杖、支派、分支"
        },
        "2": {
            "sn": "03478",
            "brief": "以色列"
        },
        "3": {
            "sn": "07206",
            "brief": "吕便人"
        },
        "4": {
            "sn": "05057",
            "brief": "领袖、君王"
        },
        "5": {
            "sn": "00461",
            "brief": "以利以谢"
        },
        "6": {
            "sn": "01121",
            "brief": "儿子、孙子、后裔、成员"
        },
        "7": {
            "sn": "02147",
            "brief": "细基利"
        },
        "8": {
            "sn": "09014",
            "brief": "关闭的意思"
        },
        "9": {
            "sn": "08099",
            "brief": "西缅人"
        },
        "10": {
            "sn": "08203",
            "brief": "示法提雅"
        },
        "11": {
            "sn": "01121",
            "brief": "儿子、孙子、后裔、成员"
        },
        "12": {
            "sn": "04601",
            "brief": "玛迦"
        },
        "13": {
            "sn": "09014",
            "brief": "关闭的意思"
        }
    },
    "17": {
        "literal": "(管)犹大的是大卫的一个哥哥以利户，(管)以萨迦的是米迦勒的儿子暗利；",
        "0": {
            "sn": "03063",
            "brief": "犹大"
        },
        "1": {
            "sn": "00453",
            "brief": "以利户"
        },
        "2": {
            "sn": "00251",
            "brief": "兄弟"
        },
        "3": {
            "sn": "01732",
            "brief": "大卫"
        },
        "4": {
            "sn": "03485",
            "brief": "以萨迦"
        },
        "5": {
            "sn": "06018",
            "brief": "暗利"
        },
        "6": {
            "sn": "01121",
            "brief": "儿子、孙子、后裔、成员"
        },
        "7": {
            "sn": "04317",
            "brief": "米迦勒"
        },
        "8": {
            "sn": "09014",
            "brief": "关闭的意思"
        }
    },
    "4": {
        "literal": "三月第三班的军官是耶何耶大的儿子比拿雅作领袖；他的班内有二万四千人。",
        "0": {
            "sn": "08269",
            "brief": "王子、统治者"
        },
        "1": {
            "sn": "06635",
            "brief": "军队、战争、服役"
        },
        "2": {
            "sn": "07992",
            "brief": "序数的「第三」"
        },
        "3": {
            "sn": "02320",
            "brief": "月朔、新月"
        },
        "4": {
            "sn": "07992",
            "brief": "序数的「第三」"
        },
        "5": {
            "sn": "01141",
            "brief": "比拿雅"
        },
        "6": {
            "sn": "01121",
            "brief": "儿子、孙子、后裔、成员"
        },
        "7": {
            "sn": "03077",
            "brief": "耶何耶大"
        },
        "8": {
            "sn": "03548",
            "brief": "祭司"
        },
        "9": {
            "sn": "07218",
            "brief": "头、起头、山顶、领袖"
        },
        "10": {
            "sn": "05921",
            "brief": "在…上面"
        },
        "11": {
            "sn": "04256",
            "brief": "分配"
        },
        "12": {
            "sn": "06242",
            "brief": "数目的「二十」"
        },
        "13": {
            "sn": "00702",
            "brief": "数目的「四」"
        },
        "14": {
            "sn": "00505",
            "brief": "许多、数目的「一千」"
        }
    },
    "26": {
        "literal": "掌管葡萄园的是拉玛人示每。掌管葡萄园酒窖的是实弗米人撒底。",
        "0": {
            "sn": "05921",
            "brief": "在…上面"
        },
        "1": {
            "sn": "03754",
            "brief": "葡萄园"
        },
        "2": {
            "sn": "08096",
            "brief": "示每"
        },
        "3": {
            "sn": "07435",
            "brief": "拉玛人"
        },
        "4": {
            "sn": "05921",
            "brief": "在…上面"
        },
        "5": {
            "sn": "03754",
            "brief": "葡萄园"
        },
        "6": {
            "sn": "00214",
            "brief": "宝物、府库"
        },
        "7": {
            "sn": "03196",
            "brief": "酒"
        },
        "8": {
            "sn": "02067",
            "brief": "撒底"
        },
        "9": {
            "sn": "08225",
            "brief": "实弗米人"
        },
        "10": {
            "sn": "09014",
            "brief": "关闭的意思"
        }
    }
}