{
    "0": {
        "6": {
            "sn": "09001",
            "brief": "给、往、向、到、归属于"
        },
        "5": {
            "sn": "03205",
            "brief": "生出、出生"
        },
        "literal": "这些是大卫的儿子们，是在希伯仑生给他的：长子暗嫩是耶斯列女子亚希暖(生)的。第二个但以理是迦密女子亚比该(生)的。",
        "0": {
            "sn": "00428",
            "brief": "这些"
        },
        "1": {
            "sn": "01961",
            "brief": "是、成为、临到"
        },
        "2": {
            "sn": "01121",
            "brief": "儿子、孙子、后裔、成员"
        },
        "3": {
            "sn": "01732",
            "brief": "大卫"
        },
        "4": {
            "sn": "00834",
            "brief": "不必翻译"
        },
        "7": {
            "sn": "02275",
            "brief": "希伯仑"
        },
        "8": {
            "sn": "01060",
            "brief": "头生的、长子"
        },
        "9": {
            "sn": "00550",
            "brief": "暗嫩"
        },
        "10": {
            "sn": "00293",
            "brief": "亚希暖"
        },
        "11": {
            "sn": "03159",
            "brief": "耶斯列女子"
        },
        "12": {
            "sn": "08145",
            "brief": "序数的「第二」"
        },
        "13": {
            "sn": "01840",
            "brief": "但以理"
        },
        "14": {
            "sn": "00026",
            "brief": "亚比该"
        },
        "15": {
            "sn": "03762",
            "brief": "迦密女子"
        }
    },
    "3": {
        "2": {
            "sn": "09001",
            "brief": "给、往、向、到、归属于"
        },
        "literal": "在希伯仑有六个(儿子)生给他。他在那里作王七年六个月，在耶路撒冷作王三十三年。",
        "0": {
            "sn": "08337",
            "brief": "数目的「六」"
        },
        "1": {
            "sn": "03205",
            "brief": "生出、出生"
        },
        "3": {
            "sn": "02275",
            "brief": "希伯仑"
        },
        "4": {
            "sn": "04427",
            "brief": "作王、统治"
        },
        "5": {
            "sn": "08033",
            "brief": "那里"
        },
        "6": {
            "sn": "07651",
            "brief": "数目的「七」"
        },
        "7": {
            "sn": "08141",
            "brief": "年"
        },
        "8": {
            "sn": "08337",
            "brief": "数目的「六」"
        },
        "9": {
            "sn": "02320",
            "brief": "月朔、新月"
        },
        "10": {
            "sn": "07970",
            "brief": "数目的「三十」"
        },
        "11": {
            "sn": "07969",
            "brief": "数目的「三」"
        },
        "12": {
            "sn": "08141",
            "brief": "年"
        },
        "13": {
            "sn": "04427",
            "brief": "作王、统治"
        },
        "14": {
            "sn": "03389",
            "brief": "耶路撒冷"
        },
        "15": {
            "sn": "09014",
            "brief": "关闭的意思"
        }
    },
    "6": {
        "literal": "和挪迦、和尼斐、和雅非亚、",
        "0": {
            "sn": "05052",
            "brief": "挪迦"
        },
        "1": {
            "sn": "05298",
            "brief": "尼斐"
        },
        "2": {
            "sn": "03309",
            "brief": "雅非亚"
        }
    },
    "7": {
        "literal": "和以利沙玛、和以利雅大、和以利法列，(共)九人。",
        "2": {
            "sn": "00467",
            "brief": "以利法列"
        },
        "3": {
            "sn": "08672",
            "brief": "数目的「九」"
        },
        "0": {
            "sn": "00476",
            "brief": "以利沙玛"
        },
        "1": {
            "sn": "00450",
            "brief": "以利雅大"
        }
    },
    "21": {
        "literal": "示迦尼的众子是示玛雅；示玛雅的众子是哈突、和以迦、和巴利亚、和尼利雅、和沙法，(共)六个。",
        "1": {
            "sn": "07935",
            "brief": "示迦尼"
        },
        "2": {
            "sn": "08098",
            "brief": "示玛雅"
        },
        "0": {
            "sn": "01121",
            "brief": "儿子、孙子、后裔、成员"
        },
        "3": {
            "sn": "01121",
            "brief": "儿子、孙子、后裔、成员"
        },
        "4": {
            "sn": "08098",
            "brief": "示玛雅"
        },
        "5": {
            "sn": "02407",
            "brief": "哈突"
        },
        "6": {
            "sn": "03008",
            "brief": "以迦"
        },
        "7": {
            "sn": "01282",
            "brief": "巴利亚"
        },
        "8": {
            "sn": "05294",
            "brief": "尼利雅"
        },
        "9": {
            "sn": "08202",
            "brief": "沙法"
        },
        "10": {
            "sn": "08337",
            "brief": "数目的「六」"
        }
    },
    "8": {
        "0": {
            "sn": "03605",
            "brief": "全部、整个、各"
        },
        "1": {
            "sn": "01121",
            "brief": "儿子、孙子、后裔、成员"
        },
        "2": {
            "sn": "01732",
            "brief": "大卫"
        },
        "3": {
            "sn": "00905",
            "brief": "分开、门闩、片段"
        },
        "literal": "这都是大卫妃嫔的儿子们不算在内的儿子们，还有他们的姊妹她玛。",
        "4": {
            "sn": "01121",
            "brief": "儿子、孙子、后裔、成员"
        },
        "5": {
            "sn": "06370",
            "brief": "妾、妃嫔"
        },
        "6": {
            "sn": "08559",
            "brief": "她玛"
        },
        "7": {
            "sn": "00269",
            "brief": "姊妹"
        },
        "8": {
            "sn": "09015",
            "brief": "开的意思"
        }
    },
    "20": {
        "literal": "哈拿尼雅的儿子是毗拉提和以赛亚。利法雅的众子，亚珥难的众子，俄巴底亚的众子，示迦尼的众子。",
        "0": {
            "sn": "01121",
            "brief": "儿子、孙子、后裔、成员"
        },
        "2": {
            "sn": "06410",
            "brief": "毗拉提"
        },
        "3": {
            "sn": "03470",
            "brief": "以赛亚"
        },
        "4": {
            "sn": "01121",
            "brief": "儿子、孙子、后裔、成员"
        },
        "11": {
            "sn": "07935",
            "brief": "示迦尼"
        },
        "12": {
            "sn": "09014",
            "brief": "关闭的意思"
        },
        "1": {
            "sn": "02608",
            "brief": "哈拿尼雅"
        },
        "5": {
            "sn": "07509",
            "brief": "利法雅"
        },
        "6": {
            "sn": "01121",
            "brief": "儿子、孙子、后裔、成员"
        },
        "7": {
            "sn": "00770",
            "brief": "亚珥难"
        },
        "8": {
            "sn": "01121",
            "brief": "儿子、孙子、后裔、成员"
        },
        "9": {
            "sn": "05662",
            "brief": "俄巴底亚"
        },
        "10": {
            "sn": "01121",
            "brief": "儿子、孙子、后裔、成员"
        }
    },
    "22": {
        "literal": "尼利雅的儿子是以利约乃、和希西家、和亚斯利甘，(共)三个。",
        "0": {
            "sn": "01121",
            "brief": "儿子、孙子、后裔、成员"
        },
        "1": {
            "sn": "05294",
            "brief": "尼利雅"
        },
        "2": {
            "sn": "00454",
            "brief": "以利约乃"
        },
        "3": {
            "sn": "02396",
            "brief": "希西家"
        },
        "4": {
            "sn": "05840",
            "brief": "亚斯利甘"
        },
        "5": {
            "sn": "07969",
            "brief": "数目的「三」"
        }
    },
    "23": {
        "literal": "以利约乃的众子是何大雅、和以利亚实、和毗莱雅、和亚谷、和约哈难、和第莱雅、和阿拿尼，(共)七个。",
        "0": {
            "sn": "01121",
            "brief": "儿子、孙子、后裔、成员"
        },
        "1": {
            "sn": "00454",
            "brief": "以利约乃"
        },
        "2": {
            "sn": "01939",
            "brief": "何大雅"
        },
        "3": {
            "sn": "00475",
            "brief": "以利亚实"
        },
        "4": {
            "sn": "06411",
            "brief": "毗莱雅"
        },
        "5": {
            "sn": "06126",
            "brief": "亚谷"
        },
        "6": {
            "sn": "03110",
            "brief": "约哈难"
        },
        "7": {
            "sn": "01806",
            "brief": "第莱雅"
        },
        "8": {
            "sn": "06054",
            "brief": "阿拿尼"
        },
        "9": {
            "sn": "07651",
            "brief": "数目的「七」"
        },
        "10": {
            "sn": "09014",
            "brief": "关闭的意思"
        }
    },
    "4": {
        "literal": "这些是在耶路撒冷生给他的：示米亚、和朔罢、和拿单、和所罗门四个，是亚米利的女儿拔•书亚(生)的。",
        "0": {
            "sn": "00428",
            "brief": "这些"
        },
        "1": {
            "sn": "03205",
            "brief": "生出、出生"
        },
        "2": {
            "sn": "09001",
            "brief": "给、往、向、到、归属于"
        },
        "3": {
            "sn": "03389",
            "brief": "耶路撒冷"
        },
        "4": {
            "sn": "08092",
            "brief": "示米亚"
        },
        "5": {
            "sn": "07727",
            "brief": "朔罢"
        },
        "6": {
            "sn": "05416",
            "brief": "拿单"
        },
        "7": {
            "sn": "08010",
            "brief": "所罗门"
        },
        "8": {
            "sn": "00702",
            "brief": "数目的「四」"
        },
        "9": {
            "sn": "01340",
            "brief": "拔•书亚"
        },
        "10": {
            "sn": "01340",
            "brief": "拔•书亚"
        },
        "11": {
            "sn": "01323",
            "brief": "女儿、女子、乡村"
        },
        "12": {
            "sn": "05988",
            "brief": "亚米利"
        }
    },
    "5": {
        "literal": "和益辖、和以利沙玛、和以利法列、",
        "0": {
            "sn": "02984",
            "brief": "益辖"
        },
        "1": {
            "sn": "00476",
            "brief": "以利沙玛"
        },
        "2": {
            "sn": "00467",
            "brief": "以利法列"
        }
    },
    "9": {
        "literal": "所罗门的儿子是罗波安；他(指罗波安)的儿子是亚比亚；他(指亚比雅)的儿子是亚撒；他(指亚撒)的儿子是约沙法；",
        "0": {
            "sn": "01121",
            "brief": "儿子、孙子、后裔、成员"
        },
        "1": {
            "sn": "08010",
            "brief": "所罗门"
        },
        "2": {
            "sn": "07346",
            "brief": "罗波安"
        },
        "3": {
            "sn": "00029",
            "brief": "亚比亚"
        },
        "4": {
            "sn": "01121",
            "brief": "儿子、孙子、后裔、成员"
        },
        "5": {
            "sn": "00609",
            "brief": "亚撒"
        },
        "6": {
            "sn": "01121",
            "brief": "儿子、孙子、后裔、成员"
        },
        "7": {
            "sn": "03092",
            "brief": "约沙法"
        },
        "8": {
            "sn": "01121",
            "brief": "儿子、孙子、后裔、成员"
        }
    },
    "16": {
        "3": {
            "sn": "07597",
            "brief": "撒拉铁"
        },
        "0": {
            "sn": "01121",
            "brief": "儿子、孙子、后裔、成员"
        },
        "1": {
            "sn": "03204",
            "brief": "耶哥尼雅"
        },
        "2": {
            "sn": "00616",
            "brief": "被掳"
        },
        "4": {
            "sn": "01121",
            "brief": "儿子、孙子、后裔、成员"
        },
        "literal": "耶哥尼雅被掳的儿子们有他的儿子撒拉铁、"
    },
    "14": {
        "literal": "约西亚的长子是约哈难，第二个是约雅敬，第三个是西底家，第四个是沙龙。",
        "0": {
            "sn": "01121",
            "brief": "儿子、孙子、后裔、成员"
        },
        "2": {
            "sn": "01060",
            "brief": "头生的、长子"
        },
        "3": {
            "sn": "03110",
            "brief": "约哈难"
        },
        "4": {
            "sn": "08145",
            "brief": "序数的「第二」"
        },
        "5": {
            "sn": "03079",
            "brief": "约雅敬"
        },
        "6": {
            "sn": "07992",
            "brief": "序数的「第三」"
        },
        "7": {
            "sn": "06667",
            "brief": "西底家"
        },
        "8": {
            "sn": "07243",
            "brief": "序数的「第四」"
        },
        "9": {
            "sn": "07967",
            "brief": "沙龙"
        },
        "1": {
            "sn": "02977",
            "brief": "约西亚"
        }
    },
    "10": {
        "literal": "他(指约沙法)的儿子是约兰；他(指约兰)的儿子是亚哈谢；他(指亚哈谢)的儿子是约阿施；",
        "0": {
            "sn": "03141",
            "brief": "约兰"
        },
        "1": {
            "sn": "01121",
            "brief": "儿子、孙子、后裔、成员"
        },
        "2": {
            "sn": "00274",
            "brief": "亚哈谢"
        },
        "3": {
            "sn": "01121",
            "brief": "儿子、孙子、后裔、成员"
        },
        "4": {
            "sn": "03101",
            "brief": "约阿施"
        },
        "5": {
            "sn": "01121",
            "brief": "儿子、孙子、后裔、成员"
        }
    },
    "11": {
        "literal": "他(指约阿施)的儿子是亚玛谢；他(指亚玛谢)的儿子是亚撒利雅；他(指亚撒利雅)的儿子是约坦；",
        "0": {
            "sn": "00558",
            "brief": "亚玛谢"
        },
        "1": {
            "sn": "01121",
            "brief": "儿子、孙子、后裔、成员"
        },
        "2": {
            "sn": "05838",
            "brief": "亚撒利雅"
        },
        "3": {
            "sn": "01121",
            "brief": "儿子、孙子、后裔、成员"
        },
        "4": {
            "sn": "03147",
            "brief": "约坦"
        },
        "5": {
            "sn": "01121",
            "brief": "儿子、孙子、后裔、成员"
        }
    },
    "12": {
        "literal": "他(指约坦)的儿子是亚哈斯；他(指亚哈斯)的儿子是希西家；他(指希西家)的儿子是玛拿西；",
        "0": {
            "sn": "00271",
            "brief": "亚哈斯"
        },
        "1": {
            "sn": "01121",
            "brief": "儿子、孙子、后裔、成员"
        },
        "2": {
            "sn": "02396",
            "brief": "希西家"
        },
        "3": {
            "sn": "01121",
            "brief": "儿子、孙子、后裔、成员"
        },
        "4": {
            "sn": "04519",
            "brief": "玛拿西"
        },
        "5": {
            "sn": "01121",
            "brief": "儿子、孙子、后裔、成员"
        }
    },
    "13": {
        "literal": "他(指玛拿西)的儿子是亚们；他(指亚们)的儿子是约西亚；",
        "0": {
            "sn": "00526",
            "brief": "亚们"
        },
        "1": {
            "sn": "01121",
            "brief": "儿子、孙子、后裔、成员"
        },
        "2": {
            "sn": "02977",
            "brief": "约西亚"
        },
        "3": {
            "sn": "01121",
            "brief": "儿子、孙子、后裔、成员"
        }
    },
    "15": {
        "literal": "约雅敬的儿子们有他的儿子耶哥尼雅、他的儿子西底家。",
        "0": {
            "sn": "01121",
            "brief": "儿子、孙子、后裔、成员"
        },
        "1": {
            "sn": "03079",
            "brief": "约雅敬"
        },
        "2": {
            "sn": "03204",
            "brief": "耶哥尼雅"
        },
        "3": {
            "sn": "01121",
            "brief": "儿子、孙子、后裔、成员"
        },
        "4": {
            "sn": "06667",
            "brief": "西底家"
        },
        "5": {
            "sn": "01121",
            "brief": "儿子、孙子、后裔、成员"
        }
    },
    "1": {
        "literal": "第三个押沙龙是基述王达买的女儿玛迦的儿子。第四个亚多尼雅是哈及的儿子。",
        "0": {
            "sn": "07992",
            "brief": "序数的「第三」"
        },
        "1": {
            "sn": "00053",
            "brief": "押沙龙"
        },
        "2": {
            "sn": "01121",
            "brief": "儿子、孙子、后裔、成员"
        },
        "3": {
            "sn": "04601",
            "brief": "玛迦"
        },
        "4": {
            "sn": "01323",
            "brief": "女儿、女子、乡村"
        },
        "5": {
            "sn": "08526",
            "brief": "达买"
        },
        "6": {
            "sn": "04428",
            "brief": "王"
        },
        "7": {
            "sn": "01650",
            "brief": "基述人"
        },
        "8": {
            "sn": "07243",
            "brief": "序数的「第四」"
        },
        "9": {
            "sn": "00138",
            "brief": "亚多尼雅"
        },
        "10": {
            "sn": "01121",
            "brief": "儿子、孙子、后裔、成员"
        },
        "11": {
            "sn": "02294",
            "brief": "哈及"
        }
    },
    "18": {
        "literal": "毗大雅的儿子们是所罗巴伯和示每。所罗巴伯的儿子是米书兰和哈拿尼雅，他们的妹妹的名字是示罗密。",
        "0": {
            "sn": "01121",
            "brief": "儿子、孙子、后裔、成员"
        },
        "1": {
            "sn": "06305",
            "brief": "毗大雅"
        },
        "2": {
            "sn": "02217",
            "brief": "所罗巴伯"
        },
        "3": {
            "sn": "08096",
            "brief": "示每"
        },
        "4": {
            "sn": "01121",
            "brief": "儿子、孙子、后裔、成员"
        },
        "5": {
            "sn": "02217",
            "brief": "所罗巴伯"
        },
        "6": {
            "sn": "04918",
            "brief": "米书兰"
        },
        "7": {
            "sn": "02608",
            "brief": "哈拿尼雅"
        },
        "8": {
            "sn": "08019",
            "brief": "示罗密"
        },
        "9": {
            "sn": "00269",
            "brief": "姊妹"
        }
    },
    "2": {
        "literal": "第五个示法提雅是亚比她(生)的。第六个以特念是他(指大卫)的妻子以格拉(生)的。",
        "0": {
            "sn": "02549",
            "brief": "序数的「第五」"
        },
        "1": {
            "sn": "08203",
            "brief": "示法提雅原意为「雅威审判」。"
        },
        "2": {
            "sn": "00037",
            "brief": "亚比她"
        },
        "3": {
            "sn": "08345",
            "brief": "序数的「第六」"
        },
        "4": {
            "sn": "03507",
            "brief": "以特念"
        },
        "5": {
            "sn": "05698",
            "brief": "以格拉"
        },
        "6": {
            "sn": "00802",
            "brief": "女人、妻子"
        }
    },
    "19": {
        "literal": "和哈舒巴、和阿黑、和比利家、和哈撒底、于沙•希悉，(共)五个。",
        "0": {
            "sn": "02807",
            "brief": "哈舒巴"
        },
        "1": {
            "sn": "00169",
            "brief": "阿黑"
        },
        "2": {
            "sn": "01296",
            "brief": "比利家"
        },
        "3": {
            "sn": "02619",
            "brief": "哈撒底"
        },
        "4": {
            "sn": "03142",
            "brief": "于沙•希悉"
        },
        "5": {
            "sn": "03142",
            "brief": "于沙•希悉"
        },
        "6": {
            "sn": "02568",
            "brief": "数目的「五」"
        }
    },
    "17": {
        "literal": "和玛基兰、和毗大雅、和示拿萨、耶加米雅、何沙玛、和尼大比雅。",
        "0": {
            "sn": "04443",
            "brief": "玛基兰"
        },
        "1": {
            "sn": "06305",
            "brief": "毗大雅"
        },
        "2": {
            "sn": "08137",
            "brief": "示拿萨"
        },
        "3": {
            "sn": "03359",
            "brief": "耶加米雅"
        },
        "4": {
            "sn": "01953",
            "brief": "何沙玛"
        },
        "5": {
            "sn": "05072",
            "brief": "尼大比雅"
        }
    }
}