{
    "30": {
        "8": {
            "sn": "05892",
            "brief": "城邑、城镇"
        },
        "0": {
            "sn": "01024",
            "brief": "伯•玛加博"
        },
        "1": {
            "sn": "01024",
            "brief": "伯•玛加博"
        },
        "2": {
            "sn": "02702",
            "brief": "哈萨•苏撒"
        },
        "3": {
            "sn": "02702",
            "brief": "哈萨•苏撒"
        },
        "4": {
            "sn": "01011",
            "brief": "伯•比利"
        },
        "5": {
            "sn": "01011",
            "brief": "伯•比利"
        },
        "6": {
            "sn": "08189",
            "brief": "沙拉音"
        },
        "7": {
            "sn": "00428",
            "brief": "这些"
        },
        "9": {
            "sn": "05704",
            "brief": "直到、甚至"
        },
        "10": {
            "sn": "04427",
            "brief": "作王、统治"
        },
        "11": {
            "sn": "01732",
            "brief": "大卫"
        },
        "literal": "和伯•玛加博、和哈萨•苏撒、和伯•比利、和沙拉音，这些是他们的城邑，直到大卫作王的时候。"
    },
    "15": {
        "0": {
            "sn": "01121",
            "brief": "儿子、孙子、后裔、成员"
        },
        "1": {
            "sn": "03094",
            "brief": "耶哈利勒"
        },
        "2": {
            "sn": "02128",
            "brief": "西弗"
        },
        "3": {
            "sn": "02129",
            "brief": "西法"
        },
        "literal": "耶哈利勒的众子是西弗、和西法、提利、和亚撒列。",
        "4": {
            "sn": "08493",
            "brief": "提利"
        },
        "5": {
            "sn": "00840",
            "brief": "亚撒列"
        }
    },
    "12": {
        "0": {
            "sn": "01121",
            "brief": "儿子、孙子、后裔、成员"
        },
        "4": {
            "sn": "01121",
            "brief": "儿子、孙子、后裔、成员"
        },
        "literal": "基纳斯的众子是俄陀聂和西莱雅。俄陀聂的众子是哈塔。",
        "1": {
            "sn": "07073",
            "brief": "基纳斯"
        },
        "2": {
            "sn": "06274",
            "brief": "俄陀聂"
        },
        "3": {
            "sn": "08304",
            "brief": "西莱雅"
        },
        "5": {
            "sn": "06274",
            "brief": "俄陀聂"
        },
        "6": {
            "sn": "02867",
            "brief": "哈塔"
        }
    },
    "9": {
        "0": {
            "sn": "07121",
            "brief": "喊叫、召集、称呼、求告、朗读"
        },
        "1": {
            "sn": "03258",
            "brief": "雅比斯"
        },
        "2": {
            "sn": "00430",
            "brief": "上帝、神、神明"
        },
        "3": {
            "sn": "03478",
            "brief": "以色列"
        },
        "4": {
            "sn": "00559",
            "brief": "说"
        },
        "5": {
            "sn": "00518",
            "brief": "如果、不是"
        },
        "9": {
            "sn": "00853",
            "brief": "不必翻译"
        },
        "11": {
            "sn": "01961",
            "brief": "是、成为、临到"
        },
        "8": {
            "sn": "07235",
            "brief": "变多、多"
        },
        "6": {
            "sn": "01288",
            "brief": "祝福、赐予"
        },
        "7": {
            "sn": "01288",
            "brief": "祝福、赐予"
        },
        "literal": "雅比斯求告以色列的上帝说：「甚愿你赐福给我，扩张我的境界，你的手常与我同在，保佑我不遭患难，不受艰苦。」上帝使他所求的实现了。",
        "10": {
            "sn": "01366",
            "brief": "边境、边界"
        },
        "12": {
            "sn": "03027",
            "brief": "手、边、力量、权势"
        },
        "13": {
            "sn": "05973",
            "brief": "跟"
        },
        "14": {
            "sn": "06213",
            "brief": "做"
        },
        "15": {
            "sn": "07451",
            "brief": "邪恶、灾难"
        },
        "16": {
            "sn": "01115",
            "brief": "不、除非"
        },
        "17": {
            "sn": "06087",
            "brief": "I. 受伤；II. 塑形"
        },
        "19": {
            "sn": "00430",
            "brief": "上帝、神、神明"
        },
        "20": {
            "sn": "00853",
            "brief": "不必翻译"
        },
        "21": {
            "sn": "00834",
            "brief": "不必翻译"
        },
        "18": {
            "sn": "00935",
            "brief": "来、进入、临到、发生"
        },
        "22": {
            "sn": "07592",
            "brief": "Qal 问、调查、乞讨，Hif‘il 应允所求"
        }
    },
    "11": {
        "0": {
            "sn": "00850",
            "brief": "伊施屯"
        },
        "2": {
            "sn": "00853",
            "brief": "不必翻译"
        },
        "3": {
            "sn": "01051",
            "brief": "伯•拉巴"
        },
        "6": {
            "sn": "06454",
            "brief": "巴西亚"
        },
        "7": {
            "sn": "00853",
            "brief": "不必翻译"
        },
        "8": {
            "sn": "08468",
            "brief": "提欣拿"
        },
        "9": {
            "sn": "00001",
            "brief": "父亲、祖先"
        },
        "10": {
            "sn": "05904",
            "brief": "珥•拿辖"
        },
        "11": {
            "sn": "05904",
            "brief": "珥•拿辖"
        },
        "12": {
            "sn": "00428",
            "brief": "这些"
        },
        "13": {
            "sn": "00376",
            "brief": "各人、人、男人、丈夫"
        },
        "14": {
            "sn": "07397",
            "brief": "利迦"
        },
        "15": {
            "sn": "09014",
            "brief": "关闭的意思"
        },
        "1": {
            "sn": "03205",
            "brief": "生出、出生"
        },
        "literal": "伊施屯生伯•拉巴、和巴西亚，并珥•拿辖之祖提欣拿，这些都是利迦人。",
        "4": {
            "sn": "01051",
            "brief": "伯•拉巴"
        },
        "5": {
            "sn": "00853",
            "brief": "不必翻译"
        }
    },
    "17": {
        "literal": "他的妻子犹大女子生基多之祖雅列，和梭哥之祖希伯，和撒挪亚之祖耶古铁。这些是米列所娶法老女儿比提雅的众子。",
        "0": {
            "sn": "00802",
            "brief": "女人、妻子"
        },
        "1": {
            "sn": "03057",
            "brief": "犹大女子"
        },
        "2": {
            "sn": "03205",
            "brief": "生出、出生"
        },
        "3": {
            "sn": "00853",
            "brief": "不必翻译"
        },
        "4": {
            "sn": "03382",
            "brief": "雅列"
        },
        "5": {
            "sn": "00001",
            "brief": "父亲、祖先"
        },
        "6": {
            "sn": "01446",
            "brief": "基多"
        },
        "7": {
            "sn": "00853",
            "brief": "不必翻译"
        },
        "8": {
            "sn": "02268",
            "brief": "希别、希伯、希百"
        },
        "9": {
            "sn": "00001",
            "brief": "父亲、祖先"
        },
        "10": {
            "sn": "07755",
            "brief": "梭哥"
        },
        "11": {
            "sn": "00853",
            "brief": "不必翻译"
        },
        "12": {
            "sn": "03354",
            "brief": "耶古铁"
        },
        "13": {
            "sn": "00001",
            "brief": "父亲、祖先"
        },
        "14": {
            "sn": "02182",
            "brief": "撒挪亚"
        },
        "15": {
            "sn": "00428",
            "brief": "这些"
        },
        "16": {
            "sn": "01121",
            "brief": "儿子、孙子、后裔、成员"
        },
        "17": {
            "sn": "01332",
            "brief": "比提雅"
        },
        "18": {
            "sn": "01323",
            "brief": "女子、女儿"
        },
        "19": {
            "sn": "06547",
            "brief": "法老"
        },
        "20": {
            "sn": "00834",
            "brief": "不必翻译"
        },
        "21": {
            "sn": "03947",
            "brief": "取、娶、拿"
        },
        "22": {
            "sn": "04778",
            "brief": "米列"
        },
        "23": {
            "sn": "09014",
            "brief": "关闭的意思"
        }
    },
    "16": {
        "0": {
            "sn": "01121",
            "brief": "儿子、孙子、后裔、成员"
        },
        "1": {
            "sn": "05834",
            "brief": "以斯拉"
        },
        "2": {
            "sn": "03500",
            "brief": "益帖"
        },
        "3": {
            "sn": "04778",
            "brief": "米列"
        },
        "literal": "以斯拉的儿子是益帖、米列、以弗、和雅伦。她怀了米利暗、和沙买，和以实提摩之祖益巴。",
        "4": {
            "sn": "06081",
            "brief": "以弗"
        },
        "5": {
            "sn": "03210",
            "brief": "雅伦"
        },
        "6": {
            "sn": "02029",
            "brief": "怀孕"
        },
        "7": {
            "sn": "00853",
            "brief": "不必翻译"
        },
        "8": {
            "sn": "04813",
            "brief": "米利暗"
        },
        "9": {
            "sn": "00853",
            "brief": "不必翻译"
        },
        "10": {
            "sn": "08060",
            "brief": "沙买"
        },
        "11": {
            "sn": "00853",
            "brief": "不必翻译"
        },
        "12": {
            "sn": "03431",
            "brief": "益巴"
        },
        "13": {
            "sn": "00001",
            "brief": "父亲、祖先"
        },
        "14": {
            "sn": "00851",
            "brief": "以实提摩"
        }
    },
    "19": {
        "0": {
            "sn": "01121",
            "brief": "儿子、孙子、后裔、成员"
        },
        "6": {
            "sn": "08436",
            "brief": "提伦"
        },
        "7": {
            "sn": "01121",
            "brief": "儿子、孙子、后裔、成员"
        },
        "8": {
            "sn": "03469",
            "brief": "以示"
        },
        "9": {
            "sn": "02105",
            "brief": "梭黑"
        },
        "1": {
            "sn": "07889",
            "brief": "示门"
        },
        "2": {
            "sn": "00550",
            "brief": "暗嫩"
        },
        "3": {
            "sn": "07441",
            "brief": "林拿"
        },
        "4": {
            "sn": "01135",
            "brief": "便•哈难"
        },
        "5": {
            "sn": "01135",
            "brief": "便•哈难"
        },
        "10": {
            "sn": "01132",
            "brief": "便•梭黑"
        },
        "11": {
            "sn": "01132",
            "brief": "便•梭黑"
        },
        "literal": "示门的众子是暗嫩、和林拿、便•哈难、和提伦。以示的众子是梭黑与便•梭黑。"
    },
    "37": {
        "literal": "这些所记的人名都是在他们的宗族里作领袖的，他们父亲的家室暴增很多。",
        "0": {
            "sn": "00428",
            "brief": "这些"
        },
        "1": {
            "sn": "00935",
            "brief": "来、进入、临到、发生"
        },
        "3": {
            "sn": "05387",
            "brief": "I. 长官、王子、领袖；II. 雾"
        },
        "6": {
            "sn": "00001",
            "brief": "父亲、祖先"
        },
        "8": {
            "sn": "07230",
            "brief": "多"
        },
        "2": {
            "sn": "08034",
            "brief": "名字"
        },
        "4": {
            "sn": "04940",
            "brief": "家族、家庭"
        },
        "5": {
            "sn": "01004",
            "brief": "殿、房屋、家"
        },
        "7": {
            "sn": "06555",
            "brief": "爆炸、胀裂、破坏，Hitpa‘el 摆脱"
        }
    },
    "32": {
        "0": {
            "sn": "03605",
            "brief": "全部、整个、各"
        },
        "1": {
            "sn": "02691",
            "brief": "I 院子；II 村庄"
        },
        "2": {
            "sn": "00834",
            "brief": "不必翻译"
        },
        "3": {
            "sn": "05439",
            "brief": "四围、环绕"
        },
        "4": {
            "sn": "05892",
            "brief": "城邑、城镇"
        },
        "5": {
            "sn": "00428",
            "brief": "这些"
        },
        "6": {
            "sn": "05704",
            "brief": "直到、甚至"
        },
        "literal": "围绕这些城的他们所有的村庄，直到巴力。这是他们的住处，都有把他们登录在家谱。",
        "7": {
            "sn": "01168",
            "brief": "巴力"
        },
        "8": {
            "sn": "02063",
            "brief": "这个"
        },
        "9": {
            "sn": "04186",
            "brief": "住处、座位"
        },
        "11": {
            "sn": "09001",
            "brief": "给、往、向、到、归属于"
        },
        "10": {
            "sn": "03187",
            "brief": "登录于家谱"
        }
    },
    "41": {
        "literal": "这些西缅人中有五百人去西珥山，以示的众子毗拉提、和尼利雅、和利法雅，和乌薛作他们的头，",
        "0": {
            "sn": "04480",
            "brief": "从、出、离"
        },
        "1": {
            "sn": "04480",
            "brief": "从、出、离"
        },
        "2": {
            "sn": "01121",
            "brief": "儿子、孙子、后裔、成员"
        },
        "3": {
            "sn": "08095",
            "brief": "西缅"
        },
        "4": {
            "sn": "01980",
            "brief": "行走、去"
        },
        "5": {
            "sn": "02022",
            "brief": "山"
        },
        "6": {
            "sn": "08165",
            "brief": "西珥"
        },
        "7": {
            "sn": "00376",
            "brief": "各人、人、男人、丈夫"
        },
        "8": {
            "sn": "02568",
            "brief": "数目的「五」"
        },
        "9": {
            "sn": "03967",
            "brief": "数目的「一百」"
        },
        "10": {
            "sn": "06410",
            "brief": "毗拉提"
        },
        "11": {
            "sn": "05294",
            "brief": "尼利雅"
        },
        "12": {
            "sn": "07509",
            "brief": "利法雅"
        },
        "13": {
            "sn": "05816",
            "brief": "乌薛"
        },
        "14": {
            "sn": "01121",
            "brief": "儿子、孙子、后裔、成员"
        },
        "15": {
            "sn": "03469",
            "brief": "以示"
        },
        "16": {
            "sn": "07218",
            "brief": "头、起头、山顶、领袖"
        }
    },
    "36": {
        "literal": "示非的儿子细撒。他(指示非)是亚龙的儿子；他(指亚龙)是耶大雅的儿子；他(指耶大雅)是申利的儿子；他(指申利)是示玛雅的儿子。",
        "1": {
            "sn": "01121",
            "brief": "儿子、孙子、后裔、成员"
        },
        "0": {
            "sn": "02124",
            "brief": "细撒"
        },
        "2": {
            "sn": "08230",
            "brief": "示非"
        },
        "3": {
            "sn": "01121",
            "brief": "儿子、孙子、后裔、成员"
        },
        "4": {
            "sn": "00438",
            "brief": "亚龙"
        },
        "5": {
            "sn": "01121",
            "brief": "儿子、孙子、后裔、成员"
        },
        "6": {
            "sn": "03042",
            "brief": "耶大雅"
        },
        "7": {
            "sn": "01121",
            "brief": "儿子、孙子、后裔、成员"
        },
        "8": {
            "sn": "08113",
            "brief": "申利"
        },
        "9": {
            "sn": "01121",
            "brief": "儿子、孙子、后裔、成员"
        },
        "10": {
            "sn": "08098",
            "brief": "示玛雅"
        }
    },
    "40": {
        "literal": "…这些录名的人前来(…处填入下行)在犹大王希西家年间，攻击他们的帐棚和那里所能找到的米乌尼人，将他们灭尽，直到今日，取代他们而居住，因为那里有草场可以给他们的羊群。",
        "0": {
            "sn": "00935",
            "brief": "来、进入、临到、发生"
        },
        "1": {
            "sn": "00428",
            "brief": "这些"
        },
        "3": {
            "sn": "08034",
            "brief": "名字"
        },
        "4": {
            "sn": "03117",
            "brief": "日子、时候"
        },
        "5": {
            "sn": "03169",
            "brief": "希西家"
        },
        "6": {
            "sn": "04428",
            "brief": "君王"
        },
        "7": {
            "sn": "03063",
            "brief": "犹大"
        },
        "9": {
            "sn": "00853",
            "brief": "不必翻译"
        },
        "10": {
            "sn": "00168",
            "brief": "帐棚、帐蓬"
        },
        "11": {
            "sn": "00853",
            "brief": "不必翻译"
        },
        "12": {
            "sn": "04586",
            "brief": "米乌宁、米乌尼"
        },
        "13": {
            "sn": "00834",
            "brief": "不必翻译"
        },
        "14": {
            "sn": "04672",
            "brief": "寻找、追上、获得、发现"
        },
        "15": {
            "sn": "08033",
            "brief": "那里"
        },
        "17": {
            "sn": "05704",
            "brief": "直到"
        },
        "18": {
            "sn": "03117",
            "brief": "日子、时候"
        },
        "19": {
            "sn": "02088",
            "brief": "这个"
        },
        "20": {
            "sn": "03427",
            "brief": "居住、坐、停留"
        },
        "21": {
            "sn": "08478",
            "brief": "1. 名词：位置、地方；2. 介系词：在…之下；3. 介系词：代替、因为"
        },
        "22": {
            "sn": "03588",
            "brief": "因为、不必翻译"
        },
        "23": {
            "sn": "04829",
            "brief": "草场、牧场"
        },
        "24": {
            "sn": "06629",
            "brief": "羊"
        },
        "25": {
            "sn": "08033",
            "brief": "那里"
        },
        "8": {
            "sn": "05221",
            "brief": "Hif‘il 击打、击杀"
        },
        "16": {
            "sn": "02763",
            "brief": "全然毁坏"
        },
        "2": {
            "sn": "03789",
            "brief": "Qal 写，Nif‘al 被写"
        }
    },
    "29": {
        "2": {
            "sn": "06860",
            "brief": "洗革拉"
        },
        "literal": "和彼土利、和何珥玛、和洗革拉、",
        "0": {
            "sn": "01328",
            "brief": "彼土利"
        },
        "1": {
            "sn": "02767",
            "brief": "何珥玛"
        }
    },
    "35": {
        "literal": "和以利约乃、和雅哥巴、和约朔海、和亚撒雅、和亚底业、和耶西篾、和比拿雅、",
        "0": {
            "sn": "00454",
            "brief": "以利约乃"
        },
        "1": {
            "sn": "03291",
            "brief": "雅哥巴"
        },
        "2": {
            "sn": "03439",
            "brief": "约朔海"
        },
        "3": {
            "sn": "06222",
            "brief": "亚撒雅"
        },
        "4": {
            "sn": "05717",
            "brief": "亚底业"
        },
        "5": {
            "sn": "03450",
            "brief": "耶西篾"
        },
        "6": {
            "sn": "01141",
            "brief": "比拿雅"
        }
    },
    "42": {
        "6": {
            "sn": "08033",
            "brief": "那里"
        },
        "literal": "他们杀了逃脱剩下的亚玛力人，就住在那里直到今日。",
        "1": {
            "sn": "00853",
            "brief": "不必翻译"
        },
        "2": {
            "sn": "07611",
            "brief": "剩余"
        },
        "0": {
            "sn": "05221",
            "brief": "Hif‘il 击打、击杀"
        },
        "3": {
            "sn": "06413",
            "brief": "逃脱、残存之民、拯救"
        },
        "4": {
            "sn": "06002",
            "brief": "亚玛力人"
        },
        "5": {
            "sn": "03427",
            "brief": "居住、坐、停留"
        },
        "7": {
            "sn": "05704",
            "brief": "直到"
        },
        "8": {
            "sn": "03117",
            "brief": "日子、时候"
        },
        "9": {
            "sn": "02088",
            "brief": "这个"
        }
    },
    "20": {
        "0": {
            "sn": "01121",
            "brief": "儿子、孙子、后裔、成员"
        },
        "9": {
            "sn": "04762",
            "brief": "玛利沙"
        },
        "8": {
            "sn": "00001",
            "brief": "父亲、祖先"
        },
        "literal": "犹大的儿子示拉的子孙是利迦之祖珥，和玛利沙之祖拉大，和在亚实比家中织细麻布的家的诸族。",
        "1": {
            "sn": "07956",
            "brief": "示拉"
        },
        "2": {
            "sn": "01121",
            "brief": "儿子、孙子、后裔、成员"
        },
        "3": {
            "sn": "03063",
            "brief": "犹大"
        },
        "4": {
            "sn": "06147",
            "brief": "珥"
        },
        "5": {
            "sn": "00001",
            "brief": "父亲、祖先"
        },
        "6": {
            "sn": "03922",
            "brief": "利迦"
        },
        "7": {
            "sn": "03935",
            "brief": "拉大"
        },
        "10": {
            "sn": "04940",
            "brief": "家族、家庭"
        },
        "11": {
            "sn": "01004",
            "brief": "房屋、家、殿"
        },
        "12": {
            "sn": "05656",
            "brief": "工作、劳碌、劳役"
        },
        "13": {
            "sn": "00948",
            "brief": "亚麻布"
        },
        "14": {
            "sn": "01004",
            "brief": "房屋、家、殿"
        },
        "15": {
            "sn": "00791",
            "brief": "亚实比"
        }
    },
    "3": {
        "literal": "基多之祖是毗努伊勒，户沙之祖是以谢珥。这些都是伯・利恒之祖以法她的长子户珥的儿子们。",
        "11": {
            "sn": "00001",
            "brief": "父亲、祖先"
        },
        "0": {
            "sn": "06439",
            "brief": "毗努伊勒"
        },
        "1": {
            "sn": "00001",
            "brief": "父亲、祖先"
        },
        "2": {
            "sn": "01446",
            "brief": "基多"
        },
        "3": {
            "sn": "05829",
            "brief": "以谢珥"
        },
        "4": {
            "sn": "00001",
            "brief": "父亲、祖先"
        },
        "5": {
            "sn": "02364",
            "brief": "户沙"
        },
        "6": {
            "sn": "00428",
            "brief": "这些"
        },
        "7": {
            "sn": "01121",
            "brief": "儿子、孙子、后裔、成员"
        },
        "8": {
            "sn": "02354",
            "brief": "户珥"
        },
        "9": {
            "sn": "01060",
            "brief": "头生的、长子"
        },
        "10": {
            "sn": "00672",
            "brief": "以法她"
        },
        "12": {
            "sn": "01035",
            "brief": "伯・利恒"
        },
        "13": {
            "sn": "01035",
            "brief": "伯・利恒"
        }
    },
    "1": {
        "3": {
            "sn": "03205",
            "brief": "生出、出生"
        },
        "7": {
            "sn": "03205",
            "brief": "生出、出生"
        },
        "literal": "朔巴的儿子利亚雅生雅哈；雅哈生亚户买和拉哈。这些是琐拉人的诸族。",
        "0": {
            "sn": "07211",
            "brief": "利亚雅"
        },
        "1": {
            "sn": "01121",
            "brief": "儿子、孙子、后裔、成员"
        },
        "2": {
            "sn": "07732",
            "brief": "朔巴"
        },
        "4": {
            "sn": "00853",
            "brief": "不必翻译"
        },
        "5": {
            "sn": "03189",
            "brief": "雅哈"
        },
        "6": {
            "sn": "03189",
            "brief": "雅哈"
        },
        "8": {
            "sn": "00853",
            "brief": "不必翻译"
        },
        "9": {
            "sn": "00267",
            "brief": "亚户买"
        },
        "10": {
            "sn": "00853",
            "brief": "不必翻译"
        },
        "12": {
            "sn": "00428",
            "brief": "这些"
        },
        "11": {
            "sn": "03855",
            "brief": "拉哈"
        },
        "13": {
            "sn": "04940",
            "brief": "家族、家庭"
        },
        "14": {
            "sn": "06882",
            "brief": "琐拉人"
        },
        "15": {
            "sn": "09014",
            "brief": "关闭的意思"
        }
    },
    "38": {
        "literal": "…他们往基多的入口去，(…处填入末行)直到平原的东边，为了寻找他们羊群的草场。",
        "0": {
            "sn": "01980",
            "brief": "行走、去"
        },
        "1": {
            "sn": "03996",
            "brief": "入口、日落地"
        },
        "2": {
            "sn": "01446",
            "brief": "基多"
        },
        "3": {
            "sn": "05704",
            "brief": "直到"
        },
        "4": {
            "sn": "04217",
            "brief": "日出的方向、东方"
        },
        "5": {
            "sn": "01516",
            "brief": "谷、平原"
        },
        "6": {
            "sn": "01245",
            "brief": "Pi‘el 寻找、渴求、想望、索求"
        },
        "7": {
            "sn": "04829",
            "brief": "草场、牧场"
        },
        "8": {
            "sn": "06629",
            "brief": "羊"
        }
    },
    "5": {
        "0": {
            "sn": "03205",
            "brief": "生出、出生"
        },
        "1": {
            "sn": "09001",
            "brief": "给、往、向、到、归属于"
        },
        "2": {
            "sn": "05292",
            "brief": "拿拉"
        },
        "3": {
            "sn": "00853",
            "brief": "不必翻译"
        },
        "4": {
            "sn": "00275",
            "brief": "亚户撒"
        },
        "5": {
            "sn": "00853",
            "brief": "不必翻译"
        },
        "6": {
            "sn": "02660",
            "brief": "希弗"
        },
        "7": {
            "sn": "00853",
            "brief": "不必翻译"
        },
        "8": {
            "sn": "08488",
            "brief": "提米尼"
        },
        "9": {
            "sn": "00853",
            "brief": "不必翻译"
        },
        "10": {
            "sn": "00326",
            "brief": "哈辖斯他利"
        },
        "11": {
            "sn": "00428",
            "brief": "这些"
        },
        "12": {
            "sn": "01121",
            "brief": "儿子、孙子、后裔、成员"
        },
        "13": {
            "sn": "05292",
            "brief": "拿拉"
        },
        "literal": "拿拉给他生亚户撒、和希弗、和提米尼、和哈辖斯他利。这些都是拿拉的众子。"
    },
    "10": {
        "3": {
            "sn": "03205",
            "brief": "生出、出生"
        },
        "0": {
            "sn": "03620",
            "brief": "基绿"
        },
        "1": {
            "sn": "00251",
            "brief": "兄弟"
        },
        "2": {
            "sn": "07746",
            "brief": "书哈"
        },
        "4": {
            "sn": "00853",
            "brief": "不必翻译"
        },
        "5": {
            "sn": "04243",
            "brief": "米黑"
        },
        "6": {
            "sn": "01931",
            "brief": "他"
        },
        "7": {
            "sn": "00001",
            "brief": "父亲、祖先"
        },
        "8": {
            "sn": "00850",
            "brief": "伊施屯"
        },
        "literal": "书哈的兄弟基绿生米黑，他是伊施屯之祖。"
    },
    "14": {
        "literal": "耶孚尼的儿子迦勒的众儿子是以路、以拉、和拿安。以拉的众子是基纳斯。",
        "0": {
            "sn": "01121",
            "brief": "儿子、孙子、后裔、成员"
        },
        "1": {
            "sn": "03612",
            "brief": "迦勒"
        },
        "2": {
            "sn": "01121",
            "brief": "儿子、孙子、后裔、成员"
        },
        "3": {
            "sn": "03312",
            "brief": "耶孚尼"
        },
        "4": {
            "sn": "05900",
            "brief": "以路"
        },
        "5": {
            "sn": "00425",
            "brief": "以拉"
        },
        "6": {
            "sn": "05277",
            "brief": "拿安"
        },
        "7": {
            "sn": "01121",
            "brief": "儿子、孙子、后裔、成员"
        },
        "8": {
            "sn": "00425",
            "brief": "以拉"
        },
        "9": {
            "sn": "07073",
            "brief": "基纳斯"
        }
    },
    "21": {
        "literal": "还有约敬、哥西巴人、约阿施、…萨拉，(…处填入下行)就是在摩押和雅述比•利恒掌权的这都是古时的记载。",
        "0": {
            "sn": "03137",
            "brief": "约敬"
        },
        "1": {
            "sn": "00376",
            "brief": "各人、人、男人、丈夫"
        },
        "2": {
            "sn": "03578",
            "brief": "哥西巴"
        },
        "3": {
            "sn": "03101",
            "brief": "约阿施"
        },
        "4": {
            "sn": "08315",
            "brief": "萨拉"
        },
        "5": {
            "sn": "00834",
            "brief": "不必翻译"
        },
        "6": {
            "sn": "01166",
            "brief": "做丈夫、结婚、拥有"
        },
        "7": {
            "sn": "04124",
            "brief": "摩押"
        },
        "8": {
            "sn": "03433",
            "brief": "雅述比•利恒"
        },
        "9": {
            "sn": "03433",
            "brief": "雅述比•利恒"
        },
        "10": {
            "sn": "01697",
            "brief": "话语、事情"
        },
        "11": {
            "sn": "06267",
            "brief": "远离的、古老的"
        }
    },
    "23": {
        "literal": "西缅的众子是尼母利、和雅悯、雅立、谢拉、扫罗。",
        "0": {
            "sn": "01121",
            "brief": "儿子、孙子、后裔、成员"
        },
        "1": {
            "sn": "08095",
            "brief": "西缅"
        },
        "2": {
            "sn": "05241",
            "brief": "尼母利"
        },
        "3": {
            "sn": "03226",
            "brief": "雅悯"
        },
        "4": {
            "sn": "03402",
            "brief": "雅立"
        },
        "5": {
            "sn": "02226",
            "brief": "谢拉"
        },
        "6": {
            "sn": "07586",
            "brief": "扫罗"
        }
    },
    "25": {
        "literal": "米施玛的子孙：他(指米施玛)的儿子哈母利；他(指哈母利)的儿子撒刻；他(指撒刻)的儿子示每。",
        "0": {
            "sn": "01121",
            "brief": "儿子、孙子、后裔、成员"
        },
        "1": {
            "sn": "04927",
            "brief": "米施玛"
        },
        "2": {
            "sn": "02536",
            "brief": "哈母利"
        },
        "3": {
            "sn": "01121",
            "brief": "儿子、孙子、后裔、成员"
        },
        "4": {
            "sn": "02139",
            "brief": "撒刻"
        },
        "5": {
            "sn": "01121",
            "brief": "儿子、孙子、后裔、成员"
        },
        "6": {
            "sn": "08096",
            "brief": "示每"
        },
        "7": {
            "sn": "01121",
            "brief": "儿子、孙子、后裔、成员"
        }
    },
    "13": {
        "1": {
            "sn": "03205",
            "brief": "生出、出生"
        },
        "literal": "悯挪太生俄弗拉；西莱雅生革•夏纳欣人的祖先约押。他们都是匠人。",
        "0": {
            "sn": "04587",
            "brief": "悯挪太"
        },
        "2": {
            "sn": "00853",
            "brief": "不必翻译"
        },
        "5": {
            "sn": "03205",
            "brief": "生出、出生"
        },
        "3": {
            "sn": "06084",
            "brief": "俄弗拉"
        },
        "4": {
            "sn": "08304",
            "brief": "西莱雅"
        },
        "6": {
            "sn": "00853",
            "brief": "不必翻译"
        },
        "7": {
            "sn": "03097",
            "brief": "约押"
        },
        "8": {
            "sn": "00001",
            "brief": "父亲、祖先"
        },
        "9": {
            "sn": "02798",
            "brief": "革•夏纳欣"
        },
        "10": {
            "sn": "02798",
            "brief": "革•夏纳欣"
        },
        "11": {
            "sn": "03588",
            "brief": "因为、不必翻译"
        },
        "12": {
            "sn": "02796",
            "brief": "工匠"
        },
        "13": {
            "sn": "01961",
            "brief": "是、成为、临到"
        },
        "14": {
            "sn": "09015",
            "brief": "开的意思"
        }
    },
    "28": {
        "literal": "和辟拉、和以森、和陀腊、",
        "0": {
            "sn": "01090",
            "brief": "辟拉"
        },
        "1": {
            "sn": "06107",
            "brief": "以森"
        },
        "2": {
            "sn": "08434",
            "brief": "陀腊"
        }
    },
    "33": {
        "literal": "还有米所巴、和雅米勒、和亚玛谢的儿子约沙、",
        "0": {
            "sn": "04877",
            "brief": "米所巴"
        },
        "1": {
            "sn": "03230",
            "brief": "雅米勒"
        },
        "2": {
            "sn": "03144",
            "brief": "约沙"
        },
        "3": {
            "sn": "01121",
            "brief": "儿子、孙子、后裔、成员"
        },
        "4": {
            "sn": "00558",
            "brief": "亚玛谢"
        }
    },
    "0": {
        "literal": "犹大的众子是法勒斯、希斯仑、和迦米、和户珥、和朔巴。",
        "0": {
            "sn": "01121",
            "brief": "儿子、孙子、后裔、成员"
        },
        "1": {
            "sn": "03063",
            "brief": "犹大"
        },
        "2": {
            "sn": "06557",
            "brief": "法勒斯"
        },
        "3": {
            "sn": "02696",
            "brief": "希斯仑"
        },
        "4": {
            "sn": "03756",
            "brief": "迦米"
        },
        "5": {
            "sn": "02354",
            "brief": "户珥"
        },
        "6": {
            "sn": "07732",
            "brief": "朔巴"
        }
    },
    "4": {
        "literal": "提哥亚之祖亚施户有两个妻子：希拉和拿拉。",
        "0": {
            "sn": "00806",
            "brief": "亚施户"
        },
        "1": {
            "sn": "00001",
            "brief": "父亲、祖先"
        },
        "2": {
            "sn": "08620",
            "brief": "提哥亚"
        },
        "3": {
            "sn": "01961",
            "brief": "是、成为、临到"
        },
        "4": {
            "sn": "08147",
            "brief": "数目的「二」"
        },
        "5": {
            "sn": "00802",
            "brief": "女人、妻子"
        },
        "6": {
            "sn": "02458",
            "brief": "希拉"
        },
        "7": {
            "sn": "05292",
            "brief": "拿拉"
        }
    },
    "6": {
        "literal": "希拉的众子是洗列、和琐辖、和伊提南。",
        "0": {
            "sn": "01121",
            "brief": "儿子、孙子、后裔、成员"
        },
        "1": {
            "sn": "02458",
            "brief": "希拉"
        },
        "2": {
            "sn": "06889",
            "brief": "洗列"
        },
        "3": {
            "sn": "06714",
            "brief": "琐辖"
        },
        "4": {
            "sn": "00869",
            "brief": "伊提南"
        }
    },
    "7": {
        "literal": "哥斯生亚诺、和琐比巴，并哈仑儿子亚哈黑的诸族。",
        "0": {
            "sn": "06976",
            "brief": "哥斯"
        },
        "2": {
            "sn": "00853",
            "brief": "不必翻译"
        },
        "3": {
            "sn": "06036",
            "brief": "亚诺"
        },
        "4": {
            "sn": "00853",
            "brief": "不必翻译"
        },
        "5": {
            "sn": "06637",
            "brief": "琐比巴"
        },
        "6": {
            "sn": "04940",
            "brief": "家族、家庭"
        },
        "7": {
            "sn": "00316",
            "brief": "亚哈黑"
        },
        "8": {
            "sn": "01121",
            "brief": "儿子、孙子、后裔、成员"
        },
        "9": {
            "sn": "02037",
            "brief": "哈仑"
        },
        "1": {
            "sn": "03205",
            "brief": "生出、出生"
        }
    },
    "8": {
        "2": {
            "sn": "03513",
            "brief": "Qal 是重的，Nif‘al 受尊重、得荣耀，Pi‘el 荣耀、加重、使迟钝，Hif‘il 加重"
        },
        "literal": "雅比斯比他众弟兄更尊贵，他母亲叫他的名字为雅比斯，说：我在愁苦中生了他。",
        "0": {
            "sn": "01961",
            "brief": "是、成为、临到"
        },
        "1": {
            "sn": "03258",
            "brief": "雅比斯"
        },
        "3": {
            "sn": "00251",
            "brief": "兄弟"
        },
        "4": {
            "sn": "00517",
            "brief": "母亲"
        },
        "5": {
            "sn": "07121",
            "brief": "喊叫、召集、称呼、求告、朗读"
        },
        "6": {
            "sn": "08034",
            "brief": "名字"
        },
        "7": {
            "sn": "03258",
            "brief": "雅比斯"
        },
        "8": {
            "sn": "00559",
            "brief": "说"
        },
        "9": {
            "sn": "03588",
            "brief": "因为、不必翻译"
        },
        "10": {
            "sn": "03205",
            "brief": "生出、出生"
        },
        "11": {
            "sn": "06090",
            "brief": "愁苦、悲伤"
        }
    },
    "22": {
        "literal": "他们(都)是窑匠，是尼他应和基底拉的居民；与王同在一处，做他的工，住在那里。",
        "0": {
            "sn": "01992",
            "brief": "他们"
        },
        "1": {
            "sn": "03335",
            "brief": "造就、形成"
        },
        "2": {
            "sn": "03427",
            "brief": "居住、坐、停留"
        },
        "3": {
            "sn": "05196",
            "brief": "尼他应"
        },
        "4": {
            "sn": "01449",
            "brief": "基底拉"
        },
        "5": {
            "sn": "05973",
            "brief": "跟"
        },
        "6": {
            "sn": "04428",
            "brief": "君王、国王"
        },
        "7": {
            "sn": "04399",
            "brief": "工作、财产"
        },
        "8": {
            "sn": "03427",
            "brief": "居住、坐、停留"
        },
        "9": {
            "sn": "08033",
            "brief": "那里"
        },
        "10": {
            "sn": "09014",
            "brief": "关闭的意思"
        }
    },
    "24": {
        "literal": "他(指扫罗)的儿子是沙龙；他(指沙龙)的儿子是米比衫；他(指米比衫)的儿子是米施玛；",
        "0": {
            "sn": "07967",
            "brief": "沙龙"
        },
        "1": {
            "sn": "01121",
            "brief": "儿子、孙子、后裔、成员"
        },
        "2": {
            "sn": "04017",
            "brief": "米比衫"
        },
        "3": {
            "sn": "01121",
            "brief": "儿子、孙子、后裔、成员"
        },
        "4": {
            "sn": "04927",
            "brief": "米施玛"
        },
        "5": {
            "sn": "01121",
            "brief": "儿子、孙子、后裔、成员"
        }
    },
    "31": {
        "literal": "他们的村庄是以坦、和亚因、临门、和陀健、和亚珊，(共)五个城邑。",
        "0": {
            "sn": "02691",
            "brief": "I 院子；II 村庄"
        },
        "1": {
            "sn": "05862",
            "brief": "以坦"
        },
        "2": {
            "sn": "05871",
            "brief": "亚因"
        },
        "3": {
            "sn": "07417",
            "brief": "临门"
        },
        "4": {
            "sn": "08507",
            "brief": "陀健"
        },
        "5": {
            "sn": "06228",
            "brief": "亚珊"
        },
        "6": {
            "sn": "05892",
            "brief": "城邑、城镇"
        },
        "7": {
            "sn": "02568",
            "brief": "数目的「五」"
        }
    },
    "26": {
        "12": {
            "sn": "03808",
            "brief": "不"
        },
        "literal": "示每有十六个儿子，六个女儿，他的弟兄没有很多儿子，他们各家不如犹大人多。",
        "0": {
            "sn": "08096",
            "brief": "示每"
        },
        "1": {
            "sn": "01121",
            "brief": "儿子、孙子、后裔、成员"
        },
        "2": {
            "sn": "08337",
            "brief": "数目的「六」"
        },
        "3": {
            "sn": "06240",
            "brief": "数目的「十」"
        },
        "4": {
            "sn": "01323",
            "brief": "女子、女儿"
        },
        "5": {
            "sn": "08337",
            "brief": "数目的「六」"
        },
        "6": {
            "sn": "00251",
            "brief": "兄弟"
        },
        "7": {
            "sn": "00369",
            "brief": "不存在、没有"
        },
        "8": {
            "sn": "01121",
            "brief": "儿子、孙子、后裔、成员"
        },
        "9": {
            "sn": "07227",
            "brief": "I. 形容词：大量的、许多的、充足的，II. 名词：统帅、首领。"
        },
        "10": {
            "sn": "03605",
            "brief": "全部、整个、各"
        },
        "11": {
            "sn": "04940",
            "brief": "家族、家庭"
        },
        "13": {
            "sn": "07235",
            "brief": "变多、多"
        },
        "14": {
            "sn": "05704",
            "brief": "直到、甚至"
        },
        "15": {
            "sn": "01121",
            "brief": "儿子、孙子、后裔、成员"
        },
        "16": {
            "sn": "03063",
            "brief": "犹大"
        },
        "17": {
            "sn": "09014",
            "brief": "关闭的意思"
        }
    },
    "18": {
        "literal": "拿含的姊妹，荷第雅的妻子的子孙是(住在)基伊拉的迦米人和(住在)以实提莫的玛迦人之祖。",
        "0": {
            "sn": "01121",
            "brief": "儿子、孙子、后裔、成员"
        },
        "1": {
            "sn": "00802",
            "brief": "女人、妻子"
        },
        "2": {
            "sn": "01940",
            "brief": "荷第雅"
        },
        "3": {
            "sn": "00269",
            "brief": "姊妹"
        },
        "4": {
            "sn": "05163",
            "brief": "拿含"
        },
        "5": {
            "sn": "00001",
            "brief": "父亲、祖先"
        },
        "6": {
            "sn": "07084",
            "brief": "基伊拉"
        },
        "7": {
            "sn": "01636",
            "brief": "迦米人"
        },
        "8": {
            "sn": "00851",
            "brief": "以实提莫"
        },
        "9": {
            "sn": "04602",
            "brief": "玛迦人"
        }
    },
    "27": {
        "literal": "他们(指西缅人)住在别・是巴、和摩拉大、哈萨•书亚、",
        "0": {
            "sn": "03427",
            "brief": "居住、坐、停留"
        },
        "1": {
            "sn": "00884",
            "brief": "别・是巴"
        },
        "2": {
            "sn": "00884",
            "brief": "别・是巴"
        },
        "3": {
            "sn": "04137",
            "brief": "摩拉大"
        },
        "4": {
            "sn": "02705",
            "brief": "哈萨•书亚"
        },
        "5": {
            "sn": "02705",
            "brief": "哈萨•书亚"
        }
    },
    "34": {
        "literal": "和约珥、和约示比的儿子耶户；他(指约示比)是西莱雅的儿子，他(指西莱雅)是亚薛的儿子，",
        "0": {
            "sn": "03100",
            "brief": "约珥"
        },
        "1": {
            "sn": "03058",
            "brief": "耶户"
        },
        "2": {
            "sn": "01121",
            "brief": "儿子、孙子、后裔、成员"
        },
        "3": {
            "sn": "03143",
            "brief": "约示比"
        },
        "4": {
            "sn": "01121",
            "brief": "儿子、孙子、后裔、成员"
        },
        "5": {
            "sn": "08304",
            "brief": "西莱雅"
        },
        "6": {
            "sn": "01121",
            "brief": "儿子、孙子、后裔、成员"
        },
        "7": {
            "sn": "06221",
            "brief": "亚薛"
        }
    },
    "39": {
        "5": {
            "sn": "07342",
            "brief": "宽阔的"
        },
        "3": {
            "sn": "02896",
            "brief": "名词：良善、美好、福乐；形容词：良善的、美好的"
        },
        "literal": "寻得肥沃优美的草场，宽阔又平静之地。从前住那里的是含族的人。",
        "0": {
            "sn": "04672",
            "brief": "寻找、追上、获得、发现"
        },
        "1": {
            "sn": "04829",
            "brief": "草场、牧场"
        },
        "2": {
            "sn": "08082",
            "brief": "丰盛的"
        },
        "4": {
            "sn": "00776",
            "brief": "地、邦国、疆界"
        },
        "6": {
            "sn": "03027",
            "brief": "手、边、力量、权势"
        },
        "7": {
            "sn": "08252",
            "brief": "安静"
        },
        "8": {
            "sn": "07961",
            "brief": "平静的、繁盛的"
        },
        "9": {
            "sn": "03588",
            "brief": "因为、不必翻译"
        },
        "10": {
            "sn": "04480",
            "brief": "从、离开"
        },
        "11": {
            "sn": "02526",
            "brief": "含"
        },
        "12": {
            "sn": "03427",
            "brief": "居住、坐、停留"
        },
        "13": {
            "sn": "08033",
            "brief": "那里"
        },
        "14": {
            "sn": "06440",
            "brief": "脸"
        }
    },
    "2": {
        "literal": "这些是属以坦之祖的：耶斯列、和伊施玛、和伊得巴；他们的姊妹的名字是哈悉勒玻尼。",
        "0": {
            "sn": "00428",
            "brief": "这些"
        },
        "1": {
            "sn": "00001",
            "brief": "父亲、祖先"
        },
        "2": {
            "sn": "05862",
            "brief": "以坦"
        },
        "3": {
            "sn": "03157",
            "brief": "耶斯列"
        },
        "4": {
            "sn": "03457",
            "brief": "伊施玛"
        },
        "5": {
            "sn": "03031",
            "brief": "伊得巴"
        },
        "6": {
            "sn": "08034",
            "brief": "名、名字"
        },
        "7": {
            "sn": "00269",
            "brief": "姊妹"
        },
        "8": {
            "sn": "06753",
            "brief": "哈悉勒玻尼"
        }
    }
}