{
    "2": {
        "literal": "战争重重临到扫罗，弓箭手发现他，他因弓箭手而受重伤，",
        "5": {
            "sn": "03384",
            "brief": "Qal 射、抛掷，Hif‘il 教导、射、抛掷"
        },
        "9": {
            "sn": "03384",
            "brief": "Qal 射、抛掷，Hif‘il 教导、射、抛掷"
        },
        "7": {
            "sn": "02342",
            "brief": "I. Qal 跳舞、阵痛、扭曲，Hif‘il 使痛苦，Hof‘al 生出，Po‘lel 生产，Hitpo‘lel 切望等候；II 坚定"
        },
        "2": {
            "sn": "05921",
            "brief": "在…上面"
        },
        "3": {
            "sn": "07586",
            "brief": "扫罗"
        },
        "4": {
            "sn": "04672",
            "brief": "寻找、追上、获得、发现"
        },
        "6": {
            "sn": "07198",
            "brief": "弓"
        },
        "8": {
            "sn": "04480",
            "brief": "从"
        },
        "0": {
            "sn": "03513",
            "brief": "Qal 是重的，Nif‘al 受尊重、得荣耀，Pi‘el 荣耀、加重、使迟钝，Hif‘il 加重"
        },
        "1": {
            "sn": "04421",
            "brief": "战争"
        }
    },
    "11": {
        "literal": "所有的勇士就起身，抬起扫罗的尸体和他儿子们的尸体，把它们送到雅比，将他们的骸骨葬在雅比的橡树下，他们就禁食七日。",
        "21": {
            "sn": "03117",
            "brief": "日子、时候"
        },
        "15": {
            "sn": "06106",
            "brief": "本体、精髓、骨头"
        },
        "16": {
            "sn": "08478",
            "brief": "1. 名词：位置、地方；2. 介系词：在…之下；3. 介系词：代替、因为"
        },
        "17": {
            "sn": "00424",
            "brief": "笃褥香树、橡树"
        },
        "18": {
            "sn": "03003",
            "brief": "雅比"
        },
        "19": {
            "sn": "06684",
            "brief": "禁食"
        },
        "20": {
            "sn": "07651",
            "brief": "数目的「七」"
        },
        "0": {
            "sn": "06965",
            "brief": "起来、设立、坚立"
        },
        "1": {
            "sn": "03605",
            "brief": "全部、整个、各"
        },
        "2": {
            "sn": "00376",
            "brief": "各人、人、男人、丈夫"
        },
        "3": {
            "sn": "02428",
            "brief": "军队、力量、财富、能力"
        },
        "4": {
            "sn": "05375",
            "brief": "高举、举起、背负、承担"
        },
        "5": {
            "sn": "00853",
            "brief": "不必翻译"
        },
        "6": {
            "sn": "01480",
            "brief": "尸体"
        },
        "7": {
            "sn": "07586",
            "brief": "扫罗"
        },
        "8": {
            "sn": "00853",
            "brief": "不必翻译"
        },
        "9": {
            "sn": "01480",
            "brief": "尸体"
        },
        "10": {
            "sn": "01121",
            "brief": "儿子、孙子、后裔、成员"
        },
        "12": {
            "sn": "03003",
            "brief": "雅比"
        },
        "13": {
            "sn": "06912",
            "brief": "埋葬"
        },
        "14": {
            "sn": "00853",
            "brief": "不必翻译"
        },
        "11": {
            "sn": "00935",
            "brief": "来、进入、临到、发生"
        }
    },
    "4": {
        "literal": "背他兵器的人见扫罗已死，他也伏在刀上死了。",
        "1": {
            "sn": "05375",
            "brief": "高举、举起、背负、承担"
        },
        "2": {
            "sn": "03627",
            "brief": "器具"
        },
        "3": {
            "sn": "03588",
            "brief": "因为、不必翻译"
        },
        "4": {
            "sn": "04191",
            "brief": "死"
        },
        "5": {
            "sn": "07586",
            "brief": "扫罗"
        },
        "6": {
            "sn": "05307",
            "brief": "跌落、跌倒、使签落在..."
        },
        "7": {
            "sn": "01571",
            "brief": "也"
        },
        "8": {
            "sn": "01931",
            "brief": "他"
        },
        "9": {
            "sn": "05921",
            "brief": "在…上面"
        },
        "10": {
            "sn": "02719",
            "brief": "刀、刀剑"
        },
        "11": {
            "sn": "04191",
            "brief": "死"
        },
        "12": {
            "sn": "09014",
            "brief": "关闭的意思"
        },
        "0": {
            "sn": "07200",
            "brief": "Qal 看见、看顾、察觉，Nif‘al 显现，Hif‘il 显明"
        }
    },
    "5": {
        "literal": "(这样，)扫罗和他三个儿子死亡，他的全家都跟他一同死亡。",
        "0": {
            "sn": "04191",
            "brief": "死"
        },
        "1": {
            "sn": "07586",
            "brief": "扫罗"
        },
        "2": {
            "sn": "07969",
            "brief": "数目的「三」"
        },
        "3": {
            "sn": "01121",
            "brief": "儿子、孙子、后裔、成员"
        },
        "4": {
            "sn": "03605",
            "brief": "全部、整个、任何事物"
        },
        "5": {
            "sn": "01004",
            "brief": "殿、房子、家"
        },
        "6": {
            "sn": "03162",
            "brief": "一起"
        },
        "7": {
            "sn": "04191",
            "brief": "死"
        }
    },
    "3": {
        "0": {
            "sn": "00559",
            "brief": "说"
        },
        "1": {
            "sn": "07586",
            "brief": "扫罗"
        },
        "2": {
            "sn": "00413",
            "brief": "向、往"
        },
        "3": {
            "sn": "05375",
            "brief": "高举、举起、背负、承担"
        },
        "4": {
            "sn": "03627",
            "brief": "器具"
        },
        "19": {
            "sn": "03588",
            "brief": "因为、不必翻译"
        },
        "literal": "扫罗对背他兵器的人说：「拔出你的刀来，用它(原文用阴性，下同)将我刺死，免得那些未受割礼的人来凌辱我。」但背他兵器的人因甚惧怕而不肯；扫罗就拿刀，自己伏在它上面死了。",
        "15": {
            "sn": "03808",
            "brief": "不"
        },
        "13": {
            "sn": "05953",
            "brief": "严格行事、冷酷处理"
        },
        "5": {
            "sn": "08025",
            "brief": "拔出、脱下、发芽"
        },
        "6": {
            "sn": "02719",
            "brief": "刀、刀剑"
        },
        "7": {
            "sn": "01856",
            "brief": "刺穿"
        },
        "8": {
            "sn": "09002",
            "brief": "在、用、藉着、与、敌对"
        },
        "9": {
            "sn": "06435",
            "brief": "免得、恐怕、为了不"
        },
        "10": {
            "sn": "00935",
            "brief": "来、进入、临到、发生"
        },
        "11": {
            "sn": "06189",
            "brief": "未受割礼的"
        },
        "12": {
            "sn": "00428",
            "brief": "这些"
        },
        "14": {
            "sn": "09002",
            "brief": "在、用、藉着、与、敌对"
        },
        "16": {
            "sn": "00014",
            "brief": "愿意"
        },
        "17": {
            "sn": "05375",
            "brief": "高举、举起、背负、承担"
        },
        "18": {
            "sn": "03627",
            "brief": "器具"
        },
        "20": {
            "sn": "03372",
            "brief": "Qal 害怕，Nif‘al 令人畏惧"
        },
        "21": {
            "sn": "03966",
            "brief": "极其、非常"
        },
        "22": {
            "sn": "09014",
            "brief": "关闭的意思"
        },
        "23": {
            "sn": "03947",
            "brief": "取、娶、拿"
        },
        "24": {
            "sn": "07586",
            "brief": "扫罗"
        },
        "25": {
            "sn": "00853",
            "brief": "不必翻译"
        },
        "27": {
            "sn": "05307",
            "brief": "跌落、跌倒、使签落在..."
        },
        "26": {
            "sn": "02719",
            "brief": "刀、刀剑"
        },
        "28": {
            "sn": "05921",
            "brief": "在…上面"
        }
    },
    "13": {
        "literal": "没有寻求雅威，所以他使他死亡，把王权转给耶西的儿子大卫。",
        "5": {
            "sn": "00853",
            "brief": "不必翻译"
        },
        "6": {
            "sn": "04410",
            "brief": "王室、王朝"
        },
        "7": {
            "sn": "01732",
            "brief": "大卫"
        },
        "8": {
            "sn": "01121",
            "brief": "儿子、孙子、后裔、成员"
        },
        "9": {
            "sn": "03448",
            "brief": "耶西"
        },
        "10": {
            "sn": "09015",
            "brief": "开的意思"
        },
        "4": {
            "sn": "05437",
            "brief": "转、步行环绕、围绕"
        },
        "1": {
            "sn": "01875",
            "brief": "寻求、寻找"
        },
        "2": {
            "sn": "03068",
            "brief": "上帝的名字「雅威」，犹太人尊称为「上主」"
        },
        "0": {
            "sn": "03808",
            "brief": "不"
        },
        "3": {
            "sn": "04191",
            "brief": "死"
        }
    },
    "0": {
        "0": {
            "sn": "06430",
            "brief": "非利士人"
        },
        "2": {
            "sn": "03478",
            "brief": "以色列"
        },
        "3": {
            "sn": "05127",
            "brief": "奔走、奔跑"
        },
        "4": {
            "sn": "00376",
            "brief": "各人、人、男人、丈夫"
        },
        "5": {
            "sn": "03478",
            "brief": "以色列"
        },
        "6": {
            "sn": "06440",
            "brief": "脸"
        },
        "7": {
            "sn": "06430",
            "brief": "非利士人"
        },
        "8": {
            "sn": "05307",
            "brief": "跌落、跌倒、使签落在..."
        },
        "9": {
            "sn": "02491",
            "brief": "刺杀、致命伤"
        },
        "1": {
            "sn": "03898",
            "brief": "I. Qal 攻击、打仗，Nif‘al 参战、攻打；II 吃"
        },
        "literal": "非利士人(来)攻打以色列，以色列人在非利士人面前逃跑，在基利波山被杀仆倒。",
        "10": {
            "sn": "02022",
            "brief": "山"
        },
        "11": {
            "sn": "01533",
            "brief": "基利波"
        }
    },
    "6": {
        "7": {
            "sn": "05127",
            "brief": "奔走、奔跑"
        },
        "literal": "在平原所有的以色列人看见他们(指以色列军兵)逃跑，扫罗和他的儿子们死了，就丢弃自己的城逃跑，非利士人便来住在其中。",
        "1": {
            "sn": "03605",
            "brief": "全部、整个、任何事物"
        },
        "2": {
            "sn": "00376",
            "brief": "各人、人、男人、丈夫"
        },
        "3": {
            "sn": "03478",
            "brief": "以色列"
        },
        "4": {
            "sn": "00834",
            "brief": "不必翻译"
        },
        "5": {
            "sn": "06010",
            "brief": "山谷"
        },
        "6": {
            "sn": "03588",
            "brief": "因为、不必翻译"
        },
        "8": {
            "sn": "03588",
            "brief": "因为、不必翻译"
        },
        "9": {
            "sn": "04191",
            "brief": "死"
        },
        "10": {
            "sn": "07586",
            "brief": "扫罗"
        },
        "11": {
            "sn": "01121",
            "brief": "儿子、孙子、后裔、成员"
        },
        "12": {
            "sn": "05800",
            "brief": "I. 离弃、撇下；II. 修复"
        },
        "13": {
            "sn": "05892",
            "brief": "城邑、城镇"
        },
        "14": {
            "sn": "05127",
            "brief": "奔走、奔跑"
        },
        "15": {
            "sn": "00935",
            "brief": "来、进入、临到、发生"
        },
        "16": {
            "sn": "06430",
            "brief": "非利士人"
        },
        "17": {
            "sn": "03427",
            "brief": "居住、坐、停留"
        },
        "18": {
            "sn": "09002",
            "brief": "在、用、藉着、与、敌对"
        },
        "19": {
            "sn": "09014",
            "brief": "关闭的意思"
        },
        "0": {
            "sn": "07200",
            "brief": "Qal 看见、看顾、察觉，Nif‘al 显现，Hif‘il 显明"
        }
    },
    "12": {
        "literal": "这样，扫罗死在他背叛雅威的自己的背叛中，因为雅威的话他没有遵守；甚至为了寻求(意见)而去求问交鬼的人，",
        "1": {
            "sn": "07586",
            "brief": "扫罗"
        },
        "2": {
            "sn": "04604",
            "brief": "不忠实或背叛的行为"
        },
        "3": {
            "sn": "00834",
            "brief": "不必翻译"
        },
        "0": {
            "sn": "04191",
            "brief": "死"
        },
        "4": {
            "sn": "04603",
            "brief": "背叛、犯罪、不忠"
        },
        "5": {
            "sn": "03068",
            "brief": "上帝的名字「雅威」，犹太人尊称为「上主」"
        },
        "6": {
            "sn": "05921",
            "brief": "在…上面"
        },
        "7": {
            "sn": "01697",
            "brief": "话语、事情、言论"
        },
        "8": {
            "sn": "03068",
            "brief": "上帝的名字「雅威」，犹太人尊称为「上主」"
        },
        "9": {
            "sn": "00834",
            "brief": "不必翻译"
        },
        "12": {
            "sn": "01571",
            "brief": "也"
        },
        "13": {
            "sn": "07592",
            "brief": "问、求"
        },
        "14": {
            "sn": "00178",
            "brief": "水袋的外皮、交鬼者"
        },
        "15": {
            "sn": "01875",
            "brief": "寻求、寻找"
        },
        "10": {
            "sn": "03808",
            "brief": "不"
        },
        "11": {
            "sn": "08104",
            "brief": "Qal 保护、遵守，Nif‘al 小心、防备"
        }
    },
    "1": {
        "8": {
            "sn": "00853",
            "brief": "不必翻译"
        },
        "6": {
            "sn": "05221",
            "brief": "Hif‘il 击打、击杀"
        },
        "14": {
            "sn": "04444",
            "brief": "麦基•书亚"
        },
        "0": {
            "sn": "01692",
            "brief": "紧紧跟随、黏住、赶上"
        },
        "literal": "非利士人紧追扫罗之后和他的儿子们之后，非利士人击杀了…约拿单、(…处填入末行)和亚比拿达、和麦基・书亚。扫罗的儿子们",
        "1": {
            "sn": "06430",
            "brief": "非利士人"
        },
        "2": {
            "sn": "00310",
            "brief": "后来、跟着、接着"
        },
        "3": {
            "sn": "07586",
            "brief": "扫罗"
        },
        "4": {
            "sn": "00310",
            "brief": "后来、跟着、接着"
        },
        "5": {
            "sn": "01121",
            "brief": "儿子、孙子、后裔、成员"
        },
        "7": {
            "sn": "06430",
            "brief": "非利士人"
        },
        "9": {
            "sn": "03129",
            "brief": "约拿单"
        },
        "10": {
            "sn": "00853",
            "brief": "不必翻译"
        },
        "11": {
            "sn": "00041",
            "brief": "亚比拿达"
        },
        "12": {
            "sn": "00853",
            "brief": "不必翻译"
        },
        "13": {
            "sn": "04444",
            "brief": "麦基•书亚"
        },
        "15": {
            "sn": "01121",
            "brief": "儿子、孙子、后裔、成员"
        },
        "16": {
            "sn": "07586",
            "brief": "扫罗"
        }
    },
    "10": {
        "literal": "基列的雅比所有(的人)听见非利士人向扫罗所做的一切，",
        "0": {
            "sn": "08085",
            "brief": "Qal 听、听从，Hif‘il 说明、使…听"
        },
        "1": {
            "sn": "03605",
            "brief": "全部、整个、各"
        },
        "2": {
            "sn": "03003",
            "brief": "雅比"
        },
        "3": {
            "sn": "01568",
            "brief": "基列"
        },
        "4": {
            "sn": "00853",
            "brief": "不必翻译"
        },
        "5": {
            "sn": "03605",
            "brief": "全部、整个、各"
        },
        "6": {
            "sn": "00834",
            "brief": "不必翻译"
        },
        "7": {
            "sn": "06213",
            "brief": "做"
        },
        "8": {
            "sn": "06430",
            "brief": "非利士人"
        },
        "9": {
            "sn": "07586",
            "brief": "扫罗"
        }
    },
    "8": {
        "10": {
            "sn": "01319",
            "brief": "传好消息"
        },
        "literal": "就劫掠了他，拿着他的首级和他的军装，送到非利士地四境，报信给他们的偶像和百姓，",
        "9": {
            "sn": "05439",
            "brief": "四围、环绕"
        },
        "11": {
            "sn": "00853",
            "brief": "不必翻译"
        },
        "12": {
            "sn": "06091",
            "brief": "偶像"
        },
        "13": {
            "sn": "00853",
            "brief": "不必翻译"
        },
        "14": {
            "sn": "05971",
            "brief": "百姓、国民"
        },
        "6": {
            "sn": "07971",
            "brief": "差遣、释放、送走、伸出、伸展"
        },
        "0": {
            "sn": "06584",
            "brief": "剥、脱"
        },
        "1": {
            "sn": "05375",
            "brief": "高举、举起、背负、承担"
        },
        "2": {
            "sn": "00853",
            "brief": "不必翻译"
        },
        "3": {
            "sn": "07218",
            "brief": "头、起头、山顶、领袖"
        },
        "4": {
            "sn": "00853",
            "brief": "不必翻译"
        },
        "5": {
            "sn": "03627",
            "brief": "器具"
        },
        "7": {
            "sn": "00776",
            "brief": "地、邦国、疆界"
        },
        "8": {
            "sn": "06430",
            "brief": "非利士人"
        }
    },
    "7": {
        "literal": "次日，非利士人来劫掠被杀之人，发现扫罗和他的儿子们仆倒在基利波山，",
        "4": {
            "sn": "06584",
            "brief": "剥、脱"
        },
        "0": {
            "sn": "01961",
            "brief": "是、成为、临到"
        },
        "1": {
            "sn": "04283",
            "brief": "翌日"
        },
        "2": {
            "sn": "00935",
            "brief": "来、进入、临到、发生"
        },
        "3": {
            "sn": "06430",
            "brief": "非利士人"
        },
        "5": {
            "sn": "00853",
            "brief": "不必翻译"
        },
        "6": {
            "sn": "02491",
            "brief": "刺杀、致命伤"
        },
        "7": {
            "sn": "04672",
            "brief": "寻找、追上、获得、发现"
        },
        "8": {
            "sn": "00853",
            "brief": "不必翻译"
        },
        "9": {
            "sn": "07586",
            "brief": "扫罗、少罗"
        },
        "10": {
            "sn": "00853",
            "brief": "不必翻译"
        },
        "11": {
            "sn": "01121",
            "brief": "儿子、孙子、后裔、成员"
        },
        "12": {
            "sn": "05307",
            "brief": "跌落、跌倒、使签落在..."
        },
        "13": {
            "sn": "02022",
            "brief": "山"
        },
        "14": {
            "sn": "01533",
            "brief": "基利波"
        }
    },
    "9": {
        "0": {
            "sn": "07760",
            "brief": "置、放"
        },
        "1": {
            "sn": "00853",
            "brief": "不必翻译"
        },
        "2": {
            "sn": "03627",
            "brief": "器具"
        },
        "3": {
            "sn": "01004",
            "brief": "殿、房子、家、庙"
        },
        "4": {
            "sn": "00430",
            "brief": "上帝、神、神明"
        },
        "5": {
            "sn": "00853",
            "brief": "不必翻译"
        },
        "6": {
            "sn": "01538",
            "brief": "头颅"
        },
        "7": {
            "sn": "08628",
            "brief": "吹、钉、敲击"
        },
        "literal": "又把他(指扫罗)的军装放在他们神明的庙里，将他的头颅钉在大衮的庙中。",
        "8": {
            "sn": "01004",
            "brief": "殿、房子、家、庙"
        },
        "9": {
            "sn": "01712",
            "brief": "大衮"
        },
        "10": {
            "sn": "09014",
            "brief": "关闭的意思"
        }
    }
}