{
    "17": {
        "0": {
            "sn": "06213",
            "brief": "做"
        },
        "1": {
            "sn": "04880",
            "brief": "从、出"
        },
        "2": {
            "sn": "07657",
            "brief": "数目的「七十」"
        },
        "3": {
            "sn": "00505",
            "brief": "许多、数目的「一千」"
        },
        "13": {
            "sn": "05329",
            "brief": "Qal 优于、聪明、长久，Pi‘el 做监督、做指挥"
        },
        "literal": "(原文2:17)使他们当中的七万人作搬运工，八万人在山上凿石头，三千六百人监督百姓工作。",
        "4": {
            "sn": "05449",
            "brief": "搬运的人"
        },
        "5": {
            "sn": "08084",
            "brief": "数目的「八十」"
        },
        "6": {
            "sn": "00505",
            "brief": "许多、数目的「一千」"
        },
        "7": {
            "sn": "02672",
            "brief": "凿、挖掘"
        },
        "8": {
            "sn": "02022",
            "brief": "山"
        },
        "9": {
            "sn": "07969",
            "brief": "数目的「三」"
        },
        "10": {
            "sn": "00505",
            "brief": "许多、数目的「一千」"
        },
        "11": {
            "sn": "08337",
            "brief": "数目的「六」"
        },
        "12": {
            "sn": "03967",
            "brief": "数目的「一百」"
        },
        "15": {
            "sn": "00853",
            "brief": "不必翻译"
        },
        "16": {
            "sn": "05971",
            "brief": "百姓、国民"
        },
        "14": {
            "sn": "05647",
            "brief": "工作、服事"
        }
    },
    "15": {
        "8": {
            "sn": "09001",
            "brief": "给、往、向、到、归属于"
        },
        "7": {
            "sn": "00935",
            "brief": "来、进入、临到、发生"
        },
        "literal": "(原文2:15)我们必…从黎巴嫩砍伐树木，(…处填入下行)照你一切所需要的，把它们扎成筏子，浮海运到约帕给你，你可以把它们运上去到耶路撒冷。」",
        "0": {
            "sn": "00587",
            "brief": "我们"
        },
        "1": {
            "sn": "03772",
            "brief": "立约、剪除、切开、砍下"
        },
        "2": {
            "sn": "06086",
            "brief": "木头、树"
        },
        "3": {
            "sn": "04480",
            "brief": "从、出"
        },
        "4": {
            "sn": "03844",
            "brief": "黎巴嫩"
        },
        "5": {
            "sn": "03605",
            "brief": "全部、整个、各"
        },
        "6": {
            "sn": "06878",
            "brief": "需求"
        },
        "9": {
            "sn": "07513",
            "brief": "浮筏"
        },
        "10": {
            "sn": "05921",
            "brief": "在…上面"
        },
        "11": {
            "sn": "03220",
            "brief": "海"
        },
        "12": {
            "sn": "03305",
            "brief": "约帕"
        },
        "13": {
            "sn": "00859",
            "brief": "你"
        },
        "15": {
            "sn": "00853",
            "brief": "不必翻译"
        },
        "16": {
            "sn": "03389",
            "brief": "耶路撒冷"
        },
        "17": {
            "sn": "09015",
            "brief": "开的意思"
        },
        "14": {
            "sn": "05927",
            "brief": "上去、升高、生长、献上"
        }
    },
    "13": {
        "28": {
            "sn": "09001",
            "brief": "给、往、向、到、归属于"
        },
        "22": {
            "sn": "06603",
            "brief": "铭刻"
        },
        "literal": "(原文2:13)是但女子中一个妇人的儿子，他的父亲是泰尔人，他善用金、和银、…制造各物，(…处填入下二行)铜、铁、石、和木、和紫红色、蓝紫色、和白色、和朱红色(线)并精于雕刻，又能想出各样的巧工。请你派定他与你的巧匠…一同作工。(…处填入下行)和你父我主大卫的巧匠",
        "0": {
            "sn": "01121",
            "brief": "儿子、孙子、后裔、成员"
        },
        "1": {
            "sn": "00802",
            "brief": "女人、妻子"
        },
        "2": {
            "sn": "04480",
            "brief": "从、出"
        },
        "3": {
            "sn": "01323",
            "brief": "女儿、女子"
        },
        "4": {
            "sn": "01835",
            "brief": "但"
        },
        "5": {
            "sn": "00001",
            "brief": "父亲、祖先"
        },
        "6": {
            "sn": "00376",
            "brief": "各人、人、男人、丈夫"
        },
        "7": {
            "sn": "06876",
            "brief": "泰尔人"
        },
        "9": {
            "sn": "06213",
            "brief": "做"
        },
        "10": {
            "sn": "02091",
            "brief": "金"
        },
        "11": {
            "sn": "03701",
            "brief": "银子、钱"
        },
        "12": {
            "sn": "05178",
            "brief": "铜"
        },
        "13": {
            "sn": "01270",
            "brief": "铁"
        },
        "14": {
            "sn": "00068",
            "brief": "石头、法码、宝石"
        },
        "15": {
            "sn": "06086",
            "brief": "木头、树"
        },
        "16": {
            "sn": "00713",
            "brief": "紫色、紫红色"
        },
        "17": {
            "sn": "08504",
            "brief": "蓝紫色"
        },
        "18": {
            "sn": "00948",
            "brief": "亚麻布"
        },
        "19": {
            "sn": "03758",
            "brief": "朱红色"
        },
        "21": {
            "sn": "03605",
            "brief": "全部、整个、各"
        },
        "23": {
            "sn": "02803",
            "brief": "视为、思想、计划、数算"
        },
        "24": {
            "sn": "03605",
            "brief": "全部、整个、各"
        },
        "25": {
            "sn": "04284",
            "brief": "意念、思想、设计"
        },
        "26": {
            "sn": "00834",
            "brief": "不必翻译"
        },
        "27": {
            "sn": "05414",
            "brief": "交给、递出"
        },
        "20": {
            "sn": "06605",
            "brief": "打开、松开、雕刻"
        },
        "29": {
            "sn": "05973",
            "brief": "跟、与、和"
        },
        "30": {
            "sn": "02450",
            "brief": "智慧的"
        },
        "31": {
            "sn": "02450",
            "brief": "智慧的"
        },
        "32": {
            "sn": "00113",
            "brief": "主人"
        },
        "33": {
            "sn": "01732",
            "brief": "大卫"
        },
        "34": {
            "sn": "00001",
            "brief": "父亲、祖先"
        },
        "8": {
            "sn": "03045",
            "brief": "Qal 知道、认识、辨别、经历，Hif‘il 使知道、宣告"
        }
    },
    "2": {
        "0": {
            "sn": "07971",
            "brief": "差遣、释放、送走、伸出、伸展"
        },
        "1": {
            "sn": "08010",
            "brief": "所罗门"
        },
        "2": {
            "sn": "00413",
            "brief": "对、向、往"
        },
        "3": {
            "sn": "02361",
            "brief": "户兰"
        },
        "4": {
            "sn": "04428",
            "brief": "君王"
        },
        "5": {
            "sn": "06865",
            "brief": "泰尔"
        },
        "6": {
            "sn": "00559",
            "brief": "说"
        },
        "7": {
            "sn": "00834",
            "brief": "不必翻译"
        },
        "8": {
            "sn": "06213",
            "brief": "做"
        },
        "9": {
            "sn": "05973",
            "brief": "跟、与、和"
        },
        "10": {
            "sn": "01732",
            "brief": "大卫"
        },
        "11": {
            "sn": "00001",
            "brief": "父亲、祖先"
        },
        "12": {
            "sn": "07971",
            "brief": "差遣、释放、送走、伸出、伸展"
        },
        "13": {
            "sn": "09001",
            "brief": "给、往、向、到、归属于"
        },
        "14": {
            "sn": "00730",
            "brief": "香柏木、香柏树"
        },
        "15": {
            "sn": "01129",
            "brief": "建造"
        },
        "16": {
            "sn": "09001",
            "brief": "给、往、向、到、归属于"
        },
        "17": {
            "sn": "01004",
            "brief": "殿、房屋"
        },
        "18": {
            "sn": "03427",
            "brief": "居住、坐、停留"
        },
        "19": {
            "sn": "09002",
            "brief": "在、用、藉着、与、敌对"
        },
        "literal": "(原文2:2)所罗门差人去见泰尔王户兰，说：「你曾像这样对待我父大卫，运给他香柏木让他建宫殿居住于其中，"
    },
    "5": {
        "0": {
            "sn": "04310",
            "brief": "谁"
        },
        "1": {
            "sn": "06113",
            "brief": "保留、限制、关闭"
        },
        "2": {
            "sn": "03581",
            "brief": "力量、财富"
        },
        "10": {
            "sn": "03808",
            "brief": "不"
        },
        "4": {
            "sn": "09001",
            "brief": "给、往、向、到、归属于"
        },
        "5": {
            "sn": "01004",
            "brief": "殿、房屋"
        },
        "6": {
            "sn": "03588",
            "brief": "因为、不必翻译"
        },
        "7": {
            "sn": "08064",
            "brief": "天"
        },
        "8": {
            "sn": "08064",
            "brief": "天"
        },
        "9": {
            "sn": "08064",
            "brief": "天"
        },
        "11": {
            "sn": "03557",
            "brief": "盛、装、抓住、容纳、维持"
        },
        "12": {
            "sn": "04310",
            "brief": "谁"
        },
        "13": {
            "sn": "00589",
            "brief": "我"
        },
        "14": {
            "sn": "00834",
            "brief": "不必翻译"
        },
        "20": {
            "sn": "06999",
            "brief": "献祭、烧香、薰"
        },
        "literal": "(原文2:5)谁能使力为他建造殿宇呢？天和天上的天尚且不能容得下他，我是谁，能为他建造殿宇呢？不过在他面前烧香而已。",
        "3": {
            "sn": "01129",
            "brief": "建造"
        },
        "15": {
            "sn": "01129",
            "brief": "建造"
        },
        "16": {
            "sn": "09001",
            "brief": "给、往、向、到、归属于"
        },
        "17": {
            "sn": "01004",
            "brief": "殿、房屋"
        },
        "18": {
            "sn": "03588",
            "brief": "因为、不必翻译"
        },
        "19": {
            "sn": "00518",
            "brief": "如果"
        },
        "21": {
            "sn": "03942",
            "brief": "在…前面"
        }
    },
    "0": {
        "literal": "(原文1:18)所罗门说要为雅威的名建造殿宇，又为自己的国度(建造)宫殿，",
        "0": {
            "sn": "00559",
            "brief": "说"
        },
        "1": {
            "sn": "08010",
            "brief": "所罗门"
        },
        "2": {
            "sn": "01129",
            "brief": "建造"
        },
        "3": {
            "sn": "01004",
            "brief": "殿、房屋"
        },
        "4": {
            "sn": "08034",
            "brief": "名字"
        },
        "5": {
            "sn": "03068",
            "brief": "上帝的名字「雅威」，犹太人尊称为「上主」"
        },
        "6": {
            "sn": "01004",
            "brief": "殿、房屋"
        },
        "7": {
            "sn": "04438",
            "brief": "国度"
        }
    },
    "1": {
        "literal": "(原文2:1)所罗门点算了七万个搬运工，和八万个在山上凿石头的，以及三千六百个监督他们的。",
        "0": {
            "sn": "05608",
            "brief": "1. 动词：述说、计算；2. 名词：文士、书记"
        },
        "1": {
            "sn": "08010",
            "brief": "所罗门"
        },
        "2": {
            "sn": "07657",
            "brief": "数目的「七十」"
        },
        "3": {
            "sn": "00505",
            "brief": "许多、数目的「一千」"
        },
        "4": {
            "sn": "00376",
            "brief": "各人、人、男人、丈夫"
        },
        "5": {
            "sn": "05449",
            "brief": "搬运的人"
        },
        "6": {
            "sn": "08084",
            "brief": "数目的「八十」"
        },
        "7": {
            "sn": "00505",
            "brief": "许多、数目的「一千」"
        },
        "8": {
            "sn": "00376",
            "brief": "各人、人、男人、丈夫"
        },
        "9": {
            "sn": "02672",
            "brief": "凿、挖掘"
        },
        "10": {
            "sn": "02022",
            "brief": "山"
        },
        "12": {
            "sn": "05921",
            "brief": "在…上面"
        },
        "13": {
            "sn": "07969",
            "brief": "数目的「三」"
        },
        "14": {
            "sn": "00505",
            "brief": "许多、数目的「一千」"
        },
        "15": {
            "sn": "08337",
            "brief": "数目的「六」"
        },
        "16": {
            "sn": "03967",
            "brief": "数目的「一百」"
        },
        "17": {
            "sn": "09015",
            "brief": "开的意思"
        },
        "11": {
            "sn": "05329",
            "brief": "Qal 优于、聪明、长久，Pi‘el 做监督、做指挥"
        }
    },
    "14": {
        "3": {
            "sn": "08081",
            "brief": "膏油"
        },
        "literal": "(原文2:14)现在，…小麦、和大麦、和油、和酒，(…处填入下行)我主所说的愿他(指我主)运来给他的众仆人；",
        "0": {
            "sn": "06258",
            "brief": "现在"
        },
        "1": {
            "sn": "02406",
            "brief": "麦"
        },
        "2": {
            "sn": "08184",
            "brief": "大麦"
        },
        "4": {
            "sn": "03196",
            "brief": "酒"
        },
        "5": {
            "sn": "00834",
            "brief": "不必翻译"
        },
        "6": {
            "sn": "00559",
            "brief": "说"
        },
        "7": {
            "sn": "00113",
            "brief": "主人"
        },
        "8": {
            "sn": "07971",
            "brief": "差遣、释放、送走、伸出、伸展"
        },
        "9": {
            "sn": "05650",
            "brief": "仆人、奴隶"
        }
    },
    "12": {
        "literal": "(原文2:12)现在，我派一个…懂得聪明的智慧人去，(…处填入下行)属我父亲户兰，",
        "0": {
            "sn": "06258",
            "brief": "现在"
        },
        "1": {
            "sn": "07971",
            "brief": "差遣、释放、送走、伸出、伸展"
        },
        "2": {
            "sn": "00376",
            "brief": "各人、人、男人、丈夫"
        },
        "3": {
            "sn": "02450",
            "brief": "智慧的"
        },
        "5": {
            "sn": "00998",
            "brief": "聪明、了解、悟性、明哲"
        },
        "6": {
            "sn": "02361",
            "brief": "户兰"
        },
        "7": {
            "sn": "00001",
            "brief": "父亲、祖先"
        },
        "4": {
            "sn": "03045",
            "brief": "Qal 知道、认识、辨别、经历，Hif‘il 使知道、宣告"
        }
    },
    "9": {
        "literal": "(原文2:9)看哪，砍伐树木的砍伐者，我必给你的仆人们打好了的小麦二万歌珥、和大麦二万歌珥、和酒二万罢特、和油二万罢特。」",
        "0": {
            "sn": "02009",
            "brief": "看哪"
        },
        "1": {
            "sn": "02404",
            "brief": "砍伐、收集"
        },
        "2": {
            "sn": "03772",
            "brief": "立约、剪除、切开、砍下"
        },
        "3": {
            "sn": "06086",
            "brief": "木头、树"
        },
        "4": {
            "sn": "05414",
            "brief": "安放、置、放、递出"
        },
        "5": {
            "sn": "02406",
            "brief": "麦"
        },
        "6": {
            "sn": "04347",
            "brief": "击打、鞭打"
        },
        "7": {
            "sn": "05650",
            "brief": "仆人、奴隶"
        },
        "8": {
            "sn": "03734",
            "brief": "歌珥，度量衡单位，约等于220公升，为 10 伊法或 10 罢特"
        },
        "9": {
            "sn": "06242",
            "brief": "数目的「二十」"
        },
        "10": {
            "sn": "00505",
            "brief": "许多、数目的「一千」"
        },
        "11": {
            "sn": "08184",
            "brief": "大麦"
        },
        "12": {
            "sn": "01324",
            "brief": "罢特，度量衡单位，约等于四十公升。"
        },
        "13": {
            "sn": "06242",
            "brief": "数目的「二十」"
        },
        "14": {
            "sn": "00505",
            "brief": "许多、数目的「一千」"
        },
        "15": {
            "sn": "03196",
            "brief": "酒"
        },
        "16": {
            "sn": "01324",
            "brief": "罢特，度量衡单位，约等于四十公升。"
        },
        "17": {
            "sn": "06242",
            "brief": "数目的「二十」"
        },
        "18": {
            "sn": "00505",
            "brief": "许多、数目的「一千」"
        },
        "19": {
            "sn": "08081",
            "brief": "膏油"
        },
        "20": {
            "sn": "01324",
            "brief": "罢特，度量衡单位，约等于四十公升。"
        },
        "21": {
            "sn": "06242",
            "brief": "数目的「二十」"
        },
        "22": {
            "sn": "00505",
            "brief": "许多、数目的「一千」"
        },
        "23": {
            "sn": "09015",
            "brief": "开的意思"
        }
    },
    "3": {
        "literal": "(原文2:3)看哪，我要为雅威我上帝的名建造殿宇，分别为圣献给他，在他面前焚烧美香，常摆供饼，早上和晚上、…献燔祭，(…处填入下行)安息日、和月朔，和雅威我们上帝所定的节期这要作以色列人永远的定例。",
        "4": {
            "sn": "08034",
            "brief": "名字"
        },
        "1": {
            "sn": "00589",
            "brief": "我"
        },
        "0": {
            "sn": "02009",
            "brief": "看哪"
        },
        "2": {
            "sn": "01129",
            "brief": "建造"
        },
        "3": {
            "sn": "01004",
            "brief": "殿、房屋"
        },
        "5": {
            "sn": "03068",
            "brief": "上帝的名字「雅威」，犹太人尊称为「上主」"
        },
        "6": {
            "sn": "00430",
            "brief": "上帝、神、神明"
        },
        "8": {
            "sn": "09001",
            "brief": "给、往、向、到、归属于"
        },
        "10": {
            "sn": "03942",
            "brief": "在…前面"
        },
        "11": {
            "sn": "07004",
            "brief": "香品、香味、烟"
        },
        "12": {
            "sn": "05561",
            "brief": "香料"
        },
        "13": {
            "sn": "04635",
            "brief": "列、行"
        },
        "14": {
            "sn": "08548",
            "brief": "经常、一直、连续"
        },
        "15": {
            "sn": "05930",
            "brief": "燔祭、阶梯"
        },
        "16": {
            "sn": "01242",
            "brief": "早晨"
        },
        "17": {
            "sn": "06153",
            "brief": "晚上"
        },
        "18": {
            "sn": "07676",
            "brief": "安息日"
        },
        "19": {
            "sn": "02320",
            "brief": "新月、初一"
        },
        "20": {
            "sn": "04150",
            "brief": "指定的节期、指定的聚会"
        },
        "21": {
            "sn": "03068",
            "brief": "上帝的名字「雅威」，犹太人尊称为「上主」"
        },
        "22": {
            "sn": "00430",
            "brief": "上帝、神、神明"
        },
        "23": {
            "sn": "05769",
            "brief": "永远"
        },
        "24": {
            "sn": "02063",
            "brief": "这个"
        },
        "25": {
            "sn": "05921",
            "brief": "在…上面"
        },
        "26": {
            "sn": "03478",
            "brief": "以色列"
        },
        "7": {
            "sn": "06942",
            "brief": "分别为圣、把…奉献给上帝"
        },
        "9": {
            "sn": "06999",
            "brief": "献祭、烧香、薰"
        }
    },
    "4": {
        "1": {
            "sn": "00834",
            "brief": "不必翻译"
        },
        "literal": "(原文2:4)我所要建造的殿宇甚大，因为我们的上帝至大，超乎万神，",
        "0": {
            "sn": "01004",
            "brief": "殿、房屋"
        },
        "2": {
            "sn": "00589",
            "brief": "我"
        },
        "3": {
            "sn": "01129",
            "brief": "建造"
        },
        "4": {
            "sn": "01419",
            "brief": "大的、伟大的"
        },
        "5": {
            "sn": "03588",
            "brief": "因为、不必翻译"
        },
        "6": {
            "sn": "01419",
            "brief": "大的、伟大的"
        },
        "7": {
            "sn": "00430",
            "brief": "上帝、神、神明"
        },
        "8": {
            "sn": "03605",
            "brief": "各、全部、整个"
        },
        "9": {
            "sn": "00430",
            "brief": "上帝、神、神明"
        }
    },
    "6": {
        "1": {
            "sn": "07971",
            "brief": "差遣、释放、送走、伸出、伸展"
        },
        "literal": "(原文2:6)现在，请你派一个…巧匠到我这里来，(…处填入下三行)会用金、银、铜、铁，和紫色、朱红色、蓝色线，并精于雕刻之工的与…在我这里的巧匠一同作工；(…处填入下行)我父亲大卫在犹大和耶路撒冷所预备的",
        "0": {
            "sn": "06258",
            "brief": "现在"
        },
        "2": {
            "sn": "09001",
            "brief": "给、往、向、到、归属于"
        },
        "3": {
            "sn": "00376",
            "brief": "各人、人、男人、丈夫"
        },
        "4": {
            "sn": "02450",
            "brief": "智慧的"
        },
        "5": {
            "sn": "06213",
            "brief": "做"
        },
        "6": {
            "sn": "02091",
            "brief": "金"
        },
        "7": {
            "sn": "03701",
            "brief": "银子、钱"
        },
        "8": {
            "sn": "05178",
            "brief": "铜"
        },
        "13": {
            "sn": "03045",
            "brief": "Qal 知道、认识、辨别、经历，Hif‘il 使知道、宣告"
        },
        "9": {
            "sn": "01270",
            "brief": "铁"
        },
        "10": {
            "sn": "00710",
            "brief": "紫色"
        },
        "11": {
            "sn": "03758",
            "brief": "朱红色"
        },
        "12": {
            "sn": "08504",
            "brief": "蓝紫色"
        },
        "15": {
            "sn": "06603",
            "brief": "铭刻"
        },
        "16": {
            "sn": "05973",
            "brief": "跟、与、和"
        },
        "17": {
            "sn": "02450",
            "brief": "智慧的"
        },
        "18": {
            "sn": "00834",
            "brief": "不必翻译"
        },
        "19": {
            "sn": "05973",
            "brief": "跟、与、和"
        },
        "20": {
            "sn": "03063",
            "brief": "犹大"
        },
        "21": {
            "sn": "03389",
            "brief": "耶路撒冷"
        },
        "22": {
            "sn": "00834",
            "brief": "不必翻译"
        },
        "24": {
            "sn": "01732",
            "brief": "大卫"
        },
        "25": {
            "sn": "00001",
            "brief": "父亲、祖先"
        },
        "14": {
            "sn": "06605",
            "brief": "打开、松开、雕刻"
        },
        "23": {
            "sn": "03559",
            "brief": "Hif‘il 预备、建立、坚立"
        }
    },
    "7": {
        "9": {
            "sn": "03045",
            "brief": "Qal 知道、认识、辨别、经历，Hif‘il 使知道、宣告"
        },
        "12": {
            "sn": "03045",
            "brief": "Qal 知道、认识、辨别、经历，Hif‘il 使知道、宣告"
        },
        "literal": "(原文2:7)又请你把…运些到我这裏来，(…处填入下行)香柏木、松木、檀香木从来黎巴嫩因为我知道你的仆人们善于砍伐黎巴嫩的树木，看哪，我的仆人们必与你的仆人们在一起，",
        "0": {
            "sn": "07971",
            "brief": "差遣、释放、送走、伸出、伸展"
        },
        "1": {
            "sn": "09001",
            "brief": "给、往、向、到、归属于"
        },
        "2": {
            "sn": "06086",
            "brief": "木头、树"
        },
        "3": {
            "sn": "00730",
            "brief": "香柏木、香柏树"
        },
        "4": {
            "sn": "01265",
            "brief": "松树"
        },
        "5": {
            "sn": "00418",
            "brief": "檀香木"
        },
        "6": {
            "sn": "03844",
            "brief": "黎巴嫩"
        },
        "7": {
            "sn": "03588",
            "brief": "因为、不必翻译"
        },
        "8": {
            "sn": "00589",
            "brief": "我"
        },
        "10": {
            "sn": "00834",
            "brief": "不必翻译"
        },
        "11": {
            "sn": "05650",
            "brief": "仆人、奴隶"
        },
        "13": {
            "sn": "03772",
            "brief": "立约、剪除、切开、砍下"
        },
        "14": {
            "sn": "06086",
            "brief": "木头、树"
        },
        "15": {
            "sn": "03844",
            "brief": "黎巴嫩"
        },
        "16": {
            "sn": "02009",
            "brief": "看哪"
        },
        "17": {
            "sn": "05650",
            "brief": "仆人、奴隶"
        },
        "18": {
            "sn": "05973",
            "brief": "跟、与、和"
        },
        "19": {
            "sn": "05650",
            "brief": "仆人、奴隶"
        }
    },
    "8": {
        "0": {
            "sn": "03559",
            "brief": "Hif‘il 预备、建立、坚立"
        },
        "10": {
            "sn": "06381",
            "brief": "奇妙的"
        },
        "literal": "(原文2:8)这样，可以给我预备许多木料，因我所要建造的殿宇高大出奇。",
        "1": {
            "sn": "09001",
            "brief": "给、往、向、到、归属于"
        },
        "2": {
            "sn": "06086",
            "brief": "木头、树"
        },
        "3": {
            "sn": "07230",
            "brief": "多"
        },
        "4": {
            "sn": "03588",
            "brief": "因为、不必翻译"
        },
        "5": {
            "sn": "01004",
            "brief": "殿、家、房子"
        },
        "6": {
            "sn": "00834",
            "brief": "不必翻译"
        },
        "7": {
            "sn": "00589",
            "brief": "我"
        },
        "8": {
            "sn": "01129",
            "brief": "建造"
        },
        "9": {
            "sn": "01419",
            "brief": "大的、伟大的"
        }
    },
    "16": {
        "literal": "(原文2:16)所罗门…数点(…处填入下下行)在以色列地所有寄居的外邦人，仿照他父大卫数点他们的数点，共有十五万三千六百名，",
        "0": {
            "sn": "05608",
            "brief": "1. 动词：述说、计算；2. 名词：文士、书记"
        },
        "1": {
            "sn": "08010",
            "brief": "所罗门"
        },
        "2": {
            "sn": "03605",
            "brief": "所有、全部、整个、各"
        },
        "3": {
            "sn": "00376",
            "brief": "各人、人、男人、丈夫"
        },
        "4": {
            "sn": "01616",
            "brief": "寄居者"
        },
        "5": {
            "sn": "00834",
            "brief": "不必翻译"
        },
        "6": {
            "sn": "00776",
            "brief": "地、邦国、疆界"
        },
        "7": {
            "sn": "03478",
            "brief": "以色列"
        },
        "8": {
            "sn": "00310",
            "brief": "后面、跟着"
        },
        "9": {
            "sn": "05610",
            "brief": "户口调查"
        },
        "10": {
            "sn": "00834",
            "brief": "不必翻译"
        },
        "11": {
            "sn": "05608",
            "brief": "1. 动词：述说、计算；2. 名词：文士、书记"
        },
        "12": {
            "sn": "01732",
            "brief": "大卫"
        },
        "13": {
            "sn": "00001",
            "brief": "父亲、祖先"
        },
        "14": {
            "sn": "04672",
            "brief": "寻找、追上、获得、发现"
        },
        "15": {
            "sn": "03967",
            "brief": "数目的「一百」"
        },
        "16": {
            "sn": "02572",
            "brief": "数目的「五十」"
        },
        "17": {
            "sn": "00505",
            "brief": "许多、数目的「一千」"
        },
        "18": {
            "sn": "07969",
            "brief": "数目的「三」"
        },
        "19": {
            "sn": "00505",
            "brief": "许多、数目的「一千」"
        },
        "20": {
            "sn": "08337",
            "brief": "数目的「六」"
        },
        "21": {
            "sn": "03967",
            "brief": "数目的「一百」"
        }
    },
    "11": {
        "literal": "(原文2:11)户兰又说：「…雅威―以色列的上帝是应当称颂的，(…处填入下行)创造天和地的因他赐给大卫王一个智慧的儿子，懂得谋略和聪明，可以建造雅威的殿宇和他自己国度的宫殿。",
        "0": {
            "sn": "00559",
            "brief": "说"
        },
        "1": {
            "sn": "02361",
            "brief": "户兰"
        },
        "2": {
            "sn": "01288",
            "brief": "祝福、赐福"
        },
        "3": {
            "sn": "03068",
            "brief": "上帝的名字「雅威」，犹太人尊称为「上主」"
        },
        "4": {
            "sn": "00430",
            "brief": "上帝、神、神明"
        },
        "5": {
            "sn": "03478",
            "brief": "以色列"
        },
        "6": {
            "sn": "00834",
            "brief": "不必翻译"
        },
        "7": {
            "sn": "06213",
            "brief": "做"
        },
        "8": {
            "sn": "00853",
            "brief": "不必翻译"
        },
        "9": {
            "sn": "08064",
            "brief": "天"
        },
        "10": {
            "sn": "00853",
            "brief": "不必翻译"
        },
        "11": {
            "sn": "00776",
            "brief": "地、邦国、疆界"
        },
        "12": {
            "sn": "00834",
            "brief": "不必翻译"
        },
        "13": {
            "sn": "05414",
            "brief": "安放、置、放、递出"
        },
        "14": {
            "sn": "01732",
            "brief": "大卫"
        },
        "15": {
            "sn": "04428",
            "brief": "君王"
        },
        "16": {
            "sn": "01121",
            "brief": "儿子、孙子、后裔、成员"
        },
        "17": {
            "sn": "02450",
            "brief": "智慧的"
        },
        "19": {
            "sn": "07922",
            "brief": "理解"
        },
        "20": {
            "sn": "00998",
            "brief": "聪明、了解、悟性、明哲"
        },
        "21": {
            "sn": "00834",
            "brief": "不必翻译"
        },
        "22": {
            "sn": "01129",
            "brief": "建造"
        },
        "23": {
            "sn": "01004",
            "brief": "殿、家、房子"
        },
        "24": {
            "sn": "03068",
            "brief": "上帝的名字「雅威」，犹太人尊称为「上主」"
        },
        "25": {
            "sn": "01004",
            "brief": "殿、家、房子"
        },
        "26": {
            "sn": "04438",
            "brief": "国度"
        },
        "18": {
            "sn": "03045",
            "brief": "Qal 知道、认识、辨别、经历，Hif‘il 使知道、宣告"
        }
    },
    "10": {
        "literal": "(原文2:10)泰尔王户兰…说：(…处填入下行)用书信送给所罗门「因为雅威对他子民的爱，他立你作王治理他们。」",
        "0": {
            "sn": "00559",
            "brief": "说"
        },
        "1": {
            "sn": "02361",
            "brief": "户兰"
        },
        "2": {
            "sn": "04428",
            "brief": "君王"
        },
        "3": {
            "sn": "06865",
            "brief": "泰尔"
        },
        "4": {
            "sn": "03791",
            "brief": "文件、书册"
        },
        "5": {
            "sn": "07971",
            "brief": "差遣、释放、送走、伸出、伸展"
        },
        "6": {
            "sn": "00413",
            "brief": "向、往"
        },
        "7": {
            "sn": "08010",
            "brief": "所罗门"
        },
        "8": {
            "sn": "00160",
            "brief": "爱"
        },
        "9": {
            "sn": "03068",
            "brief": "上帝的名字「雅威」，犹太人尊称为「上主」"
        },
        "10": {
            "sn": "00853",
            "brief": "不必翻译"
        },
        "11": {
            "sn": "05971",
            "brief": "百姓、国民"
        },
        "12": {
            "sn": "05414",
            "brief": "安放、置、放、递出"
        },
        "13": {
            "sn": "05921",
            "brief": "在…上面"
        },
        "14": {
            "sn": "04428",
            "brief": "君王"
        }
    }
}