{
    "19": {
        "7": {
            "sn": "09001",
            "brief": "给、往、向、到、归属于"
        },
        "literal": "在她之后他又娶押沙龙的女儿玛迦，她给他生了亚比亚、和亚太、和细撒、和示罗密。",
        "0": {
            "sn": "00310",
            "brief": "后面、跟着"
        },
        "1": {
            "sn": "03947",
            "brief": "取、娶、拿"
        },
        "2": {
            "sn": "00853",
            "brief": "不必翻译"
        },
        "3": {
            "sn": "04601",
            "brief": "玛迦"
        },
        "4": {
            "sn": "01323",
            "brief": "女儿、女子"
        },
        "5": {
            "sn": "00053",
            "brief": "押沙龙"
        },
        "6": {
            "sn": "03205",
            "brief": "生出、出生"
        },
        "8": {
            "sn": "00853",
            "brief": "不必翻译"
        },
        "9": {
            "sn": "00029",
            "brief": "亚比亚"
        },
        "10": {
            "sn": "00853",
            "brief": "不必翻译"
        },
        "11": {
            "sn": "06262",
            "brief": "亚太"
        },
        "12": {
            "sn": "00853",
            "brief": "不必翻译"
        },
        "13": {
            "sn": "02124",
            "brief": "细撒"
        },
        "14": {
            "sn": "00853",
            "brief": "不必翻译"
        },
        "15": {
            "sn": "08019",
            "brief": "示罗密"
        }
    },
    "11": {
        "1": {
            "sn": "05892",
            "brief": "城邑、城镇"
        },
        "2": {
            "sn": "05892",
            "brief": "城邑、城镇"
        },
        "5": {
            "sn": "02388",
            "brief": "加强、支持、抓住、系紧、强壮、勇敢"
        },
        "literal": "他在各城预备盾牌和枪，使城极其坚固。犹大和便雅悯都归了他。",
        "0": {
            "sn": "03605",
            "brief": "全部、整个、各"
        },
        "6": {
            "sn": "07235",
            "brief": "多、变多"
        },
        "3": {
            "sn": "06793",
            "brief": "小圆盾、盾牌、钩子"
        },
        "4": {
            "sn": "07420",
            "brief": "枪"
        },
        "7": {
            "sn": "03966",
            "brief": "极其、非常"
        },
        "8": {
            "sn": "01961",
            "brief": "是、成为、临到"
        },
        "9": {
            "sn": "09001",
            "brief": "给、往、向、到、归属于"
        },
        "10": {
            "sn": "03063",
            "brief": "犹大"
        },
        "11": {
            "sn": "01144",
            "brief": "便雅悯"
        },
        "12": {
            "sn": "09014",
            "brief": "关闭的意思"
        }
    },
    "17": {
        "0": {
            "sn": "03947",
            "brief": "取、娶、拿"
        },
        "1": {
            "sn": "09001",
            "brief": "给、往、向、到、归属于"
        },
        "2": {
            "sn": "07346",
            "brief": "罗波安"
        },
        "3": {
            "sn": "00802",
            "brief": "女人、妻子"
        },
        "4": {
            "sn": "00853",
            "brief": "不必翻译"
        },
        "5": {
            "sn": "04258",
            "brief": "玛哈拉"
        },
        "6": {
            "sn": "01323",
            "brief": "女儿、女子"
        },
        "7": {
            "sn": "03406",
            "brief": "耶利末"
        },
        "8": {
            "sn": "01121",
            "brief": "儿子、孙子、后裔、成员"
        },
        "9": {
            "sn": "01732",
            "brief": "大卫"
        },
        "10": {
            "sn": "00032",
            "brief": "亚比孩"
        },
        "11": {
            "sn": "01323",
            "brief": "女儿、女子"
        },
        "12": {
            "sn": "00446",
            "brief": "以利押"
        },
        "13": {
            "sn": "01121",
            "brief": "儿子、孙子、后裔、成员"
        },
        "14": {
            "sn": "03448",
            "brief": "耶西"
        },
        "literal": "罗波安娶了…为妻，(…处填入下二行)大卫儿子耶利末的女儿玛哈拉，和耶西儿子以利押的女儿亚比孩"
    },
    "2": {
        "2": {
            "sn": "07346",
            "brief": "罗波安"
        },
        "3": {
            "sn": "01121",
            "brief": "成员、青年、年轻男子"
        },
        "4": {
            "sn": "08010",
            "brief": "所罗门"
        },
        "5": {
            "sn": "04428",
            "brief": "君王、国王"
        },
        "6": {
            "sn": "03063",
            "brief": "犹大"
        },
        "7": {
            "sn": "00413",
            "brief": "向、往"
        },
        "8": {
            "sn": "03605",
            "brief": "全部、整个、各"
        },
        "9": {
            "sn": "03478",
            "brief": "以色列"
        },
        "10": {
            "sn": "03063",
            "brief": "犹大"
        },
        "11": {
            "sn": "01144",
            "brief": "便雅悯"
        },
        "12": {
            "sn": "00559",
            "brief": "说"
        },
        "literal": "「你去告诉所罗门的儿子犹大王罗波安和在犹大和便雅悯的以色列众人说：",
        "0": {
            "sn": "00559",
            "brief": "说"
        },
        "1": {
            "sn": "00413",
            "brief": "向、往"
        }
    },
    "3": {
        "6": {
            "sn": "03898",
            "brief": "I. Qal 攻击、打仗，Nif‘al 参战、攻打；II 吃"
        },
        "5": {
            "sn": "03808",
            "brief": "不"
        },
        "9": {
            "sn": "07725",
            "brief": "Qal 回复、回转、重复，Po‘lel 带回、复兴、更新，Hif‘il 回报、报告、带回"
        },
        "2": {
            "sn": "03068",
            "brief": "上帝的名字「雅威」，犹太人尊称为「上主」"
        },
        "7": {
            "sn": "05973",
            "brief": "跟"
        },
        "8": {
            "sn": "00251",
            "brief": "兄弟"
        },
        "10": {
            "sn": "00376",
            "brief": "各人、人、男人、丈夫"
        },
        "17": {
            "sn": "08085",
            "brief": "Qal 听、听从，Hif‘il 说明、使…听"
        },
        "13": {
            "sn": "00854",
            "brief": "与、跟"
        },
        "14": {
            "sn": "01961",
            "brief": "是、成为、临到"
        },
        "15": {
            "sn": "01697",
            "brief": "话语、事情、行动"
        },
        "21": {
            "sn": "07725",
            "brief": "Qal 回复、回转、重复，Po‘lel 带回、复兴、更新，Hif‘il 回报、报告、带回"
        },
        "16": {
            "sn": "02088",
            "brief": "这个"
        },
        "18": {
            "sn": "00853",
            "brief": "不必翻译"
        },
        "19": {
            "sn": "01697",
            "brief": "话语、事情、行动"
        },
        "20": {
            "sn": "03068",
            "brief": "上帝的名字「雅威」，犹太人尊称为「上主」"
        },
        "22": {
            "sn": "01980",
            "brief": "动身、走、去"
        },
        "23": {
            "sn": "00413",
            "brief": "向、往"
        },
        "24": {
            "sn": "03379",
            "brief": "耶罗波安"
        },
        "25": {
            "sn": "09015",
            "brief": "开的意思"
        },
        "literal": "『雅威如此说：不可上去，不可与你们的弟兄争战，你们各归自己的家去吧！因为这事出于我。』」他们就听从雅威的话回去，不去攻击耶罗波安了。",
        "3": {
            "sn": "03808",
            "brief": "不"
        },
        "0": {
            "sn": "03541",
            "brief": "如此、这样、这里和那里"
        },
        "1": {
            "sn": "00559",
            "brief": "说"
        },
        "4": {
            "sn": "05927",
            "brief": "上去、升高、生长、献上"
        },
        "11": {
            "sn": "01004",
            "brief": "家、房屋、殿"
        },
        "12": {
            "sn": "03588",
            "brief": "因为、不必翻译"
        }
    },
    "8": {
        "literal": "和亚多莱音、和拉吉、和亚西加、",
        "0": {
            "sn": "00853",
            "brief": "不必翻译"
        },
        "1": {
            "sn": "00115",
            "brief": "亚多莱音"
        },
        "2": {
            "sn": "00853",
            "brief": "不必翻译"
        },
        "3": {
            "sn": "03923",
            "brief": "拉吉"
        },
        "4": {
            "sn": "00853",
            "brief": "不必翻译"
        },
        "5": {
            "sn": "05825",
            "brief": "亚西加"
        }
    },
    "0": {
        "literal": "罗波安来到耶路撒冷，招聚犹大家和便雅悯(支派)精选的战士(共)十八万，要跟以色列打仗，好将国度夺回再归罗波安。",
        "5": {
            "sn": "01004",
            "brief": "殿、房屋、家"
        },
        "0": {
            "sn": "00935",
            "brief": "来、进入、临到、发生"
        },
        "1": {
            "sn": "07346",
            "brief": "罗波安"
        },
        "2": {
            "sn": "03389",
            "brief": "耶路撒冷"
        },
        "4": {
            "sn": "00853",
            "brief": "不必翻译"
        },
        "6": {
            "sn": "03063",
            "brief": "犹大"
        },
        "7": {
            "sn": "01144",
            "brief": "便雅悯"
        },
        "8": {
            "sn": "03967",
            "brief": "数目的「一百」"
        },
        "9": {
            "sn": "08084",
            "brief": "数目的「八十」"
        },
        "10": {
            "sn": "00505",
            "brief": "许多、数目的「一千」"
        },
        "11": {
            "sn": "00977",
            "brief": "选择、拣选、挑选"
        },
        "12": {
            "sn": "06213",
            "brief": "做"
        },
        "13": {
            "sn": "04421",
            "brief": "战争"
        },
        "15": {
            "sn": "05973",
            "brief": "跟"
        },
        "16": {
            "sn": "03478",
            "brief": "以色列"
        },
        "18": {
            "sn": "00853",
            "brief": "不必翻译"
        },
        "19": {
            "sn": "04467",
            "brief": "国度"
        },
        "20": {
            "sn": "07346",
            "brief": "罗波安"
        },
        "21": {
            "sn": "09015",
            "brief": "开的意思"
        },
        "14": {
            "sn": "03898",
            "brief": "I. Qal 攻击、打仗，Nif‘al 参战、攻打；II 吃"
        },
        "3": {
            "sn": "06950",
            "brief": "聚集"
        },
        "17": {
            "sn": "07725",
            "brief": "Qal 回复、回转、重复，Po‘lel 带回、复兴、更新，Hif‘il 回报、报告、带回"
        }
    },
    "21": {
        "literal": "罗波安立…为首，(…处填入下行)玛迦的儿子亚比亚在他众弟兄中作太子，因为想要立他作王。",
        "0": {
            "sn": "05975",
            "brief": "Qal 站立、侍立、停留，Hif‘il 设立、使坚定"
        },
        "1": {
            "sn": "07218",
            "brief": "头、起头、山顶、领袖"
        },
        "2": {
            "sn": "07346",
            "brief": "罗波安"
        },
        "3": {
            "sn": "00853",
            "brief": "不必翻译"
        },
        "4": {
            "sn": "00029",
            "brief": "亚比亚"
        },
        "5": {
            "sn": "01121",
            "brief": "儿子、孙子、后裔、成员"
        },
        "6": {
            "sn": "04601",
            "brief": "玛迦"
        },
        "7": {
            "sn": "05057",
            "brief": "领袖、君王"
        },
        "8": {
            "sn": "00251",
            "brief": "兄弟"
        },
        "9": {
            "sn": "03588",
            "brief": "因为、不必翻译"
        },
        "10": {
            "sn": "04427",
            "brief": "作王、统治"
        }
    },
    "12": {
        "5": {
            "sn": "03320",
            "brief": "站立、处于"
        },
        "literal": "全以色列的祭司和利未人都从他们的地界来归他。",
        "4": {
            "sn": "03478",
            "brief": "以色列"
        },
        "6": {
            "sn": "05921",
            "brief": "攻击，在…上面"
        },
        "7": {
            "sn": "03605",
            "brief": "全部、整个、各"
        },
        "8": {
            "sn": "01366",
            "brief": "边境、边界"
        },
        "0": {
            "sn": "03548",
            "brief": "祭司"
        },
        "1": {
            "sn": "03881",
            "brief": "利未人"
        },
        "2": {
            "sn": "00834",
            "brief": "不必翻译"
        },
        "3": {
            "sn": "03605",
            "brief": "全部、整个、各"
        }
    },
    "13": {
        "literal": "利未人撇下他们的郊野和他们的产业，来到犹大与耶路撒冷，因耶罗波安和他的儿子拒绝他们，不让他们供祭司职分事奉雅威。",
        "1": {
            "sn": "05800",
            "brief": "离弃、遗弃"
        },
        "2": {
            "sn": "03881",
            "brief": "利未人"
        },
        "3": {
            "sn": "00853",
            "brief": "不必翻译"
        },
        "4": {
            "sn": "04054",
            "brief": "空地、郊区"
        },
        "5": {
            "sn": "00272",
            "brief": "土地、产业"
        },
        "13": {
            "sn": "03547",
            "brief": "装扮、做祭司"
        },
        "10": {
            "sn": "02186",
            "brief": "抛弃、拒绝"
        },
        "6": {
            "sn": "01980",
            "brief": "动身、走、去"
        },
        "7": {
            "sn": "03063",
            "brief": "犹大"
        },
        "8": {
            "sn": "03389",
            "brief": "耶路撒冷"
        },
        "9": {
            "sn": "03588",
            "brief": "因为、不必翻译"
        },
        "11": {
            "sn": "03379",
            "brief": "耶罗波安"
        },
        "12": {
            "sn": "01121",
            "brief": "儿子、孙子、后裔、成员"
        },
        "14": {
            "sn": "03068",
            "brief": "上帝的名字「雅威」，犹太人尊称为「上主」"
        },
        "0": {
            "sn": "03588",
            "brief": "因为、不必翻译"
        }
    },
    "16": {
        "literal": "他们就坚固犹大的国度，并坚固所罗门的儿子罗波安三年，因为他们三年(之久)遵行大卫和所罗门的道。",
        "0": {
            "sn": "02388",
            "brief": "加强、支持、抓住、系紧、强壮、勇敢"
        },
        "4": {
            "sn": "00553",
            "brief": "Qal 是强壮的、勇敢的，Pi‘el 坚立、确立"
        },
        "1": {
            "sn": "00853",
            "brief": "不必翻译"
        },
        "2": {
            "sn": "04438",
            "brief": "国度"
        },
        "3": {
            "sn": "03063",
            "brief": "犹大"
        },
        "5": {
            "sn": "00853",
            "brief": "不必翻译"
        },
        "6": {
            "sn": "07346",
            "brief": "罗波安"
        },
        "7": {
            "sn": "01121",
            "brief": "儿子、孙子、后裔、成员"
        },
        "8": {
            "sn": "08010",
            "brief": "所罗门"
        },
        "9": {
            "sn": "08141",
            "brief": "年、岁"
        },
        "10": {
            "sn": "07969",
            "brief": "数目的「三」"
        },
        "11": {
            "sn": "03588",
            "brief": "因为、不必翻译"
        },
        "12": {
            "sn": "01980",
            "brief": "动身、走、去"
        },
        "13": {
            "sn": "01870",
            "brief": "道路、行为、方向、方法"
        },
        "14": {
            "sn": "01732",
            "brief": "大卫"
        },
        "15": {
            "sn": "08010",
            "brief": "所罗门"
        },
        "16": {
            "sn": "08141",
            "brief": "年、岁"
        },
        "17": {
            "sn": "07969",
            "brief": "数目的「三」"
        }
    },
    "14": {
        "literal": "他(指耶罗波安)…设立祭司；(…处填入下二行)为丘坛，为公山羊(指鬼魔)，又为自己所造的牛犊",
        "6": {
            "sn": "00834",
            "brief": "不必翻译"
        },
        "7": {
            "sn": "06213",
            "brief": "做"
        },
        "1": {
            "sn": "09001",
            "brief": "给、往、向、到、归属于"
        },
        "2": {
            "sn": "03548",
            "brief": "祭司"
        },
        "3": {
            "sn": "01116",
            "brief": "高处、丘坛"
        },
        "4": {
            "sn": "08163",
            "brief": "公山羊"
        },
        "5": {
            "sn": "05695",
            "brief": "牛犊"
        },
        "0": {
            "sn": "05975",
            "brief": "Qal 站立、侍立、停留，Hif‘il 设立、使坚定"
        }
    },
    "4": {
        "literal": "罗波安住在耶路撒冷，在犹大建造城镇作坚固城，",
        "0": {
            "sn": "03427",
            "brief": "居住、坐、停留"
        },
        "1": {
            "sn": "07346",
            "brief": "罗波安"
        },
        "2": {
            "sn": "03389",
            "brief": "耶路撒冷"
        },
        "3": {
            "sn": "01129",
            "brief": "建造"
        },
        "4": {
            "sn": "05892",
            "brief": "城邑、城镇"
        },
        "5": {
            "sn": "04692",
            "brief": "堡垒、围攻、围困"
        },
        "6": {
            "sn": "03063",
            "brief": "犹大"
        }
    },
    "5": {
        "literal": "他修筑伯利恒、和以坦、和提哥亚、",
        "0": {
            "sn": "01129",
            "brief": "建造"
        },
        "1": {
            "sn": "00853",
            "brief": "不必翻译"
        },
        "2": {
            "sn": "01035",
            "brief": "伯利恒"
        },
        "3": {
            "sn": "01035",
            "brief": "伯利恒"
        },
        "4": {
            "sn": "00853",
            "brief": "不必翻译"
        },
        "5": {
            "sn": "05862",
            "brief": "以坦"
        },
        "6": {
            "sn": "00853",
            "brief": "不必翻译"
        },
        "7": {
            "sn": "08620",
            "brief": "提哥亚"
        }
    },
    "7": {
        "literal": "和迦特、和玛利沙、和西弗、",
        "2": {
            "sn": "00853",
            "brief": "不必翻译"
        },
        "3": {
            "sn": "04762",
            "brief": "玛利沙"
        },
        "4": {
            "sn": "00853",
            "brief": "不必翻译"
        },
        "5": {
            "sn": "02128",
            "brief": "西弗"
        },
        "0": {
            "sn": "00853",
            "brief": "不必翻译"
        },
        "1": {
            "sn": "01661",
            "brief": "迦特"
        }
    },
    "10": {
        "0": {
            "sn": "02388",
            "brief": "加强、支持、抓住、系紧、强壮、勇敢"
        },
        "literal": "罗波安又坚固保障，在其中安置军长，又预备粮食、和油、和酒。",
        "1": {
            "sn": "00853",
            "brief": "不必翻译"
        },
        "2": {
            "sn": "04694",
            "brief": "保障、堡垒、壕沟"
        },
        "3": {
            "sn": "05414",
            "brief": "给"
        },
        "4": {
            "sn": "09002",
            "brief": "在、用、藉着、与、敌对"
        },
        "5": {
            "sn": "05057",
            "brief": "领袖、君王"
        },
        "6": {
            "sn": "00214",
            "brief": "宝物、府库"
        },
        "7": {
            "sn": "03978",
            "brief": "食物"
        },
        "8": {
            "sn": "08081",
            "brief": "膏油"
        },
        "9": {
            "sn": "03196",
            "brief": "酒"
        }
    },
    "6": {
        "literal": "和伯・夙、和梭哥、和亚杜兰、",
        "0": {
            "sn": "00853",
            "brief": "不必翻译"
        },
        "1": {
            "sn": "01049",
            "brief": "伯・夙"
        },
        "2": {
            "sn": "01049",
            "brief": "伯・夙"
        },
        "3": {
            "sn": "00853",
            "brief": "不必翻译"
        },
        "4": {
            "sn": "07755",
            "brief": "梭哥"
        },
        "5": {
            "sn": "00853",
            "brief": "不必翻译"
        },
        "6": {
            "sn": "05725",
            "brief": "亚杜兰"
        }
    },
    "9": {
        "literal": "和琐拉、和亚雅仑、和希伯仑，这都是犹大和便雅悯的坚固城。",
        "0": {
            "sn": "00853",
            "brief": "不必翻译"
        },
        "1": {
            "sn": "06881",
            "brief": "琐拉"
        },
        "2": {
            "sn": "00853",
            "brief": "不必翻译"
        },
        "3": {
            "sn": "00357",
            "brief": "亚雅仑"
        },
        "4": {
            "sn": "00853",
            "brief": "不必翻译"
        },
        "5": {
            "sn": "02275",
            "brief": "希伯仑"
        },
        "6": {
            "sn": "00834",
            "brief": "不必翻译"
        },
        "7": {
            "sn": "03063",
            "brief": "犹大"
        },
        "8": {
            "sn": "01144",
            "brief": "便雅悯"
        },
        "9": {
            "sn": "05892",
            "brief": "城邑、城镇"
        },
        "10": {
            "sn": "04694",
            "brief": "保障、堡垒、壕沟"
        }
    },
    "18": {
        "literal": "她给他生了几个儿子：耶乌施、和示玛利雅、和撒罕。",
        "0": {
            "sn": "03205",
            "brief": "生出、出生"
        },
        "1": {
            "sn": "09001",
            "brief": "给、往、向、到、归属于"
        },
        "2": {
            "sn": "01121",
            "brief": "儿子、孙子、后裔、成员"
        },
        "3": {
            "sn": "00853",
            "brief": "不必翻译"
        },
        "4": {
            "sn": "03266",
            "brief": "耶乌施"
        },
        "5": {
            "sn": "00853",
            "brief": "不必翻译"
        },
        "6": {
            "sn": "08114",
            "brief": "示玛利雅"
        },
        "7": {
            "sn": "00853",
            "brief": "不必翻译"
        },
        "8": {
            "sn": "02093",
            "brief": "撒罕"
        }
    },
    "20": {
        "16": {
            "sn": "03205",
            "brief": "生出、出生，Hif‘il 生产"
        },
        "literal": "罗波安爱押沙龙的女儿玛迦胜过所有他的妻和他的妾；他娶了十八个妻和六十个妾，生了二十八个儿子和六十个女儿，",
        "0": {
            "sn": "00157",
            "brief": "爱"
        },
        "1": {
            "sn": "07346",
            "brief": "罗波安"
        },
        "2": {
            "sn": "00853",
            "brief": "不必翻译"
        },
        "3": {
            "sn": "04601",
            "brief": "玛迦"
        },
        "4": {
            "sn": "01323",
            "brief": "女儿、女子"
        },
        "5": {
            "sn": "00053",
            "brief": "押沙龙"
        },
        "6": {
            "sn": "03605",
            "brief": "全部、整个、各"
        },
        "7": {
            "sn": "00802",
            "brief": "女人、妻子"
        },
        "8": {
            "sn": "06370",
            "brief": "妾、妃嫔、情妇"
        },
        "9": {
            "sn": "03588",
            "brief": "因为、不必翻译"
        },
        "10": {
            "sn": "00802",
            "brief": "女人、妻子"
        },
        "11": {
            "sn": "08083",
            "brief": "数目的「八」"
        },
        "12": {
            "sn": "06240",
            "brief": "数目的「十」"
        },
        "13": {
            "sn": "05375",
            "brief": "高举、举起、背负、承担、带走、拿走"
        },
        "14": {
            "sn": "06370",
            "brief": "妾、妃嫔、情妇"
        },
        "15": {
            "sn": "08346",
            "brief": "数目的「六十」"
        },
        "17": {
            "sn": "06242",
            "brief": "数目的「二十」"
        },
        "18": {
            "sn": "08083",
            "brief": "数目的「八」"
        },
        "19": {
            "sn": "01121",
            "brief": "儿子、孙子、后裔、成员"
        },
        "20": {
            "sn": "08346",
            "brief": "数目的「六十」"
        },
        "21": {
            "sn": "01323",
            "brief": "女儿、女子"
        }
    },
    "22": {
        "literal": "他(指罗波安)精明，使他的众子分散在犹大全地和便雅悯，在各坚固城，又赐给他们许多粮食，为他们多寻妻子。",
        "0": {
            "sn": "00995",
            "brief": "明白、分辨、了解"
        },
        "1": {
            "sn": "06555",
            "brief": "传播、散布、散开"
        },
        "2": {
            "sn": "03605",
            "brief": "全部、整个、各"
        },
        "3": {
            "sn": "01121",
            "brief": "儿子、孙子、后裔、成员"
        },
        "4": {
            "sn": "03605",
            "brief": "全部、整个、各"
        },
        "5": {
            "sn": "00776",
            "brief": "地、邦国、疆界"
        },
        "6": {
            "sn": "03063",
            "brief": "犹大"
        },
        "7": {
            "sn": "01144",
            "brief": "便雅悯"
        },
        "8": {
            "sn": "03605",
            "brief": "全部、整个、各"
        },
        "9": {
            "sn": "05892",
            "brief": "城邑、城镇"
        },
        "10": {
            "sn": "04694",
            "brief": "保障、堡垒、壕沟"
        },
        "11": {
            "sn": "05414",
            "brief": "给"
        },
        "12": {
            "sn": "09001",
            "brief": "给、往、向、到、归属于"
        },
        "13": {
            "sn": "04202",
            "brief": "食物、维持生命的东西"
        },
        "14": {
            "sn": "07230",
            "brief": "多"
        },
        "15": {
            "sn": "07592",
            "brief": "问、求"
        },
        "16": {
            "sn": "01995",
            "brief": "喧哗、哄嚷、群众、潺潺声"
        },
        "17": {
            "sn": "00802",
            "brief": "女人、妻子"
        }
    },
    "1": {
        "literal": "但雅威的话临到神人示玛雅，说：",
        "0": {
            "sn": "01961",
            "brief": "是、成为、临到"
        },
        "1": {
            "sn": "01697",
            "brief": "话语、事情、行动"
        },
        "2": {
            "sn": "03068",
            "brief": "上帝的名字「雅威」，犹太人尊称为「上主」"
        },
        "3": {
            "sn": "00413",
            "brief": "向、往"
        },
        "4": {
            "sn": "08098",
            "brief": "示玛雅"
        },
        "5": {
            "sn": "00376",
            "brief": "各人、人、男人、丈夫"
        },
        "6": {
            "sn": "00430",
            "brief": "上帝、神、神明"
        },
        "7": {
            "sn": "00559",
            "brief": "说"
        }
    },
    "15": {
        "7": {
            "sn": "01245",
            "brief": "Pi‘el 寻找、渴求、想望、索求"
        },
        "literal": "以色列各支派中，凡…的都随从他们，(…处填入下二行)立定他们心意寻求雅威―以色列上帝来到耶路撒冷祭祀雅威―他们列祖的上帝。",
        "0": {
            "sn": "00310",
            "brief": "后面、跟着"
        },
        "1": {
            "sn": "03605",
            "brief": "全部、整个、各"
        },
        "2": {
            "sn": "07626",
            "brief": "棍、杖、支派、分支"
        },
        "3": {
            "sn": "03478",
            "brief": "以色列"
        },
        "4": {
            "sn": "05414",
            "brief": "给"
        },
        "5": {
            "sn": "00853",
            "brief": "不必翻译"
        },
        "6": {
            "sn": "03824",
            "brief": "心"
        },
        "8": {
            "sn": "00853",
            "brief": "不必翻译"
        },
        "9": {
            "sn": "03068",
            "brief": "上帝的名字「雅威」，犹太人尊称为「上主」"
        },
        "10": {
            "sn": "00430",
            "brief": "上帝、神、神明"
        },
        "11": {
            "sn": "03478",
            "brief": "以色列"
        },
        "12": {
            "sn": "00935",
            "brief": "来、进入、临到、发生"
        },
        "13": {
            "sn": "03389",
            "brief": "耶路撒冷"
        },
        "14": {
            "sn": "02076",
            "brief": "屠宰、献祭"
        },
        "15": {
            "sn": "03068",
            "brief": "上帝的名字「雅威」，犹太人尊称为「上主」"
        },
        "16": {
            "sn": "00430",
            "brief": "上帝、神、神明"
        },
        "17": {
            "sn": "00001",
            "brief": "父亲、祖先"
        }
    }
}