{
    "15": {
        "0": {
            "sn": "02393",
            "brief": "大能力、强壮、有力"
        },
        "1": {
            "sn": "01361",
            "brief": "高、举高"
        },
        "literal": "他既强盛，就心高气傲，以致败坏，干犯雅威—他的上帝，进雅威的殿，要在香坛上烧香。",
        "2": {
            "sn": "03820",
            "brief": "心"
        },
        "3": {
            "sn": "05704",
            "brief": "直到、甚至"
        },
        "5": {
            "sn": "04603",
            "brief": "背叛、犯罪、不忠"
        },
        "6": {
            "sn": "03068",
            "brief": "上帝的名字「雅威」，犹太人尊称为「上主」"
        },
        "7": {
            "sn": "00430",
            "brief": "上帝、神、神明"
        },
        "8": {
            "sn": "00935",
            "brief": "来、进入、临到、发生"
        },
        "9": {
            "sn": "00413",
            "brief": "向、往"
        },
        "10": {
            "sn": "01964",
            "brief": "圣殿、宫殿"
        },
        "11": {
            "sn": "03068",
            "brief": "上帝的名字「雅威」，犹太人尊称为「上主」"
        },
        "13": {
            "sn": "05921",
            "brief": "在…上面"
        },
        "14": {
            "sn": "04196",
            "brief": "祭坛"
        },
        "15": {
            "sn": "07004",
            "brief": "香品、香味、烟"
        },
        "4": {
            "sn": "07843",
            "brief": "破坏、毁坏"
        },
        "12": {
            "sn": "06999",
            "brief": "烧香、薰"
        }
    },
    "9": {
        "10": {
            "sn": "09001",
            "brief": "给、往、向、到、归属于"
        },
        "literal": "又在旷野…建筑望楼，挖了许多井，(…处填入以下第二行)因他的牲畜甚多；与低地和平原在山地和佳美之地(请)农夫和修理葡萄园的人，因为他喜爱农事。",
        "0": {
            "sn": "01129",
            "brief": "建造"
        },
        "1": {
            "sn": "04026",
            "brief": "城楼、塔、台"
        },
        "2": {
            "sn": "04057",
            "brief": "旷野"
        },
        "3": {
            "sn": "02672",
            "brief": "凿、挖掘"
        },
        "4": {
            "sn": "00953",
            "brief": "井、坑"
        },
        "5": {
            "sn": "07227",
            "brief": "I. 形容词：大量的、许多的、充足的，II. 名词：统帅、首领。"
        },
        "6": {
            "sn": "03588",
            "brief": "因为、不必翻译"
        },
        "7": {
            "sn": "04735",
            "brief": "牲畜"
        },
        "8": {
            "sn": "07227",
            "brief": "I. 形容词：大量的、许多的、充足的，II. 名词：统帅、首领。"
        },
        "9": {
            "sn": "01961",
            "brief": "是、成为、临到"
        },
        "11": {
            "sn": "08219",
            "brief": "1. 低地；2. 专有名词：雪非拉"
        },
        "12": {
            "sn": "04334",
            "brief": "平坦的地方"
        },
        "13": {
            "sn": "00406",
            "brief": "种田的人、农夫"
        },
        "14": {
            "sn": "03755",
            "brief": "修理葡萄园"
        },
        "15": {
            "sn": "02022",
            "brief": "山"
        },
        "16": {
            "sn": "03760",
            "brief": "迦密"
        },
        "17": {
            "sn": "03588",
            "brief": "因为、不必翻译"
        },
        "18": {
            "sn": "00157",
            "brief": "爱"
        },
        "19": {
            "sn": "00127",
            "brief": "地"
        },
        "20": {
            "sn": "01961",
            "brief": "是、成为、临到"
        },
        "21": {
            "sn": "09014",
            "brief": "关闭的意思"
        }
    },
    "14": {
        "20": {
            "sn": "05826",
            "brief": "帮助"
        },
        "18": {
            "sn": "03588",
            "brief": "因为、不必翻译"
        },
        "10": {
            "sn": "03384",
            "brief": "Qal 射、抛掷，Hif‘il 教导、射、抛掷"
        },
        "literal": "又在耶路撒冷使巧匠设计机器，安在城楼和角楼上，用以射箭发石。乌西雅的名声传到远方，因为他得了非常的帮助，甚是强盛。",
        "0": {
            "sn": "06213",
            "brief": "做"
        },
        "1": {
            "sn": "03389",
            "brief": "耶路撒冷"
        },
        "2": {
            "sn": "02810",
            "brief": "设计、发明"
        },
        "3": {
            "sn": "04284",
            "brief": "意念、思想、设计"
        },
        "4": {
            "sn": "02803",
            "brief": "思考、计划、数算"
        },
        "5": {
            "sn": "01961",
            "brief": "是、成为、临到"
        },
        "6": {
            "sn": "05921",
            "brief": "在…上面"
        },
        "7": {
            "sn": "04026",
            "brief": "城楼、塔、台"
        },
        "8": {
            "sn": "05921",
            "brief": "在…上面"
        },
        "9": {
            "sn": "06438",
            "brief": "房角石"
        },
        "11": {
            "sn": "02678",
            "brief": "箭"
        },
        "12": {
            "sn": "00068",
            "brief": "石头、法码、宝石"
        },
        "13": {
            "sn": "01419",
            "brief": "大的、伟大的"
        },
        "14": {
            "sn": "03318",
            "brief": "出去"
        },
        "15": {
            "sn": "08034",
            "brief": "名、名字"
        },
        "16": {
            "sn": "05704",
            "brief": "直到、甚至"
        },
        "17": {
            "sn": "07350",
            "brief": "远方的"
        },
        "19": {
            "sn": "06381",
            "brief": "是奇妙的"
        },
        "21": {
            "sn": "05704",
            "brief": "直到、甚至"
        },
        "22": {
            "sn": "03588",
            "brief": "因为、不必翻译"
        },
        "23": {
            "sn": "02388",
            "brief": "加强、支持、抓住、系紧、强壮、勇敢"
        }
    },
    "20": {
        "12": {
            "sn": "01504",
            "brief": "剪除、剪去、颁布法令"
        },
        "10": {
            "sn": "06879",
            "brief": "染上麻疯病"
        },
        "literal": "乌西雅王长大麻疯直到他死的日子，因长大麻疯他住在隔离的宫里，与雅威的殿隔绝。他儿子约坦管理王的家事，治理国民。",
        "0": {
            "sn": "01961",
            "brief": "是、成为、临到"
        },
        "1": {
            "sn": "05818",
            "brief": "乌西雅"
        },
        "2": {
            "sn": "04428",
            "brief": "君王"
        },
        "4": {
            "sn": "05704",
            "brief": "直到、甚至"
        },
        "5": {
            "sn": "03117",
            "brief": "日子、时候"
        },
        "6": {
            "sn": "04194",
            "brief": "死亡"
        },
        "7": {
            "sn": "03427",
            "brief": "居住、坐、停留"
        },
        "8": {
            "sn": "01004",
            "brief": "家、房子、殿"
        },
        "9": {
            "sn": "02669",
            "brief": "分开的、隔离的"
        },
        "11": {
            "sn": "03588",
            "brief": "因为、不必翻译"
        },
        "3": {
            "sn": "06879",
            "brief": "染上麻疯病"
        },
        "13": {
            "sn": "01004",
            "brief": "家、房子、殿"
        },
        "14": {
            "sn": "03068",
            "brief": "上帝的名字「雅威」，犹太人尊称为「上主」"
        },
        "15": {
            "sn": "03147",
            "brief": "约坦"
        },
        "16": {
            "sn": "01121",
            "brief": "儿子、孙子、后裔、成员"
        },
        "17": {
            "sn": "05921",
            "brief": "在…上面"
        },
        "18": {
            "sn": "01004",
            "brief": "家、房子、殿"
        },
        "19": {
            "sn": "04428",
            "brief": "君王"
        },
        "20": {
            "sn": "08199",
            "brief": "审判、辩白、处罚"
        },
        "21": {
            "sn": "00853",
            "brief": "不必翻译"
        },
        "22": {
            "sn": "05971",
            "brief": "百姓、国民"
        },
        "23": {
            "sn": "00776",
            "brief": "地、邦国、疆界"
        }
    },
    "8": {
        "literal": "乌西雅…建筑城楼，(…处填入以下二行)在耶路撒冷的角门和谷门，并城墙转弯之处，且甚坚固；",
        "5": {
            "sn": "08179",
            "brief": "门"
        },
        "6": {
            "sn": "06438",
            "brief": "房角石"
        },
        "7": {
            "sn": "05921",
            "brief": "在…上面"
        },
        "8": {
            "sn": "08179",
            "brief": "门"
        },
        "9": {
            "sn": "01516",
            "brief": "谷"
        },
        "10": {
            "sn": "05921",
            "brief": "在…上面"
        },
        "12": {
            "sn": "02388",
            "brief": "加强、支持、抓住、系紧、强壮、勇敢"
        },
        "11": {
            "sn": "04740",
            "brief": "转角处"
        },
        "0": {
            "sn": "01129",
            "brief": "建造"
        },
        "1": {
            "sn": "05818",
            "brief": "乌西雅"
        },
        "2": {
            "sn": "04026",
            "brief": "城楼、塔、台"
        },
        "3": {
            "sn": "03389",
            "brief": "耶路撒冷"
        },
        "4": {
            "sn": "05921",
            "brief": "在…上面"
        }
    },
    "0": {
        "1": {
            "sn": "03605",
            "brief": "全部、整个、各"
        },
        "8": {
            "sn": "08337",
            "brief": "数目的「六」"
        },
        "0": {
            "sn": "03947",
            "brief": "取、娶、拿"
        },
        "2": {
            "sn": "05971",
            "brief": "国家、百姓"
        },
        "3": {
            "sn": "03063",
            "brief": "犹大"
        },
        "4": {
            "sn": "00853",
            "brief": "不必翻译"
        },
        "11": {
            "sn": "04427",
            "brief": "作王、统治"
        },
        "5": {
            "sn": "05818",
            "brief": "乌西雅"
        },
        "6": {
            "sn": "01931",
            "brief": "他"
        },
        "7": {
            "sn": "01121",
            "brief": "儿子、孙子、后裔、成员"
        },
        "9": {
            "sn": "06240",
            "brief": "数目的「十」"
        },
        "10": {
            "sn": "08141",
            "brief": "年"
        },
        "12": {
            "sn": "00853",
            "brief": "不必翻译"
        },
        "13": {
            "sn": "08478",
            "brief": "1. 名词：位置、地方；2. 介系词：在…之下；3. 介系词：代替、因为"
        },
        "14": {
            "sn": "00001",
            "brief": "父亲、祖先"
        },
        "15": {
            "sn": "00558",
            "brief": "亚玛谢"
        },
        "literal": "犹大众民选了乌西雅，他是十六岁之子，立他接续他父亲亚玛谢作王。"
    },
    "19": {
        "8": {
            "sn": "01931",
            "brief": "他"
        },
        "17": {
            "sn": "03588",
            "brief": "因为、不必翻译"
        },
        "15": {
            "sn": "01765",
            "brief": "急忙、加速"
        },
        "literal": "大祭司亚撒利雅和众祭司观看，看哪，他额上发出大麻疯，就催他出殿；他自己也急速出去，因为雅威降灾给他。",
        "0": {
            "sn": "06437",
            "brief": "转向"
        },
        "1": {
            "sn": "00413",
            "brief": "向、往"
        },
        "2": {
            "sn": "05838",
            "brief": "亚撒利雅"
        },
        "3": {
            "sn": "03548",
            "brief": "祭司"
        },
        "4": {
            "sn": "07218",
            "brief": "头、起头、山顶、领袖"
        },
        "5": {
            "sn": "03605",
            "brief": "全部、整个、各"
        },
        "6": {
            "sn": "03548",
            "brief": "祭司"
        },
        "7": {
            "sn": "02009",
            "brief": "看哪"
        },
        "10": {
            "sn": "04696",
            "brief": "前额"
        },
        "12": {
            "sn": "08033",
            "brief": "那里"
        },
        "13": {
            "sn": "01571",
            "brief": "也"
        },
        "14": {
            "sn": "01931",
            "brief": "他"
        },
        "16": {
            "sn": "03318",
            "brief": "出去"
        },
        "19": {
            "sn": "03068",
            "brief": "上帝的名字「雅威」，犹太人尊称为「上主」"
        },
        "9": {
            "sn": "06879",
            "brief": "染上麻疯病"
        },
        "11": {
            "sn": "00926",
            "brief": "惊惶、困扰、焦虑"
        },
        "18": {
            "sn": "05060",
            "brief": "接触、触及"
        }
    },
    "4": {
        "6": {
            "sn": "07200",
            "brief": "Qal 看见、看顾、察觉，Nif‘al 显现，Hif‘il 显明"
        },
        "literal": "…撒迦利亚在世的时候，乌西雅寻求上帝，(…处填入下行)教导敬畏上帝的他寻求雅威的日子，上帝就使他亨通。",
        "0": {
            "sn": "01961",
            "brief": "是、成为、临到"
        },
        "1": {
            "sn": "01875",
            "brief": "寻求、寻找"
        },
        "2": {
            "sn": "00430",
            "brief": "上帝、神、神明"
        },
        "3": {
            "sn": "03117",
            "brief": "日子、时候"
        },
        "4": {
            "sn": "02148",
            "brief": "撒迦利亚"
        },
        "5": {
            "sn": "00995",
            "brief": "聪明、明辨"
        },
        "7": {
            "sn": "00430",
            "brief": "上帝、神、神明"
        },
        "8": {
            "sn": "03117",
            "brief": "日子、时候"
        },
        "9": {
            "sn": "01875",
            "brief": "寻求、寻找"
        },
        "10": {
            "sn": "00853",
            "brief": "不必翻译"
        },
        "11": {
            "sn": "03068",
            "brief": "上帝的名字「雅威」，犹太人尊称为「上主」"
        },
        "13": {
            "sn": "00430",
            "brief": "上帝、神、神明"
        },
        "14": {
            "sn": "09014",
            "brief": "关闭的意思"
        },
        "12": {
            "sn": "06743",
            "brief": "前进、亨通、繁荣"
        }
    },
    "16": {
        "literal": "祭司亚撒利雅…跟随他进去，(…处填入下行)率领雅威勇敢的祭司八十人，",
        "0": {
            "sn": "00935",
            "brief": "来、进入、临到、发生"
        },
        "1": {
            "sn": "00310",
            "brief": "后面、跟着"
        },
        "2": {
            "sn": "05838",
            "brief": "亚撒利雅"
        },
        "3": {
            "sn": "03548",
            "brief": "祭司"
        },
        "4": {
            "sn": "05973",
            "brief": "跟"
        },
        "5": {
            "sn": "03548",
            "brief": "祭司"
        },
        "6": {
            "sn": "03068",
            "brief": "上帝的名字「雅威」，犹太人尊称为「上主」"
        },
        "7": {
            "sn": "08084",
            "brief": "数目的「八十」"
        },
        "8": {
            "sn": "01121",
            "brief": "儿子、孙子、后裔、成员"
        },
        "9": {
            "sn": "02428",
            "brief": "军队、力量、财富、能力"
        }
    },
    "1": {
        "4": {
            "sn": "07725",
            "brief": "Qal 回复、回转、重复，Po‘lel 带回、复兴、更新，Hif‘il 回报、报告、带回"
        },
        "literal": "…他(指亚撒利雅)重新修理以禄，(…处填入末行)把它(原文用阴性)收回仍归犹大。王(指亚玛谢)与他列祖同睡之后，",
        "0": {
            "sn": "01931",
            "brief": "他"
        },
        "1": {
            "sn": "01129",
            "brief": "建造"
        },
        "2": {
            "sn": "00853",
            "brief": "不必翻译"
        },
        "3": {
            "sn": "00359",
            "brief": "以禄、以拉他"
        },
        "5": {
            "sn": "03063",
            "brief": "犹大"
        },
        "6": {
            "sn": "00310",
            "brief": "后面、跟着"
        },
        "7": {
            "sn": "07901",
            "brief": "躺卧、同寝"
        },
        "8": {
            "sn": "04428",
            "brief": "君王"
        },
        "9": {
            "sn": "05973",
            "brief": "跟"
        },
        "10": {
            "sn": "00001",
            "brief": "父亲、祖先"
        },
        "11": {
            "sn": "09015",
            "brief": "开的意思"
        }
    },
    "11": {
        "literal": "族长、大能勇士的总数共有二千六百人，",
        "0": {
            "sn": "03605",
            "brief": "全部、整个、各"
        },
        "1": {
            "sn": "04557",
            "brief": "数目"
        },
        "2": {
            "sn": "07218",
            "brief": "头、起头、山顶、领袖"
        },
        "3": {
            "sn": "00001",
            "brief": "父亲、祖先"
        },
        "4": {
            "sn": "01368",
            "brief": "形容词：强壮的、有力的；名词：勇士"
        },
        "5": {
            "sn": "02428",
            "brief": "军队、力量、财富、能力"
        },
        "6": {
            "sn": "00505",
            "brief": "许多、数目的「一千」"
        },
        "7": {
            "sn": "08337",
            "brief": "数目的「六」"
        },
        "8": {
            "sn": "03967",
            "brief": "数目的「一百」"
        }
    },
    "12": {
        "literal": "他们手下的军兵共有三十万七千五百人，都有大能，善于争战，帮助王攻击仇敌。",
        "4": {
            "sn": "07969",
            "brief": "数目的「三」"
        },
        "5": {
            "sn": "03967",
            "brief": "数目的「一百」"
        },
        "6": {
            "sn": "00505",
            "brief": "许多、数目的「一千」"
        },
        "7": {
            "sn": "07651",
            "brief": "数目的「七」"
        },
        "8": {
            "sn": "00505",
            "brief": "许多、数目的「一千」"
        },
        "9": {
            "sn": "02568",
            "brief": "数目的「五」"
        },
        "10": {
            "sn": "03967",
            "brief": "数目的「一百」"
        },
        "11": {
            "sn": "06213",
            "brief": "做"
        },
        "12": {
            "sn": "04421",
            "brief": "战争"
        },
        "13": {
            "sn": "03581",
            "brief": "能力、力量"
        },
        "14": {
            "sn": "02428",
            "brief": "军队、力量、财富、能力"
        },
        "15": {
            "sn": "05826",
            "brief": "帮助"
        },
        "16": {
            "sn": "04428",
            "brief": "君王"
        },
        "18": {
            "sn": "00341",
            "brief": "敌人、对头"
        },
        "0": {
            "sn": "05921",
            "brief": "在…上面"
        },
        "1": {
            "sn": "03027",
            "brief": "手、边、力量、权势"
        },
        "2": {
            "sn": "02428",
            "brief": "军队、力量、财富、能力"
        },
        "3": {
            "sn": "06635",
            "brief": "军队、战争、服役"
        },
        "17": {
            "sn": "05921",
            "brief": "在…上面"
        }
    },
    "13": {
        "0": {
            "sn": "03559",
            "brief": "Hif‘il 预备、建立、坚立"
        },
        "1": {
            "sn": "09001",
            "brief": "给、往、向、到、归属于"
        },
        "2": {
            "sn": "05818",
            "brief": "乌西雅"
        },
        "3": {
            "sn": "03605",
            "brief": "全部、整个、各"
        },
        "4": {
            "sn": "06635",
            "brief": "军队、战争、服役"
        },
        "5": {
            "sn": "04043",
            "brief": "盾牌"
        },
        "6": {
            "sn": "07420",
            "brief": "枪"
        },
        "7": {
            "sn": "03553",
            "brief": "头盔"
        },
        "8": {
            "sn": "08302",
            "brief": "军装、武器"
        },
        "9": {
            "sn": "07198",
            "brief": "弓"
        },
        "10": {
            "sn": "00068",
            "brief": "石头、法码、宝石"
        },
        "11": {
            "sn": "07050",
            "brief": "窗帘、悬挂的布、门帘、吊索"
        },
        "literal": "乌西雅为全军预备盾牌、枪、盔、甲、弓，和甩石的机弦，"
    },
    "18": {
        "literal": "乌西雅就发怒，在他的手有香炉要烧香；他向祭司发怒的时候，…他的额上忽然发出大麻疯。(…处填入下行)在雅威殿中香坛旁众祭司面前，",
        "15": {
            "sn": "05921",
            "brief": "在…上面"
        },
        "4": {
            "sn": "06999",
            "brief": "烧香、薰"
        },
        "0": {
            "sn": "02196",
            "brief": "烦恼、烦躁、发愁、愤怒"
        },
        "1": {
            "sn": "05818",
            "brief": "乌西雅"
        },
        "2": {
            "sn": "03027",
            "brief": "手、边、力量、权势"
        },
        "3": {
            "sn": "04730",
            "brief": "香炉"
        },
        "5": {
            "sn": "02196",
            "brief": "烦恼、烦躁、发愁、愤怒"
        },
        "6": {
            "sn": "05973",
            "brief": "跟"
        },
        "7": {
            "sn": "03548",
            "brief": "祭司"
        },
        "8": {
            "sn": "06883",
            "brief": "麻疯病"
        },
        "9": {
            "sn": "02224",
            "brief": "发出、出现、升起"
        },
        "10": {
            "sn": "04696",
            "brief": "前额"
        },
        "11": {
            "sn": "03942",
            "brief": "在…面前"
        },
        "12": {
            "sn": "03548",
            "brief": "祭司"
        },
        "13": {
            "sn": "01004",
            "brief": "家、房子、殿"
        },
        "14": {
            "sn": "03068",
            "brief": "上帝的名字「雅威」，犹太人尊称为「上主」"
        },
        "16": {
            "sn": "04196",
            "brief": "祭坛"
        },
        "17": {
            "sn": "07004",
            "brief": "香品、香味、烟"
        }
    },
    "21": {
        "literal": "乌西雅其余的事，自始至终都是亚摩斯的儿子先知以赛亚所记的。",
        "0": {
            "sn": "03499",
            "brief": "I. 1. 名词：剩下，2. 副词：优秀、丰富，II. 绳、弦"
        },
        "1": {
            "sn": "01697",
            "brief": "话语、事情"
        },
        "2": {
            "sn": "05818",
            "brief": "乌西雅"
        },
        "3": {
            "sn": "07223",
            "brief": "首先的、先前的"
        },
        "4": {
            "sn": "00314",
            "brief": "末后的、后面的"
        },
        "5": {
            "sn": "03789",
            "brief": "写"
        },
        "6": {
            "sn": "03470",
            "brief": "耶筛亚、以赛亚"
        },
        "7": {
            "sn": "01121",
            "brief": "儿子、孙子、后裔、成员"
        },
        "8": {
            "sn": "00531",
            "brief": "亚摩斯"
        },
        "9": {
            "sn": "05030",
            "brief": "先知"
        }
    },
    "6": {
        "2": {
            "sn": "05921",
            "brief": "在…上面"
        },
        "literal": "上帝帮助他攻击非利士人和攻击住在姑珥・巴力的阿拉伯人，并攻击米乌尼人。",
        "0": {
            "sn": "05826",
            "brief": "帮助"
        },
        "1": {
            "sn": "00430",
            "brief": "上帝、神、神明"
        },
        "3": {
            "sn": "06430",
            "brief": "非利士人"
        },
        "4": {
            "sn": "05921",
            "brief": "在…上面"
        },
        "5": {
            "sn": "06163",
            "brief": "亚拉伯人"
        },
        "6": {
            "sn": "03427",
            "brief": "居住、坐、停留"
        },
        "7": {
            "sn": "01485",
            "brief": "姑珥・巴力"
        },
        "8": {
            "sn": "01485",
            "brief": "姑珥・巴力"
        },
        "9": {
            "sn": "04586",
            "brief": "米乌宁、米乌尼"
        }
    },
    "7": {
        "literal": "亚扪人给乌西雅进贡。他的名声传到埃及入口，因他甚是强盛。",
        "0": {
            "sn": "05414",
            "brief": "使、给"
        },
        "1": {
            "sn": "05984",
            "brief": "亚扪人"
        },
        "2": {
            "sn": "04503",
            "brief": "供物、礼物、祭物、素祭"
        },
        "3": {
            "sn": "05818",
            "brief": "乌西雅"
        },
        "5": {
            "sn": "08034",
            "brief": "名、名字"
        },
        "6": {
            "sn": "05704",
            "brief": "直到、甚至"
        },
        "7": {
            "sn": "00935",
            "brief": "来、进入、临到、发生"
        },
        "8": {
            "sn": "04714",
            "brief": "埃及"
        },
        "9": {
            "sn": "03588",
            "brief": "因为、不必翻译"
        },
        "11": {
            "sn": "05704",
            "brief": "直到、甚至"
        },
        "12": {
            "sn": "04605",
            "brief": "上面"
        },
        "10": {
            "sn": "02388",
            "brief": "加强、支持、抓住、系紧、强壮、勇敢"
        },
        "4": {
            "sn": "01980",
            "brief": "Qal 行走、去，Hitpa‘el 来来去去"
        }
    },
    "2": {
        "literal": "乌西雅在他登基的时候是十六岁之子，在耶路撒冷作王五十二年，他母亲的名字是耶可利雅，来自耶路撒冷。",
        "0": {
            "sn": "01121",
            "brief": "儿子、孙子、后裔、成员"
        },
        "1": {
            "sn": "08337",
            "brief": "数目的「六」"
        },
        "2": {
            "sn": "06240",
            "brief": "数目的「十」"
        },
        "3": {
            "sn": "08141",
            "brief": "年"
        },
        "4": {
            "sn": "05818",
            "brief": "乌西雅"
        },
        "5": {
            "sn": "04427",
            "brief": "作王、统治"
        },
        "6": {
            "sn": "02572",
            "brief": "数目的「五十」"
        },
        "7": {
            "sn": "08147",
            "brief": "数目的「二」"
        },
        "8": {
            "sn": "08141",
            "brief": "年"
        },
        "9": {
            "sn": "04427",
            "brief": "作王、统治"
        },
        "10": {
            "sn": "03389",
            "brief": "耶路撒冷"
        },
        "11": {
            "sn": "08034",
            "brief": "名、名字"
        },
        "12": {
            "sn": "00517",
            "brief": "母亲"
        },
        "13": {
            "sn": "03203",
            "brief": "耶可利雅"
        },
        "14": {
            "sn": "04480",
            "brief": "从、出"
        },
        "15": {
            "sn": "03389",
            "brief": "耶路撒冷"
        }
    },
    "3": {
        "literal": "他…行雅威眼中(看)为正的事，(…处填入下行)照他父亲亚玛谢一切所行的，",
        "0": {
            "sn": "06213",
            "brief": "做"
        },
        "1": {
            "sn": "03477",
            "brief": "公义的、正直的"
        },
        "2": {
            "sn": "05869",
            "brief": "眼目、眼睛"
        },
        "3": {
            "sn": "03068",
            "brief": "上帝的名字「雅威」，犹太人尊称为「上主」"
        },
        "4": {
            "sn": "03605",
            "brief": "全部、整个、各"
        },
        "5": {
            "sn": "00834",
            "brief": "不必翻译"
        },
        "6": {
            "sn": "06213",
            "brief": "做"
        },
        "7": {
            "sn": "00558",
            "brief": "亚玛谢"
        },
        "8": {
            "sn": "00001",
            "brief": "父亲、祖先"
        }
    },
    "10": {
        "literal": "乌西雅又有军兵…按队伍出战，(…处填入末行)…所数点的：(…处填入下行)是照书记耶利和官长玛西雅在王的将军哈拿尼雅手下",
        "0": {
            "sn": "01961",
            "brief": "是、成为、临到"
        },
        "1": {
            "sn": "05818",
            "brief": "乌西雅"
        },
        "2": {
            "sn": "02428",
            "brief": "军队、力量、财富、能力"
        },
        "3": {
            "sn": "06213",
            "brief": "做"
        },
        "4": {
            "sn": "04421",
            "brief": "战争"
        },
        "5": {
            "sn": "03318",
            "brief": "出去"
        },
        "6": {
            "sn": "06635",
            "brief": "军队、战争、服役"
        },
        "7": {
            "sn": "01416",
            "brief": "一队、军队"
        },
        "8": {
            "sn": "04557",
            "brief": "数目"
        },
        "9": {
            "sn": "06486",
            "brief": "看护、照管、访问"
        },
        "10": {
            "sn": "03027",
            "brief": "手、边、力量、权势"
        },
        "11": {
            "sn": "03273",
            "brief": "耶利"
        },
        "12": {
            "sn": "05608",
            "brief": "1. 动词：述说、计算；2. 名词：文士、书记"
        },
        "13": {
            "sn": "04641",
            "brief": "玛西雅"
        },
        "14": {
            "sn": "07860",
            "brief": "官员、书记官、首领"
        },
        "15": {
            "sn": "05921",
            "brief": "在…上面"
        },
        "16": {
            "sn": "03027",
            "brief": "手、边、力量、权势"
        },
        "17": {
            "sn": "02608",
            "brief": "哈拿尼雅"
        },
        "18": {
            "sn": "08269",
            "brief": "领袖"
        },
        "19": {
            "sn": "04428",
            "brief": "君王"
        }
    },
    "22": {
        "literal": "乌西雅与他列祖同睡，人们把他与他的列祖同葬在田间王陵的坟地裏，因为人们说，他是长大麻疯的。他儿子约坦接续他作王。",
        "0": {
            "sn": "07901",
            "brief": "躺卧、同寝"
        },
        "1": {
            "sn": "05818",
            "brief": "乌西雅"
        },
        "2": {
            "sn": "05973",
            "brief": "跟"
        },
        "3": {
            "sn": "00001",
            "brief": "父亲、祖先"
        },
        "4": {
            "sn": "06912",
            "brief": "埋葬"
        },
        "5": {
            "sn": "00853",
            "brief": "不必翻译"
        },
        "6": {
            "sn": "05973",
            "brief": "跟"
        },
        "7": {
            "sn": "00001",
            "brief": "父亲、祖先"
        },
        "8": {
            "sn": "07704",
            "brief": "田地"
        },
        "9": {
            "sn": "06900",
            "brief": "埋葬、坟墓"
        },
        "10": {
            "sn": "00834",
            "brief": "不必翻译"
        },
        "11": {
            "sn": "04428",
            "brief": "君王"
        },
        "12": {
            "sn": "03588",
            "brief": "因为、不必翻译"
        },
        "13": {
            "sn": "00559",
            "brief": "说"
        },
        "15": {
            "sn": "01931",
            "brief": "他"
        },
        "16": {
            "sn": "04427",
            "brief": "作王、统治"
        },
        "17": {
            "sn": "03147",
            "brief": "约坦"
        },
        "18": {
            "sn": "01121",
            "brief": "儿子、孙子、后裔、成员"
        },
        "19": {
            "sn": "08478",
            "brief": "1. 名词：位置、地方；2. 介系词：在…之下；3. 介系词：代替、因为"
        },
        "20": {
            "sn": "09015",
            "brief": "开的意思"
        },
        "14": {
            "sn": "06879",
            "brief": "染上麻疯病"
        }
    },
    "5": {
        "literal": "他出去攻击非利士人，拆毁了迦特城、雅比尼城和亚实突城；在亚实突境内，在非利士人中，又建筑了些城。",
        "0": {
            "sn": "03318",
            "brief": "出去"
        },
        "1": {
            "sn": "03898",
            "brief": "I. Qal 攻击、打仗，Nif‘al 参战、攻打；II 吃"
        },
        "2": {
            "sn": "06430",
            "brief": "非利士人"
        },
        "3": {
            "sn": "06555",
            "brief": "破坏"
        },
        "4": {
            "sn": "00853",
            "brief": "不必翻译"
        },
        "5": {
            "sn": "02346",
            "brief": "墙壁"
        },
        "6": {
            "sn": "01661",
            "brief": "迦特"
        },
        "7": {
            "sn": "00853",
            "brief": "不必翻译"
        },
        "8": {
            "sn": "02346",
            "brief": "墙壁"
        },
        "9": {
            "sn": "02996",
            "brief": "雅比尼"
        },
        "10": {
            "sn": "00853",
            "brief": "不必翻译"
        },
        "11": {
            "sn": "02346",
            "brief": "墙壁"
        },
        "12": {
            "sn": "00795",
            "brief": "亚实突"
        },
        "13": {
            "sn": "01129",
            "brief": "建造"
        },
        "14": {
            "sn": "05892",
            "brief": "城邑、城镇"
        },
        "15": {
            "sn": "00795",
            "brief": "亚实突"
        },
        "16": {
            "sn": "06430",
            "brief": "非利士人"
        }
    },
    "17": {
        "literal": "他们阻挡乌西雅王，对他说：「乌西雅啊，给雅威烧香不是你的事，是亚伦子孙的事，他们被分别为圣来烧香。从圣殿出去吧，因为你犯了罪！你行这事，雅威上帝必不使你得荣耀。」",
        "0": {
            "sn": "05975",
            "brief": "Qal 站立、侍立、停留，Hif‘il 设立、使坚定"
        },
        "1": {
            "sn": "05921",
            "brief": "在…上面"
        },
        "2": {
            "sn": "05818",
            "brief": "乌西雅"
        },
        "3": {
            "sn": "04428",
            "brief": "君王"
        },
        "4": {
            "sn": "00559",
            "brief": "说"
        },
        "5": {
            "sn": "09001",
            "brief": "给、往、向、到、归属于"
        },
        "6": {
            "sn": "03808",
            "brief": "不"
        },
        "7": {
            "sn": "09001",
            "brief": "给、往、向、到、归属于"
        },
        "8": {
            "sn": "05818",
            "brief": "乌西雅"
        },
        "9": {
            "sn": "06999",
            "brief": "烧香、薰"
        },
        "10": {
            "sn": "03068",
            "brief": "上帝的名字「雅威」，犹太人尊称为「上主」"
        },
        "11": {
            "sn": "03588",
            "brief": "因为、不必翻译"
        },
        "12": {
            "sn": "03548",
            "brief": "祭司"
        },
        "13": {
            "sn": "01121",
            "brief": "儿子、孙子、后裔、成员"
        },
        "14": {
            "sn": "00175",
            "brief": "亚伦"
        },
        "15": {
            "sn": "06942",
            "brief": "分别为圣、把…奉献给上帝"
        },
        "16": {
            "sn": "06999",
            "brief": "烧香、薰"
        },
        "17": {
            "sn": "03318",
            "brief": "出去"
        },
        "18": {
            "sn": "04480",
            "brief": "从、出"
        },
        "19": {
            "sn": "04720",
            "brief": "圣所、神圣地方"
        },
        "20": {
            "sn": "03588",
            "brief": "因为、不必翻译"
        },
        "21": {
            "sn": "04603",
            "brief": "背叛、犯罪、不忠"
        },
        "22": {
            "sn": "03808",
            "brief": "不"
        },
        "23": {
            "sn": "09001",
            "brief": "给、往、向、到、归属于"
        },
        "24": {
            "sn": "03519",
            "brief": "荣耀"
        },
        "25": {
            "sn": "03068",
            "brief": "上帝的名字「雅威」，犹太人尊称为「上主」"
        },
        "26": {
            "sn": "00430",
            "brief": "上帝、神、神明"
        }
    }
}