{
    "7": {
        "literal": "他又建造至圣所，它的长沿着殿的宽度，二十肘，它的宽也是二十肘；把它贴上好金子，(共用了)六百他连得，",
        "17": {
            "sn": "02896",
            "brief": "名词：良善、美好、福乐；形容词：良善的、美好的"
        },
        "0": {
            "sn": "06213",
            "brief": "做"
        },
        "1": {
            "sn": "00853",
            "brief": "不必翻译"
        },
        "2": {
            "sn": "01004",
            "brief": "殿、家、房子"
        },
        "3": {
            "sn": "06944",
            "brief": "圣所、圣物、神圣"
        },
        "4": {
            "sn": "06944",
            "brief": "圣所、圣物、神圣"
        },
        "5": {
            "sn": "00753",
            "brief": "长"
        },
        "6": {
            "sn": "05921",
            "brief": "在…上面"
        },
        "7": {
            "sn": "06440",
            "brief": "脸、脸面"
        },
        "8": {
            "sn": "07341",
            "brief": "宽度、幅度、广阔区域"
        },
        "9": {
            "sn": "01004",
            "brief": "殿、家、房子"
        },
        "10": {
            "sn": "00520",
            "brief": "1.根基；2.一肘，约 18-22 寸，即 45-56 公分"
        },
        "11": {
            "sn": "06242",
            "brief": "数目的「二十」"
        },
        "12": {
            "sn": "07341",
            "brief": "宽度、幅度、广阔区域"
        },
        "13": {
            "sn": "00520",
            "brief": "1.根基；2.一肘，约 18-22 寸，即 45-56 公分"
        },
        "14": {
            "sn": "06242",
            "brief": "数目的「二十」"
        },
        "16": {
            "sn": "02091",
            "brief": "金"
        },
        "18": {
            "sn": "03603",
            "brief": "圆形物、圆形区域、他连得"
        },
        "19": {
            "sn": "08337",
            "brief": "数目的「六」"
        },
        "20": {
            "sn": "03967",
            "brief": "数目的「一百」"
        },
        "15": {
            "sn": "02645",
            "brief": "覆盖"
        }
    },
    "4": {
        "literal": "大殿都贴上松木板，他把它贴上好金子，在它上面刻上棕树和炼子；",
        "0": {
            "sn": "00853",
            "brief": "不必翻译"
        },
        "1": {
            "sn": "01004",
            "brief": "殿、家、房子"
        },
        "2": {
            "sn": "01419",
            "brief": "大的、伟大的"
        },
        "4": {
            "sn": "06086",
            "brief": "木头、树"
        },
        "5": {
            "sn": "01265",
            "brief": "松树"
        },
        "7": {
            "sn": "02091",
            "brief": "金"
        },
        "9": {
            "sn": "05927",
            "brief": "上去、升高、生长、献上"
        },
        "10": {
            "sn": "05921",
            "brief": "在…上面"
        },
        "11": {
            "sn": "08561",
            "brief": "装饰用棕榈树"
        },
        "12": {
            "sn": "08333",
            "brief": "炼子"
        },
        "8": {
            "sn": "02896",
            "brief": "名词：良善、美好、福乐；形容词：良善的、美好的"
        },
        "3": {
            "sn": "02645",
            "brief": "覆盖"
        },
        "6": {
            "sn": "02645",
            "brief": "覆盖"
        }
    },
    "11": {
        "literal": "一个基路伯的(一个)翅膀五肘，挨着殿的墙；另一个翅膀也五肘，与另一个基路伯的翅膀相接。",
        "0": {
            "sn": "03671",
            "brief": "边缘、角 (衣服的)、翅膀"
        },
        "1": {
            "sn": "03742",
            "brief": "基路伯"
        },
        "2": {
            "sn": "00259",
            "brief": "数目的「一」"
        },
        "3": {
            "sn": "00520",
            "brief": "1.根基；2.一肘，约 18-22 寸，即 45-56 公分"
        },
        "4": {
            "sn": "02568",
            "brief": "数目的「五」"
        },
        "5": {
            "sn": "05060",
            "brief": "触撞、触及"
        },
        "6": {
            "sn": "07023",
            "brief": "墙"
        },
        "7": {
            "sn": "01004",
            "brief": "殿、家、房子"
        },
        "8": {
            "sn": "03671",
            "brief": "边缘、角 (衣服的)、翅膀"
        },
        "9": {
            "sn": "00312",
            "brief": "别的"
        },
        "10": {
            "sn": "00520",
            "brief": "1.根基；2.一肘，约 18-22 寸，即 45-56 公分"
        },
        "11": {
            "sn": "02568",
            "brief": "数目的「五」"
        },
        "12": {
            "sn": "01695",
            "brief": "贴近、黏着"
        },
        "13": {
            "sn": "03671",
            "brief": "边缘、角 (衣服的)、翅膀"
        },
        "14": {
            "sn": "03742",
            "brief": "基路伯"
        },
        "15": {
            "sn": "00312",
            "brief": "别的"
        }
    },
    "0": {
        "11": {
            "sn": "01732",
            "brief": "大卫"
        },
        "10": {
            "sn": "07200",
            "brief": "Qal 看见、看顾、察觉，Nif‘al 显现，Hif‘il 显明"
        },
        "literal": "所罗门就…开工建造雅威的殿。(…处填入下四行)在耶路撒冷，…摩利亚山上，(…处填入下行)显现给他父亲大卫的…大卫所预备的地方(…处填入下行)在耶布斯人阿珥楠的禾场",
        "1": {
            "sn": "08010",
            "brief": "所罗门"
        },
        "2": {
            "sn": "01129",
            "brief": "建造"
        },
        "3": {
            "sn": "00853",
            "brief": "不必翻译"
        },
        "4": {
            "sn": "01004",
            "brief": "家、房子、殿"
        },
        "5": {
            "sn": "03068",
            "brief": "上帝的名字「雅威」，犹太人尊称为「上主」"
        },
        "6": {
            "sn": "03389",
            "brief": "耶路撒冷"
        },
        "7": {
            "sn": "02022",
            "brief": "山"
        },
        "8": {
            "sn": "04179",
            "brief": "摩利亚"
        },
        "9": {
            "sn": "00834",
            "brief": "不必翻译"
        },
        "0": {
            "sn": "02490",
            "brief": "I. Qal 刺杀、伤害；II. Pi‘el 吹笛子；III. Pi‘el 亵渎、污辱、玷污、俗化，Hif‘il 亵渎、开始"
        },
        "12": {
            "sn": "00001",
            "brief": "父亲、祖先"
        },
        "13": {
            "sn": "00834",
            "brief": "不必翻译"
        },
        "15": {
            "sn": "04725",
            "brief": "地方"
        },
        "16": {
            "sn": "01732",
            "brief": "大卫"
        },
        "17": {
            "sn": "01637",
            "brief": "打谷场"
        },
        "18": {
            "sn": "00771",
            "brief": "阿珥楠"
        },
        "19": {
            "sn": "02983",
            "brief": "耶布斯人"
        },
        "14": {
            "sn": "03559",
            "brief": "Hif‘il 预备、建立、坚立"
        }
    },
    "13": {
        "0": {
            "sn": "06213",
            "brief": "做"
        },
        "literal": "又…织幔子，(…处填入下行)用蓝色、紫色、朱红色线和细麻在其上绣上基路伯。",
        "2": {
            "sn": "06532",
            "brief": "布幕、罩纱"
        },
        "1": {
            "sn": "00853",
            "brief": "不必翻译"
        },
        "3": {
            "sn": "08504",
            "brief": "蓝紫色"
        },
        "4": {
            "sn": "00713",
            "brief": "紫红色"
        },
        "5": {
            "sn": "03758",
            "brief": "朱红色"
        },
        "6": {
            "sn": "00948",
            "brief": "亚麻布"
        },
        "7": {
            "sn": "05927",
            "brief": "上去、升高、生长、献上"
        },
        "8": {
            "sn": "05921",
            "brief": "在…上面"
        },
        "9": {
            "sn": "03742",
            "brief": "基路伯"
        },
        "10": {
            "sn": "09014",
            "brief": "关闭的意思"
        }
    },
    "5": {
        "0": {
            "sn": "06823",
            "brief": "覆盖、镀"
        },
        "literal": "又…用宝贵的石头覆盖殿墙；(…处填入下行)为了华美金子都是巴瓦音的金子。",
        "1": {
            "sn": "00853",
            "brief": "不必翻译"
        },
        "2": {
            "sn": "01004",
            "brief": "殿、家、房子"
        },
        "3": {
            "sn": "00068",
            "brief": "石头、法码、宝石"
        },
        "4": {
            "sn": "03368",
            "brief": "宝贵的、有价值的"
        },
        "5": {
            "sn": "08597",
            "brief": "茂盛、尊荣、华美"
        },
        "6": {
            "sn": "02091",
            "brief": "金"
        },
        "7": {
            "sn": "02091",
            "brief": "金"
        },
        "8": {
            "sn": "06516",
            "brief": "巴瓦音"
        }
    },
    "6": {
        "8": {
            "sn": "06605",
            "brief": "打开、松开、雕刻"
        },
        "literal": "又用…贴殿和栋梁、(…处填入下下行)门槛、和它的墙壁、和它的门扇，金子墙上雕刻基路伯。",
        "1": {
            "sn": "00853",
            "brief": "不必翻译"
        },
        "2": {
            "sn": "01004",
            "brief": "殿、家、房子"
        },
        "3": {
            "sn": "06982",
            "brief": "梁、椼"
        },
        "4": {
            "sn": "05592",
            "brief": "门槛、盆、碗、基石"
        },
        "5": {
            "sn": "07023",
            "brief": "墙"
        },
        "6": {
            "sn": "01817",
            "brief": "门户、城门"
        },
        "7": {
            "sn": "02091",
            "brief": "金"
        },
        "9": {
            "sn": "03742",
            "brief": "基路伯"
        },
        "10": {
            "sn": "05921",
            "brief": "在…上面"
        },
        "11": {
            "sn": "07023",
            "brief": "墙"
        },
        "12": {
            "sn": "09014",
            "brief": "关闭的意思"
        },
        "0": {
            "sn": "02645",
            "brief": "覆盖"
        }
    },
    "8": {
        "6": {
            "sn": "02645",
            "brief": "覆盖"
        },
        "literal": "钉子重五十舍客勒，是金的，楼房都贴上金子。",
        "0": {
            "sn": "04948",
            "brief": "重量"
        },
        "1": {
            "sn": "04548",
            "brief": "钉子"
        },
        "2": {
            "sn": "08255",
            "brief": "舍客勒、度量衡主要单位，约 10-13公克。"
        },
        "3": {
            "sn": "02572",
            "brief": "数目的「五十」"
        },
        "4": {
            "sn": "02091",
            "brief": "金"
        },
        "5": {
            "sn": "05944",
            "brief": "楼房、顶楼"
        },
        "7": {
            "sn": "02091",
            "brief": "金"
        }
    },
    "16": {
        "0": {
            "sn": "06965",
            "brief": "起来、设立、坚立"
        },
        "literal": "他将两根柱子立在殿前，一根在右边，一根在左边；叫南边(那根)的名字为「雅斤」，北边(那根)的名字为「波阿斯」。",
        "1": {
            "sn": "00853",
            "brief": "不必翻译"
        },
        "2": {
            "sn": "05982",
            "brief": "柱"
        },
        "3": {
            "sn": "05921",
            "brief": "在…上面"
        },
        "4": {
            "sn": "06440",
            "brief": "脸、脸面"
        },
        "5": {
            "sn": "01964",
            "brief": "圣殿、宫殿"
        },
        "6": {
            "sn": "00259",
            "brief": "数目的「一」"
        },
        "7": {
            "sn": "03225",
            "brief": "右手、右边、南方"
        },
        "8": {
            "sn": "00259",
            "brief": "数目的「一」"
        },
        "9": {
            "sn": "08042",
            "brief": "左边"
        },
        "10": {
            "sn": "07121",
            "brief": "喊叫、召集、称呼、求告、朗读"
        },
        "11": {
            "sn": "08034",
            "brief": "名字"
        },
        "12": {
            "sn": "03233",
            "brief": "右边的"
        },
        "13": {
            "sn": "03199",
            "brief": "雅斤"
        },
        "14": {
            "sn": "08034",
            "brief": "名字"
        },
        "15": {
            "sn": "08040",
            "brief": "北边、左边、左手"
        },
        "16": {
            "sn": "01162",
            "brief": "波阿斯"
        },
        "17": {
            "sn": "09014",
            "brief": "关闭的意思"
        }
    },
    "10": {
        "16": {
            "sn": "05060",
            "brief": "触撞、触及"
        },
        "literal": "两个基路伯的翅膀，它们的长二十肘。一个(基路伯)的(一个)翅膀五肘，挨着殿的墙；另一个翅膀也五肘，他(用阳性)与另一个基路伯的翅膀相接。",
        "0": {
            "sn": "03671",
            "brief": "边缘、角 (衣服的)、翅膀"
        },
        "1": {
            "sn": "03742",
            "brief": "基路伯"
        },
        "2": {
            "sn": "00753",
            "brief": "长"
        },
        "3": {
            "sn": "00520",
            "brief": "1.根基；2.一肘，约 18-22 寸，即 45-56 公分"
        },
        "4": {
            "sn": "06242",
            "brief": "数目的「二十」"
        },
        "5": {
            "sn": "03671",
            "brief": "边缘、角 (衣服的)、翅膀"
        },
        "6": {
            "sn": "00259",
            "brief": "数目的「一」"
        },
        "7": {
            "sn": "00520",
            "brief": "1.根基；2.一肘，约 18-22 寸，即 45-56 公分"
        },
        "8": {
            "sn": "02568",
            "brief": "数目的「五」"
        },
        "10": {
            "sn": "07023",
            "brief": "墙"
        },
        "11": {
            "sn": "01004",
            "brief": "殿、家、房子"
        },
        "12": {
            "sn": "03671",
            "brief": "边缘、角 (衣服的)、翅膀"
        },
        "13": {
            "sn": "00312",
            "brief": "别的"
        },
        "14": {
            "sn": "00520",
            "brief": "1.根基；2.一肘，约 18-22 寸，即 45-56 公分"
        },
        "15": {
            "sn": "02568",
            "brief": "数目的「五」"
        },
        "17": {
            "sn": "03671",
            "brief": "边缘、角 (衣服的)、翅膀"
        },
        "18": {
            "sn": "03742",
            "brief": "基路伯"
        },
        "19": {
            "sn": "00312",
            "brief": "别的"
        },
        "9": {
            "sn": "05060",
            "brief": "触撞、触及"
        }
    },
    "14": {
        "literal": "他在殿前造了两根柱子，长三十五肘；它顶上的柱头，五肘。",
        "0": {
            "sn": "06213",
            "brief": "做"
        },
        "1": {
            "sn": "03942",
            "brief": "在…之前"
        },
        "2": {
            "sn": "01004",
            "brief": "殿、家、房子"
        },
        "3": {
            "sn": "05982",
            "brief": "柱"
        },
        "4": {
            "sn": "08147",
            "brief": "数目的「二」"
        },
        "5": {
            "sn": "00520",
            "brief": "1.根基；2.一肘，约 18-22 寸，即 45-56 公分"
        },
        "6": {
            "sn": "07970",
            "brief": "数目的「三十」"
        },
        "7": {
            "sn": "02568",
            "brief": "数目的「五」"
        },
        "8": {
            "sn": "00753",
            "brief": "长"
        },
        "9": {
            "sn": "06858",
            "brief": "柱头"
        },
        "10": {
            "sn": "00834",
            "brief": "不必翻译"
        },
        "11": {
            "sn": "05921",
            "brief": "在…上面"
        },
        "12": {
            "sn": "07218",
            "brief": "头、起头、山顶、领袖"
        },
        "13": {
            "sn": "00520",
            "brief": "1.根基；2.一肘，约 18-22 寸，即 45-56 公分"
        },
        "14": {
            "sn": "02568",
            "brief": "数目的「五」"
        },
        "15": {
            "sn": "09014",
            "brief": "关闭的意思"
        }
    },
    "15": {
        "7": {
            "sn": "06213",
            "brief": "做"
        },
        "8": {
            "sn": "07416",
            "brief": "石榴、石榴树"
        },
        "9": {
            "sn": "03967",
            "brief": "数目的「一百」"
        },
        "literal": "又做内殿的炼子，安在柱顶上；又做一百个石榴，安在炼子上。",
        "0": {
            "sn": "06213",
            "brief": "做"
        },
        "1": {
            "sn": "08333",
            "brief": "炼子"
        },
        "2": {
            "sn": "01687",
            "brief": "内殿、至圣所"
        },
        "3": {
            "sn": "05414",
            "brief": "交给、递出"
        },
        "4": {
            "sn": "05921",
            "brief": "在…上面"
        },
        "5": {
            "sn": "07218",
            "brief": "头、起头、山顶、领袖"
        },
        "6": {
            "sn": "05982",
            "brief": "柱"
        },
        "10": {
            "sn": "05414",
            "brief": "交给、递、出放、安放"
        },
        "11": {
            "sn": "08333",
            "brief": "炼子"
        }
    },
    "1": {
        "literal": "所罗门…二月初二开工建造。(…处填入下行)在他国度的第四年",
        "0": {
            "sn": "02490",
            "brief": "I. Qal 刺杀、伤害；II. Pi‘el 吹笛子；III. Pi‘el 亵渎、污辱、玷污、俗化，Hif‘il 亵渎、开始"
        },
        "1": {
            "sn": "01129",
            "brief": "建造"
        },
        "2": {
            "sn": "02320",
            "brief": "新月、初一"
        },
        "3": {
            "sn": "08145",
            "brief": "序数的「第二」"
        },
        "4": {
            "sn": "08145",
            "brief": "序数的「第二」"
        },
        "5": {
            "sn": "08141",
            "brief": "年"
        },
        "6": {
            "sn": "00702",
            "brief": "数目的「四」"
        },
        "7": {
            "sn": "04438",
            "brief": "国度"
        }
    },
    "9": {
        "8": {
            "sn": "06823",
            "brief": "覆盖、镀"
        },
        "literal": "他在至圣所…造了两个基路伯，(…处填入下行)以雕刻的手艺把它们包上金子：",
        "0": {
            "sn": "06213",
            "brief": "做"
        },
        "1": {
            "sn": "01004",
            "brief": "殿、家、房子"
        },
        "2": {
            "sn": "06944",
            "brief": "圣所、圣物、神圣"
        },
        "3": {
            "sn": "06944",
            "brief": "圣所、圣物、神圣"
        },
        "4": {
            "sn": "03742",
            "brief": "基路伯"
        },
        "5": {
            "sn": "08147",
            "brief": "数目的「二」"
        },
        "6": {
            "sn": "04639",
            "brief": "工作、作为"
        },
        "7": {
            "sn": "06816",
            "brief": "形像、影像、雕刻出的图像"
        },
        "9": {
            "sn": "00853",
            "brief": "不必翻译"
        },
        "10": {
            "sn": "02091",
            "brief": "金"
        }
    },
    "3": {
        "16": {
            "sn": "02091",
            "brief": "金"
        },
        "literal": "前面的走廊长度沿着殿的宽度二十肘，高一百二十，他把它里面贴上纯金。",
        "0": {
            "sn": "00197",
            "brief": "走廊"
        },
        "1": {
            "sn": "00834",
            "brief": "不必翻译"
        },
        "2": {
            "sn": "05921",
            "brief": "在…上面"
        },
        "3": {
            "sn": "06440",
            "brief": "脸、脸面"
        },
        "4": {
            "sn": "00753",
            "brief": "长"
        },
        "5": {
            "sn": "05921",
            "brief": "在…上面"
        },
        "6": {
            "sn": "06440",
            "brief": "脸、脸面"
        },
        "7": {
            "sn": "07341",
            "brief": "宽度、幅度、广阔区域"
        },
        "8": {
            "sn": "01004",
            "brief": "殿、家、房子"
        },
        "9": {
            "sn": "00520",
            "brief": "1.根基；2.一肘，约 18-22 寸，即 45-56 公分"
        },
        "10": {
            "sn": "06242",
            "brief": "数目的「二十」"
        },
        "11": {
            "sn": "01363",
            "brief": "高、宏伟、傲慢"
        },
        "12": {
            "sn": "03967",
            "brief": "数目的「一百」"
        },
        "13": {
            "sn": "06242",
            "brief": "数目的「二十」"
        },
        "15": {
            "sn": "06441",
            "brief": "朝向内、在…之中"
        },
        "17": {
            "sn": "02889",
            "brief": "纯正的、洁净的"
        },
        "14": {
            "sn": "06823",
            "brief": "覆盖、镀"
        }
    },
    "12": {
        "2": {
            "sn": "00428",
            "brief": "这些"
        },
        "literal": "这些基路伯的翅膀张开，二十肘，他们用他们的脚站立，他们的脸向着殿。",
        "0": {
            "sn": "03671",
            "brief": "边缘、角 (衣服的)、翅膀"
        },
        "1": {
            "sn": "03742",
            "brief": "基路伯"
        },
        "3": {
            "sn": "06566",
            "brief": "撒开、铺在...上面"
        },
        "4": {
            "sn": "00520",
            "brief": "1.根基；2.一肘，约 18-22 寸，即 45-56 公分"
        },
        "5": {
            "sn": "06242",
            "brief": "数目的「二十」"
        },
        "6": {
            "sn": "01992",
            "brief": "他们、它们"
        },
        "8": {
            "sn": "05921",
            "brief": "在…上面"
        },
        "9": {
            "sn": "07272",
            "brief": "脚"
        },
        "10": {
            "sn": "06440",
            "brief": "脸、脸面"
        },
        "11": {
            "sn": "01004",
            "brief": "殿、家、房子"
        },
        "12": {
            "sn": "09014",
            "brief": "关闭的意思"
        },
        "7": {
            "sn": "05975",
            "brief": "Qal 站立、侍立、停留，Hif‘il 设立、使坚定"
        }
    },
    "2": {
        "literal": "这些是所罗门…所立的根基：(…处填入下行)建筑上帝的殿…都按着古时的尺寸；(…处填入下行)长六十肘，宽二十肘，",
        "0": {
            "sn": "00428",
            "brief": "这些"
        },
        "2": {
            "sn": "08010",
            "brief": "所罗门"
        },
        "3": {
            "sn": "01129",
            "brief": "建造"
        },
        "4": {
            "sn": "00853",
            "brief": "不必翻译"
        },
        "5": {
            "sn": "01004",
            "brief": "殿、家、房子"
        },
        "6": {
            "sn": "00430",
            "brief": "上帝、神、神明"
        },
        "7": {
            "sn": "00753",
            "brief": "长"
        },
        "8": {
            "sn": "00520",
            "brief": "1.根基；2.一肘，约 18-22 寸，即 45-56 公分"
        },
        "9": {
            "sn": "04060",
            "brief": "范围、身量、大小"
        },
        "10": {
            "sn": "07223",
            "brief": "先前的、首先的"
        },
        "11": {
            "sn": "00520",
            "brief": "1.根基；2.一肘，约 18-22 寸，即 45-56 公分"
        },
        "12": {
            "sn": "08346",
            "brief": "数目的「六十」"
        },
        "13": {
            "sn": "07341",
            "brief": "宽度、幅度、广阔区域"
        },
        "14": {
            "sn": "00520",
            "brief": "1.根基；2.一肘，约 18-22 寸，即 45-56 公分"
        },
        "15": {
            "sn": "06242",
            "brief": "数目的「二十」"
        },
        "1": {
            "sn": "03245",
            "brief": "立地基，Hof‘al 被建立"
        }
    }
}