{
    "14": {
        "8": {
            "sn": "09001",
            "brief": "给、往、向、到、归属于"
        },
        "17": {
            "sn": "00853",
            "brief": "不必翻译"
        },
        "literal": "雅威的怒气向亚玛谢发作，就差一个先知到他那里，对他说：「你为何寻求…这百姓的神明呢？」(…处填入下行)不能救自己百姓脱离你手的",
        "0": {
            "sn": "02734",
            "brief": "发怒、燃烧"
        },
        "1": {
            "sn": "00639",
            "brief": "鼻子、怒气"
        },
        "2": {
            "sn": "03068",
            "brief": "上帝的名字「雅威」，犹太人尊称为「上主」"
        },
        "3": {
            "sn": "00558",
            "brief": "亚玛谢"
        },
        "4": {
            "sn": "07971",
            "brief": "差遣、释放、送走、伸出、伸展"
        },
        "5": {
            "sn": "00413",
            "brief": "向、往"
        },
        "6": {
            "sn": "05030",
            "brief": "先知"
        },
        "7": {
            "sn": "00559",
            "brief": "说"
        },
        "9": {
            "sn": "04100",
            "brief": "什么"
        },
        "10": {
            "sn": "01875",
            "brief": "寻求、寻找"
        },
        "11": {
            "sn": "00853",
            "brief": "不必翻译"
        },
        "12": {
            "sn": "00430",
            "brief": "上帝、神、神明"
        },
        "13": {
            "sn": "05971",
            "brief": "百姓、国家"
        },
        "14": {
            "sn": "00834",
            "brief": "不必翻译"
        },
        "18": {
            "sn": "05971",
            "brief": "百姓、国家"
        },
        "19": {
            "sn": "03027",
            "brief": "手、边、力量、权势"
        },
        "15": {
            "sn": "03808",
            "brief": "不"
        },
        "16": {
            "sn": "05337",
            "brief": "Nif‘al 获救，Pi‘el 拯救、夺取，Hif‘il 营救、抓走"
        }
    },
    "8": {
        "18": {
            "sn": "09001",
            "brief": "给、往、向、到、归属于"
        },
        "literal": "亚玛谢对神人说：「…那一百他连得银子怎么办呢？」(…处填入下行)我给了以色列军队的神人说：「雅威有办法把比这更多的赐给你。」",
        "0": {
            "sn": "00559",
            "brief": "说"
        },
        "1": {
            "sn": "00558",
            "brief": "亚玛谢"
        },
        "2": {
            "sn": "00376",
            "brief": "各人、人、男人、丈夫"
        },
        "3": {
            "sn": "00430",
            "brief": "上帝、神、神明"
        },
        "4": {
            "sn": "04100",
            "brief": "什么"
        },
        "5": {
            "sn": "06213",
            "brief": "做"
        },
        "6": {
            "sn": "03967",
            "brief": "数目的「一百」"
        },
        "7": {
            "sn": "03603",
            "brief": "圆形物、圆形区域、他连得"
        },
        "8": {
            "sn": "00834",
            "brief": "不必翻译"
        },
        "9": {
            "sn": "05414",
            "brief": "给"
        },
        "10": {
            "sn": "01416",
            "brief": "一队、军队"
        },
        "11": {
            "sn": "03478",
            "brief": "以色列"
        },
        "12": {
            "sn": "00559",
            "brief": "说"
        },
        "13": {
            "sn": "00376",
            "brief": "各人、人、男人、丈夫"
        },
        "14": {
            "sn": "00430",
            "brief": "上帝、神、神明"
        },
        "15": {
            "sn": "03426",
            "brief": "有、存在、是"
        },
        "16": {
            "sn": "03068",
            "brief": "上帝的名字「雅威」，犹太人尊称为「上主」"
        },
        "17": {
            "sn": "05414",
            "brief": "给"
        },
        "19": {
            "sn": "07235",
            "brief": "变多、多"
        },
        "20": {
            "sn": "02088",
            "brief": "这个"
        }
    },
    "27": {
        "7": {
            "sn": "05892",
            "brief": "城邑、城镇"
        },
        "literal": "人就把他驮在马上，把他和他列祖一同葬在犹大的京城。",
        "1": {
            "sn": "05921",
            "brief": "在…上面"
        },
        "2": {
            "sn": "05483",
            "brief": "马"
        },
        "3": {
            "sn": "06912",
            "brief": "埋葬"
        },
        "4": {
            "sn": "00853",
            "brief": "不必翻译"
        },
        "5": {
            "sn": "05973",
            "brief": "跟"
        },
        "6": {
            "sn": "00001",
            "brief": "父亲、祖先"
        },
        "0": {
            "sn": "05375",
            "brief": "高举、举起、背负、承担"
        },
        "8": {
            "sn": "03063",
            "brief": "犹大"
        }
    },
    "12": {
        "9": {
            "sn": "05892",
            "brief": "城邑、城镇"
        },
        "15": {
            "sn": "05221",
            "brief": "Hif‘il 击打、击杀"
        },
        "literal": "但亚玛谢所打发回去，…那些军队(…处填入下行)不许跟他一同打仗的攻打犹大的城邑，从撒玛利亚直到伯・和仑，杀了他们三千人，又抢夺了许多战利品。",
        "0": {
            "sn": "01121",
            "brief": "儿子、孙子、后裔、成员"
        },
        "1": {
            "sn": "01416",
            "brief": "一队、军队"
        },
        "2": {
            "sn": "00834",
            "brief": "不必翻译"
        },
        "4": {
            "sn": "00558",
            "brief": "亚玛谢"
        },
        "5": {
            "sn": "01980",
            "brief": "来、去"
        },
        "6": {
            "sn": "05973",
            "brief": "跟、向"
        },
        "7": {
            "sn": "04421",
            "brief": "战争"
        },
        "8": {
            "sn": "06584",
            "brief": "劫掠、脱"
        },
        "10": {
            "sn": "03063",
            "brief": "犹大"
        },
        "11": {
            "sn": "08111",
            "brief": "撒玛利亚"
        },
        "12": {
            "sn": "05704",
            "brief": "直到、甚至"
        },
        "13": {
            "sn": "01032",
            "brief": "伯・和仑"
        },
        "14": {
            "sn": "01032",
            "brief": "伯・和仑"
        },
        "16": {
            "sn": "04480",
            "brief": "离、从、出"
        },
        "17": {
            "sn": "07969",
            "brief": "数目的「三」"
        },
        "18": {
            "sn": "00505",
            "brief": "许多、数目的「一千」"
        },
        "19": {
            "sn": "00962",
            "brief": "抢夺、掠夺"
        },
        "20": {
            "sn": "00961",
            "brief": "掠夺物、战利品"
        },
        "21": {
            "sn": "07227",
            "brief": "I. 形容词：大量的、许多的、充足的，II. 名词：统帅、首领。"
        },
        "22": {
            "sn": "09014",
            "brief": "关闭的意思"
        },
        "3": {
            "sn": "07725",
            "brief": "Qal 回复、回转、重复，Po‘lel 带回、复兴、更新，Hif‘il 回报、报告、带回"
        }
    },
    "18": {
        "5": {
            "sn": "05375",
            "brief": "高举、举起、背负、承担"
        },
        "7": {
            "sn": "03513",
            "brief": "Qal 是重的，Nif‘al 受尊重、得荣耀，Pi‘el 荣耀、加重、使迟钝，Hif‘il 加重"
        },
        "literal": "你说：『看哪，你打败了以东。』你的心就高傲，以为荣耀，现在，你在你的家安居吧，为何要惹祸，…呢？」(…处填入下行)使你和犹大跟你一起败亡",
        "0": {
            "sn": "00559",
            "brief": "说"
        },
        "1": {
            "sn": "02009",
            "brief": "看哪"
        },
        "3": {
            "sn": "00853",
            "brief": "不必翻译"
        },
        "4": {
            "sn": "00123",
            "brief": "以东"
        },
        "2": {
            "sn": "05221",
            "brief": "Hif‘il 击打、击杀"
        },
        "6": {
            "sn": "03820",
            "brief": "心"
        },
        "8": {
            "sn": "06258",
            "brief": "现在"
        },
        "9": {
            "sn": "03427",
            "brief": "居住、坐、停留"
        },
        "10": {
            "sn": "01004",
            "brief": "殿、房子、家"
        },
        "11": {
            "sn": "04100",
            "brief": "什么"
        },
        "13": {
            "sn": "07451",
            "brief": "邪恶、灾难"
        },
        "14": {
            "sn": "05307",
            "brief": "跌落、跌倒、使签落在..."
        },
        "15": {
            "sn": "00859",
            "brief": "你"
        },
        "12": {
            "sn": "01624",
            "brief": "抗争"
        },
        "16": {
            "sn": "03063",
            "brief": "犹大"
        },
        "17": {
            "sn": "05973",
            "brief": "跟、向"
        }
    },
    "25": {
        "5": {
            "sn": "03808",
            "brief": "不"
        },
        "literal": "亚玛谢其余的事，看哪，它们自始至终不是被写在…吗？(…处填入下行)《犹大和以色列诸王记》的书上",
        "0": {
            "sn": "03499",
            "brief": "I. 1. 名词：剩下，2. 副词：优秀、丰富，II. 绳、弦"
        },
        "1": {
            "sn": "01697",
            "brief": "话语、事情"
        },
        "2": {
            "sn": "00558",
            "brief": "亚玛谢"
        },
        "3": {
            "sn": "07223",
            "brief": "首先的、先前的"
        },
        "4": {
            "sn": "00314",
            "brief": "末后的、后面的"
        },
        "6": {
            "sn": "02009",
            "brief": "看哪"
        },
        "7": {
            "sn": "03789",
            "brief": "写"
        },
        "8": {
            "sn": "05921",
            "brief": "在…上面"
        },
        "9": {
            "sn": "05612",
            "brief": "着作、书卷"
        },
        "10": {
            "sn": "04428",
            "brief": "君王"
        },
        "11": {
            "sn": "03063",
            "brief": "犹大"
        },
        "12": {
            "sn": "03478",
            "brief": "以色列"
        }
    },
    "15": {
        "literal": "他(指先知)与他(指王)说话的时候，他(指王)对他(指先知)说：「我们立你作王的谋士了吗？你停住吧，何必让人打你呢？」先知就止住了，却说：「我知道上帝定意要灭你，因你行这事，不听从我的劝戒。」",
        "15": {
            "sn": "03045",
            "brief": "Qal 知道、认识、辨别、经历，Hif‘il 使知道、宣告"
        },
        "23": {
            "sn": "03808",
            "brief": "不"
        },
        "19": {
            "sn": "07843",
            "brief": "破坏、毁坏"
        },
        "16": {
            "sn": "03588",
            "brief": "因为、不必翻译"
        },
        "17": {
            "sn": "03289",
            "brief": "谘询、劝告"
        },
        "18": {
            "sn": "00430",
            "brief": "上帝、神、神明"
        },
        "20": {
            "sn": "03588",
            "brief": "因为、不必翻译"
        },
        "21": {
            "sn": "06213",
            "brief": "做"
        },
        "22": {
            "sn": "02063",
            "brief": "这个"
        },
        "24": {
            "sn": "08085",
            "brief": "听、听从"
        },
        "25": {
            "sn": "06098",
            "brief": "谋略、谘商、劝告"
        },
        "26": {
            "sn": "09015",
            "brief": "开的意思"
        },
        "0": {
            "sn": "01961",
            "brief": "作、是、成为、临到"
        },
        "2": {
            "sn": "00413",
            "brief": "向、往"
        },
        "3": {
            "sn": "00559",
            "brief": "说"
        },
        "4": {
            "sn": "09001",
            "brief": "给、往、向、到、归属于"
        },
        "5": {
            "sn": "03289",
            "brief": "谘询、劝告"
        },
        "6": {
            "sn": "04428",
            "brief": "君王"
        },
        "7": {
            "sn": "05414",
            "brief": "给"
        },
        "8": {
            "sn": "02308",
            "brief": "停止、结束"
        },
        "9": {
            "sn": "09001",
            "brief": "给、往、向、到、归属于"
        },
        "10": {
            "sn": "04100",
            "brief": "什么"
        },
        "12": {
            "sn": "02308",
            "brief": "停止、结束"
        },
        "13": {
            "sn": "05030",
            "brief": "先知"
        },
        "14": {
            "sn": "00559",
            "brief": "说"
        },
        "1": {
            "sn": "01696",
            "brief": "Pi‘el 讲、说、指挥"
        },
        "11": {
            "sn": "05221",
            "brief": "Hif‘il 击打、击杀"
        }
    },
    "11": {
        "13": {
            "sn": "01234",
            "brief": "裂开、分开、打通"
        },
        "literal": "犹大人又生擒了一万人，把他们带到山崖顶上，从山崖顶上把他们推下去，以致他们全都被摔碎了。",
        "9": {
            "sn": "07993",
            "brief": "Hif‘il 抛弃、抛出、赶出、掷"
        },
        "0": {
            "sn": "06235",
            "brief": "数目的「十」"
        },
        "1": {
            "sn": "00505",
            "brief": "许多、数目的「一千」"
        },
        "2": {
            "sn": "02416",
            "brief": "生命、活着"
        },
        "3": {
            "sn": "07617",
            "brief": "掳掠、俘虏"
        },
        "4": {
            "sn": "01121",
            "brief": "儿子、孙子、后裔、成员"
        },
        "5": {
            "sn": "03063",
            "brief": "犹大"
        },
        "7": {
            "sn": "07218",
            "brief": "头、起头、山顶、领袖"
        },
        "8": {
            "sn": "05553",
            "brief": "险崖、峭壁、磐石"
        },
        "10": {
            "sn": "07218",
            "brief": "头、起头、山顶、领袖"
        },
        "11": {
            "sn": "05553",
            "brief": "险崖、峭壁、磐石"
        },
        "12": {
            "sn": "03605",
            "brief": "全部、整个、各"
        },
        "6": {
            "sn": "00935",
            "brief": "来、进入、临到、发生"
        },
        "14": {
            "sn": "09014",
            "brief": "关闭的意思"
        }
    },
    "9": {
        "literal": "于是亚玛谢将那从以法莲来到他那里的军兵分别出来，叫他们回到他们自己的地方。(故此，)他们甚恼怒犹大(人)，气愤愤地回他们自己的地方去了。",
        "13": {
            "sn": "07725",
            "brief": "Qal 回复、回转、重复，Po‘lel 带回、复兴、更新，Hif‘il 回报、报告、带回"
        },
        "1": {
            "sn": "00558",
            "brief": "亚玛谢"
        },
        "2": {
            "sn": "01416",
            "brief": "一队、军队"
        },
        "3": {
            "sn": "00834",
            "brief": "不必翻译"
        },
        "4": {
            "sn": "00935",
            "brief": "来、进入、临到、发生"
        },
        "5": {
            "sn": "00413",
            "brief": "向、往"
        },
        "6": {
            "sn": "00669",
            "brief": "以法莲"
        },
        "7": {
            "sn": "01980",
            "brief": "来、去"
        },
        "8": {
            "sn": "04725",
            "brief": "地方"
        },
        "9": {
            "sn": "02734",
            "brief": "发怒、燃烧"
        },
        "10": {
            "sn": "00639",
            "brief": "鼻子、怒气"
        },
        "11": {
            "sn": "03966",
            "brief": "极其、非常"
        },
        "12": {
            "sn": "03063",
            "brief": "犹大"
        },
        "14": {
            "sn": "04725",
            "brief": "地方"
        },
        "15": {
            "sn": "02750",
            "brief": "烈怒"
        },
        "16": {
            "sn": "00639",
            "brief": "鼻子、怒气"
        },
        "17": {
            "sn": "09015",
            "brief": "开的意思"
        },
        "0": {
            "sn": "00914",
            "brief": "隔绝、分开、分别"
        }
    },
    "4": {
        "19": {
            "sn": "04672",
            "brief": "寻找、追上、获得、发现"
        },
        "14": {
            "sn": "06485",
            "brief": "访问、眷顾、惩罚、派定、计算、缺少"
        },
        "15": {
            "sn": "01121",
            "brief": "儿子、孙子、后裔、成员"
        },
        "16": {
            "sn": "06242",
            "brief": "数目的「二十」"
        },
        "17": {
            "sn": "08141",
            "brief": "年"
        },
        "18": {
            "sn": "04605",
            "brief": "上面"
        },
        "20": {
            "sn": "07969",
            "brief": "数目的「三」"
        },
        "21": {
            "sn": "03967",
            "brief": "数目的「一百」"
        },
        "22": {
            "sn": "00505",
            "brief": "许多、数目的「一千」"
        },
        "23": {
            "sn": "00977",
            "brief": "选择、拣选、挑选"
        },
        "24": {
            "sn": "03318",
            "brief": "带出、从....带出来"
        },
        "25": {
            "sn": "06635",
            "brief": "军队、战争、服役"
        },
        "27": {
            "sn": "07420",
            "brief": "枪"
        },
        "28": {
            "sn": "06793",
            "brief": "小圆盾、盾牌、钩子"
        },
        "26": {
            "sn": "00270",
            "brief": "抓住、抓紧，Hof‘al 牢系于"
        },
        "literal": "亚玛谢招聚犹大(人)，按着宗族，设立他们…作千夫长、百夫长；(…处填入下行)在全犹大和便雅悯又数点他们，二十岁以上，…共找到三十万；(…处填入下行)能拿枪和盾牌出去打仗的精兵",
        "4": {
            "sn": "05975",
            "brief": "Qal 站立、侍立、停留，Hif‘il 设立、使坚定"
        },
        "0": {
            "sn": "06908",
            "brief": "聚集"
        },
        "1": {
            "sn": "00558",
            "brief": "亚玛谢"
        },
        "2": {
            "sn": "00853",
            "brief": "不必翻译"
        },
        "3": {
            "sn": "03063",
            "brief": "犹大"
        },
        "5": {
            "sn": "01004",
            "brief": "殿、房子、家"
        },
        "6": {
            "sn": "00001",
            "brief": "父亲、祖先"
        },
        "7": {
            "sn": "08269",
            "brief": "领袖"
        },
        "8": {
            "sn": "00505",
            "brief": "许多、数目的「一千」"
        },
        "9": {
            "sn": "08269",
            "brief": "领袖"
        },
        "10": {
            "sn": "03967",
            "brief": "数目的「一百」"
        },
        "11": {
            "sn": "03605",
            "brief": "全部、整个、各"
        },
        "12": {
            "sn": "03063",
            "brief": "犹大"
        },
        "13": {
            "sn": "01144",
            "brief": "便雅悯"
        }
    },
    "21": {
        "literal": "犹大在以色列面前被击败，他们各自逃回自己的帐棚去了。",
        "0": {
            "sn": "05062",
            "brief": "击打"
        },
        "1": {
            "sn": "03063",
            "brief": "犹大"
        },
        "2": {
            "sn": "03942",
            "brief": "在…面前"
        },
        "3": {
            "sn": "03478",
            "brief": "以色列"
        },
        "4": {
            "sn": "05127",
            "brief": "飞去、逃跑"
        },
        "5": {
            "sn": "00376",
            "brief": "各人、人、男人、丈夫"
        },
        "6": {
            "sn": "00168",
            "brief": "帐棚、帐蓬"
        }
    },
    "7": {
        "7": {
            "sn": "03782",
            "brief": "跌倒"
        },
        "16": {
            "sn": "03782",
            "brief": "跌倒"
        },
        "literal": "若不然，你就去，奋勇争战吧！但上帝必使你败在敌人面前，因为上帝有能力助人，也能使人倾败。」",
        "0": {
            "sn": "03588",
            "brief": "因为、不必翻译"
        },
        "1": {
            "sn": "00518",
            "brief": "如果"
        },
        "2": {
            "sn": "00935",
            "brief": "来、进入、临到、发生"
        },
        "3": {
            "sn": "00859",
            "brief": "你"
        },
        "4": {
            "sn": "06213",
            "brief": "做"
        },
        "5": {
            "sn": "02388",
            "brief": "加强、支持、抓住、系紧、强壮、勇敢"
        },
        "6": {
            "sn": "04421",
            "brief": "战争"
        },
        "8": {
            "sn": "00430",
            "brief": "上帝、神、神明"
        },
        "9": {
            "sn": "03942",
            "brief": "在…面前"
        },
        "10": {
            "sn": "00341",
            "brief": "敌人、对头"
        },
        "11": {
            "sn": "03588",
            "brief": "因为、不必翻译"
        },
        "12": {
            "sn": "03426",
            "brief": "有、存在、是"
        },
        "13": {
            "sn": "03581",
            "brief": "力气、力量"
        },
        "14": {
            "sn": "00430",
            "brief": "上帝、神、神明"
        },
        "15": {
            "sn": "05826",
            "brief": "帮助"
        }
    },
    "13": {
        "14": {
            "sn": "00430",
            "brief": "上帝、神、神明"
        },
        "15": {
            "sn": "03942",
            "brief": "在…面前"
        },
        "17": {
            "sn": "09001",
            "brief": "给、往、向、到、归属于"
        },
        "16": {
            "sn": "09013",
            "brief": "跪拜、下拜"
        },
        "4": {
            "sn": "05221",
            "brief": "Hif‘il 击打、击杀"
        },
        "literal": "亚玛谢杀了以东人回来之后，他把西珥的神明带回，立它们为自己的神明，要在它们面前叩拜，向它们烧香。",
        "0": {
            "sn": "01961",
            "brief": "作、是、成为、临到"
        },
        "1": {
            "sn": "00310",
            "brief": "后面、跟着"
        },
        "2": {
            "sn": "00935",
            "brief": "来、进入、临到、发生"
        },
        "3": {
            "sn": "00558",
            "brief": "亚玛谢"
        },
        "5": {
            "sn": "00853",
            "brief": "不必翻译"
        },
        "6": {
            "sn": "00130",
            "brief": "以东人"
        },
        "8": {
            "sn": "00853",
            "brief": "不必翻译"
        },
        "9": {
            "sn": "00430",
            "brief": "上帝、神、神明"
        },
        "10": {
            "sn": "01121",
            "brief": "儿子、孙子、后裔、成员"
        },
        "11": {
            "sn": "08165",
            "brief": "西珥"
        },
        "13": {
            "sn": "09001",
            "brief": "给、往、向、到、归属于"
        },
        "18": {
            "sn": "06999",
            "brief": "烧香、薰"
        },
        "7": {
            "sn": "00935",
            "brief": "来、进入、临到、发生"
        },
        "12": {
            "sn": "05975",
            "brief": "Qal 站立、侍立、停留，Hif‘il 设立、使坚定"
        }
    },
    "16": {
        "15": {
            "sn": "07200",
            "brief": "Qal 看见、看顾、察觉，Nif‘al 显现，Hif‘il 显明"
        },
        "literal": "犹大王亚玛谢与人商议，就差人到…约阿施那里，(…处填入下行)耶户的孙子约哈斯的儿子以色列王说：「来，让我们彼此相见面(于战场)。」",
        "0": {
            "sn": "03289",
            "brief": "谘询、劝告"
        },
        "1": {
            "sn": "00558",
            "brief": "亚玛谢"
        },
        "2": {
            "sn": "04428",
            "brief": "君王"
        },
        "3": {
            "sn": "03063",
            "brief": "犹大"
        },
        "4": {
            "sn": "07971",
            "brief": "差遣、释放、送走、伸出、伸展"
        },
        "5": {
            "sn": "00413",
            "brief": "向、往"
        },
        "6": {
            "sn": "03101",
            "brief": "约阿施"
        },
        "7": {
            "sn": "01121",
            "brief": "儿子、孙子、后裔、成员"
        },
        "8": {
            "sn": "03059",
            "brief": "约哈斯"
        },
        "9": {
            "sn": "01121",
            "brief": "儿子、孙子、后裔、成员"
        },
        "10": {
            "sn": "03058",
            "brief": "耶户"
        },
        "11": {
            "sn": "04428",
            "brief": "君王"
        },
        "12": {
            "sn": "03478",
            "brief": "以色列"
        },
        "13": {
            "sn": "00559",
            "brief": "说"
        },
        "14": {
            "sn": "01980",
            "brief": "来、去"
        },
        "16": {
            "sn": "06440",
            "brief": "脸、脸面"
        }
    },
    "20": {
        "4": {
            "sn": "07200",
            "brief": "Qal 看见、看顾、察觉，Nif‘al 显现，Hif‘il 显明"
        },
        "6": {
            "sn": "01931",
            "brief": "他"
        },
        "5": {
            "sn": "06440",
            "brief": "脸、脸面"
        },
        "literal": "于是以色列王约阿施上来，他…与犹大王亚玛谢相见面(于战场)。(…处填入下行)在犹大的伯•示麦，",
        "0": {
            "sn": "05927",
            "brief": "上去、升高、生长、献上"
        },
        "1": {
            "sn": "03101",
            "brief": "约阿施"
        },
        "2": {
            "sn": "04428",
            "brief": "君王"
        },
        "3": {
            "sn": "03478",
            "brief": "以色列"
        },
        "7": {
            "sn": "00558",
            "brief": "亚玛谢"
        },
        "8": {
            "sn": "04428",
            "brief": "君王"
        },
        "9": {
            "sn": "03063",
            "brief": "犹大"
        },
        "10": {
            "sn": "01053",
            "brief": "伯•示麦"
        },
        "11": {
            "sn": "01053",
            "brief": "伯•示麦"
        },
        "12": {
            "sn": "00834",
            "brief": "不必翻译"
        },
        "13": {
            "sn": "03063",
            "brief": "犹大"
        }
    },
    "2": {
        "literal": "国度在他身上一坚定，他就把那击杀他父王的他的臣仆们杀了，",
        "8": {
            "sn": "05221",
            "brief": "Hif‘il 击打、击杀"
        },
        "0": {
            "sn": "01961",
            "brief": "作、是、成为、临到"
        },
        "1": {
            "sn": "00834",
            "brief": "不必翻译"
        },
        "2": {
            "sn": "02388",
            "brief": "加强、支持、抓住、系紧、强壮、勇敢"
        },
        "3": {
            "sn": "04467",
            "brief": "国度"
        },
        "4": {
            "sn": "05921",
            "brief": "在…上面、敌对"
        },
        "5": {
            "sn": "02026",
            "brief": "杀"
        },
        "6": {
            "sn": "00853",
            "brief": "不必翻译"
        },
        "7": {
            "sn": "05650",
            "brief": "仆人、奴隶"
        },
        "9": {
            "sn": "00853",
            "brief": "不必翻译"
        },
        "10": {
            "sn": "04428",
            "brief": "君王"
        },
        "11": {
            "sn": "00001",
            "brief": "父亲、祖先"
        }
    },
    "22": {
        "literal": "…犹大王亚玛谢，(…处填入下二行) …约哈斯(就是亚哈谢)的孙子，约阿施的儿子(…处填入下行) 以色列王约阿施在伯•示麦擒住将他带到耶路撒冷；又拆毁耶路撒冷的城墙，从以法莲门直到角门，共四百肘；",
        "0": {
            "sn": "00853",
            "brief": "不必翻译"
        },
        "1": {
            "sn": "00558",
            "brief": "亚玛谢"
        },
        "2": {
            "sn": "04428",
            "brief": "君王"
        },
        "3": {
            "sn": "03063",
            "brief": "犹大"
        },
        "4": {
            "sn": "01121",
            "brief": "儿子、孙子、后裔、成员"
        },
        "5": {
            "sn": "03101",
            "brief": "约阿施"
        },
        "6": {
            "sn": "01121",
            "brief": "儿子、孙子、后裔、成员"
        },
        "7": {
            "sn": "03059",
            "brief": "约哈斯"
        },
        "8": {
            "sn": "08610",
            "brief": "掌握、掳获、攻取、抢夺"
        },
        "9": {
            "sn": "03101",
            "brief": "约阿施"
        },
        "10": {
            "sn": "04428",
            "brief": "君王"
        },
        "11": {
            "sn": "03478",
            "brief": "以色列"
        },
        "12": {
            "sn": "01053",
            "brief": "伯•示麦"
        },
        "13": {
            "sn": "01053",
            "brief": "伯•示麦"
        },
        "15": {
            "sn": "03389",
            "brief": "耶路撒冷"
        },
        "16": {
            "sn": "06555",
            "brief": "破坏"
        },
        "17": {
            "sn": "02346",
            "brief": "墙壁"
        },
        "18": {
            "sn": "03389",
            "brief": "耶路撒冷"
        },
        "19": {
            "sn": "08179",
            "brief": "门"
        },
        "20": {
            "sn": "00669",
            "brief": "以法莲"
        },
        "21": {
            "sn": "05704",
            "brief": "直到、甚至"
        },
        "22": {
            "sn": "08179",
            "brief": "门"
        },
        "23": {
            "sn": "06437",
            "brief": "转向"
        },
        "24": {
            "sn": "00702",
            "brief": "数目的「四」"
        },
        "25": {
            "sn": "03967",
            "brief": "数目的「一百」"
        },
        "26": {
            "sn": "00520",
            "brief": "1.根基；2.一肘，约 18-22 寸，即 45-56 公分"
        },
        "14": {
            "sn": "00935",
            "brief": "来、进入、临到、发生"
        }
    },
    "0": {
        "literal": "亚玛谢登基的时候是二十五岁之子，在耶路撒冷作王二十九年。他母亲的名字是约耶但，是耶路撒冷人。",
        "0": {
            "sn": "01121",
            "brief": "儿子、孙子、后裔、成员"
        },
        "1": {
            "sn": "06242",
            "brief": "数目的「二十」"
        },
        "2": {
            "sn": "02568",
            "brief": "数目的「五」"
        },
        "3": {
            "sn": "08141",
            "brief": "年"
        },
        "4": {
            "sn": "04427",
            "brief": "作王、统治"
        },
        "5": {
            "sn": "00558",
            "brief": "亚玛谢"
        },
        "6": {
            "sn": "06242",
            "brief": "数目的「二十」"
        },
        "7": {
            "sn": "08672",
            "brief": "数目的「九」"
        },
        "8": {
            "sn": "08141",
            "brief": "年"
        },
        "9": {
            "sn": "04427",
            "brief": "作王、统治"
        },
        "10": {
            "sn": "03389",
            "brief": "耶路撒冷"
        },
        "11": {
            "sn": "08034",
            "brief": "名、名字"
        },
        "12": {
            "sn": "00517",
            "brief": "母亲"
        },
        "13": {
            "sn": "03086",
            "brief": "约耶但"
        },
        "14": {
            "sn": "03389",
            "brief": "耶路撒冷"
        }
    },
    "1": {
        "literal": "他(指亚玛谢)行雅威眼中(看)为正的事，只是不用完全的心。",
        "5": {
            "sn": "03808",
            "brief": "不"
        },
        "0": {
            "sn": "06213",
            "brief": "做"
        },
        "1": {
            "sn": "03477",
            "brief": "公义的、正直的"
        },
        "2": {
            "sn": "05869",
            "brief": "眼目、眼睛"
        },
        "3": {
            "sn": "03068",
            "brief": "上帝的名字「雅威」，犹太人尊称为「上主」"
        },
        "4": {
            "sn": "07535",
            "brief": "只是"
        },
        "6": {
            "sn": "03824",
            "brief": "心"
        },
        "7": {
            "sn": "08003",
            "brief": "完全的"
        }
    },
    "5": {
        "literal": "又用…从以色列雇用了(…处填入末行)十万大能的勇士。银子一百他连得，",
        "0": {
            "sn": "07936",
            "brief": "雇用"
        },
        "1": {
            "sn": "03478",
            "brief": "以色列"
        },
        "2": {
            "sn": "03967",
            "brief": "数目的「一百」"
        },
        "3": {
            "sn": "00505",
            "brief": "许多、数目的「一千」"
        },
        "4": {
            "sn": "01368",
            "brief": "形容词：强壮的、有力的；名词：勇士"
        },
        "5": {
            "sn": "02428",
            "brief": "军队、力量、财富、能力"
        },
        "6": {
            "sn": "03967",
            "brief": "数目的「一百」"
        },
        "7": {
            "sn": "03603",
            "brief": "圆形物、圆形区域、他连得"
        },
        "8": {
            "sn": "03701",
            "brief": "银子、钱"
        }
    },
    "10": {
        "8": {
            "sn": "05221",
            "brief": "Hif‘il 击打、击杀"
        },
        "1": {
            "sn": "02388",
            "brief": "加强、支持、抓住、系紧、强壮、勇敢"
        },
        "literal": "亚玛谢壮起胆来，率领他的民，去到盐谷，杀了西珥人一万。",
        "3": {
            "sn": "00853",
            "brief": "不必翻译"
        },
        "4": {
            "sn": "05971",
            "brief": "百姓、国家"
        },
        "5": {
            "sn": "01980",
            "brief": "来、去"
        },
        "6": {
            "sn": "01516",
            "brief": "谷、平原"
        },
        "7": {
            "sn": "04417",
            "brief": "盐"
        },
        "9": {
            "sn": "00853",
            "brief": "不必翻译"
        },
        "10": {
            "sn": "01121",
            "brief": "儿子、孙子、后裔、成员"
        },
        "11": {
            "sn": "08165",
            "brief": "西珥"
        },
        "12": {
            "sn": "06235",
            "brief": "数目的「十」"
        },
        "13": {
            "sn": "00505",
            "brief": "许多、数目的「一千」"
        },
        "0": {
            "sn": "00558",
            "brief": "亚玛谢"
        },
        "2": {
            "sn": "05090",
            "brief": "掳去、驱赶、引导"
        }
    },
    "17": {
        "4": {
            "sn": "00413",
            "brief": "向、往"
        },
        "literal": "以色列王约阿施差人到犹大王亚玛谢那里，说：「在黎巴嫩的蒺藜差人到在黎巴嫩的香柏树那里，说：『把你的女儿给我儿子为妻吧！』但有一只在黎巴嫩的野兽经过，践踏了蒺藜。",
        "0": {
            "sn": "07971",
            "brief": "差遣、释放、送走、伸出、伸展"
        },
        "1": {
            "sn": "03101",
            "brief": "约阿施"
        },
        "2": {
            "sn": "04428",
            "brief": "君王"
        },
        "3": {
            "sn": "03478",
            "brief": "以色列"
        },
        "5": {
            "sn": "00558",
            "brief": "亚玛谢"
        },
        "6": {
            "sn": "04428",
            "brief": "君王"
        },
        "7": {
            "sn": "03063",
            "brief": "犹大"
        },
        "8": {
            "sn": "00559",
            "brief": "说"
        },
        "9": {
            "sn": "02336",
            "brief": "荆棘"
        },
        "10": {
            "sn": "00834",
            "brief": "不必翻译"
        },
        "11": {
            "sn": "03844",
            "brief": "黎巴嫩"
        },
        "12": {
            "sn": "07971",
            "brief": "差遣、释放、送走、伸出、伸展"
        },
        "13": {
            "sn": "00413",
            "brief": "向、往"
        },
        "14": {
            "sn": "00730",
            "brief": "香柏木、香柏树"
        },
        "15": {
            "sn": "00834",
            "brief": "不必翻译"
        },
        "16": {
            "sn": "03844",
            "brief": "黎巴嫩"
        },
        "17": {
            "sn": "00559",
            "brief": "说"
        },
        "18": {
            "sn": "05414",
            "brief": "给"
        },
        "19": {
            "sn": "00853",
            "brief": "不必翻译"
        },
        "20": {
            "sn": "01323",
            "brief": "女儿、妇人"
        },
        "21": {
            "sn": "01121",
            "brief": "儿子、孙子、后裔、成员"
        },
        "22": {
            "sn": "00802",
            "brief": "女人、妻子"
        },
        "23": {
            "sn": "05674",
            "brief": "经过、穿越、涨溢、离开、拿走、违犯、废除"
        },
        "24": {
            "sn": "02416",
            "brief": "生命、活、动物"
        },
        "25": {
            "sn": "07704",
            "brief": "田地"
        },
        "26": {
            "sn": "00834",
            "brief": "不必翻译"
        },
        "27": {
            "sn": "03844",
            "brief": "黎巴嫩"
        },
        "28": {
            "sn": "07429",
            "brief": "践踏"
        },
        "29": {
            "sn": "00853",
            "brief": "不必翻译"
        },
        "30": {
            "sn": "02336",
            "brief": "荆棘"
        }
    },
    "19": {
        "literal": "亚玛谢却不肯听从。这是出乎上帝，为要将他们交在(敌人)手里，因为他们寻求以东的神明。",
        "0": {
            "sn": "03808",
            "brief": "不"
        },
        "1": {
            "sn": "08085",
            "brief": "听、听从"
        },
        "2": {
            "sn": "00558",
            "brief": "亚玛谢"
        },
        "3": {
            "sn": "03588",
            "brief": "因为、不必翻译"
        },
        "4": {
            "sn": "00430",
            "brief": "上帝、神、神明"
        },
        "5": {
            "sn": "01931",
            "brief": "他；她"
        },
        "6": {
            "sn": "04616",
            "brief": "为了"
        },
        "7": {
            "sn": "05414",
            "brief": "给"
        },
        "8": {
            "sn": "03027",
            "brief": "手、边、力量、权势"
        },
        "9": {
            "sn": "03588",
            "brief": "因为、不必翻译"
        },
        "10": {
            "sn": "01875",
            "brief": "寻求、寻找"
        },
        "11": {
            "sn": "00853",
            "brief": "不必翻译"
        },
        "12": {
            "sn": "00430",
            "brief": "上帝、神、神明"
        },
        "13": {
            "sn": "00123",
            "brief": "以东"
        }
    },
    "24": {
        "0": {
            "sn": "02421",
            "brief": "Qal 活、存活，Pi‘el 生长、复苏、保存生命，Hif‘il 使存活、复活"
        },
        "1": {
            "sn": "00558",
            "brief": "亚玛谢"
        },
        "literal": "…约阿施的儿子犹大王亚玛谢又活了(…处填入下行)约哈斯的儿子以色列王约阿施死了以后，十五年。",
        "2": {
            "sn": "01121",
            "brief": "儿子、孙子、后裔、成员"
        },
        "3": {
            "sn": "03101",
            "brief": "约阿施"
        },
        "4": {
            "sn": "04428",
            "brief": "君王"
        },
        "5": {
            "sn": "03063",
            "brief": "犹大"
        },
        "6": {
            "sn": "00310",
            "brief": "后面、跟着"
        },
        "7": {
            "sn": "04194",
            "brief": "死亡"
        },
        "8": {
            "sn": "03101",
            "brief": "约阿施"
        },
        "9": {
            "sn": "01121",
            "brief": "儿子、孙子、后裔、成员"
        },
        "10": {
            "sn": "03059",
            "brief": "约哈斯"
        },
        "11": {
            "sn": "04428",
            "brief": "君王"
        },
        "12": {
            "sn": "03478",
            "brief": "以色列"
        },
        "13": {
            "sn": "02568",
            "brief": "数目的「五」"
        },
        "14": {
            "sn": "06240",
            "brief": "数目的「十」"
        },
        "15": {
            "sn": "08141",
            "brief": "年"
        }
    },
    "26": {
        "literal": "自从亚玛谢离弃雅威之后，在耶路撒冷有人背叛他，他就逃到拉吉；他们却派人到拉吉，在那里把他杀了。",
        "0": {
            "sn": "06256",
            "brief": "时间"
        },
        "1": {
            "sn": "00834",
            "brief": "不必翻译"
        },
        "2": {
            "sn": "05493",
            "brief": "转离、除去"
        },
        "3": {
            "sn": "00558",
            "brief": "亚玛谢"
        },
        "4": {
            "sn": "00310",
            "brief": "后面、跟着"
        },
        "5": {
            "sn": "03068",
            "brief": "上帝的名字「雅威」，犹太人尊称为「上主」"
        },
        "6": {
            "sn": "07194",
            "brief": "阴谋背叛、结盟、绑"
        },
        "7": {
            "sn": "05921",
            "brief": "在…上面"
        },
        "8": {
            "sn": "07195",
            "brief": "同谋背叛、阴谋"
        },
        "9": {
            "sn": "03389",
            "brief": "耶路撒冷"
        },
        "10": {
            "sn": "05127",
            "brief": "飞去、逃跑"
        },
        "11": {
            "sn": "03923",
            "brief": "拉吉"
        },
        "12": {
            "sn": "07971",
            "brief": "差遣、释放、送走、伸出、伸展"
        },
        "13": {
            "sn": "00310",
            "brief": "后面、跟着"
        },
        "14": {
            "sn": "03923",
            "brief": "拉吉"
        },
        "16": {
            "sn": "08033",
            "brief": "那里"
        },
        "15": {
            "sn": "04191",
            "brief": "死"
        }
    },
    "23": {
        "literal": "又带着…所找到的一切金和银和一切器皿，(…处填入下行)在俄别・以东那里的上帝殿里与王宫里的财宝，以及人质，就回撒玛利亚去了。",
        "0": {
            "sn": "03605",
            "brief": "全部、整个、各"
        },
        "1": {
            "sn": "02091",
            "brief": "金"
        },
        "2": {
            "sn": "03701",
            "brief": "银子、钱"
        },
        "3": {
            "sn": "00853",
            "brief": "不必翻译"
        },
        "4": {
            "sn": "03605",
            "brief": "全部、整个、各"
        },
        "5": {
            "sn": "03627",
            "brief": "器皿、器械、器具"
        },
        "6": {
            "sn": "04672",
            "brief": "寻找、追上、获得、发现"
        },
        "7": {
            "sn": "01004",
            "brief": "神庙、房屋、殿"
        },
        "8": {
            "sn": "00430",
            "brief": "上帝、神、神明"
        },
        "9": {
            "sn": "05973",
            "brief": "跟"
        },
        "10": {
            "sn": "05654",
            "brief": "俄别・以东"
        },
        "11": {
            "sn": "05654",
            "brief": "俄别・以东"
        },
        "12": {
            "sn": "00853",
            "brief": "不必翻译"
        },
        "13": {
            "sn": "00214",
            "brief": "财宝、仓库"
        },
        "14": {
            "sn": "01004",
            "brief": "神庙、房屋、殿"
        },
        "15": {
            "sn": "04428",
            "brief": "君王"
        },
        "16": {
            "sn": "00853",
            "brief": "不必翻译"
        },
        "17": {
            "sn": "01121",
            "brief": "儿子、孙子、后裔、成员"
        },
        "18": {
            "sn": "08594",
            "brief": "人质、抵押品"
        },
        "20": {
            "sn": "08111",
            "brief": "撒玛利亚"
        },
        "21": {
            "sn": "09015",
            "brief": "开的意思"
        },
        "19": {
            "sn": "07725",
            "brief": "Qal 回复、回转、重复，Po‘lel 带回、复兴、更新，Hif‘il 回报、报告、带回"
        }
    },
    "6": {
        "literal": "有一个神人来到他(指亚玛谢)那里，说：「王啊，不要使以色列的军兵与你同去，因为雅威不与以色列人，任何以法莲人同在。",
        "0": {
            "sn": "00376",
            "brief": "各人、人、男人、丈夫"
        },
        "1": {
            "sn": "00430",
            "brief": "上帝、神、神明"
        },
        "2": {
            "sn": "00935",
            "brief": "来、进入、临到、发生"
        },
        "3": {
            "sn": "00413",
            "brief": "向、往"
        },
        "4": {
            "sn": "00559",
            "brief": "说"
        },
        "5": {
            "sn": "04428",
            "brief": "君王"
        },
        "6": {
            "sn": "00408",
            "brief": "不"
        },
        "7": {
            "sn": "00935",
            "brief": "来、进入、临到、发生"
        },
        "8": {
            "sn": "05973",
            "brief": "跟、向"
        },
        "9": {
            "sn": "06635",
            "brief": "军队、战争、服役"
        },
        "10": {
            "sn": "03478",
            "brief": "以色列"
        },
        "11": {
            "sn": "03588",
            "brief": "因为、不必翻译"
        },
        "12": {
            "sn": "00369",
            "brief": "不存在、没有"
        },
        "13": {
            "sn": "03068",
            "brief": "上帝的名字「雅威」，犹太人尊称为「上主」"
        },
        "14": {
            "sn": "05973",
            "brief": "跟、向"
        },
        "15": {
            "sn": "03478",
            "brief": "以色列"
        },
        "16": {
            "sn": "03605",
            "brief": "全部、整个、各"
        },
        "17": {
            "sn": "01121",
            "brief": "儿子、孙子、后裔、成员"
        },
        "18": {
            "sn": "00669",
            "brief": "以法莲"
        }
    },
    "3": {
        "literal": "却没有治死他们的儿子，是照摩西律法书上所记，雅威所吩咐的说：「父不可因子被治死，子也不可因父被治死，他们各人要为本身的罪死。」",
        "0": {
            "sn": "00853",
            "brief": "不必翻译"
        },
        "1": {
            "sn": "01121",
            "brief": "儿子、孙子、后裔、成员"
        },
        "2": {
            "sn": "03808",
            "brief": "不"
        },
        "3": {
            "sn": "04191",
            "brief": "死"
        },
        "4": {
            "sn": "03588",
            "brief": "因为、不必翻译"
        },
        "5": {
            "sn": "03789",
            "brief": "写"
        },
        "6": {
            "sn": "08451",
            "brief": "训诲、教导、律法"
        },
        "7": {
            "sn": "05612",
            "brief": "书卷"
        },
        "8": {
            "sn": "04872",
            "brief": "摩西"
        },
        "9": {
            "sn": "00834",
            "brief": "不必翻译"
        },
        "10": {
            "sn": "06680",
            "brief": "Pi‘el 命令、吩咐"
        },
        "11": {
            "sn": "03068",
            "brief": "上帝的名字「雅威」，犹太人尊称为「上主」"
        },
        "12": {
            "sn": "00559",
            "brief": "说"
        },
        "13": {
            "sn": "03808",
            "brief": "不"
        },
        "14": {
            "sn": "04191",
            "brief": "死"
        },
        "15": {
            "sn": "00001",
            "brief": "父亲、祖先"
        },
        "16": {
            "sn": "05921",
            "brief": "在…上面"
        },
        "17": {
            "sn": "01121",
            "brief": "儿子、孙子、后裔、成员"
        },
        "18": {
            "sn": "01121",
            "brief": "儿子、孙子、后裔、成员"
        },
        "19": {
            "sn": "03808",
            "brief": "不"
        },
        "20": {
            "sn": "04191",
            "brief": "死"
        },
        "21": {
            "sn": "05921",
            "brief": "在…上面"
        },
        "22": {
            "sn": "00001",
            "brief": "父亲、祖先"
        },
        "23": {
            "sn": "03588",
            "brief": "因为、不必翻译"
        },
        "24": {
            "sn": "00376",
            "brief": "各人、人、男人、丈夫"
        },
        "25": {
            "sn": "02399",
            "brief": "罪"
        },
        "26": {
            "sn": "04191",
            "brief": "死"
        },
        "27": {
            "sn": "09015",
            "brief": "开的意思"
        }
    }
}