{
    "26": {
        "0": {
            "sn": "07901",
            "brief": "躺卧、同寝"
        },
        "1": {
            "sn": "00271",
            "brief": "亚哈斯"
        },
        "2": {
            "sn": "05973",
            "brief": "跟"
        },
        "3": {
            "sn": "00001",
            "brief": "父亲、祖先"
        },
        "4": {
            "sn": "06912",
            "brief": "埋葬"
        },
        "5": {
            "sn": "05892",
            "brief": "城邑、城镇"
        },
        "6": {
            "sn": "03389",
            "brief": "耶路撒冷"
        },
        "7": {
            "sn": "03588",
            "brief": "因为、不必翻译"
        },
        "8": {
            "sn": "03808",
            "brief": "不"
        },
        "15": {
            "sn": "01121",
            "brief": "儿子、孙子、后裔、成员"
        },
        "16": {
            "sn": "08478",
            "brief": "1. 名词：位置、地方；2. 介系词：在…之下；3. 介系词：代替、因为"
        },
        "literal": "亚哈斯与他列祖同睡，葬在耶路撒冷城里，没有送入以色列诸王的坟墓中。他儿子希西家接续他作王。",
        "10": {
            "sn": "06913",
            "brief": "坟墓"
        },
        "11": {
            "sn": "04428",
            "brief": "君王"
        },
        "12": {
            "sn": "03478",
            "brief": "以色列"
        },
        "13": {
            "sn": "04427",
            "brief": "作王、统治"
        },
        "14": {
            "sn": "03169",
            "brief": "希西家"
        },
        "17": {
            "sn": "09015",
            "brief": "开的意思"
        },
        "9": {
            "sn": "00935",
            "brief": "来、进入、临到、发生"
        }
    },
    "9": {
        "9": {
            "sn": "09001",
            "brief": "给、往、向、到、归属于"
        },
        "10": {
            "sn": "03808",
            "brief": "不"
        },
        "literal": "…犹大人和耶路撒冷(居民)(…处填入下行)如今你们又有意强逼作你们的奴婢，你们岂不也有得罪雅威―你们上帝的事吗？",
        "0": {
            "sn": "06258",
            "brief": "现在"
        },
        "1": {
            "sn": "01121",
            "brief": "儿子、孙子、后裔、成员"
        },
        "2": {
            "sn": "03063",
            "brief": "犹大"
        },
        "3": {
            "sn": "03389",
            "brief": "耶路撒冷"
        },
        "4": {
            "sn": "00859",
            "brief": "你"
        },
        "5": {
            "sn": "00559",
            "brief": "说"
        },
        "6": {
            "sn": "03533",
            "brief": "踩脚下、征服、治理"
        },
        "7": {
            "sn": "05650",
            "brief": "仆人、奴隶"
        },
        "8": {
            "sn": "08198",
            "brief": "婢女"
        },
        "11": {
            "sn": "07535",
            "brief": "只是"
        },
        "12": {
            "sn": "00859",
            "brief": "你"
        },
        "13": {
            "sn": "05973",
            "brief": "跟"
        },
        "14": {
            "sn": "00819",
            "brief": "罪孽"
        },
        "15": {
            "sn": "03068",
            "brief": "上帝的名字「雅威」，犹太人尊称为「上主」"
        },
        "16": {
            "sn": "00430",
            "brief": "上帝、神、神明"
        }
    },
    "8": {
        "12": {
            "sn": "09001",
            "brief": "给、往、向、到、归属于"
        },
        "literal": "但那裏有雅威的一个先知，名叫俄德，出来迎接往撒玛利亚去的军兵，对他们说：「看哪，因为雅威―你们列祖的上帝恼怒犹大，将他们交在你们手裏，你们竟怒气冲天，杀了他们。",
        "0": {
            "sn": "08033",
            "brief": "那里"
        },
        "1": {
            "sn": "01961",
            "brief": "是、成为、临到"
        },
        "2": {
            "sn": "05030",
            "brief": "先知"
        },
        "3": {
            "sn": "03068",
            "brief": "上帝的名字「雅威」，犹太人尊称为「上主」"
        },
        "4": {
            "sn": "05752",
            "brief": "俄德"
        },
        "5": {
            "sn": "08034",
            "brief": "名、名字"
        },
        "6": {
            "sn": "03318",
            "brief": "出去"
        },
        "7": {
            "sn": "03942",
            "brief": "在…面前"
        },
        "8": {
            "sn": "06635",
            "brief": "军队、战争、服役"
        },
        "9": {
            "sn": "00935",
            "brief": "来、进入、临到、发生"
        },
        "10": {
            "sn": "08111",
            "brief": "撒马利亚"
        },
        "11": {
            "sn": "00559",
            "brief": "说"
        },
        "13": {
            "sn": "02009",
            "brief": "看哪"
        },
        "14": {
            "sn": "02534",
            "brief": "烈怒、热气、毒气"
        },
        "15": {
            "sn": "03068",
            "brief": "上帝的名字「雅威」，犹太人尊称为「上主」"
        },
        "16": {
            "sn": "00430",
            "brief": "上帝、神、神明"
        },
        "17": {
            "sn": "00001",
            "brief": "父亲、祖先"
        },
        "18": {
            "sn": "05921",
            "brief": "在…上面"
        },
        "19": {
            "sn": "03063",
            "brief": "犹大"
        },
        "20": {
            "sn": "05414",
            "brief": "使、给"
        },
        "21": {
            "sn": "03027",
            "brief": "手、边、力量、权势"
        },
        "22": {
            "sn": "02026",
            "brief": "杀"
        },
        "23": {
            "sn": "09002",
            "brief": "在、用、藉着、与、敌对"
        },
        "24": {
            "sn": "02197",
            "brief": "烦躁、激怒、忿恨"
        },
        "25": {
            "sn": "05704",
            "brief": "直到、甚至"
        },
        "26": {
            "sn": "08064",
            "brief": "天"
        },
        "27": {
            "sn": "05060",
            "brief": "接触、触及"
        }
    },
    "23": {
        "17": {
            "sn": "09001",
            "brief": "给、往、向、到、归属于"
        },
        "6": {
            "sn": "07112",
            "brief": "剪、切半、切块"
        },
        "literal": "亚哈斯将神殿裏的器皿都聚了来，神殿裏的器皿毁坏了，且封锁雅威殿的门；在耶路撒冷各处的拐角建筑祭坛，",
        "0": {
            "sn": "00622",
            "brief": "聚集、除去"
        },
        "1": {
            "sn": "00271",
            "brief": "亚哈斯"
        },
        "2": {
            "sn": "00853",
            "brief": "不必翻译"
        },
        "3": {
            "sn": "03627",
            "brief": "器皿、器械、器具"
        },
        "4": {
            "sn": "01004",
            "brief": "家、房子、殿"
        },
        "5": {
            "sn": "00430",
            "brief": "上帝、神、神明"
        },
        "7": {
            "sn": "00853",
            "brief": "不必翻译"
        },
        "8": {
            "sn": "03627",
            "brief": "器皿、器械、器具"
        },
        "9": {
            "sn": "01004",
            "brief": "家、房子、殿"
        },
        "10": {
            "sn": "00430",
            "brief": "上帝、神、神明"
        },
        "12": {
            "sn": "00853",
            "brief": "不必翻译"
        },
        "13": {
            "sn": "01817",
            "brief": "门户、城门"
        },
        "14": {
            "sn": "01004",
            "brief": "家、房子、殿"
        },
        "15": {
            "sn": "03068",
            "brief": "上帝的名字「雅威」，犹太人尊称为「上主」"
        },
        "16": {
            "sn": "06213",
            "brief": "做"
        },
        "18": {
            "sn": "04196",
            "brief": "祭坛"
        },
        "19": {
            "sn": "03605",
            "brief": "全部、整个、各"
        },
        "20": {
            "sn": "06438",
            "brief": "房角石"
        },
        "21": {
            "sn": "03389",
            "brief": "耶路撒冷"
        },
        "11": {
            "sn": "05462",
            "brief": "Qal 关闭、堵塞，Pi‘el 关闭、交付，Hif‘il 关闭、交付"
        }
    },
    "24": {
        "literal": "又在犹大各城建立邱坛，与别神烧香，惹动雅威―他列祖神的怒气。",
        "0": {
            "sn": "03605",
            "brief": "全部、整个、各"
        },
        "1": {
            "sn": "05892",
            "brief": "城邑、城镇"
        },
        "2": {
            "sn": "05892",
            "brief": "城邑、城镇"
        },
        "3": {
            "sn": "03063",
            "brief": "犹大"
        },
        "4": {
            "sn": "06213",
            "brief": "做"
        },
        "5": {
            "sn": "01116",
            "brief": "高处、邱坛"
        },
        "7": {
            "sn": "00430",
            "brief": "上帝、神、神明"
        },
        "8": {
            "sn": "00312",
            "brief": "别的"
        },
        "10": {
            "sn": "00853",
            "brief": "不必翻译"
        },
        "11": {
            "sn": "03068",
            "brief": "上帝的名字「雅威」，犹太人尊称为「上主」"
        },
        "12": {
            "sn": "00430",
            "brief": "上帝、神、神明"
        },
        "13": {
            "sn": "00001",
            "brief": "父亲、祖先"
        },
        "9": {
            "sn": "03707",
            "brief": "发怒"
        },
        "6": {
            "sn": "06999",
            "brief": "烧香、薰"
        }
    },
    "14": {
        "3": {
            "sn": "05344",
            "brief": "I. 刺穿、标明；II. 诅咒"
        },
        "17": {
            "sn": "05095",
            "brief": "(用食物) 加添心力"
        },
        "9": {
            "sn": "03847",
            "brief": "穿"
        },
        "12": {
            "sn": "03847",
            "brief": "穿"
        },
        "13": {
            "sn": "05274",
            "brief": "拴住、锁上"
        },
        "14": {
            "sn": "00398",
            "brief": "吃、吞吃"
        },
        "15": {
            "sn": "08248",
            "brief": "喝"
        },
        "16": {
            "sn": "05480",
            "brief": "抹油、膏"
        },
        "21": {
            "sn": "00935",
            "brief": "来、进入、临到、发生"
        },
        "literal": "以上提名的那些人就站起，使被掳的人前来，其中有赤身的，就从所掠的财物中拿出衣服给他们穿，给他们鞋子，又给他们饮食，用膏抹他们；其中有软弱的，就使他们骑驴，送到棕树城耶利哥他们弟兄那裏，随后就回撒玛利亚去了。",
        "0": {
            "sn": "06965",
            "brief": "起来、设立、坚立"
        },
        "1": {
            "sn": "00376",
            "brief": "各人、人、男人、丈夫"
        },
        "2": {
            "sn": "00834",
            "brief": "不必翻译"
        },
        "4": {
            "sn": "08034",
            "brief": "名、名字"
        },
        "6": {
            "sn": "07633",
            "brief": "被掳"
        },
        "7": {
            "sn": "03605",
            "brief": "全部、整个、各"
        },
        "8": {
            "sn": "04636",
            "brief": "赤裸无遮蔽"
        },
        "10": {
            "sn": "04480",
            "brief": "从"
        },
        "11": {
            "sn": "07998",
            "brief": "掳物"
        },
        "18": {
            "sn": "02543",
            "brief": "驴"
        },
        "19": {
            "sn": "03605",
            "brief": "全部、整个、各"
        },
        "20": {
            "sn": "03782",
            "brief": "跌倒"
        },
        "22": {
            "sn": "03405",
            "brief": "耶利哥"
        },
        "23": {
            "sn": "05899",
            "brief": "棕树城"
        },
        "24": {
            "sn": "05899",
            "brief": "棕树城"
        },
        "25": {
            "sn": "00681",
            "brief": "旁边"
        },
        "26": {
            "sn": "00251",
            "brief": "兄弟"
        },
        "28": {
            "sn": "08111",
            "brief": "撒马利亚"
        },
        "29": {
            "sn": "09015",
            "brief": "开的意思"
        },
        "5": {
            "sn": "02388",
            "brief": "加强、支持、抓住、系紧、强壮、勇敢"
        },
        "27": {
            "sn": "07725",
            "brief": "Qal 回复、回转、重复，Po‘lel 带回、复兴、更新，Hif‘il 回报、报告、带回"
        }
    },
    "7": {
        "literal": "以色列人掳了他们的弟兄，连妇人带儿女共有二十万，又抢夺了许多财物，把掠物带到撒玛利亚去了。",
        "15": {
            "sn": "00853",
            "brief": "不必翻译"
        },
        "16": {
            "sn": "07998",
            "brief": "掳物"
        },
        "17": {
            "sn": "08111",
            "brief": "撒玛利亚"
        },
        "18": {
            "sn": "09014",
            "brief": "关闭的意思"
        },
        "14": {
            "sn": "00935",
            "brief": "来、进入、临到、发生"
        },
        "0": {
            "sn": "07617",
            "brief": "掳掠、俘虏"
        },
        "1": {
            "sn": "01121",
            "brief": "儿子、孙子、后裔、成员"
        },
        "2": {
            "sn": "03478",
            "brief": "以色列"
        },
        "3": {
            "sn": "00251",
            "brief": "兄弟"
        },
        "4": {
            "sn": "03967",
            "brief": "数目的「一百」"
        },
        "5": {
            "sn": "00505",
            "brief": "许多、数目的「一千」"
        },
        "6": {
            "sn": "00802",
            "brief": "女人、妻子"
        },
        "7": {
            "sn": "01121",
            "brief": "儿子、孙子、后裔、成员"
        },
        "8": {
            "sn": "01323",
            "brief": "女子、女儿"
        },
        "9": {
            "sn": "01571",
            "brief": "也"
        },
        "10": {
            "sn": "07998",
            "brief": "掳物"
        },
        "11": {
            "sn": "07227",
            "brief": "I. 形容词：大量的、许多的、充足的，II. 名词：统帅、首领。"
        },
        "12": {
            "sn": "00962",
            "brief": "抢夺、掠夺"
        },
        "13": {
            "sn": "01992",
            "brief": "他们"
        }
    },
    "1": {
        "1": {
            "sn": "01870",
            "brief": "道路、行为、方向、方法"
        },
        "2": {
            "sn": "04428",
            "brief": "王"
        },
        "3": {
            "sn": "03478",
            "brief": "以色列"
        },
        "4": {
            "sn": "01571",
            "brief": "也"
        },
        "0": {
            "sn": "01980",
            "brief": "去"
        },
        "5": {
            "sn": "04541",
            "brief": "铸造的偶像、奠酒"
        },
        "6": {
            "sn": "06213",
            "brief": "做"
        },
        "7": {
            "sn": "01168",
            "brief": "巴力"
        },
        "literal": "却行以色列诸王的道，又铸造巴力的像。"
    },
    "2": {
        "13": {
            "sn": "03068",
            "brief": "上帝的名字「雅威」，犹太人尊称为「上主」"
        },
        "14": {
            "sn": "06440",
            "brief": "脸、脸面"
        },
        "1": {
            "sn": "06999",
            "brief": "烧香、薰"
        },
        "5": {
            "sn": "01197",
            "brief": "I. 烧毁、耗尽、点燃；II. 愚昧、未开化、如野兽般残忍"
        },
        "0": {
            "sn": "01931",
            "brief": "他"
        },
        "2": {
            "sn": "01516",
            "brief": "谷"
        },
        "3": {
            "sn": "02011",
            "brief": "欣嫩子"
        },
        "4": {
            "sn": "02011",
            "brief": "欣嫩子"
        },
        "6": {
            "sn": "00853",
            "brief": "不必翻译"
        },
        "7": {
            "sn": "01121",
            "brief": "儿子、孙子、后裔、成员"
        },
        "8": {
            "sn": "00784",
            "brief": "火"
        },
        "12": {
            "sn": "03423",
            "brief": "夺取、获得、赶出、破坏、继承"
        },
        "9": {
            "sn": "08441",
            "brief": "憎恶"
        },
        "10": {
            "sn": "01471",
            "brief": "国家、人民"
        },
        "11": {
            "sn": "00834",
            "brief": "不必翻译"
        },
        "15": {
            "sn": "01121",
            "brief": "儿子、孙子、后裔、成员"
        },
        "16": {
            "sn": "03478",
            "brief": "以色列"
        },
        "literal": "他在欣嫩子谷烧香，用火焚烧自己的儿女，如…列国(所行)的可憎之事，(…处填入下行)雅威从以色列人面前赶出的"
    },
    "18": {
        "7": {
            "sn": "04428",
            "brief": "君王"
        },
        "1": {
            "sn": "03665",
            "brief": "制止、使变低微"
        },
        "10": {
            "sn": "06544",
            "brief": "忽视、放松"
        },
        "literal": "…所以雅威使犹大卑微，(…处填入以下二行)因为以色列王亚哈斯在犹大放肆，干犯雅威，",
        "0": {
            "sn": "03588",
            "brief": "因为、不必翻译"
        },
        "2": {
            "sn": "03068",
            "brief": "上帝的名字「雅威」，犹太人尊称为「上主」"
        },
        "3": {
            "sn": "00853",
            "brief": "不必翻译"
        },
        "4": {
            "sn": "03063",
            "brief": "犹大"
        },
        "5": {
            "sn": "05668",
            "brief": "为了"
        },
        "6": {
            "sn": "00271",
            "brief": "亚哈斯"
        },
        "8": {
            "sn": "03478",
            "brief": "以色列"
        },
        "9": {
            "sn": "03588",
            "brief": "因为、不必翻译"
        },
        "11": {
            "sn": "03063",
            "brief": "犹大"
        },
        "12": {
            "sn": "04603",
            "brief": "背叛、犯罪、不忠"
        },
        "13": {
            "sn": "04604",
            "brief": "行为奸诈、犯罪"
        },
        "14": {
            "sn": "03068",
            "brief": "上帝的名字「雅威」，犹太人尊称为「上主」"
        }
    },
    "15": {
        "3": {
            "sn": "04428",
            "brief": "君王"
        },
        "0": {
            "sn": "06256",
            "brief": "那时、时候"
        },
        "1": {
            "sn": "01931",
            "brief": "他、她"
        },
        "2": {
            "sn": "07971",
            "brief": "差遣、释放、送走、伸出、伸展"
        },
        "4": {
            "sn": "00271",
            "brief": "亚哈斯"
        },
        "5": {
            "sn": "05921",
            "brief": "在…上面"
        },
        "6": {
            "sn": "04428",
            "brief": "君王"
        },
        "7": {
            "sn": "00804",
            "brief": "亚述"
        },
        "8": {
            "sn": "05826",
            "brief": "帮助"
        },
        "9": {
            "sn": "09001",
            "brief": "给、往、向、到、归属于"
        },
        "literal": "那时，亚哈斯王差遣人去亚述诸王那裏，请求(来)帮助他，"
    },
    "21": {
        "0": {
            "sn": "06256",
            "brief": "那时、时候"
        },
        "2": {
            "sn": "09001",
            "brief": "给、往、向、到、归属于"
        },
        "4": {
            "sn": "04603",
            "brief": "背叛、犯罪、不忠"
        },
        "1": {
            "sn": "06887",
            "brief": "扰害，Hif‘il 导致...悲痛"
        },
        "3": {
            "sn": "03254",
            "brief": "再一次、增添"
        },
        "literal": "…在急难的时候，(…处填入末行)越发得罪雅威。这亚哈斯王",
        "5": {
            "sn": "03068",
            "brief": "上帝的名字「雅威」，犹太人尊称为「上主」"
        },
        "6": {
            "sn": "01931",
            "brief": "他"
        },
        "7": {
            "sn": "04428",
            "brief": "君王"
        },
        "8": {
            "sn": "00271",
            "brief": "亚哈斯"
        }
    },
    "12": {
        "literal": "对他们说：「你们不可把这被掳的人带来，你们想要使我们得罪雅威，加增我们的罪恶过犯？因为我们的罪过甚大，已经有烈怒临到以色列人了。」",
        "11": {
            "sn": "00859",
            "brief": "你"
        },
        "12": {
            "sn": "00559",
            "brief": "说"
        },
        "13": {
            "sn": "03254",
            "brief": "再一次、增添"
        },
        "14": {
            "sn": "05921",
            "brief": "在…上面"
        },
        "15": {
            "sn": "02403",
            "brief": "罪、赎罪祭、除罪、罪罚"
        },
        "16": {
            "sn": "05921",
            "brief": "在…上面"
        },
        "17": {
            "sn": "00819",
            "brief": "罪孽"
        },
        "18": {
            "sn": "03588",
            "brief": "因为、不必翻译"
        },
        "19": {
            "sn": "07227",
            "brief": "I. 形容词：大量的、许多的、充足的，II. 名词：统帅、首领。"
        },
        "20": {
            "sn": "00819",
            "brief": "罪孽"
        },
        "21": {
            "sn": "09001",
            "brief": "给、往、向、到、归属于"
        },
        "22": {
            "sn": "02740",
            "brief": "生气、愤怒"
        },
        "23": {
            "sn": "00639",
            "brief": "鼻子、怒气"
        },
        "24": {
            "sn": "05921",
            "brief": "在…上面"
        },
        "25": {
            "sn": "03478",
            "brief": "以色列"
        },
        "26": {
            "sn": "09014",
            "brief": "关闭的意思"
        },
        "7": {
            "sn": "03588",
            "brief": "因为、不必翻译"
        },
        "3": {
            "sn": "00935",
            "brief": "来、进入、临到、发生"
        },
        "0": {
            "sn": "00559",
            "brief": "说"
        },
        "1": {
            "sn": "09001",
            "brief": "给、往、向、到、归属于"
        },
        "4": {
            "sn": "00853",
            "brief": "不必翻译"
        },
        "5": {
            "sn": "07633",
            "brief": "被掳、俘虏"
        },
        "6": {
            "sn": "02008",
            "brief": "现在、这里"
        },
        "8": {
            "sn": "00819",
            "brief": "罪孽"
        },
        "9": {
            "sn": "03068",
            "brief": "上帝的名字「雅威」，犹太人尊称为「上主」"
        },
        "10": {
            "sn": "05921",
            "brief": "在…上面"
        },
        "2": {
            "sn": "03808",
            "brief": "不"
        }
    },
    "16": {
        "3": {
            "sn": "05221",
            "brief": "Hif‘il 击打、击杀"
        },
        "literal": "以东人又来攻击犹大，掳掠俘虏。",
        "1": {
            "sn": "00130",
            "brief": "以东人"
        },
        "4": {
            "sn": "03063",
            "brief": "犹大"
        },
        "5": {
            "sn": "07617",
            "brief": "掳掠、俘虏"
        },
        "6": {
            "sn": "07628",
            "brief": "被掳、俘虏"
        },
        "2": {
            "sn": "00935",
            "brief": "来、进入、临到、发生"
        },
        "0": {
            "sn": "05750",
            "brief": "再、仍然、持续"
        }
    },
    "0": {
        "10": {
            "sn": "03808",
            "brief": "不"
        },
        "0": {
            "sn": "01121",
            "brief": "儿子、孙子、后裔、成员"
        },
        "1": {
            "sn": "06242",
            "brief": "数目的「二十」"
        },
        "2": {
            "sn": "08141",
            "brief": "年"
        },
        "3": {
            "sn": "00271",
            "brief": "亚哈斯"
        },
        "4": {
            "sn": "04427",
            "brief": "作王、统治"
        },
        "5": {
            "sn": "08337",
            "brief": "数目的「六」"
        },
        "6": {
            "sn": "06240",
            "brief": "数目的「十」"
        },
        "7": {
            "sn": "08141",
            "brief": "年"
        },
        "8": {
            "sn": "04427",
            "brief": "作王、统治"
        },
        "9": {
            "sn": "03389",
            "brief": "耶路撒冷"
        },
        "11": {
            "sn": "06213",
            "brief": "做"
        },
        "12": {
            "sn": "03477",
            "brief": "公义的、正直的"
        },
        "13": {
            "sn": "05869",
            "brief": "I. 眼睛，II. 泉水"
        },
        "14": {
            "sn": "03068",
            "brief": "上帝的名字「雅威」，犹太人尊称为「上主」"
        },
        "15": {
            "sn": "01732",
            "brief": "大卫"
        },
        "16": {
            "sn": "00001",
            "brief": "父亲、祖先"
        },
        "literal": "亚哈斯在他登基的时候是二十岁之子，在耶路撒冷作王十六年；他不像他祖大卫行雅威眼中(看)为正的事，"
    },
    "4": {
        "literal": "雅威―他的上帝把他交在亚兰王手裏，他们击败他，掳掠了他一个很大的掳掠，带到大马色去。他也被交在以色列王手裏，他(指以色列王)向他击杀了一个很大的击杀。",
        "6": {
            "sn": "05221",
            "brief": "Hif‘il 击打、击杀"
        },
        "12": {
            "sn": "00935",
            "brief": "来、进入、临到、发生"
        },
        "19": {
            "sn": "05221",
            "brief": "Hif‘il 击打、击杀"
        },
        "0": {
            "sn": "05414",
            "brief": "使、给"
        },
        "1": {
            "sn": "03068",
            "brief": "上帝的名字「雅威」，犹太人尊称为「上主」"
        },
        "2": {
            "sn": "00430",
            "brief": "上帝、神、神明"
        },
        "3": {
            "sn": "03027",
            "brief": "手、边、力量、权势"
        },
        "4": {
            "sn": "04428",
            "brief": "君王"
        },
        "5": {
            "sn": "00758",
            "brief": "亚兰人、亚兰、叙利亚"
        },
        "7": {
            "sn": "09002",
            "brief": "在、用、藉着、与、敌对"
        },
        "8": {
            "sn": "07617",
            "brief": "掳掠、俘虏"
        },
        "9": {
            "sn": "04480",
            "brief": "从"
        },
        "10": {
            "sn": "07633",
            "brief": "被掳、俘虏"
        },
        "11": {
            "sn": "01419",
            "brief": "大的、伟大的"
        },
        "13": {
            "sn": "01834",
            "brief": "大马士革"
        },
        "14": {
            "sn": "01571",
            "brief": "也"
        },
        "15": {
            "sn": "03027",
            "brief": "手、边、力量、权势"
        },
        "16": {
            "sn": "04428",
            "brief": "君王"
        },
        "17": {
            "sn": "03478",
            "brief": "以色列"
        },
        "18": {
            "sn": "05414",
            "brief": "使、给"
        },
        "20": {
            "sn": "09002",
            "brief": "在、用、藉着、与、敌对"
        },
        "21": {
            "sn": "04347",
            "brief": "击打、鞭打"
        },
        "22": {
            "sn": "01419",
            "brief": "大的、伟大的"
        },
        "23": {
            "sn": "09014",
            "brief": "关闭的意思"
        }
    },
    "13": {
        "literal": "于是带兵器的人将俘虏和抢夺来的财物都留在众首领和会众的面前。",
        "0": {
            "sn": "05800",
            "brief": "离弃、遗弃"
        },
        "2": {
            "sn": "00853",
            "brief": "不必翻译"
        },
        "3": {
            "sn": "07633",
            "brief": "被掳"
        },
        "1": {
            "sn": "02502",
            "brief": "Qal 脱下、配备，Hif‘il 使强壮"
        },
        "4": {
            "sn": "00853",
            "brief": "不必翻译"
        },
        "5": {
            "sn": "00961",
            "brief": "掠夺物、战利品"
        },
        "6": {
            "sn": "03942",
            "brief": "在…面前"
        },
        "7": {
            "sn": "08269",
            "brief": "领袖"
        },
        "8": {
            "sn": "03605",
            "brief": "全部、整个、各"
        },
        "9": {
            "sn": "06951",
            "brief": "集会"
        }
    },
    "25": {
        "0": {
            "sn": "03499",
            "brief": "I. 1. 名词：剩下，2. 副词：优秀、丰富，II. 绳、弦"
        },
        "1": {
            "sn": "01697",
            "brief": "话语、事情"
        },
        "2": {
            "sn": "03605",
            "brief": "全部、整个、各"
        },
        "3": {
            "sn": "01870",
            "brief": "道路、行为、方向、方法"
        },
        "4": {
            "sn": "07223",
            "brief": "先前的、首先的"
        },
        "5": {
            "sn": "00314",
            "brief": "末后的、后面的"
        },
        "6": {
            "sn": "02009",
            "brief": "看哪"
        },
        "7": {
            "sn": "03789",
            "brief": "写、刻"
        },
        "8": {
            "sn": "05921",
            "brief": "在…上面"
        },
        "9": {
            "sn": "05612",
            "brief": "文件、书卷"
        },
        "10": {
            "sn": "04428",
            "brief": "君王"
        },
        "11": {
            "sn": "03063",
            "brief": "犹大"
        },
        "12": {
            "sn": "03478",
            "brief": "以色列"
        },
        "literal": "亚哈斯其余的事和他的行为，自始至终，看哪，它们都写在《犹大和以色列诸王记》的书上。"
    },
    "6": {
        "literal": "有一个以法莲的勇士细基利，杀了王的儿子玛西雅和管理王宫的亚斯利甘，并王的副手以利加拿。",
        "0": {
            "sn": "02026",
            "brief": "杀"
        },
        "1": {
            "sn": "02147",
            "brief": "细基利"
        },
        "2": {
            "sn": "01368",
            "brief": "形容词：强壮的、有力的；名词：勇士"
        },
        "3": {
            "sn": "00669",
            "brief": "以法莲"
        },
        "4": {
            "sn": "00853",
            "brief": "不必翻译"
        },
        "5": {
            "sn": "04641",
            "brief": "玛西雅"
        },
        "6": {
            "sn": "01121",
            "brief": "儿子、孙子、后裔、成员"
        },
        "7": {
            "sn": "04428",
            "brief": "君王"
        },
        "8": {
            "sn": "00853",
            "brief": "不必翻译"
        },
        "9": {
            "sn": "05840",
            "brief": "亚斯利干"
        },
        "10": {
            "sn": "05057",
            "brief": "领袖、君王"
        },
        "11": {
            "sn": "01004",
            "brief": "家、房子、殿"
        },
        "12": {
            "sn": "00853",
            "brief": "不必翻译"
        },
        "13": {
            "sn": "00511",
            "brief": "以利加拿"
        },
        "14": {
            "sn": "04932",
            "brief": "加倍、重复"
        },
        "15": {
            "sn": "04428",
            "brief": "君王"
        },
        "16": {
            "sn": "09014",
            "brief": "关闭的意思"
        }
    },
    "19": {
        "6": {
            "sn": "06696",
            "brief": "绑、围困"
        },
        "8": {
            "sn": "03808",
            "brief": "不"
        },
        "4": {
            "sn": "04428",
            "brief": "君王"
        },
        "5": {
            "sn": "00804",
            "brief": "亚述"
        },
        "7": {
            "sn": "09001",
            "brief": "给、往、向、到、归属于"
        },
        "9": {
            "sn": "02388",
            "brief": "加强、支持、抓住、系紧、强壮、勇敢"
        },
        "literal": "亚述王提革拉・毗尼色上到他那里，却围攻他，没有帮助他。",
        "0": {
            "sn": "00935",
            "brief": "来、进入、临到、发生"
        },
        "1": {
            "sn": "05921",
            "brief": "在…上面"
        },
        "2": {
            "sn": "08407",
            "brief": "提革拉・毗尼色"
        },
        "3": {
            "sn": "08407",
            "brief": "提革拉・毗尼色"
        }
    },
    "3": {
        "literal": "并在丘坛、…献祭烧香。(…处填入下行)及山冈上、及各青翠树下",
        "0": {
            "sn": "02076",
            "brief": "屠宰、献祭"
        },
        "1": {
            "sn": "06999",
            "brief": "烧香、薰"
        },
        "2": {
            "sn": "01116",
            "brief": "高处、邱坛"
        },
        "3": {
            "sn": "05921",
            "brief": "在…上面"
        },
        "4": {
            "sn": "01389",
            "brief": "山、山丘"
        },
        "5": {
            "sn": "08478",
            "brief": "1. 名词：位置、地方；2. 介系词：在…之下；3. 介系词：代替、因为"
        },
        "6": {
            "sn": "03605",
            "brief": "全部、整个、各"
        },
        "7": {
            "sn": "06086",
            "brief": "木头、树"
        },
        "8": {
            "sn": "07488",
            "brief": "繁茂的、新鲜的"
        }
    },
    "20": {
        "literal": "亚哈斯把雅威殿裏…的(宝物)分(…处填入下行)和王和首领家内给了亚述王，他却不帮助他。",
        "0": {
            "sn": "03588",
            "brief": "因为、不必翻译"
        },
        "1": {
            "sn": "02505",
            "brief": "分割、分配"
        },
        "2": {
            "sn": "00271",
            "brief": "亚哈斯"
        },
        "3": {
            "sn": "00853",
            "brief": "不必翻译"
        },
        "4": {
            "sn": "01004",
            "brief": "家、房子、殿"
        },
        "5": {
            "sn": "03068",
            "brief": "上帝的名字「雅威」，犹太人尊称为「上主」"
        },
        "6": {
            "sn": "00853",
            "brief": "不必翻译"
        },
        "7": {
            "sn": "01004",
            "brief": "家、房子、殿"
        },
        "8": {
            "sn": "04428",
            "brief": "君王"
        },
        "9": {
            "sn": "08269",
            "brief": "领袖"
        },
        "10": {
            "sn": "05414",
            "brief": "感动、委身"
        },
        "11": {
            "sn": "04428",
            "brief": "君王"
        },
        "12": {
            "sn": "00804",
            "brief": "亚述"
        },
        "14": {
            "sn": "05833",
            "brief": "救、帮助"
        },
        "15": {
            "sn": "09001",
            "brief": "给、往、向、到、归属于"
        },
        "13": {
            "sn": "03808",
            "brief": "不"
        }
    },
    "10": {
        "1": {
            "sn": "08085",
            "brief": "Qal 听、听从，Hif‘il 说明、使…听，Nif‘al 听见"
        },
        "literal": "现在当听我说，要将…释放回去，(…处填入下行)你们掳来的弟兄因为雅威已经向你们大发烈怒。」",
        "2": {
            "sn": "07725",
            "brief": "Qal 回复、回转、重复，Po‘lel 带回、复兴、更新，Hif‘il 回报、报告、带回"
        },
        "0": {
            "sn": "06258",
            "brief": "现在"
        },
        "3": {
            "sn": "07633",
            "brief": "被掳"
        },
        "4": {
            "sn": "00834",
            "brief": "不必翻译"
        },
        "5": {
            "sn": "07617",
            "brief": "掳掠、俘虏"
        },
        "6": {
            "sn": "00251",
            "brief": "兄弟"
        },
        "7": {
            "sn": "03588",
            "brief": "因为、不必翻译"
        },
        "8": {
            "sn": "02740",
            "brief": "生气、愤怒"
        },
        "9": {
            "sn": "00639",
            "brief": "鼻子、怒气"
        },
        "10": {
            "sn": "03068",
            "brief": "上帝的名字「雅威」，犹太人尊称为「上主」"
        },
        "11": {
            "sn": "05921",
            "brief": "在…上面"
        },
        "12": {
            "sn": "09014",
            "brief": "关闭的意思"
        }
    },
    "5": {
        "literal": "利玛利的儿子比加…在犹大杀了(…处填入下下行)十二万人，一日都是勇士，因为他们离弃了雅威―他们列祖的上帝。",
        "0": {
            "sn": "02026",
            "brief": "杀"
        },
        "1": {
            "sn": "06492",
            "brief": "比加"
        },
        "2": {
            "sn": "01121",
            "brief": "儿子、孙子、后裔、成员"
        },
        "3": {
            "sn": "07425",
            "brief": "利玛利"
        },
        "4": {
            "sn": "03063",
            "brief": "犹大"
        },
        "5": {
            "sn": "03967",
            "brief": "数目的「一百」"
        },
        "6": {
            "sn": "06242",
            "brief": "数目的「二十」"
        },
        "7": {
            "sn": "00505",
            "brief": "许多、数目的「一千」"
        },
        "8": {
            "sn": "03117",
            "brief": "日子、时候"
        },
        "9": {
            "sn": "00259",
            "brief": "数目的「一」"
        },
        "10": {
            "sn": "03605",
            "brief": "全部、整个、各"
        },
        "11": {
            "sn": "01121",
            "brief": "儿子、孙子、后裔、成员"
        },
        "12": {
            "sn": "02428",
            "brief": "军队、力量、财富、能力"
        },
        "13": {
            "sn": "05800",
            "brief": "离弃、遗弃"
        },
        "14": {
            "sn": "00853",
            "brief": "不必翻译"
        },
        "15": {
            "sn": "03068",
            "brief": "上帝的名字「雅威」，犹太人尊称为「上主」"
        },
        "16": {
            "sn": "00430",
            "brief": "上帝、神、神明"
        },
        "17": {
            "sn": "00001",
            "brief": "父亲、祖先"
        }
    },
    "22": {
        "6": {
            "sn": "03588",
            "brief": "因为、不必翻译"
        },
        "7": {
            "sn": "00430",
            "brief": "上帝、神、神明"
        },
        "literal": "他祭祀那攻击他的大马士革之神明，说：「因为亚兰诸王的神明，它们帮助了他们，我也要向它们献祭，它们就会帮助我。」但它们却是使他和以色列众人败亡的。",
        "0": {
            "sn": "02076",
            "brief": "屠宰、献祭"
        },
        "1": {
            "sn": "00430",
            "brief": "上帝、神、神明"
        },
        "2": {
            "sn": "01834",
            "brief": "大马士革"
        },
        "4": {
            "sn": "09002",
            "brief": "在、用、藉着、与、敌对"
        },
        "5": {
            "sn": "00559",
            "brief": "说"
        },
        "8": {
            "sn": "04428",
            "brief": "君王"
        },
        "9": {
            "sn": "00758",
            "brief": "亚兰人、亚兰、叙利亚"
        },
        "10": {
            "sn": "01992",
            "brief": "他们"
        },
        "12": {
            "sn": "00853",
            "brief": "不必翻译"
        },
        "13": {
            "sn": "09001",
            "brief": "给、往、向、到、归属于"
        },
        "15": {
            "sn": "05826",
            "brief": "帮助"
        },
        "16": {
            "sn": "01992",
            "brief": "他们"
        },
        "17": {
            "sn": "01961",
            "brief": "是、成为、临到"
        },
        "18": {
            "sn": "09001",
            "brief": "给、往、向、到、归属于"
        },
        "20": {
            "sn": "03605",
            "brief": "全部、整个、各"
        },
        "21": {
            "sn": "03478",
            "brief": "以色列"
        },
        "14": {
            "sn": "02076",
            "brief": "屠宰、献祭"
        },
        "3": {
            "sn": "05221",
            "brief": "Hif‘il 击打、击杀"
        },
        "11": {
            "sn": "05826",
            "brief": "帮助"
        },
        "19": {
            "sn": "03782",
            "brief": "跌倒"
        }
    },
    "11": {
        "literal": "于是以法莲人的几个族长起来，就是约哈难的儿子亚撒利雅、米实利末的儿子比利家、沙龙的儿子希西家、哈得莱的儿子亚玛撒，拦住出兵回来的人，",
        "0": {
            "sn": "06965",
            "brief": "起来、设立、坚立"
        },
        "1": {
            "sn": "00376",
            "brief": "各人、人、男人、丈夫"
        },
        "2": {
            "sn": "07218",
            "brief": "头、起头、山顶、领袖"
        },
        "3": {
            "sn": "01121",
            "brief": "儿子、孙子、后裔、成员"
        },
        "4": {
            "sn": "00669",
            "brief": "以法莲"
        },
        "5": {
            "sn": "05838",
            "brief": "亚撒利雅"
        },
        "6": {
            "sn": "01121",
            "brief": "儿子、孙子、后裔、成员"
        },
        "7": {
            "sn": "03076",
            "brief": "约哈难"
        },
        "8": {
            "sn": "01296",
            "brief": "比利家"
        },
        "9": {
            "sn": "01121",
            "brief": "儿子、孙子、后裔、成员"
        },
        "10": {
            "sn": "04919",
            "brief": "米实利末"
        },
        "11": {
            "sn": "03169",
            "brief": "希西家"
        },
        "12": {
            "sn": "01121",
            "brief": "儿子、孙子、后裔、成员"
        },
        "13": {
            "sn": "07967",
            "brief": "沙龙"
        },
        "14": {
            "sn": "06021",
            "brief": "亚玛撒"
        },
        "15": {
            "sn": "01121",
            "brief": "儿子、孙子、后裔、成员"
        },
        "16": {
            "sn": "02311",
            "brief": "哈得莱"
        },
        "17": {
            "sn": "05921",
            "brief": "在…上面"
        },
        "18": {
            "sn": "00935",
            "brief": "来、进入、临到、发生"
        },
        "19": {
            "sn": "04480",
            "brief": "从"
        },
        "20": {
            "sn": "06635",
            "brief": "军队、战争、服役"
        }
    },
    "17": {
        "literal": "非利士人也来侵占高原和犹大南方的城镇，取了伯•示麦、亚雅仑、基低罗、梭哥和属梭哥的乡村、亭纳和属亭纳的乡村、瑾锁和属瑾锁的乡村，就住在那裏。",
        "0": {
            "sn": "06430",
            "brief": "非利士人"
        },
        "1": {
            "sn": "06584",
            "brief": "劫掠、脱"
        },
        "2": {
            "sn": "05892",
            "brief": "城邑、城镇"
        },
        "3": {
            "sn": "08219",
            "brief": "1. 低地；2. 专有名词：雪非拉"
        },
        "4": {
            "sn": "05045",
            "brief": "1. 南地、南方；2. 专有名词：尼格夫"
        },
        "5": {
            "sn": "03063",
            "brief": "犹大"
        },
        "6": {
            "sn": "03920",
            "brief": "攻取、俘虏、捕获、抓住"
        },
        "7": {
            "sn": "00853",
            "brief": "不必翻译"
        },
        "8": {
            "sn": "01053",
            "brief": "伯•示麦"
        },
        "9": {
            "sn": "01053",
            "brief": "伯•示麦"
        },
        "10": {
            "sn": "00853",
            "brief": "不必翻译"
        },
        "11": {
            "sn": "00357",
            "brief": "亚雅仑"
        },
        "12": {
            "sn": "00853",
            "brief": "不必翻译"
        },
        "13": {
            "sn": "01450",
            "brief": "基低罗"
        },
        "14": {
            "sn": "00853",
            "brief": "不必翻译"
        },
        "15": {
            "sn": "07755",
            "brief": "梭哥"
        },
        "16": {
            "sn": "01323",
            "brief": "乡村、女子、女儿"
        },
        "17": {
            "sn": "00853",
            "brief": "不必翻译"
        },
        "18": {
            "sn": "08553",
            "brief": "亭拿"
        },
        "19": {
            "sn": "01323",
            "brief": "乡村、女子、女儿"
        },
        "20": {
            "sn": "00853",
            "brief": "不必翻译"
        },
        "21": {
            "sn": "01579",
            "brief": "瑾锁"
        },
        "22": {
            "sn": "00853",
            "brief": "不必翻译"
        },
        "23": {
            "sn": "01323",
            "brief": "乡村、女子、女儿"
        },
        "24": {
            "sn": "03427",
            "brief": "居住、坐、停留"
        },
        "25": {
            "sn": "08033",
            "brief": "那里"
        }
    }
}