{
    "6": {
        "15": {
            "sn": "09001",
            "brief": "给、往、向、到、归属于"
        },
        "7": {
            "sn": "04616",
            "brief": "为了"
        },
        "8": {
            "sn": "01285",
            "brief": "约"
        },
        "literal": "雅威却…不愿意灭绝犹大，(…处填入下行)因他与大卫所立之约的缘故，照自己所说的，不断地赐灯光给他(指大卫)和他的子孙。",
        "3": {
            "sn": "07843",
            "brief": "败坏、破坏"
        },
        "1": {
            "sn": "00014",
            "brief": "愿意"
        },
        "2": {
            "sn": "03068",
            "brief": "上帝的名字「雅威」，犹太人尊称为「上主」"
        },
        "4": {
            "sn": "00853",
            "brief": "不必翻译"
        },
        "5": {
            "sn": "01004",
            "brief": "神庙、房屋、殿"
        },
        "6": {
            "sn": "01732",
            "brief": "大卫"
        },
        "9": {
            "sn": "00834",
            "brief": "不必翻译"
        },
        "10": {
            "sn": "03772",
            "brief": "立约、剪除、切开、砍下"
        },
        "11": {
            "sn": "01732",
            "brief": "大卫"
        },
        "12": {
            "sn": "00834",
            "brief": "不必翻译"
        },
        "13": {
            "sn": "00559",
            "brief": "说"
        },
        "14": {
            "sn": "05414",
            "brief": "给"
        },
        "16": {
            "sn": "05216",
            "brief": "灯"
        },
        "17": {
            "sn": "01121",
            "brief": "儿子、孙子、后裔、成员"
        },
        "18": {
            "sn": "03605",
            "brief": "全部、整个、各"
        },
        "19": {
            "sn": "03117",
            "brief": "日子、时候"
        },
        "0": {
            "sn": "03808",
            "brief": "不"
        }
    },
    "0": {
        "7": {
            "sn": "05892",
            "brief": "城邑、城镇"
        },
        "literal": "约沙法与他列祖同睡，与他列祖同被葬在大卫城里。他儿子约兰接续他作王。",
        "0": {
            "sn": "07901",
            "brief": "躺卧、同寝"
        },
        "1": {
            "sn": "03092",
            "brief": "约沙法"
        },
        "2": {
            "sn": "05973",
            "brief": "跟"
        },
        "3": {
            "sn": "00001",
            "brief": "父亲、祖先"
        },
        "4": {
            "sn": "06912",
            "brief": "埋葬"
        },
        "5": {
            "sn": "05973",
            "brief": "跟"
        },
        "6": {
            "sn": "00001",
            "brief": "父亲、祖先"
        },
        "8": {
            "sn": "01732",
            "brief": "大卫"
        },
        "9": {
            "sn": "04427",
            "brief": "作王、统治"
        },
        "10": {
            "sn": "03088",
            "brief": "约兰"
        },
        "11": {
            "sn": "01121",
            "brief": "儿子、孙子、后裔、成员"
        },
        "12": {
            "sn": "08478",
            "brief": "1. 名词：位置、地方；2. 介系词：在…之下；3. 介系词：代替、因为"
        }
    },
    "11": {
        "14": {
            "sn": "03808",
            "brief": "不"
        },
        "literal": "从先知以利亚来的信送到他那里说：「雅威―你祖大卫的上帝如此说：『由于你不行你父约沙法的道和犹大王亚撒的道，",
        "0": {
            "sn": "00935",
            "brief": "来、进入、临到、发生"
        },
        "1": {
            "sn": "00413",
            "brief": "向、往"
        },
        "2": {
            "sn": "04385",
            "brief": "写出来的作品、抄写"
        },
        "3": {
            "sn": "00452",
            "brief": "以利亚"
        },
        "4": {
            "sn": "05030",
            "brief": "先知"
        },
        "5": {
            "sn": "00559",
            "brief": "说"
        },
        "6": {
            "sn": "03541",
            "brief": "如此、这样"
        },
        "7": {
            "sn": "00559",
            "brief": "说"
        },
        "8": {
            "sn": "03068",
            "brief": "上帝的名字「雅威」，犹太人尊称为「上主」"
        },
        "9": {
            "sn": "00430",
            "brief": "上帝、神、神明"
        },
        "10": {
            "sn": "01732",
            "brief": "大卫"
        },
        "11": {
            "sn": "00001",
            "brief": "父亲、祖先"
        },
        "12": {
            "sn": "08478",
            "brief": "1. 名词：位置、地方；2. 介系词：在…之下；3. 介系词：代替、因为"
        },
        "13": {
            "sn": "00834",
            "brief": "不必翻译"
        },
        "15": {
            "sn": "01980",
            "brief": "去、行走"
        },
        "16": {
            "sn": "01870",
            "brief": "道路、行为、方向、方法"
        },
        "17": {
            "sn": "03092",
            "brief": "约沙法"
        },
        "18": {
            "sn": "00001",
            "brief": "父亲、祖先"
        },
        "19": {
            "sn": "01870",
            "brief": "道路、行为、方向、方法"
        },
        "20": {
            "sn": "00609",
            "brief": "亚撒"
        },
        "21": {
            "sn": "04428",
            "brief": "君王、国王"
        },
        "22": {
            "sn": "03063",
            "brief": "犹大"
        }
    },
    "16": {
        "7": {
            "sn": "04672",
            "brief": "寻找、追上、获得、发现"
        },
        "4": {
            "sn": "00853",
            "brief": "不必翻译"
        },
        "literal": "他们上来攻击犹大，侵犯它(原文用阴性，指犹大)，掳掠了…所有财货，(…处填入下行)王宫裏所能找到的和他的儿子、和他的妻子，…没有给他留下一个儿子。(…处填入下行)除了他小儿子约哈斯之外，",
        "0": {
            "sn": "05927",
            "brief": "上去、升高、生长、献上"
        },
        "1": {
            "sn": "03063",
            "brief": "犹大"
        },
        "2": {
            "sn": "01234",
            "brief": "裂开、分开、打通"
        },
        "3": {
            "sn": "07617",
            "brief": "掳掠、俘虏"
        },
        "5": {
            "sn": "03605",
            "brief": "全部、整个、各"
        },
        "6": {
            "sn": "07399",
            "brief": "所拥有的、财产"
        },
        "8": {
            "sn": "01004",
            "brief": "房屋、殿、神庙"
        },
        "9": {
            "sn": "04428",
            "brief": "君王、国王"
        },
        "10": {
            "sn": "01571",
            "brief": "也"
        },
        "11": {
            "sn": "01121",
            "brief": "儿子、孙子、后裔、成员"
        },
        "12": {
            "sn": "00802",
            "brief": "女人、妻子"
        },
        "14": {
            "sn": "07604",
            "brief": "剩下、遗留"
        },
        "15": {
            "sn": "09001",
            "brief": "给、往、向、到、归属于"
        },
        "16": {
            "sn": "01121",
            "brief": "儿子、孙子、后裔、成员"
        },
        "13": {
            "sn": "03808",
            "brief": "不"
        },
        "17": {
            "sn": "03588",
            "brief": "因为、不必翻译"
        },
        "18": {
            "sn": "00518",
            "brief": "如果"
        },
        "19": {
            "sn": "03059",
            "brief": "约哈斯"
        },
        "20": {
            "sn": "06996",
            "brief": "小的"
        },
        "21": {
            "sn": "01121",
            "brief": "儿子、孙子、后裔、成员"
        }
    },
    "8": {
        "literal": "约兰和他的军长和跟随他的所有战车过去，他夜间起来，攻击围困他的以东(人)和战车长；",
        "0": {
            "sn": "05674",
            "brief": "经过、穿越、涨溢、离开、拿走、违犯、废除"
        },
        "1": {
            "sn": "03088",
            "brief": "约兰"
        },
        "2": {
            "sn": "05973",
            "brief": "跟，和"
        },
        "3": {
            "sn": "08269",
            "brief": "领袖"
        },
        "4": {
            "sn": "03605",
            "brief": "全部、整个、各"
        },
        "5": {
            "sn": "07393",
            "brief": "车辆、战车、上磨石"
        },
        "6": {
            "sn": "05973",
            "brief": "跟，和"
        },
        "7": {
            "sn": "01961",
            "brief": "是、成为、临到"
        },
        "8": {
            "sn": "06965",
            "brief": "起来、设立、坚立"
        },
        "9": {
            "sn": "03915",
            "brief": "夜晚"
        },
        "11": {
            "sn": "00853",
            "brief": "不必翻译"
        },
        "12": {
            "sn": "00123",
            "brief": "以东"
        },
        "13": {
            "sn": "05437",
            "brief": "环绕、游行、转"
        },
        "14": {
            "sn": "00413",
            "brief": "向、往"
        },
        "15": {
            "sn": "00853",
            "brief": "不必翻译"
        },
        "16": {
            "sn": "08269",
            "brief": "领袖"
        },
        "17": {
            "sn": "07393",
            "brief": "车辆、战车、上磨石"
        },
        "10": {
            "sn": "05221",
            "brief": "Hif‘il 击打、击杀"
        }
    },
    "17": {
        "literal": "这所有的事以后，雅威使他(指约兰)的肠子患无法医治的病。",
        "0": {
            "sn": "00310",
            "brief": "后面"
        },
        "1": {
            "sn": "03605",
            "brief": "全部、整个、各"
        },
        "2": {
            "sn": "02063",
            "brief": "这个"
        },
        "3": {
            "sn": "05062",
            "brief": "击打"
        },
        "4": {
            "sn": "03068",
            "brief": "上帝的名字「雅威」，犹太人尊称为「上主」"
        },
        "5": {
            "sn": "04578",
            "brief": "肚腹、肠子"
        },
        "6": {
            "sn": "02483",
            "brief": "生病"
        },
        "7": {
            "sn": "00369",
            "brief": "不存在、没有"
        },
        "8": {
            "sn": "04832",
            "brief": "医治"
        }
    },
    "13": {
        "0": {
            "sn": "02009",
            "brief": "看哪"
        },
        "1": {
            "sn": "03068",
            "brief": "上帝的名字「雅威」，犹太人尊称为「上主」"
        },
        "2": {
            "sn": "05062",
            "brief": "击打"
        },
        "3": {
            "sn": "04046",
            "brief": "瘟疫、灾害"
        },
        "4": {
            "sn": "01419",
            "brief": "大的、伟大的"
        },
        "5": {
            "sn": "05971",
            "brief": "百姓、国民"
        },
        "6": {
            "sn": "01121",
            "brief": "儿子、孙子、后裔、成员"
        },
        "7": {
            "sn": "00802",
            "brief": "女人、妻子"
        },
        "8": {
            "sn": "03605",
            "brief": "全部、整个、各"
        },
        "9": {
            "sn": "07399",
            "brief": "所拥有的、财产"
        },
        "literal": "看哪，雅威会降大灾给你的百姓、和你的儿子、和你的妻子，和你所有的财产。"
    },
    "18": {
        "0": {
            "sn": "01961",
            "brief": "是、成为、临到"
        },
        "1": {
            "sn": "03117",
            "brief": "日子、时候"
        },
        "10": {
            "sn": "05973",
            "brief": "跟、和"
        },
        "literal": "他缠绵日久，到了两年结束的时候，他的肠子因病掉出来，他就死得很痛苦。他的民没有为他烧甚么物件，像(为)他列祖的焚烧一样。",
        "2": {
            "sn": "03117",
            "brief": "日子、时候"
        },
        "3": {
            "sn": "06256",
            "brief": "时候"
        },
        "4": {
            "sn": "03318",
            "brief": "出去"
        },
        "5": {
            "sn": "07093",
            "brief": "结尾、尾端"
        },
        "6": {
            "sn": "03117",
            "brief": "日子、时候"
        },
        "7": {
            "sn": "08147",
            "brief": "数目的「二」"
        },
        "8": {
            "sn": "03318",
            "brief": "出去、从....出来"
        },
        "9": {
            "sn": "04578",
            "brief": "肚腹、肠子"
        },
        "11": {
            "sn": "02483",
            "brief": "生病"
        },
        "12": {
            "sn": "04191",
            "brief": "死"
        },
        "13": {
            "sn": "08463",
            "brief": "疾病"
        },
        "14": {
            "sn": "07451",
            "brief": "邪恶、灾难、痛苦、不幸"
        },
        "16": {
            "sn": "06213",
            "brief": "做"
        },
        "17": {
            "sn": "09001",
            "brief": "给、往、向、到、归属于"
        },
        "18": {
            "sn": "05971",
            "brief": "国民、百姓"
        },
        "19": {
            "sn": "08316",
            "brief": "完全的、燃烧、火"
        },
        "20": {
            "sn": "08316",
            "brief": "完全的、燃烧、火"
        },
        "21": {
            "sn": "00001",
            "brief": "父亲、祖先"
        },
        "15": {
            "sn": "03808",
            "brief": "不"
        }
    },
    "15": {
        "0": {
            "sn": "05782",
            "brief": "兴起、醒起"
        },
        "1": {
            "sn": "03068",
            "brief": "上帝的名字「雅威」，犹太人尊称为「上主」"
        },
        "literal": "雅威激动非利士人…的心来攻击约兰。(…处填入下行)和古实人旁边的亚拉伯人",
        "2": {
            "sn": "05921",
            "brief": "在…上面"
        },
        "3": {
            "sn": "03088",
            "brief": "约兰"
        },
        "4": {
            "sn": "00853",
            "brief": "不必翻译"
        },
        "5": {
            "sn": "07307",
            "brief": "风、灵、气息"
        },
        "6": {
            "sn": "06430",
            "brief": "非利士人"
        },
        "7": {
            "sn": "06163",
            "brief": "亚拉伯人"
        },
        "8": {
            "sn": "00834",
            "brief": "不必翻译"
        },
        "9": {
            "sn": "05921",
            "brief": "在…上面"
        },
        "10": {
            "sn": "03027",
            "brief": "手、边、力量、权势"
        },
        "11": {
            "sn": "03569",
            "brief": "古实人"
        }
    },
    "10": {
        "literal": "他又在犹大诸山建筑丘坛，使耶路撒冷的居民行淫，使犹大走偏。",
        "1": {
            "sn": "01931",
            "brief": "他"
        },
        "2": {
            "sn": "06213",
            "brief": "做"
        },
        "3": {
            "sn": "01116",
            "brief": "高处、丘坛"
        },
        "4": {
            "sn": "02022",
            "brief": "山"
        },
        "5": {
            "sn": "03063",
            "brief": "犹大"
        },
        "6": {
            "sn": "02181",
            "brief": "行淫"
        },
        "7": {
            "sn": "00853",
            "brief": "不必翻译"
        },
        "8": {
            "sn": "03427",
            "brief": "居住、坐、停留"
        },
        "9": {
            "sn": "03389",
            "brief": "耶路撒冷"
        },
        "11": {
            "sn": "00853",
            "brief": "不必翻译"
        },
        "12": {
            "sn": "03063",
            "brief": "犹大"
        },
        "13": {
            "sn": "09015",
            "brief": "开的意思"
        },
        "10": {
            "sn": "05080",
            "brief": "赶散、驱赶"
        },
        "0": {
            "sn": "01571",
            "brief": "也"
        }
    },
    "7": {
        "literal": "在他(指约兰)的年日，以东背叛，脱离犹大的手，自己立王治理他们。",
        "0": {
            "sn": "03117",
            "brief": "日子、时候"
        },
        "1": {
            "sn": "06586",
            "brief": "背叛、反叛"
        },
        "2": {
            "sn": "00123",
            "brief": "以东"
        },
        "3": {
            "sn": "08478",
            "brief": "1. 名词：位置、地方；2. 介系词：在…之下；3. 介系词：代替、因为"
        },
        "4": {
            "sn": "03027",
            "brief": "手、边、力量、权势"
        },
        "5": {
            "sn": "03063",
            "brief": "犹大"
        },
        "7": {
            "sn": "05921",
            "brief": "在…上面"
        },
        "8": {
            "sn": "04428",
            "brief": "君王、国王"
        },
        "6": {
            "sn": "04427",
            "brief": "作王、统治"
        }
    },
    "5": {
        "0": {
            "sn": "01980",
            "brief": "去、行走"
        },
        "1": {
            "sn": "01870",
            "brief": "道路、行为、方向、方法"
        },
        "literal": "他行以色列诸王的道，如亚哈家所行的；因为亚哈的女儿作了他的妻子，他就行雅威眼中(看)为恶的事。",
        "2": {
            "sn": "04428",
            "brief": "君王、国王"
        },
        "3": {
            "sn": "03478",
            "brief": "以色列"
        },
        "4": {
            "sn": "00834",
            "brief": "不必翻译"
        },
        "5": {
            "sn": "06213",
            "brief": "做"
        },
        "6": {
            "sn": "01004",
            "brief": "神庙、房屋、殿"
        },
        "7": {
            "sn": "00256",
            "brief": "亚哈"
        },
        "8": {
            "sn": "03588",
            "brief": "因为、不必翻译"
        },
        "9": {
            "sn": "01323",
            "brief": "女子、女儿"
        },
        "10": {
            "sn": "00256",
            "brief": "亚哈"
        },
        "11": {
            "sn": "01961",
            "brief": "是、成为、临到"
        },
        "12": {
            "sn": "09001",
            "brief": "给、往、向、到、归属于"
        },
        "13": {
            "sn": "00802",
            "brief": "女人、妻子"
        },
        "14": {
            "sn": "06213",
            "brief": "做"
        },
        "15": {
            "sn": "07451",
            "brief": "邪恶、灾难"
        },
        "16": {
            "sn": "05869",
            "brief": "I. 眼睛，II. 泉水"
        },
        "17": {
            "sn": "03068",
            "brief": "上帝的名字「雅威」，犹太人尊称为「上主」"
        }
    },
    "19": {
        "0": {
            "sn": "01121",
            "brief": "儿子、孙子、后裔、成员"
        },
        "1": {
            "sn": "07970",
            "brief": "数目的「三十」"
        },
        "2": {
            "sn": "08147",
            "brief": "数目的「二」"
        },
        "3": {
            "sn": "01961",
            "brief": "是、成为、临到"
        },
        "4": {
            "sn": "04427",
            "brief": "作王、统治"
        },
        "5": {
            "sn": "08083",
            "brief": "数目的「八」"
        },
        "6": {
            "sn": "08141",
            "brief": "年"
        },
        "7": {
            "sn": "04427",
            "brief": "作王、统治"
        },
        "8": {
            "sn": "03389",
            "brief": "耶路撒冷"
        },
        "10": {
            "sn": "03808",
            "brief": "不"
        },
        "15": {
            "sn": "03808",
            "brief": "不"
        },
        "literal": "他(指约兰)登基的时候是三十二岁之子，在耶路撒冷作王八年，他走了无人思慕，众人把他葬在大卫城，但不在列王的坟墓裏。",
        "9": {
            "sn": "01980",
            "brief": "去、行走"
        },
        "11": {
            "sn": "02532",
            "brief": "喜爱之物"
        },
        "12": {
            "sn": "06912",
            "brief": "埋葬"
        },
        "13": {
            "sn": "05892",
            "brief": "城邑、城镇"
        },
        "14": {
            "sn": "01732",
            "brief": "大卫"
        },
        "16": {
            "sn": "06913",
            "brief": "坟墓"
        },
        "17": {
            "sn": "04428",
            "brief": "君王、国王"
        }
    },
    "2": {
        "0": {
            "sn": "05414",
            "brief": "赐、给"
        },
        "1": {
            "sn": "01992",
            "brief": "他们"
        },
        "2": {
            "sn": "00001",
            "brief": "父亲、祖先"
        },
        "3": {
            "sn": "04979",
            "brief": "礼物"
        },
        "4": {
            "sn": "07227",
            "brief": "I. 形容词：大量的、许多的、充足的，II. 名词：统帅、首领。"
        },
        "5": {
            "sn": "03701",
            "brief": "银子、钱"
        },
        "6": {
            "sn": "02091",
            "brief": "金"
        },
        "7": {
            "sn": "04030",
            "brief": "珍宝"
        },
        "8": {
            "sn": "05973",
            "brief": "跟"
        },
        "9": {
            "sn": "05892",
            "brief": "城邑、城镇"
        },
        "10": {
            "sn": "04694",
            "brief": "保障、堡垒、壕沟"
        },
        "11": {
            "sn": "03063",
            "brief": "犹大"
        },
        "12": {
            "sn": "00853",
            "brief": "不必翻译"
        },
        "13": {
            "sn": "04467",
            "brief": "国度"
        },
        "14": {
            "sn": "05414",
            "brief": "赐、给"
        },
        "15": {
            "sn": "03088",
            "brief": "约兰"
        },
        "literal": "他们的父亲将许多礼物，…赐给他们，(…处填入以下二行)银子、和金子、和财宝，和犹大地的坚固城一起但将国赐给约兰，因为他是长子。",
        "16": {
            "sn": "03588",
            "brief": "因为、不必翻译"
        },
        "17": {
            "sn": "01931",
            "brief": "他"
        },
        "18": {
            "sn": "01060",
            "brief": "头生的、长子"
        },
        "19": {
            "sn": "09015",
            "brief": "开的意思"
        }
    },
    "4": {
        "0": {
            "sn": "01121",
            "brief": "儿子、孙子、后裔、成员"
        },
        "1": {
            "sn": "07970",
            "brief": "数目的「三十」"
        },
        "2": {
            "sn": "08147",
            "brief": "数目的「二」"
        },
        "3": {
            "sn": "08141",
            "brief": "年"
        },
        "4": {
            "sn": "03088",
            "brief": "约兰"
        },
        "5": {
            "sn": "04427",
            "brief": "作王、统治"
        },
        "literal": "约兰在他登基的时候是三十二岁之子，他在耶路撒冷作王八年。",
        "6": {
            "sn": "08083",
            "brief": "数目的「八」"
        },
        "7": {
            "sn": "08141",
            "brief": "年"
        },
        "8": {
            "sn": "04427",
            "brief": "作王、统治"
        },
        "9": {
            "sn": "03389",
            "brief": "耶路撒冷"
        }
    },
    "3": {
        "literal": "约兰兴起，治理他父亲的国，奋勇自强，就用刀杀了他的众兄弟和以色列的几个首领。",
        "0": {
            "sn": "06965",
            "brief": "起来、设立、坚立"
        },
        "1": {
            "sn": "03088",
            "brief": "约兰"
        },
        "2": {
            "sn": "05921",
            "brief": "在…上面"
        },
        "3": {
            "sn": "04467",
            "brief": "国度"
        },
        "4": {
            "sn": "00001",
            "brief": "父亲、祖先"
        },
        "6": {
            "sn": "02026",
            "brief": "杀"
        },
        "7": {
            "sn": "00853",
            "brief": "不必翻译"
        },
        "8": {
            "sn": "03605",
            "brief": "全部、整个、各"
        },
        "9": {
            "sn": "00251",
            "brief": "兄弟"
        },
        "10": {
            "sn": "02719",
            "brief": "刀、刀剑"
        },
        "11": {
            "sn": "01571",
            "brief": "也"
        },
        "12": {
            "sn": "08269",
            "brief": "领袖"
        },
        "13": {
            "sn": "03478",
            "brief": "以色列"
        },
        "5": {
            "sn": "02388",
            "brief": "加强、支持、抓住、系紧、强壮、勇敢"
        }
    },
    "12": {
        "14": {
            "sn": "00853",
            "brief": "不必翻译"
        },
        "10": {
            "sn": "02181",
            "brief": "行淫"
        },
        "4": {
            "sn": "02181",
            "brief": "行淫"
        },
        "literal": "乃行以色列诸王的道，使犹大和耶路撒冷居民行淫，像亚哈家行淫，又…你的诸兄弟，(…处填入下行)杀了你父家比你更好的",
        "0": {
            "sn": "01980",
            "brief": "去、行走"
        },
        "1": {
            "sn": "01870",
            "brief": "道路、行为、方向、方法"
        },
        "2": {
            "sn": "04428",
            "brief": "君王、国王"
        },
        "3": {
            "sn": "03478",
            "brief": "以色列"
        },
        "5": {
            "sn": "00853",
            "brief": "不必翻译"
        },
        "6": {
            "sn": "03063",
            "brief": "犹大"
        },
        "7": {
            "sn": "00853",
            "brief": "不必翻译"
        },
        "8": {
            "sn": "03427",
            "brief": "居住、坐、停留"
        },
        "9": {
            "sn": "03389",
            "brief": "耶路撒冷"
        },
        "11": {
            "sn": "01004",
            "brief": "神庙、房屋、殿"
        },
        "12": {
            "sn": "00256",
            "brief": "亚哈"
        },
        "13": {
            "sn": "01571",
            "brief": "也"
        },
        "15": {
            "sn": "00251",
            "brief": "兄弟"
        },
        "16": {
            "sn": "01004",
            "brief": "神庙、房屋、殿"
        },
        "17": {
            "sn": "00001",
            "brief": "父亲、祖先"
        },
        "19": {
            "sn": "04480",
            "brief": "从、出、离"
        },
        "20": {
            "sn": "02026",
            "brief": "杀"
        },
        "18": {
            "sn": "02896",
            "brief": "名词：良善、美好、福乐；形容词：良善的、美好的"
        }
    },
    "14": {
        "6": {
            "sn": "03318",
            "brief": "Qal 出去，Hif‘il 领出"
        },
        "literal": "你自己必因肠子的毛病而生大病，…直到你的肠子掉落出来。』」(…处填入下行)病会日渐加重，",
        "0": {
            "sn": "00859",
            "brief": "你"
        },
        "1": {
            "sn": "02483",
            "brief": "生病"
        },
        "2": {
            "sn": "07227",
            "brief": "I. 形容词：大量的、许多的、充足的，II. 名词：统帅、首领。"
        },
        "3": {
            "sn": "04245",
            "brief": "疾病"
        },
        "4": {
            "sn": "04578",
            "brief": "肚腹、肠子"
        },
        "5": {
            "sn": "05704",
            "brief": "直到"
        },
        "7": {
            "sn": "04578",
            "brief": "肚腹、肠子"
        },
        "8": {
            "sn": "04480",
            "brief": "从、出、离"
        },
        "9": {
            "sn": "02483",
            "brief": "生病"
        },
        "10": {
            "sn": "03117",
            "brief": "日子、时候"
        },
        "11": {
            "sn": "05921",
            "brief": "在…上面"
        },
        "12": {
            "sn": "03117",
            "brief": "日子、时候"
        }
    },
    "1": {
        "literal": "约兰有几个兄弟，就是约沙法的儿子亚撒利雅、和耶歇、和撒迦利亚、和亚撒利雅、和米迦勒、和示法提雅，这些全都是以色列王约沙法的儿子。",
        "0": {
            "sn": "09001",
            "brief": "给、往、向、到、归属于"
        },
        "1": {
            "sn": "00251",
            "brief": "兄弟"
        },
        "2": {
            "sn": "01121",
            "brief": "儿子、孙子、后裔、成员"
        },
        "3": {
            "sn": "03092",
            "brief": "约沙法"
        },
        "4": {
            "sn": "05838",
            "brief": "亚撒利雅"
        },
        "5": {
            "sn": "03171",
            "brief": "耶歇"
        },
        "6": {
            "sn": "02148",
            "brief": "撒迦利亚"
        },
        "7": {
            "sn": "05838",
            "brief": "亚撒利雅"
        },
        "8": {
            "sn": "04317",
            "brief": "米迦勒"
        },
        "9": {
            "sn": "08203",
            "brief": "示法提雅原意为「雅威审判」。"
        },
        "10": {
            "sn": "03605",
            "brief": "全部、整个、各"
        },
        "11": {
            "sn": "00428",
            "brief": "这些"
        },
        "12": {
            "sn": "01121",
            "brief": "儿子、孙子、后裔、成员"
        },
        "13": {
            "sn": "03092",
            "brief": "约沙法"
        },
        "14": {
            "sn": "04428",
            "brief": "君王"
        },
        "15": {
            "sn": "03478",
            "brief": "以色列"
        }
    },
    "9": {
        "literal": "(这样，)以东背叛，脱离犹大的手，直到今日。那时，立拿也背叛，脱离它(指犹大)的手，因为他(指约兰)离弃雅威―他列祖的上帝。",
        "0": {
            "sn": "06586",
            "brief": "悖逆、背叛、违法、犯罪"
        },
        "1": {
            "sn": "00123",
            "brief": "以东"
        },
        "2": {
            "sn": "08478",
            "brief": "1. 名词：位置、地方；2. 介系词：在…之下；3. 介系词：代替、因为"
        },
        "3": {
            "sn": "03027",
            "brief": "手、边、力量、权势"
        },
        "4": {
            "sn": "03063",
            "brief": "犹大"
        },
        "5": {
            "sn": "05704",
            "brief": "直到"
        },
        "6": {
            "sn": "03117",
            "brief": "日子、时候"
        },
        "7": {
            "sn": "02088",
            "brief": "这个"
        },
        "8": {
            "sn": "00227",
            "brief": "那时"
        },
        "9": {
            "sn": "06586",
            "brief": "悖逆、背叛、违法、犯罪"
        },
        "10": {
            "sn": "03841",
            "brief": "立拿"
        },
        "11": {
            "sn": "06256",
            "brief": "时候"
        },
        "12": {
            "sn": "01931",
            "brief": "他，她"
        },
        "13": {
            "sn": "08478",
            "brief": "1. 名词：位置、地方；2. 介系词：在…之下；3. 介系词：代替、因为"
        },
        "14": {
            "sn": "03027",
            "brief": "手、边、力量、权势"
        },
        "15": {
            "sn": "03588",
            "brief": "因为、不必翻译"
        },
        "16": {
            "sn": "05800",
            "brief": "离弃"
        },
        "17": {
            "sn": "00853",
            "brief": "不必翻译"
        },
        "18": {
            "sn": "03068",
            "brief": "上帝的名字「雅威」，犹太人尊称为「上主」"
        },
        "19": {
            "sn": "00430",
            "brief": "上帝、神、神明"
        },
        "20": {
            "sn": "00001",
            "brief": "父亲、祖先"
        }
    }
}