{
    "22": {
        "9": {
            "sn": "09001",
            "brief": "给、往、向、到、归属于"
        },
        "17": {
            "sn": "09001",
            "brief": "给、往、向、到、归属于"
        },
        "literal": "「波斯王塞鲁士如此说：『雅威―天上的上帝已把地上万国赐给我，他委派我…为他建殿。(…处填入下行)在犹大的耶路撒冷你们中间凡作他子民的，愿雅威―他的上帝与他同在，上去！』」",
        "0": {
            "sn": "03541",
            "brief": "如此、这样"
        },
        "1": {
            "sn": "00559",
            "brief": "说"
        },
        "2": {
            "sn": "03566",
            "brief": "塞鲁士"
        },
        "3": {
            "sn": "04428",
            "brief": "君王、国王"
        },
        "4": {
            "sn": "06539",
            "brief": "波斯"
        },
        "5": {
            "sn": "03605",
            "brief": "全部、整个、各"
        },
        "6": {
            "sn": "04467",
            "brief": "国度"
        },
        "7": {
            "sn": "00776",
            "brief": "地、邦国、疆界"
        },
        "8": {
            "sn": "05414",
            "brief": "使、给"
        },
        "10": {
            "sn": "03068",
            "brief": "上帝的名字「雅威」，犹太人尊称为「上主」"
        },
        "11": {
            "sn": "00430",
            "brief": "上帝、神、神明"
        },
        "12": {
            "sn": "08064",
            "brief": "天空"
        },
        "13": {
            "sn": "01931",
            "brief": "他"
        },
        "14": {
            "sn": "06485",
            "brief": "访问、眷顾、惩罚、派定、计算、缺少"
        },
        "15": {
            "sn": "05921",
            "brief": "在…上面"
        },
        "16": {
            "sn": "01129",
            "brief": "建造"
        },
        "18": {
            "sn": "01004",
            "brief": "神庙、房屋、殿"
        },
        "19": {
            "sn": "03389",
            "brief": "耶路撒冷"
        },
        "20": {
            "sn": "00834",
            "brief": "不必翻译"
        },
        "21": {
            "sn": "03063",
            "brief": "犹大"
        },
        "22": {
            "sn": "04310",
            "brief": "谁"
        },
        "23": {
            "sn": "09002",
            "brief": "在、用、藉着、与、敌对"
        },
        "24": {
            "sn": "03605",
            "brief": "全部、整个、各"
        },
        "25": {
            "sn": "05971",
            "brief": "百姓、国民"
        },
        "26": {
            "sn": "03068",
            "brief": "上帝的名字「雅威」，犹太人尊称为「上主」"
        },
        "27": {
            "sn": "00430",
            "brief": "上帝、神、神明"
        },
        "28": {
            "sn": "05973",
            "brief": "跟、和"
        },
        "29": {
            "sn": "05927",
            "brief": "上去、升高、生长、献上"
        }
    },
    "8": {
        "literal": "约雅斤在他登基的时候是八岁之子，在耶路撒冷作王三个月十天，他行雅威眼中(看)为恶的事。",
        "0": {
            "sn": "01121",
            "brief": "儿子、孙子、后裔、成员"
        },
        "1": {
            "sn": "08083",
            "brief": "数目的「八」"
        },
        "2": {
            "sn": "08141",
            "brief": "年"
        },
        "3": {
            "sn": "03078",
            "brief": "约雅斤"
        },
        "4": {
            "sn": "04427",
            "brief": "作王、统治"
        },
        "5": {
            "sn": "07969",
            "brief": "数目的「三」"
        },
        "6": {
            "sn": "02320",
            "brief": "月朔、新月"
        },
        "7": {
            "sn": "06235",
            "brief": "数目的「十」"
        },
        "8": {
            "sn": "03117",
            "brief": "日子、时候"
        },
        "9": {
            "sn": "04427",
            "brief": "作王、统治"
        },
        "10": {
            "sn": "03389",
            "brief": "耶路撒冷"
        },
        "11": {
            "sn": "06213",
            "brief": "做"
        },
        "12": {
            "sn": "07451",
            "brief": "邪恶"
        },
        "13": {
            "sn": "05869",
            "brief": "眼目、眼睛"
        },
        "14": {
            "sn": "03068",
            "brief": "上帝的名字「雅威」，犹太人尊称为「上主」"
        }
    },
    "16": {
        "4": {
            "sn": "03778",
            "brief": "迦勒底、迦勒底人"
        },
        "literal": "雅威就使迦勒底人的王上来攻击他们，在他们圣所的殿里用刀杀了他们的壮丁，不怜恤少男和处女、老人和白叟，将所有的人都交在他手里。",
        "0": {
            "sn": "05927",
            "brief": "上去、升高、生长、献上"
        },
        "1": {
            "sn": "05921",
            "brief": "在…上面"
        },
        "2": {
            "sn": "00854",
            "brief": "与、跟"
        },
        "3": {
            "sn": "04428",
            "brief": "君王、国王"
        },
        "5": {
            "sn": "02026",
            "brief": "杀戮"
        },
        "6": {
            "sn": "00970",
            "brief": "年轻人"
        },
        "7": {
            "sn": "02719",
            "brief": "刀、刀剑"
        },
        "8": {
            "sn": "01004",
            "brief": "殿、房屋、家"
        },
        "9": {
            "sn": "04720",
            "brief": "圣所、神圣地方"
        },
        "11": {
            "sn": "02550",
            "brief": "顾惜、怜悯"
        },
        "12": {
            "sn": "05921",
            "brief": "在…上面"
        },
        "13": {
            "sn": "00970",
            "brief": "年轻人"
        },
        "14": {
            "sn": "01330",
            "brief": "处女"
        },
        "15": {
            "sn": "02205",
            "brief": "年老的"
        },
        "16": {
            "sn": "03486",
            "brief": "上年纪的"
        },
        "17": {
            "sn": "03605",
            "brief": "全部、整个、各"
        },
        "18": {
            "sn": "05414",
            "brief": "使、给"
        },
        "19": {
            "sn": "03027",
            "brief": "手、边、力量、权势"
        },
        "10": {
            "sn": "03808",
            "brief": "不"
        }
    },
    "21": {
        "0": {
            "sn": "08141",
            "brief": "年"
        },
        "1": {
            "sn": "00259",
            "brief": "数目的「一」"
        },
        "2": {
            "sn": "03566",
            "brief": "塞鲁士"
        },
        "3": {
            "sn": "04428",
            "brief": "君王、国王"
        },
        "4": {
            "sn": "06539",
            "brief": "波斯"
        },
        "6": {
            "sn": "01697",
            "brief": "话语、事情、言论"
        },
        "literal": "波斯王塞鲁士元年，为要应验雅威藉耶利米的口(所说)的话，雅威激动波斯王塞鲁士的灵，他就使声音和文件传遍他全部的国度，说：",
        "7": {
            "sn": "03068",
            "brief": "上帝的名字「雅威」，犹太人尊称为「上主」"
        },
        "8": {
            "sn": "06310",
            "brief": "口、命令、末端、沿岸、比例"
        },
        "9": {
            "sn": "03414",
            "brief": "耶利米"
        },
        "11": {
            "sn": "03068",
            "brief": "上帝的名字「雅威」，犹太人尊称为「上主」"
        },
        "12": {
            "sn": "00853",
            "brief": "不必翻译"
        },
        "13": {
            "sn": "07307",
            "brief": "风、灵、气息"
        },
        "14": {
            "sn": "03566",
            "brief": "塞鲁士"
        },
        "15": {
            "sn": "04428",
            "brief": "君王、国王"
        },
        "16": {
            "sn": "06539",
            "brief": "波斯"
        },
        "18": {
            "sn": "06963",
            "brief": "声音"
        },
        "19": {
            "sn": "03605",
            "brief": "全部、整个、各"
        },
        "20": {
            "sn": "04438",
            "brief": "王位、王国、国度"
        },
        "21": {
            "sn": "01571",
            "brief": "也"
        },
        "22": {
            "sn": "04385",
            "brief": "文件、书写"
        },
        "23": {
            "sn": "00559",
            "brief": "说"
        },
        "24": {
            "sn": "09014",
            "brief": "关闭的意思"
        },
        "5": {
            "sn": "03615",
            "brief": "Qal 完成、结束、停止，Pi‘el 完成、毁坏、根除"
        },
        "10": {
            "sn": "05782",
            "brief": "兴起、醒起"
        },
        "17": {
            "sn": "05674",
            "brief": "经过、穿越、涨溢、离开、拿走、违犯、废除"
        }
    },
    "13": {
        "11": {
            "sn": "02930",
            "brief": "玷污、变为不洁净"
        },
        "0": {
            "sn": "01571",
            "brief": "也"
        },
        "literal": "众祭司长和百姓也大大犯罪，效法外邦人一切可憎的事，玷污雅威在耶路撒冷分别为圣的殿。",
        "1": {
            "sn": "03605",
            "brief": "全部、整个、各"
        },
        "2": {
            "sn": "08269",
            "brief": "领袖"
        },
        "3": {
            "sn": "03548",
            "brief": "祭司"
        },
        "4": {
            "sn": "05971",
            "brief": "百姓、国家"
        },
        "6": {
            "sn": "04603",
            "brief": "背叛、犯罪、不忠"
        },
        "7": {
            "sn": "04604",
            "brief": "行为奸诈、犯罪"
        },
        "8": {
            "sn": "03605",
            "brief": "全部、整个、各"
        },
        "9": {
            "sn": "08441",
            "brief": "憎恶"
        },
        "10": {
            "sn": "01471",
            "brief": "国家、人民"
        },
        "12": {
            "sn": "00853",
            "brief": "不必翻译"
        },
        "13": {
            "sn": "01004",
            "brief": "殿、房子、家"
        },
        "14": {
            "sn": "03068",
            "brief": "上帝的名字「雅威」，犹太人尊称为「上主」"
        },
        "15": {
            "sn": "00834",
            "brief": "不必翻译"
        },
        "17": {
            "sn": "03389",
            "brief": "耶路撒冷"
        },
        "5": {
            "sn": "07235",
            "brief": "变多、多"
        },
        "16": {
            "sn": "06942",
            "brief": "分别为圣、把…奉献给上帝"
        }
    },
    "20": {
        "0": {
            "sn": "04390",
            "brief": "充满"
        },
        "14": {
            "sn": "04390",
            "brief": "充满"
        },
        "5": {
            "sn": "05704",
            "brief": "直到"
        },
        "literal": "这就应验雅威藉耶利米的口(所说)的话，直到这地享受它(原文用阴性，指地，下同)的安息；在它被荒废的一切日子得安息，直到满了七十年。",
        "1": {
            "sn": "01697",
            "brief": "话语、事情、言论"
        },
        "2": {
            "sn": "03068",
            "brief": "上帝的名字「雅威」，犹太人尊称为「上主」"
        },
        "3": {
            "sn": "06310",
            "brief": "口、命令、末端、沿岸、比例"
        },
        "4": {
            "sn": "03414",
            "brief": "耶利米"
        },
        "6": {
            "sn": "07521",
            "brief": "喜悦"
        },
        "7": {
            "sn": "00776",
            "brief": "地、邦国、疆界"
        },
        "8": {
            "sn": "00853",
            "brief": "不必翻译"
        },
        "9": {
            "sn": "07676",
            "brief": "安息日"
        },
        "10": {
            "sn": "03605",
            "brief": "全部、整个、各"
        },
        "11": {
            "sn": "03117",
            "brief": "日子、时候"
        },
        "13": {
            "sn": "07673",
            "brief": "止息、停止"
        },
        "15": {
            "sn": "07657",
            "brief": "数目的「七十」"
        },
        "16": {
            "sn": "08141",
            "brief": "年"
        },
        "17": {
            "sn": "09015",
            "brief": "开的意思"
        },
        "12": {
            "sn": "08074",
            "brief": "惊骇、荒芜"
        }
    },
    "15": {
        "1": {
            "sn": "03931",
            "brief": "嘲笑"
        },
        "literal": "他们却成为嘲笑上帝使者、…的人，(…处填入下行)藐视他言语、嘲弄他先知直到雅威的忿怒向他的百姓升起，直到无法医治。",
        "0": {
            "sn": "01961",
            "brief": "是、成为、临到"
        },
        "2": {
            "sn": "04397",
            "brief": "使者"
        },
        "3": {
            "sn": "00430",
            "brief": "上帝、神、神明"
        },
        "4": {
            "sn": "00959",
            "brief": "轻视"
        },
        "5": {
            "sn": "01697",
            "brief": "话语、事情、言论"
        },
        "6": {
            "sn": "08591",
            "brief": "欺骗、嘲弄"
        },
        "7": {
            "sn": "05030",
            "brief": "先知"
        },
        "8": {
            "sn": "05704",
            "brief": "直到"
        },
        "9": {
            "sn": "05927",
            "brief": "上去、升高、生长、献上"
        },
        "10": {
            "sn": "02534",
            "brief": "怒气、热"
        },
        "11": {
            "sn": "03068",
            "brief": "上帝的名字「雅威」，犹太人尊称为「上主」"
        },
        "12": {
            "sn": "05971",
            "brief": "百姓、国民"
        },
        "13": {
            "sn": "05704",
            "brief": "直到"
        },
        "14": {
            "sn": "00369",
            "brief": "不存在、没有"
        },
        "15": {
            "sn": "04832",
            "brief": "医治"
        }
    },
    "18": {
        "15": {
            "sn": "07843",
            "brief": "毁灭"
        },
        "4": {
            "sn": "05422",
            "brief": "拆毁"
        },
        "literal": "他们焚烧上帝的殿，拆毁耶路撒冷的城墙，用火烧了它(原文用阴性，指城，下同)里面一切的宫殿，使它一切宝贵的器皿都毁坏了。",
        "0": {
            "sn": "08313",
            "brief": "燃烧"
        },
        "1": {
            "sn": "00853",
            "brief": "不必翻译"
        },
        "2": {
            "sn": "01004",
            "brief": "殿、房屋、家"
        },
        "3": {
            "sn": "00430",
            "brief": "上帝、神、神明"
        },
        "5": {
            "sn": "00853",
            "brief": "不必翻译"
        },
        "6": {
            "sn": "02346",
            "brief": "城墙、墙"
        },
        "7": {
            "sn": "03389",
            "brief": "耶路撒冷"
        },
        "8": {
            "sn": "03605",
            "brief": "全部、整个、各"
        },
        "9": {
            "sn": "00759",
            "brief": "堡垒、宫殿"
        },
        "10": {
            "sn": "08313",
            "brief": "燃烧"
        },
        "11": {
            "sn": "00784",
            "brief": "火"
        },
        "12": {
            "sn": "03605",
            "brief": "全部、整个、各"
        },
        "13": {
            "sn": "03627",
            "brief": "器具"
        },
        "14": {
            "sn": "04261",
            "brief": "喜爱、悦人的、珍贵的事务"
        },
        "16": {
            "sn": "09014",
            "brief": "关闭的意思"
        }
    },
    "7": {
        "14": {
            "sn": "03063",
            "brief": "犹大"
        },
        "0": {
            "sn": "03499",
            "brief": "I. 1. 名词：剩下，2. 副词：优秀、丰富，II. 绳、弦"
        },
        "1": {
            "sn": "01697",
            "brief": "话语、事情"
        },
        "2": {
            "sn": "03079",
            "brief": "约雅敬"
        },
        "3": {
            "sn": "08441",
            "brief": "憎恶"
        },
        "4": {
            "sn": "00834",
            "brief": "不必翻译"
        },
        "5": {
            "sn": "06213",
            "brief": "做"
        },
        "6": {
            "sn": "04672",
            "brief": "寻找、追上、获得、发现"
        },
        "7": {
            "sn": "05921",
            "brief": "在…上面、敌对"
        },
        "8": {
            "sn": "02009",
            "brief": "看哪"
        },
        "9": {
            "sn": "03789",
            "brief": "写"
        },
        "10": {
            "sn": "05921",
            "brief": "在…上面、敌对"
        },
        "11": {
            "sn": "05612",
            "brief": "书卷"
        },
        "12": {
            "sn": "04428",
            "brief": "君王"
        },
        "13": {
            "sn": "03478",
            "brief": "以色列"
        },
        "15": {
            "sn": "04427",
            "brief": "作王、统治"
        },
        "16": {
            "sn": "03078",
            "brief": "约雅斤"
        },
        "17": {
            "sn": "01121",
            "brief": "儿子、孙子、后裔、成员"
        },
        "18": {
            "sn": "08478",
            "brief": "1. 名词：位置、地方；2. 介系词：在…之下；3. 介系词：代替、因为"
        },
        "19": {
            "sn": "09015",
            "brief": "开的意思"
        },
        "literal": "约雅敬其余的事和他所做的他的可憎之事，并所发现针对他的一切，看哪，它们(都)被写在…书上。(…处填入下行)《以色列和犹大列王记》的他儿子约雅斤接续他作王。"
    },
    "3": {
        "9": {
            "sn": "05437",
            "brief": "环绕、游行、转"
        },
        "2": {
            "sn": "04714",
            "brief": "埃及"
        },
        "3": {
            "sn": "00853",
            "brief": "不必翻译"
        },
        "18": {
            "sn": "00935",
            "brief": "来、进入、临到、发生"
        },
        "4": {
            "sn": "00471",
            "brief": "以利亚敬"
        },
        "5": {
            "sn": "00251",
            "brief": "兄弟"
        },
        "6": {
            "sn": "05921",
            "brief": "在…上面、敌对"
        },
        "7": {
            "sn": "03063",
            "brief": "犹大"
        },
        "8": {
            "sn": "03389",
            "brief": "耶路撒冷"
        },
        "10": {
            "sn": "00853",
            "brief": "不必翻译"
        },
        "11": {
            "sn": "08034",
            "brief": "名字"
        },
        "12": {
            "sn": "03079",
            "brief": "约雅敬"
        },
        "13": {
            "sn": "00854",
            "brief": "跟、靠近"
        },
        "14": {
            "sn": "03099",
            "brief": "约哈斯"
        },
        "15": {
            "sn": "00251",
            "brief": "兄弟"
        },
        "16": {
            "sn": "03947",
            "brief": "取、娶、拿"
        },
        "17": {
            "sn": "06549",
            "brief": "尼哥"
        },
        "19": {
            "sn": "04714",
            "brief": "埃及"
        },
        "20": {
            "sn": "09015",
            "brief": "开的意思"
        },
        "literal": "埃及王立他(指约哈斯)的兄弟以利亚敬作王治理犹大和耶路撒冷，将他的名字改为约雅敬，尼哥抓了他(指约雅敬)的兄弟约哈斯，把他(指约哈斯)带到埃及去了。",
        "0": {
            "sn": "04427",
            "brief": "作王、统治"
        },
        "1": {
            "sn": "04428",
            "brief": "君王"
        }
    },
    "10": {
        "0": {
            "sn": "01121",
            "brief": "儿子、孙子、后裔、成员"
        },
        "1": {
            "sn": "06242",
            "brief": "数目的「二十」"
        },
        "2": {
            "sn": "00259",
            "brief": "数目的「一」"
        },
        "3": {
            "sn": "08141",
            "brief": "年"
        },
        "4": {
            "sn": "06667",
            "brief": "西底家"
        },
        "5": {
            "sn": "04427",
            "brief": "作王、统治"
        },
        "6": {
            "sn": "00259",
            "brief": "数目的「一」"
        },
        "7": {
            "sn": "06240",
            "brief": "数目的「十」"
        },
        "8": {
            "sn": "08141",
            "brief": "年"
        },
        "9": {
            "sn": "04427",
            "brief": "作王、统治"
        },
        "10": {
            "sn": "03389",
            "brief": "耶路撒冷"
        },
        "literal": "西底家在他登基的时候是二十一岁之子，在耶路撒冷作王十一年，"
    },
    "5": {
        "literal": "巴比伦王尼布甲尼撒上来攻击他，用铜炼锁着他，要将他带到巴比伦去。",
        "7": {
            "sn": "01980",
            "brief": "去、行走"
        },
        "0": {
            "sn": "05921",
            "brief": "在…上面、敌对"
        },
        "1": {
            "sn": "05927",
            "brief": "上去、升高、生长、献上"
        },
        "2": {
            "sn": "05019",
            "brief": "尼布甲尼撒"
        },
        "3": {
            "sn": "04428",
            "brief": "君王"
        },
        "4": {
            "sn": "00894",
            "brief": "巴比伦、巴别"
        },
        "5": {
            "sn": "00631",
            "brief": "系、捆绑、绑住"
        },
        "6": {
            "sn": "05178",
            "brief": "铜"
        },
        "8": {
            "sn": "00894",
            "brief": "巴比伦、巴别"
        }
    },
    "1": {
        "literal": "约哈斯在他登基的时候是二十三岁之子，在耶路撒冷作王三个月。",
        "0": {
            "sn": "01121",
            "brief": "儿子、孙子、后裔、成员"
        },
        "1": {
            "sn": "07969",
            "brief": "数目的「三」"
        },
        "2": {
            "sn": "06242",
            "brief": "数目的「二十」"
        },
        "3": {
            "sn": "08141",
            "brief": "年"
        },
        "4": {
            "sn": "03099",
            "brief": "约哈斯"
        },
        "5": {
            "sn": "04427",
            "brief": "作王、统治"
        },
        "6": {
            "sn": "07969",
            "brief": "数目的「三」"
        },
        "7": {
            "sn": "02320",
            "brief": "月朔、新月"
        },
        "8": {
            "sn": "04427",
            "brief": "作王、统治"
        },
        "9": {
            "sn": "03389",
            "brief": "耶路撒冷"
        }
    },
    "0": {
        "0": {
            "sn": "03947",
            "brief": "取、娶、拿"
        },
        "1": {
            "sn": "05971",
            "brief": "百姓、国家"
        },
        "2": {
            "sn": "00776",
            "brief": "地、邦国、疆界"
        },
        "3": {
            "sn": "00853",
            "brief": "不必翻译"
        },
        "4": {
            "sn": "03059",
            "brief": "约哈斯"
        },
        "5": {
            "sn": "01121",
            "brief": "儿子、孙子、后裔、成员"
        },
        "6": {
            "sn": "02977",
            "brief": "约西亚"
        },
        "7": {
            "sn": "04427",
            "brief": "作王、统治"
        },
        "literal": "这地的百姓立约西亚的儿子约哈斯，使他接续他父亲在耶路撒冷作王。",
        "8": {
            "sn": "08478",
            "brief": "1. 名词：位置、地方；2. 介系词：在…之下；3. 介系词：代替、因为"
        },
        "9": {
            "sn": "00001",
            "brief": "父亲、祖先"
        },
        "10": {
            "sn": "03389",
            "brief": "耶路撒冷"
        }
    },
    "2": {
        "literal": "埃及王在耶路撒冷废了他，又罚这地一百他连得银子和一他连得金子。",
        "0": {
            "sn": "05493",
            "brief": "转离、除去"
        },
        "1": {
            "sn": "04428",
            "brief": "君王"
        },
        "2": {
            "sn": "04714",
            "brief": "埃及"
        },
        "3": {
            "sn": "03389",
            "brief": "耶路撒冷"
        },
        "4": {
            "sn": "06064",
            "brief": "罚"
        },
        "5": {
            "sn": "00853",
            "brief": "不必翻译"
        },
        "6": {
            "sn": "00776",
            "brief": "地、邦国、疆界"
        },
        "7": {
            "sn": "03967",
            "brief": "数目的「一百」"
        },
        "8": {
            "sn": "03603",
            "brief": "圆形物、圆形区域、他连得"
        },
        "9": {
            "sn": "03701",
            "brief": "银子、钱"
        },
        "10": {
            "sn": "03603",
            "brief": "圆形物、圆形区域、他连得"
        },
        "11": {
            "sn": "02091",
            "brief": "金"
        }
    },
    "12": {
        "12": {
            "sn": "03824",
            "brief": "心"
        },
        "5": {
            "sn": "07650",
            "brief": "Qal Nif‘al 发誓，Hif‘il 使起誓、嘱咐"
        },
        "7": {
            "sn": "07185",
            "brief": "艰难、艰苦、使固执"
        },
        "literal": "连…尼布甲尼撒王，他也背叛，(…处填入下行)曾使他指着上帝起誓的硬着他的颈项，硬着他的心，不归向雅威―以色列的上帝。",
        "0": {
            "sn": "01571",
            "brief": "也"
        },
        "1": {
            "sn": "04428",
            "brief": "君王"
        },
        "2": {
            "sn": "05019",
            "brief": "尼布甲尼撒"
        },
        "3": {
            "sn": "04775",
            "brief": "背叛"
        },
        "4": {
            "sn": "00834",
            "brief": "不必翻译"
        },
        "6": {
            "sn": "00430",
            "brief": "上帝、神、神明"
        },
        "8": {
            "sn": "00853",
            "brief": "不必翻译"
        },
        "9": {
            "sn": "06203",
            "brief": "颈项、背"
        },
        "11": {
            "sn": "00853",
            "brief": "不必翻译"
        },
        "14": {
            "sn": "00413",
            "brief": "向、往"
        },
        "15": {
            "sn": "03068",
            "brief": "上帝的名字「雅威」，犹太人尊称为「上主」"
        },
        "16": {
            "sn": "00430",
            "brief": "上帝、神、神明"
        },
        "17": {
            "sn": "03478",
            "brief": "以色列"
        },
        "10": {
            "sn": "00553",
            "brief": "Qal 是强壮的、勇敢的，Pi‘el 坚立、确立"
        },
        "13": {
            "sn": "07725",
            "brief": "Qal 回复、回转、重复，Po‘lel 带回、复兴、更新，Hif‘il 回报、报告、带回"
        }
    },
    "14": {
        "9": {
            "sn": "03588",
            "brief": "因为、不必翻译"
        },
        "literal": "雅威―他们列祖的上帝…送(信)给他们。(…处填入下二行)…藉使者的手经常不断地(…处填入下行)…因为爱惜自己的民和他的居所，",
        "0": {
            "sn": "07971",
            "brief": "差遣、释放、送走、伸出、伸展"
        },
        "1": {
            "sn": "03068",
            "brief": "上帝的名字「雅威」，犹太人尊称为「上主」"
        },
        "2": {
            "sn": "00430",
            "brief": "上帝、神、神明"
        },
        "3": {
            "sn": "00001",
            "brief": "父亲、祖先"
        },
        "4": {
            "sn": "05921",
            "brief": "在…上面"
        },
        "5": {
            "sn": "03027",
            "brief": "手、边、力量、权势"
        },
        "6": {
            "sn": "04397",
            "brief": "使者"
        },
        "8": {
            "sn": "07971",
            "brief": "差遣、释放、送走、伸出、伸展"
        },
        "10": {
            "sn": "02550",
            "brief": "顾惜、怜悯"
        },
        "11": {
            "sn": "05921",
            "brief": "在…上面"
        },
        "12": {
            "sn": "05971",
            "brief": "百姓、国民"
        },
        "13": {
            "sn": "05921",
            "brief": "在…上面"
        },
        "14": {
            "sn": "04583",
            "brief": "栖身处"
        },
        "7": {
            "sn": "07925",
            "brief": "Hif‘il 早起"
        }
    },
    "19": {
        "literal": "他把脱离刀剑的幸存者掳到巴比伦去，他们就作他和他子孙的仆人，直到波斯国掌权。",
        "0": {
            "sn": "01540",
            "brief": "显露、揭开、移除、迁移"
        },
        "1": {
            "sn": "07611",
            "brief": "剩余"
        },
        "2": {
            "sn": "04480",
            "brief": "从、出、离"
        },
        "3": {
            "sn": "02719",
            "brief": "刀、刀剑"
        },
        "4": {
            "sn": "00413",
            "brief": "向、往"
        },
        "5": {
            "sn": "00894",
            "brief": "巴比伦"
        },
        "6": {
            "sn": "01961",
            "brief": "是、成为、临到"
        },
        "7": {
            "sn": "09001",
            "brief": "给、往、向、到、归属于"
        },
        "8": {
            "sn": "01121",
            "brief": "儿子、孙子、后裔、成员"
        },
        "9": {
            "sn": "05650",
            "brief": "仆人、奴隶"
        },
        "10": {
            "sn": "05704",
            "brief": "直到"
        },
        "11": {
            "sn": "04427",
            "brief": "作王、统治"
        },
        "12": {
            "sn": "04438",
            "brief": "王位、王国、国度"
        },
        "13": {
            "sn": "06539",
            "brief": "波斯"
        }
    },
    "9": {
        "literal": "过了一年，尼布甲尼撒王派人将他(指约雅斤，下同)和雅威殿里各样宝贵的器皿带到巴比伦，就立他的亲族西底家作王治理犹大和耶路撒冷。",
        "0": {
            "sn": "08666",
            "brief": "一年的结束、一年的回复"
        },
        "1": {
            "sn": "08141",
            "brief": "年"
        },
        "2": {
            "sn": "07971",
            "brief": "差遣、释放、送走、伸出、伸展"
        },
        "3": {
            "sn": "04428",
            "brief": "君王"
        },
        "4": {
            "sn": "05019",
            "brief": "尼布甲尼撒"
        },
        "6": {
            "sn": "00894",
            "brief": "巴比伦、巴别"
        },
        "7": {
            "sn": "05973",
            "brief": "跟"
        },
        "8": {
            "sn": "03627",
            "brief": "器皿、器械、器具、乐器"
        },
        "9": {
            "sn": "02532",
            "brief": "喜爱之物"
        },
        "10": {
            "sn": "01004",
            "brief": "殿、房子、家"
        },
        "11": {
            "sn": "03068",
            "brief": "上帝的名字「雅威」，犹太人尊称为「上主」"
        },
        "13": {
            "sn": "00853",
            "brief": "不必翻译"
        },
        "14": {
            "sn": "06667",
            "brief": "西底家"
        },
        "15": {
            "sn": "00251",
            "brief": "兄弟"
        },
        "16": {
            "sn": "05921",
            "brief": "在…上面、敌对"
        },
        "17": {
            "sn": "03063",
            "brief": "犹大"
        },
        "18": {
            "sn": "03389",
            "brief": "耶路撒冷"
        },
        "19": {
            "sn": "09015",
            "brief": "开的意思"
        },
        "5": {
            "sn": "00935",
            "brief": "来、进入、临到、发生"
        },
        "12": {
            "sn": "04427",
            "brief": "作王、统治"
        }
    },
    "4": {
        "literal": "约雅敬在他登基的时候是二十五岁之子，在耶路撒冷作王十一年，他行雅威―他上帝眼中(看)为恶的事。",
        "0": {
            "sn": "01121",
            "brief": "儿子、孙子、后裔、成员"
        },
        "1": {
            "sn": "06242",
            "brief": "数目的「二十」"
        },
        "2": {
            "sn": "02568",
            "brief": "数目的「五」"
        },
        "3": {
            "sn": "08141",
            "brief": "年"
        },
        "4": {
            "sn": "03079",
            "brief": "约雅敬"
        },
        "5": {
            "sn": "04427",
            "brief": "作王、统治"
        },
        "6": {
            "sn": "00259",
            "brief": "数目的「一」"
        },
        "7": {
            "sn": "06240",
            "brief": "数目的「十」"
        },
        "8": {
            "sn": "08141",
            "brief": "年"
        },
        "9": {
            "sn": "04427",
            "brief": "作王、统治"
        },
        "10": {
            "sn": "03389",
            "brief": "耶路撒冷"
        },
        "11": {
            "sn": "06213",
            "brief": "做"
        },
        "12": {
            "sn": "07451",
            "brief": "邪恶"
        },
        "13": {
            "sn": "05869",
            "brief": "眼目、眼睛"
        },
        "14": {
            "sn": "03068",
            "brief": "上帝的名字「雅威」，犹太人尊称为「上主」"
        },
        "15": {
            "sn": "00430",
            "brief": "上帝、神、神明"
        }
    },
    "11": {
        "5": {
            "sn": "03808",
            "brief": "不"
        },
        "literal": "他行雅威―他上帝眼中(看)为恶的事，在出于雅威的口的先知耶利米面前不自卑。",
        "0": {
            "sn": "06213",
            "brief": "做"
        },
        "1": {
            "sn": "07451",
            "brief": "邪恶"
        },
        "2": {
            "sn": "05869",
            "brief": "眼目、眼睛"
        },
        "3": {
            "sn": "03068",
            "brief": "上帝的名字「雅威」，犹太人尊称为「上主」"
        },
        "4": {
            "sn": "00430",
            "brief": "上帝、神、神明"
        },
        "6": {
            "sn": "03665",
            "brief": "制止、使变低微"
        },
        "7": {
            "sn": "03942",
            "brief": "在…前面"
        },
        "8": {
            "sn": "03414",
            "brief": "耶利米"
        },
        "9": {
            "sn": "05030",
            "brief": "先知"
        },
        "10": {
            "sn": "06310",
            "brief": "口、命令、末端、沿岸、比例"
        },
        "11": {
            "sn": "03068",
            "brief": "上帝的名字「雅威」，犹太人尊称为「上主」"
        }
    },
    "6": {
        "3": {
            "sn": "00935",
            "brief": "来、进入、临到、发生"
        },
        "literal": "尼布甲尼撒又将雅威殿里的一些器皿带到巴比伦，把它们放在巴比伦他自己的宫殿里。",
        "0": {
            "sn": "03627",
            "brief": "器皿、器械、器具、乐器"
        },
        "1": {
            "sn": "01004",
            "brief": "殿、房子、家"
        },
        "2": {
            "sn": "03068",
            "brief": "上帝的名字「雅威」，犹太人尊称为「上主」"
        },
        "4": {
            "sn": "05019",
            "brief": "尼布甲尼撒"
        },
        "5": {
            "sn": "00895",
            "brief": "巴比伦"
        },
        "6": {
            "sn": "05414",
            "brief": "给"
        },
        "7": {
            "sn": "01964",
            "brief": "圣殿、宫殿"
        },
        "8": {
            "sn": "00894",
            "brief": "巴比伦、巴别"
        }
    },
    "17": {
        "literal": "上帝殿里的器皿，不论大小，与雅威殿里的财宝，并王和众首领的财宝，这一切他都带到巴比伦去了。",
        "0": {
            "sn": "03605",
            "brief": "全部、整个、各"
        },
        "1": {
            "sn": "03627",
            "brief": "器具"
        },
        "2": {
            "sn": "01004",
            "brief": "殿、房屋、家"
        },
        "3": {
            "sn": "00430",
            "brief": "上帝、神、神明"
        },
        "4": {
            "sn": "01419",
            "brief": "大的、伟大的"
        },
        "5": {
            "sn": "06996",
            "brief": "小的"
        },
        "6": {
            "sn": "00214",
            "brief": "财宝、仓库"
        },
        "7": {
            "sn": "01004",
            "brief": "殿、房屋、家"
        },
        "8": {
            "sn": "03068",
            "brief": "上帝的名字「雅威」，犹太人尊称为「上主」"
        },
        "9": {
            "sn": "00214",
            "brief": "财宝、仓库"
        },
        "10": {
            "sn": "04428",
            "brief": "君王、国王"
        },
        "11": {
            "sn": "08269",
            "brief": "领袖"
        },
        "12": {
            "sn": "03605",
            "brief": "全部、整个、各"
        },
        "14": {
            "sn": "00894",
            "brief": "巴比伦"
        },
        "13": {
            "sn": "00935",
            "brief": "来、进入、临到、发生"
        }
    }
}