{
    "18": {
        "5": {
            "sn": "05892",
            "brief": "城邑、城镇"
        },
        "8": {
            "sn": "05892",
            "brief": "城邑、城镇"
        },
        "literal": "为了…亚伦子孙的祭司，(…处填入下行)住在各城郊野的在各城里都有按名指定的人把应得的份分发给祭司中所有的男子，和一切载入家谱的利未人。",
        "0": {
            "sn": "01121",
            "brief": "儿子、孙子、后裔、成员"
        },
        "1": {
            "sn": "00175",
            "brief": "亚伦"
        },
        "2": {
            "sn": "03548",
            "brief": "祭司"
        },
        "3": {
            "sn": "07704",
            "brief": "田地"
        },
        "4": {
            "sn": "04054",
            "brief": "空地、郊区"
        },
        "6": {
            "sn": "03605",
            "brief": "全部、整个、各"
        },
        "7": {
            "sn": "05892",
            "brief": "城邑、城镇"
        },
        "9": {
            "sn": "00376",
            "brief": "各人、人、男人、丈夫"
        },
        "10": {
            "sn": "00834",
            "brief": "不必翻译"
        },
        "11": {
            "sn": "05344",
            "brief": "刺、指定"
        },
        "12": {
            "sn": "08034",
            "brief": "名字"
        },
        "13": {
            "sn": "05414",
            "brief": "使、给"
        },
        "14": {
            "sn": "04490",
            "brief": "份"
        },
        "15": {
            "sn": "03605",
            "brief": "全部、整个、各"
        },
        "16": {
            "sn": "02145",
            "brief": "男人、男的"
        },
        "17": {
            "sn": "03548",
            "brief": "祭司"
        },
        "18": {
            "sn": "03605",
            "brief": "全部、整个、各"
        },
        "20": {
            "sn": "03881",
            "brief": "利未人"
        },
        "19": {
            "sn": "03187",
            "brief": "登录于家谱"
        }
    },
    "0": {
        "31": {
            "sn": "05892",
            "brief": "城邑、城镇"
        },
        "6": {
            "sn": "04672",
            "brief": "寻找、追上、获得、发现"
        },
        "24": {
            "sn": "03615",
            "brief": "Qal 完成、结束、停止，Pi‘el 完成、毁坏、根除"
        },
        "9": {
            "sn": "07665",
            "brief": "Qal 拆毁、折断、打碎，Nif‘al 遭破坏、被折断，Hif‘il 使生产"
        },
        "0": {
            "sn": "03615",
            "brief": "Qal 完成、结束、停止，Pi‘el 完成、毁坏、根除"
        },
        "literal": "这事完毕的时候，以色列众人就出去，出现在犹大的城邑，打碎柱像，砍断木偶，…把丘坛和祭坛拆毁净尽，(…处填入下行)又在犹大、便雅悯、以法莲、玛拿西全地于是以色列众人各自回自己的地业和他们的城市。",
        "1": {
            "sn": "03605",
            "brief": "全部、整个、各"
        },
        "2": {
            "sn": "02063",
            "brief": "这个"
        },
        "3": {
            "sn": "03318",
            "brief": "出去"
        },
        "4": {
            "sn": "03605",
            "brief": "全部、整个、各"
        },
        "5": {
            "sn": "03478",
            "brief": "以色列"
        },
        "7": {
            "sn": "05892",
            "brief": "城邑、城镇"
        },
        "8": {
            "sn": "03063",
            "brief": "犹大"
        },
        "11": {
            "sn": "01438",
            "brief": "砍断"
        },
        "10": {
            "sn": "04676",
            "brief": "柱"
        },
        "12": {
            "sn": "00842",
            "brief": "木偶、亚舍拉"
        },
        "14": {
            "sn": "00853",
            "brief": "不必翻译"
        },
        "15": {
            "sn": "01116",
            "brief": "高处、邱坛"
        },
        "16": {
            "sn": "00853",
            "brief": "不必翻译"
        },
        "17": {
            "sn": "04196",
            "brief": "祭坛"
        },
        "18": {
            "sn": "03605",
            "brief": "全部、整个、各"
        },
        "19": {
            "sn": "03063",
            "brief": "犹大"
        },
        "20": {
            "sn": "01144",
            "brief": "便雅悯"
        },
        "21": {
            "sn": "00669",
            "brief": "以法莲"
        },
        "22": {
            "sn": "04519",
            "brief": "玛拿西"
        },
        "23": {
            "sn": "05704",
            "brief": "直到、甚至"
        },
        "26": {
            "sn": "03605",
            "brief": "全部、整个、各"
        },
        "27": {
            "sn": "01121",
            "brief": "儿子、孙子、后裔、成员"
        },
        "28": {
            "sn": "03478",
            "brief": "以色列"
        },
        "29": {
            "sn": "00376",
            "brief": "各人、人、男人、丈夫"
        },
        "30": {
            "sn": "00272",
            "brief": "土地、产业"
        },
        "13": {
            "sn": "05422",
            "brief": "拆毁"
        },
        "32": {
            "sn": "09014",
            "brief": "关闭的意思"
        },
        "25": {
            "sn": "07725",
            "brief": "Qal 回复、回转、重复，Po‘lel 带回、复兴、更新，Hif‘il 回报、报告、带回"
        }
    },
    "5": {
        "4": {
            "sn": "05892",
            "brief": "城邑、城镇"
        },
        "literal": "住犹大各城的以色列人和犹大人也将他们牛和羊的十分之一，并分别为圣归雅威―他们上帝之物，就是十分取一之物，尽都送来，积成堆垒；",
        "0": {
            "sn": "01121",
            "brief": "儿子、孙子、后裔、成员"
        },
        "1": {
            "sn": "03478",
            "brief": "以色列"
        },
        "2": {
            "sn": "03063",
            "brief": "犹大"
        },
        "3": {
            "sn": "03427",
            "brief": "居住、坐、停留"
        },
        "5": {
            "sn": "03063",
            "brief": "犹大"
        },
        "6": {
            "sn": "01571",
            "brief": "也"
        },
        "7": {
            "sn": "01992",
            "brief": "他们"
        },
        "8": {
            "sn": "04643",
            "brief": "十分之一"
        },
        "9": {
            "sn": "01241",
            "brief": "牛"
        },
        "10": {
            "sn": "06629",
            "brief": "羊"
        },
        "11": {
            "sn": "04643",
            "brief": "十分之一"
        },
        "12": {
            "sn": "06944",
            "brief": "圣所、圣物、神圣"
        },
        "14": {
            "sn": "03068",
            "brief": "上帝的名字「雅威」，犹太人尊称为「上主」"
        },
        "15": {
            "sn": "00430",
            "brief": "上帝、神、神明"
        },
        "17": {
            "sn": "05414",
            "brief": "使、给"
        },
        "18": {
            "sn": "06194",
            "brief": "堆、禾捆"
        },
        "19": {
            "sn": "06194",
            "brief": "堆、禾捆"
        },
        "20": {
            "sn": "09014",
            "brief": "关闭的意思"
        },
        "13": {
            "sn": "06942",
            "brief": "分别为圣、把…奉献给上帝"
        },
        "16": {
            "sn": "00935",
            "brief": "来、进入、临到、发生"
        }
    },
    "11": {
        "literal": "他们诚心将供物和十分取一之物和圣物都搬进来。有利未人歌楠雅作他们的总管，他的兄弟示每作副手：",
        "1": {
            "sn": "00853",
            "brief": "不必翻译"
        },
        "2": {
            "sn": "08641",
            "brief": "供物、奉献"
        },
        "3": {
            "sn": "04643",
            "brief": "十分之一"
        },
        "4": {
            "sn": "06944",
            "brief": "圣所、圣物、神圣"
        },
        "5": {
            "sn": "00530",
            "brief": "信实、忠诚"
        },
        "6": {
            "sn": "05921",
            "brief": "在…上面"
        },
        "0": {
            "sn": "00935",
            "brief": "来、进入、临到、发生"
        },
        "7": {
            "sn": "05057",
            "brief": "领袖、君王"
        },
        "8": {
            "sn": "03562",
            "brief": "歌楠雅"
        },
        "9": {
            "sn": "03881",
            "brief": "利未人"
        },
        "10": {
            "sn": "08096",
            "brief": "示每"
        },
        "11": {
            "sn": "00251",
            "brief": "兄弟"
        },
        "12": {
            "sn": "04932",
            "brief": "第二 (顺序)、第二等级"
        }
    },
    "10": {
        "literal": "希西家吩咐在雅威殿里预备仓房，他们就预备了。",
        "2": {
            "sn": "03559",
            "brief": "Hif‘il 预备、建立、坚立"
        },
        "6": {
            "sn": "03559",
            "brief": "Hif‘il 预备、建立、坚立"
        },
        "0": {
            "sn": "00559",
            "brief": "说"
        },
        "1": {
            "sn": "03169",
            "brief": "希西家"
        },
        "3": {
            "sn": "03957",
            "brief": "房间"
        },
        "4": {
            "sn": "01004",
            "brief": "神庙、房屋、殿"
        },
        "5": {
            "sn": "03068",
            "brief": "上帝的名字「雅威」，犹太人尊称为「上主」"
        }
    },
    "13": {
        "literal": "守东门的利未人音拿的儿子可利，掌管乐意献与上帝的礼物，发放(献与)雅威的供物和至圣的物。",
        "0": {
            "sn": "06981",
            "brief": "可利"
        },
        "1": {
            "sn": "01121",
            "brief": "儿子、孙子、后裔、成员"
        },
        "2": {
            "sn": "03232",
            "brief": "音拿"
        },
        "3": {
            "sn": "03881",
            "brief": "利未人"
        },
        "4": {
            "sn": "07778",
            "brief": "守门人"
        },
        "5": {
            "sn": "04217",
            "brief": "日出的方向、东方"
        },
        "6": {
            "sn": "05921",
            "brief": "在…上面"
        },
        "7": {
            "sn": "05071",
            "brief": "甘心"
        },
        "8": {
            "sn": "00430",
            "brief": "上帝、神、神明"
        },
        "9": {
            "sn": "05414",
            "brief": "使、给"
        },
        "10": {
            "sn": "08641",
            "brief": "供物、奉献"
        },
        "11": {
            "sn": "03068",
            "brief": "上帝的名字「雅威」，犹太人尊称为「上主」"
        },
        "12": {
            "sn": "06944",
            "brief": "圣所、圣物、神圣"
        },
        "13": {
            "sn": "06944",
            "brief": "圣所、圣物、神圣"
        }
    },
    "1": {
        "15": {
            "sn": "08334",
            "brief": "Pi‘el 事奉、管理、伺候、供职"
        },
        "17": {
            "sn": "01984",
            "brief": "Qal 照亮，Pi‘el 赞美，Pu‘al 被赞美、值得赞美，Hif‘il 发光、照亮、赞美，Hitpa‘el 夸耀、行动形同疯子，Po'el 愚妄、癫狂，Po'al 猖狂，Hitpo‘lel 行为如疯子一般"
        },
        "literal": "希西家派定祭司和利未人的班次，各按他们的班次，各按各职，使祭司和利未人献燔祭和平安祭，在雅威的营门内事奉，和称谢，和颂赞。",
        "1": {
            "sn": "03169",
            "brief": "希西家"
        },
        "2": {
            "sn": "00853",
            "brief": "不必翻译"
        },
        "3": {
            "sn": "04256",
            "brief": "班、分配"
        },
        "4": {
            "sn": "03548",
            "brief": "祭司"
        },
        "5": {
            "sn": "03881",
            "brief": "利未人"
        },
        "6": {
            "sn": "05921",
            "brief": "在…上面"
        },
        "7": {
            "sn": "04256",
            "brief": "班、分配"
        },
        "8": {
            "sn": "00376",
            "brief": "各人、人、男人、丈夫"
        },
        "9": {
            "sn": "06310",
            "brief": "口、命令、末端、沿岸、比例"
        },
        "10": {
            "sn": "05656",
            "brief": "工作、劳碌、劳役"
        },
        "11": {
            "sn": "03548",
            "brief": "祭司"
        },
        "12": {
            "sn": "03881",
            "brief": "利未人"
        },
        "13": {
            "sn": "05930",
            "brief": "燔祭、阶梯"
        },
        "14": {
            "sn": "08002",
            "brief": "平安祭"
        },
        "18": {
            "sn": "08179",
            "brief": "门"
        },
        "19": {
            "sn": "04264",
            "brief": "军旅、军营、军队"
        },
        "20": {
            "sn": "03068",
            "brief": "上帝的名字「雅威」，犹太人尊称为「上主」"
        },
        "21": {
            "sn": "09014",
            "brief": "关闭的意思"
        },
        "16": {
            "sn": "03034",
            "brief": "Qal 射，Pi‘el 投掷，Hif‘il 称谢、赞美，Hitpa‘el 认罪、感恩"
        },
        "0": {
            "sn": "05975",
            "brief": "Qal 站立、侍立、停留，Hif‘il 设立、使坚定"
        }
    },
    "20": {
        "3": {
            "sn": "02490",
            "brief": "I. Qal 刺杀、伤害；II. Pi‘el 吹笛子；III. Pi‘el 亵渎、污辱、玷污、俗化，Hif‘il 亵渎、开始"
        },
        "literal": "凡他所开办的，无论是上帝殿的事奉，是遵律法守诫命，是寻求他的上帝，他都尽他的心去行，尽都顺利。",
        "14": {
            "sn": "06743",
            "brief": "前进、亨通、繁荣"
        },
        "0": {
            "sn": "03605",
            "brief": "全部、整个、各"
        },
        "1": {
            "sn": "04639",
            "brief": "行为、工作"
        },
        "2": {
            "sn": "00834",
            "brief": "不必翻译"
        },
        "4": {
            "sn": "05656",
            "brief": "工作、劳碌、劳役"
        },
        "5": {
            "sn": "01004",
            "brief": "殿、房子、家"
        },
        "6": {
            "sn": "00430",
            "brief": "上帝、神、神明"
        },
        "7": {
            "sn": "08451",
            "brief": "训诲、教导、律法"
        },
        "8": {
            "sn": "04687",
            "brief": "命令、吩咐"
        },
        "9": {
            "sn": "01875",
            "brief": "寻求、寻找"
        },
        "10": {
            "sn": "00430",
            "brief": "上帝、神、神明"
        },
        "11": {
            "sn": "03605",
            "brief": "全部、整个、各"
        },
        "12": {
            "sn": "03824",
            "brief": "心"
        },
        "13": {
            "sn": "06213",
            "brief": "做"
        },
        "15": {
            "sn": "09015",
            "brief": "开的意思"
        }
    },
    "19": {
        "literal": "希西家在犹大遍地这样办理，行雅威―他上帝面前为善为正为忠的事。",
        "0": {
            "sn": "06213",
            "brief": "做"
        },
        "1": {
            "sn": "02063",
            "brief": "这个"
        },
        "2": {
            "sn": "03169",
            "brief": "希西家"
        },
        "3": {
            "sn": "03605",
            "brief": "全部、整个、各"
        },
        "4": {
            "sn": "03063",
            "brief": "犹大"
        },
        "5": {
            "sn": "06213",
            "brief": "做"
        },
        "7": {
            "sn": "03477",
            "brief": "正直的"
        },
        "8": {
            "sn": "00571",
            "brief": "真实、确实、忠实、可靠"
        },
        "9": {
            "sn": "03942",
            "brief": "在…之前"
        },
        "10": {
            "sn": "03068",
            "brief": "上帝的名字「雅威」，犹太人尊称为「上主」"
        },
        "11": {
            "sn": "00430",
            "brief": "上帝、神、神明"
        },
        "6": {
            "sn": "02896",
            "brief": "名词：良善、美好、福乐；形容词：良善的、美好的"
        }
    },
    "12": {
        "literal": "和耶歇、和阿撒细雅、和拿哈、和亚撒黑、和耶利末、和约撒拔、和以列、和伊斯玛基雅、和玛哈、和比拿雅作督理，在歌楠雅和他兄弟示每的手下，是希西家王和管理上帝殿的亚撒利雅所派的。",
        "0": {
            "sn": "03171",
            "brief": "耶歇"
        },
        "1": {
            "sn": "05812",
            "brief": "阿撒细雅"
        },
        "2": {
            "sn": "05184",
            "brief": "拿哈"
        },
        "3": {
            "sn": "06214",
            "brief": "亚撒黑"
        },
        "4": {
            "sn": "03406",
            "brief": "耶利末"
        },
        "5": {
            "sn": "03107",
            "brief": "约撒拔"
        },
        "6": {
            "sn": "00447",
            "brief": "以利业"
        },
        "7": {
            "sn": "03253",
            "brief": "伊斯玛基雅"
        },
        "8": {
            "sn": "04287",
            "brief": "玛哈"
        },
        "9": {
            "sn": "01141",
            "brief": "比拿雅"
        },
        "10": {
            "sn": "06496",
            "brief": "官员、总管"
        },
        "11": {
            "sn": "03027",
            "brief": "手、边、力量、权势"
        },
        "12": {
            "sn": "03562",
            "brief": "歌楠雅"
        },
        "13": {
            "sn": "08096",
            "brief": "示每"
        },
        "14": {
            "sn": "00251",
            "brief": "兄弟"
        },
        "15": {
            "sn": "04662",
            "brief": "召集、指派、指定的地点"
        },
        "16": {
            "sn": "03169",
            "brief": "希西家"
        },
        "17": {
            "sn": "04428",
            "brief": "君王、国王"
        },
        "18": {
            "sn": "05838",
            "brief": "亚撒利雅"
        },
        "19": {
            "sn": "05057",
            "brief": "领袖、君王"
        },
        "20": {
            "sn": "01004",
            "brief": "殿、房子、家"
        },
        "21": {
            "sn": "00430",
            "brief": "上帝、神、神明"
        }
    },
    "2": {
        "13": {
            "sn": "08451",
            "brief": "教导"
        },
        "14": {
            "sn": "03068",
            "brief": "上帝的名字「雅威」，犹太人尊称为「上主」"
        },
        "literal": "又从自己的产业中定出王的分来作为燔祭，就是早晚的燔祭和安息日、和月朔，和节期的燔祭，都是按雅威律法上所载的；",
        "0": {
            "sn": "04521",
            "brief": "份"
        },
        "1": {
            "sn": "04428",
            "brief": "君王、国王"
        },
        "2": {
            "sn": "04480",
            "brief": "从、出、离"
        },
        "3": {
            "sn": "07399",
            "brief": "所拥有的、财产"
        },
        "4": {
            "sn": "05930",
            "brief": "燔祭"
        },
        "5": {
            "sn": "05930",
            "brief": "燔祭"
        },
        "6": {
            "sn": "01242",
            "brief": "早晨"
        },
        "7": {
            "sn": "06153",
            "brief": "黄昏"
        },
        "8": {
            "sn": "05930",
            "brief": "燔祭"
        },
        "9": {
            "sn": "07676",
            "brief": "安息日"
        },
        "10": {
            "sn": "02320",
            "brief": "月、新月、初一"
        },
        "11": {
            "sn": "04150",
            "brief": "集会、节庆、定点、定时"
        },
        "12": {
            "sn": "03789",
            "brief": "写"
        }
    },
    "3": {
        "literal": "又吩咐住耶路撒冷的百姓，将祭司和利未人所应得的分给他们，使他们竭力遵守雅威的律法。",
        "0": {
            "sn": "00559",
            "brief": "说"
        },
        "1": {
            "sn": "05971",
            "brief": "百姓、国民"
        },
        "2": {
            "sn": "03427",
            "brief": "居住、坐、停留"
        },
        "3": {
            "sn": "03389",
            "brief": "耶路撒冷"
        },
        "4": {
            "sn": "05414",
            "brief": "使、给"
        },
        "5": {
            "sn": "04521",
            "brief": "份"
        },
        "6": {
            "sn": "03548",
            "brief": "祭司"
        },
        "7": {
            "sn": "03881",
            "brief": "利未人"
        },
        "8": {
            "sn": "04616",
            "brief": "为了、以致"
        },
        "9": {
            "sn": "02388",
            "brief": "加强、支持、抓住、系紧、强壮、勇敢"
        },
        "10": {
            "sn": "08451",
            "brief": "教导"
        },
        "11": {
            "sn": "03068",
            "brief": "上帝的名字「雅威」，犹太人尊称为「上主」"
        }
    },
    "7": {
        "literal": "希西家和众首领来，看见堆垒，就称颂雅威，又为他的民以色列人祝福。",
        "7": {
            "sn": "00853",
            "brief": "不必翻译"
        },
        "8": {
            "sn": "03068",
            "brief": "上帝的名字「雅威」，犹太人尊称为「上主」"
        },
        "9": {
            "sn": "00853",
            "brief": "不必翻译"
        },
        "10": {
            "sn": "05971",
            "brief": "百姓、国民"
        },
        "11": {
            "sn": "03478",
            "brief": "以色列"
        },
        "12": {
            "sn": "09015",
            "brief": "开的意思"
        },
        "6": {
            "sn": "01288",
            "brief": "赐福"
        },
        "3": {
            "sn": "07200",
            "brief": "Qal 看见、看顾、察觉，Nif‘al 显现，Hif‘il 显明"
        },
        "0": {
            "sn": "00935",
            "brief": "来、进入、临到、发生"
        },
        "1": {
            "sn": "03169",
            "brief": "希西家"
        },
        "2": {
            "sn": "08269",
            "brief": "领袖"
        },
        "4": {
            "sn": "00853",
            "brief": "不必翻译"
        },
        "5": {
            "sn": "06194",
            "brief": "堆、禾捆"
        }
    },
    "8": {
        "literal": "希西家向祭司和利未人查问这堆垒。",
        "0": {
            "sn": "01875",
            "brief": "寻求、寻找"
        },
        "1": {
            "sn": "03169",
            "brief": "希西家"
        },
        "2": {
            "sn": "05921",
            "brief": "在…上面"
        },
        "3": {
            "sn": "03548",
            "brief": "祭司"
        },
        "4": {
            "sn": "03881",
            "brief": "利未人"
        },
        "5": {
            "sn": "05921",
            "brief": "在…上面"
        },
        "6": {
            "sn": "06194",
            "brief": "堆、禾捆"
        }
    },
    "4": {
        "2": {
            "sn": "07235",
            "brief": "多、变多"
        },
        "literal": "谕旨一出，以色列人就把极多的初熟的五谷、新酒、和油、和蜜，和田地各样的出产，和各物的十分之一送来",
        "1": {
            "sn": "01697",
            "brief": "话语、事情、言论"
        },
        "3": {
            "sn": "01121",
            "brief": "儿子、孙子、后裔、成员"
        },
        "4": {
            "sn": "03478",
            "brief": "以色列"
        },
        "5": {
            "sn": "07225",
            "brief": "开始、首要"
        },
        "6": {
            "sn": "01715",
            "brief": "五榖"
        },
        "7": {
            "sn": "08492",
            "brief": "新酒"
        },
        "8": {
            "sn": "03323",
            "brief": "新鲜的油"
        },
        "9": {
            "sn": "01706",
            "brief": "蜜"
        },
        "10": {
            "sn": "03605",
            "brief": "全部、整个、各"
        },
        "11": {
            "sn": "08393",
            "brief": "出产、生产、岁入、税收"
        },
        "12": {
            "sn": "07704",
            "brief": "田地"
        },
        "13": {
            "sn": "04643",
            "brief": "十分之一"
        },
        "14": {
            "sn": "03605",
            "brief": "全部、整个、各"
        },
        "15": {
            "sn": "07230",
            "brief": "多"
        },
        "16": {
            "sn": "00935",
            "brief": "来、进入、临到、发生"
        },
        "0": {
            "sn": "06555",
            "brief": "爆炸、胀裂、破坏，Hitpa‘el 摆脱"
        }
    },
    "6": {
        "4": {
            "sn": "03245",
            "brief": "立根基"
        },
        "literal": "从三月开始堆起，到七月才堆完。",
        "0": {
            "sn": "02320",
            "brief": "月、新月、初一"
        },
        "1": {
            "sn": "07992",
            "brief": "序数的「第三」"
        },
        "3": {
            "sn": "06194",
            "brief": "堆、禾捆"
        },
        "5": {
            "sn": "02320",
            "brief": "月、新月、初一"
        },
        "6": {
            "sn": "07637",
            "brief": "序数的「第七」"
        },
        "8": {
            "sn": "09014",
            "brief": "关闭的意思"
        },
        "7": {
            "sn": "03615",
            "brief": "Qal 完成、结束、停止，Pi‘el 完成、毁坏、根除"
        },
        "2": {
            "sn": "02490",
            "brief": "I. Qal 刺杀、伤害；II. Pi‘el 吹笛子；III. Pi‘el 亵渎、污辱、玷污、俗化，Hif‘il 亵渎、开始"
        }
    },
    "17": {
        "7": {
            "sn": "06951",
            "brief": "集会"
        },
        "literal": "以及…那登录在家谱上的亲属，(…处填入下下行)(包括)他们的妻子、和他们的儿子、和他们的女儿，全体会众中因为他们忠实，使自己分别为圣。",
        "0": {
            "sn": "03187",
            "brief": "登录于家谱"
        },
        "1": {
            "sn": "03605",
            "brief": "全部、整个、各"
        },
        "2": {
            "sn": "02945",
            "brief": "幼儿、老弱妇孺"
        },
        "3": {
            "sn": "00802",
            "brief": "妇人、女人、妻子"
        },
        "4": {
            "sn": "01121",
            "brief": "儿子、孙子、后裔、成员"
        },
        "5": {
            "sn": "01323",
            "brief": "女子、女儿"
        },
        "6": {
            "sn": "03605",
            "brief": "全部、整个、各"
        },
        "8": {
            "sn": "03588",
            "brief": "因为、不必翻译"
        },
        "9": {
            "sn": "00530",
            "brief": "信实、忠诚"
        },
        "11": {
            "sn": "06944",
            "brief": "圣所、圣物、神圣"
        },
        "10": {
            "sn": "06942",
            "brief": "分别为圣、把…奉献给上帝"
        }
    },
    "16": {
        "3": {
            "sn": "01004",
            "brief": "殿、房子、家"
        },
        "literal": "以及按自己宗族登录于家谱的祭司，和二十岁以上…的利未人；(…处填入下行)按自己班次、按自己职任(供职)",
        "0": {
            "sn": "00853",
            "brief": "不必翻译"
        },
        "2": {
            "sn": "03548",
            "brief": "祭司"
        },
        "4": {
            "sn": "00001",
            "brief": "父亲、祖先"
        },
        "5": {
            "sn": "03881",
            "brief": "利未人"
        },
        "6": {
            "sn": "01121",
            "brief": "儿子、孙子、后裔、成员"
        },
        "7": {
            "sn": "06242",
            "brief": "数目的「二十」"
        },
        "8": {
            "sn": "08141",
            "brief": "年"
        },
        "9": {
            "sn": "04605",
            "brief": "上面"
        },
        "10": {
            "sn": "04931",
            "brief": "指示、命令、守卫"
        },
        "11": {
            "sn": "04256",
            "brief": "班、分配"
        },
        "1": {
            "sn": "03187",
            "brief": "登录于家谱"
        }
    },
    "15": {
        "literal": "除了三岁以上登录于家谱的男丁，(也分给)凡每日进雅威的殿、按自己班次、按自己职任供他们职的；",
        "0": {
            "sn": "00905",
            "brief": "分开、门闩、片段"
        },
        "2": {
            "sn": "02145",
            "brief": "男人、男的"
        },
        "3": {
            "sn": "01121",
            "brief": "儿子、孙子、后裔、成员"
        },
        "4": {
            "sn": "07969",
            "brief": "数目的「三」"
        },
        "5": {
            "sn": "08141",
            "brief": "年"
        },
        "6": {
            "sn": "04605",
            "brief": "上面"
        },
        "7": {
            "sn": "03605",
            "brief": "全部、整个、各"
        },
        "8": {
            "sn": "00935",
            "brief": "来、进入、临到、发生"
        },
        "9": {
            "sn": "01004",
            "brief": "殿、房子、家"
        },
        "10": {
            "sn": "03068",
            "brief": "上帝的名字「雅威」，犹太人尊称为「上主」"
        },
        "11": {
            "sn": "01697",
            "brief": "话语、事情"
        },
        "12": {
            "sn": "03117",
            "brief": "日子、时候"
        },
        "13": {
            "sn": "03117",
            "brief": "日子、时候"
        },
        "14": {
            "sn": "05656",
            "brief": "工作、劳碌、劳役"
        },
        "15": {
            "sn": "04931",
            "brief": "指示、命令、守卫"
        },
        "16": {
            "sn": "04256",
            "brief": "班、分配"
        },
        "1": {
            "sn": "03187",
            "brief": "登录于家谱"
        }
    },
    "9": {
        "7": {
            "sn": "00559",
            "brief": "说"
        },
        "literal": "撒督家的大祭司亚撒利雅对他说：「自从百姓将供物送到雅威的殿以来，我们不但吃饱，且剩下的甚多；因为雅威赐福给他的百姓，所剩下的才这样丰盛。」",
        "0": {
            "sn": "00559",
            "brief": "说"
        },
        "1": {
            "sn": "00413",
            "brief": "向、往"
        },
        "2": {
            "sn": "05838",
            "brief": "亚撒利雅"
        },
        "3": {
            "sn": "03548",
            "brief": "祭司"
        },
        "4": {
            "sn": "07218",
            "brief": "头、起头、山顶、领袖"
        },
        "5": {
            "sn": "01004",
            "brief": "殿、房子、家"
        },
        "6": {
            "sn": "06659",
            "brief": "撒督"
        },
        "9": {
            "sn": "08641",
            "brief": "供物、奉献"
        },
        "11": {
            "sn": "01004",
            "brief": "殿、房子、家"
        },
        "12": {
            "sn": "03068",
            "brief": "上帝的名字「雅威」，犹太人尊称为「上主」"
        },
        "13": {
            "sn": "00398",
            "brief": "吃、吞吃"
        },
        "10": {
            "sn": "00935",
            "brief": "来、进入、临到、发生"
        },
        "8": {
            "sn": "02490",
            "brief": "I. Qal 刺杀、伤害；II. Pi‘el 吹笛子；III. Pi‘el 亵渎、污辱、玷污、俗化，Hif‘il 亵渎、开始"
        },
        "14": {
            "sn": "07646",
            "brief": "满足、饱足"
        },
        "15": {
            "sn": "03498",
            "brief": "剩下"
        },
        "16": {
            "sn": "05704",
            "brief": "直到"
        },
        "17": {
            "sn": "07230",
            "brief": "多"
        },
        "18": {
            "sn": "03588",
            "brief": "因为、不必翻译"
        },
        "19": {
            "sn": "03068",
            "brief": "上帝的名字「雅威」，犹太人尊称为「上主」"
        },
        "21": {
            "sn": "00853",
            "brief": "不必翻译"
        },
        "22": {
            "sn": "05971",
            "brief": "百姓、国民"
        },
        "23": {
            "sn": "03498",
            "brief": "剩下"
        },
        "24": {
            "sn": "00853",
            "brief": "不必翻译"
        },
        "25": {
            "sn": "01995",
            "brief": "喧哗、哄嚷、群众、潺潺声"
        },
        "26": {
            "sn": "02088",
            "brief": "这个"
        },
        "27": {
            "sn": "09014",
            "brief": "关闭的意思"
        },
        "20": {
            "sn": "01288",
            "brief": "赐福"
        }
    },
    "14": {
        "literal": "在他手下有伊甸、和米拿民、和耶书亚、和示玛雅、亚玛利雅、和示迦尼，在祭司的各城裏尽忠的，无论大小，都按着班次分给他们的弟兄。",
        "0": {
            "sn": "05921",
            "brief": "在…上面"
        },
        "1": {
            "sn": "03027",
            "brief": "手、边、力量、权势"
        },
        "2": {
            "sn": "05731",
            "brief": "伊甸"
        },
        "3": {
            "sn": "04509",
            "brief": "米拿民"
        },
        "4": {
            "sn": "03442",
            "brief": "耶书亚"
        },
        "5": {
            "sn": "08098",
            "brief": "示玛雅"
        },
        "6": {
            "sn": "00568",
            "brief": "亚玛利雅"
        },
        "7": {
            "sn": "07935",
            "brief": "示迦尼"
        },
        "8": {
            "sn": "05892",
            "brief": "城邑、城镇"
        },
        "9": {
            "sn": "03548",
            "brief": "祭司"
        },
        "10": {
            "sn": "00530",
            "brief": "信实、忠诚"
        },
        "11": {
            "sn": "05414",
            "brief": "使、给"
        },
        "12": {
            "sn": "00251",
            "brief": "兄弟"
        },
        "13": {
            "sn": "04256",
            "brief": "班、分配"
        },
        "14": {
            "sn": "01419",
            "brief": "大的、伟大的"
        },
        "15": {
            "sn": "06996",
            "brief": "小的"
        }
    }
}