{
    "2": {
        "0": {
            "sn": "06950",
            "brief": "聚集"
        },
        "literal": "所有的以色列人…都聚集到王那裏，(…处填入下行)在节期时，它就是第七个月，",
        "1": {
            "sn": "00413",
            "brief": "向、往"
        },
        "2": {
            "sn": "04428",
            "brief": "君王"
        },
        "3": {
            "sn": "03605",
            "brief": "所有、全部、整个、各"
        },
        "4": {
            "sn": "00376",
            "brief": "各人、人、男人、丈夫"
        },
        "5": {
            "sn": "03478",
            "brief": "以色列"
        },
        "6": {
            "sn": "02282",
            "brief": "节期、节庆"
        },
        "7": {
            "sn": "01931",
            "brief": "他"
        },
        "8": {
            "sn": "02320",
            "brief": "新月、初一"
        },
        "9": {
            "sn": "07637",
            "brief": "序数的「第七」"
        }
    },
    "11": {
        "21": {
            "sn": "02689",
            "brief": "号筒、喇叭"
        },
        "8": {
            "sn": "03847",
            "brief": "穿上，Pu‘al 盛装"
        },
        "literal": "所有歌唱的利未人，亚萨、希幔、耶杜顿，和他们的众子、和他们的众弟兄都穿细麻布衣服，拿着钹，和瑟，和琴，站在坛的东边，同着他们有一百二十个吹号的祭司。",
        "0": {
            "sn": "03881",
            "brief": "利未"
        },
        "1": {
            "sn": "07891",
            "brief": "唱歌"
        },
        "2": {
            "sn": "03605",
            "brief": "全部、整个、各"
        },
        "3": {
            "sn": "00623",
            "brief": "亚萨"
        },
        "4": {
            "sn": "01968",
            "brief": "希幔"
        },
        "5": {
            "sn": "03038",
            "brief": "耶杜顿"
        },
        "6": {
            "sn": "01121",
            "brief": "儿子、孙子、后裔、成员"
        },
        "7": {
            "sn": "00251",
            "brief": "兄弟"
        },
        "9": {
            "sn": "00948",
            "brief": "亚麻布"
        },
        "10": {
            "sn": "04700",
            "brief": "钹"
        },
        "11": {
            "sn": "05035",
            "brief": "瑟、水壶、琴"
        },
        "12": {
            "sn": "03658",
            "brief": "琴、竖琴"
        },
        "14": {
            "sn": "04217",
            "brief": "日出的方向、东方"
        },
        "13": {
            "sn": "05975",
            "brief": "Qal 站立、侍立、停留，Hif‘il 设立、使坚定"
        },
        "15": {
            "sn": "04196",
            "brief": "祭坛"
        },
        "16": {
            "sn": "05973",
            "brief": "跟、与、和"
        },
        "17": {
            "sn": "03548",
            "brief": "祭司"
        },
        "18": {
            "sn": "03967",
            "brief": "数目的「一百」"
        },
        "19": {
            "sn": "06242",
            "brief": "数目的「二十」"
        },
        "20": {
            "sn": "02690",
            "brief": "吹号"
        }
    },
    "12": {
        "12": {
            "sn": "02689",
            "brief": "号筒、喇叭"
        },
        "2": {
            "sn": "02690",
            "brief": "吹号"
        },
        "7": {
            "sn": "01984",
            "brief": "Qal 照亮，Pi‘el 赞美，Pu‘al 被赞美、值得赞美，Hif‘il 发光、照亮、赞美，Hitpa‘el 夸耀、行动形同疯子，Po'el 愚妄、癫狂，Po'al 猖狂，Hitpo‘lel 行为如疯子一般"
        },
        "16": {
            "sn": "01984",
            "brief": "Qal 照亮，Pi‘el 赞美，Pu‘al 被赞美、值得赞美，Hif‘il 发光、照亮、赞美，Hitpa‘el 夸耀、行动形同疯子，Po'el 愚妄、癫狂，Po'al 猖狂，Hitpo‘lel 行为如疯子一般"
        },
        "literal": "吹号的、歌唱的都一齐使人听见同一个赞美和感谢雅威的声音；当…乐声扬起…的时候，(…处依序填入下行和下下行)号和钹的和各种乐器的赞美雅威「他本为善，他的慈爱永远长存！」殿，雅威的殿有云充满。",
        "0": {
            "sn": "01961",
            "brief": "是、成为、临到"
        },
        "1": {
            "sn": "00259",
            "brief": "数目的「一」"
        },
        "3": {
            "sn": "07891",
            "brief": "唱歌"
        },
        "5": {
            "sn": "06963",
            "brief": "声音"
        },
        "6": {
            "sn": "00259",
            "brief": "数目的「一」"
        },
        "9": {
            "sn": "03068",
            "brief": "上帝的名字「雅威」，犹太人尊称为「上主」"
        },
        "11": {
            "sn": "06963",
            "brief": "声音"
        },
        "8": {
            "sn": "03034",
            "brief": "Qal 射，Pi‘el 投掷，Hif‘il 称谢、赞美，Hitpa‘el 认罪、感恩"
        },
        "13": {
            "sn": "04700",
            "brief": "钹"
        },
        "14": {
            "sn": "03627",
            "brief": "器皿、器械、器具"
        },
        "15": {
            "sn": "07892",
            "brief": "唱歌"
        },
        "17": {
            "sn": "03068",
            "brief": "上帝的名字「雅威」，犹太人尊称为「上主」"
        },
        "18": {
            "sn": "03588",
            "brief": "因为、不必翻译"
        },
        "20": {
            "sn": "03588",
            "brief": "因为、不必翻译"
        },
        "21": {
            "sn": "05769",
            "brief": "永远"
        },
        "22": {
            "sn": "02617",
            "brief": "良善、慈爱、忠诚"
        },
        "23": {
            "sn": "01004",
            "brief": "殿、家、房子"
        },
        "24": {
            "sn": "04390",
            "brief": "充满"
        },
        "25": {
            "sn": "06051",
            "brief": "云"
        },
        "26": {
            "sn": "01004",
            "brief": "殿、家、房子"
        },
        "27": {
            "sn": "03068",
            "brief": "上帝的名字「雅威」，犹太人尊称为「上主」"
        },
        "4": {
            "sn": "08085",
            "brief": "Qal 听、听从，Hif‘il 说明、使…听"
        },
        "10": {
            "sn": "07311",
            "brief": "高举、抬高"
        },
        "19": {
            "sn": "02896",
            "brief": "名词：良善、美好、福乐；形容词：良善的、美好的"
        }
    },
    "7": {
        "7": {
            "sn": "03680",
            "brief": "遮盖、隐藏"
        },
        "literal": "基路伯张开翅膀向着(约)柜的地方，基路伯…遮掩(约)柜和它的杠。(…处填入下行)从上面",
        "0": {
            "sn": "01961",
            "brief": "是、成为、临到"
        },
        "1": {
            "sn": "03742",
            "brief": "基路伯"
        },
        "2": {
            "sn": "06566",
            "brief": "撒开、铺在...上面"
        },
        "3": {
            "sn": "03671",
            "brief": "边缘、角 (衣服的)、翅膀"
        },
        "4": {
            "sn": "05921",
            "brief": "在…上面"
        },
        "5": {
            "sn": "04725",
            "brief": "地方"
        },
        "6": {
            "sn": "00727",
            "brief": "约柜、盒子"
        },
        "8": {
            "sn": "03742",
            "brief": "基路伯"
        },
        "9": {
            "sn": "05921",
            "brief": "在…上面"
        },
        "10": {
            "sn": "00727",
            "brief": "约柜、盒子"
        },
        "11": {
            "sn": "05921",
            "brief": "在…上面"
        },
        "12": {
            "sn": "00905",
            "brief": "分开、门闩、片段"
        },
        "13": {
            "sn": "04605",
            "brief": "在上面"
        }
    },
    "13": {
        "4": {
            "sn": "08334",
            "brief": "Pi‘el 事奉、管理、伺候、供职"
        },
        "literal": "祭司因云的缘故不能站立供职，因为雅威的荣光充满了上帝的殿。",
        "3": {
            "sn": "05975",
            "brief": "Qal 站立、侍立、停留，Hif‘il 设立、使坚定"
        },
        "1": {
            "sn": "03201",
            "brief": "能够、有能力"
        },
        "2": {
            "sn": "03548",
            "brief": "祭司"
        },
        "0": {
            "sn": "03808",
            "brief": "不"
        },
        "5": {
            "sn": "06440",
            "brief": "脸、脸面"
        },
        "6": {
            "sn": "06051",
            "brief": "云"
        },
        "7": {
            "sn": "03588",
            "brief": "因为、不必翻译"
        },
        "8": {
            "sn": "04390",
            "brief": "充满"
        },
        "9": {
            "sn": "03519",
            "brief": "荣耀、正直、尊严"
        },
        "10": {
            "sn": "03068",
            "brief": "上帝的名字「雅威」，犹太人尊称为「上主」"
        },
        "11": {
            "sn": "00853",
            "brief": "不必翻译"
        },
        "12": {
            "sn": "01004",
            "brief": "殿、家、房子"
        },
        "13": {
            "sn": "00430",
            "brief": "上帝、神、神明"
        },
        "14": {
            "sn": "09015",
            "brief": "开的意思"
        }
    },
    "4": {
        "12": {
            "sn": "05927",
            "brief": "上去、升高、生长、献上"
        },
        "0": {
            "sn": "05927",
            "brief": "上去、升高、生长、献上"
        },
        "literal": "将(约)柜请上来。至于会幕和帐棚(指会幕)里一切的圣器具祭司和利未人都把它们带上来。",
        "1": {
            "sn": "00853",
            "brief": "不必翻译"
        },
        "2": {
            "sn": "00727",
            "brief": "约柜、盒子"
        },
        "3": {
            "sn": "00853",
            "brief": "不必翻译"
        },
        "4": {
            "sn": "00168",
            "brief": "帐棚、帐蓬"
        },
        "5": {
            "sn": "04150",
            "brief": "指定的节期、指定的聚会"
        },
        "6": {
            "sn": "00853",
            "brief": "不必翻译"
        },
        "7": {
            "sn": "03605",
            "brief": "全部、整个、各"
        },
        "8": {
            "sn": "03627",
            "brief": "器皿、器械、器具"
        },
        "9": {
            "sn": "06944",
            "brief": "圣所、圣物、神圣"
        },
        "10": {
            "sn": "00834",
            "brief": "不必翻译"
        },
        "11": {
            "sn": "00168",
            "brief": "帐棚、帐蓬"
        },
        "13": {
            "sn": "00853",
            "brief": "不必翻译"
        },
        "14": {
            "sn": "03548",
            "brief": "祭司"
        },
        "15": {
            "sn": "03881",
            "brief": "利未"
        }
    },
    "8": {
        "11": {
            "sn": "07200",
            "brief": "Qal 看见、看顾、察觉，Nif‘al 显现，Hif‘il 显明"
        },
        "2": {
            "sn": "07200",
            "brief": "Qal 看见、看顾、察觉，Nif‘al 显现，Hif‘il 显明"
        },
        "15": {
            "sn": "05704",
            "brief": "直到"
        },
        "literal": "这杠甚长，杠头…可以看见，(…处填入下行)从内殿前的(约)柜外面却看不见，直到今日它还在那里。",
        "1": {
            "sn": "00905",
            "brief": "分开、门闩、片段"
        },
        "3": {
            "sn": "07218",
            "brief": "头、起头、山顶、领袖"
        },
        "4": {
            "sn": "00905",
            "brief": "分开、门闩、片段"
        },
        "5": {
            "sn": "04480",
            "brief": "从、出"
        },
        "6": {
            "sn": "00727",
            "brief": "约柜、盒子"
        },
        "7": {
            "sn": "05921",
            "brief": "在…上面"
        },
        "8": {
            "sn": "06440",
            "brief": "脸、脸面"
        },
        "9": {
            "sn": "01687",
            "brief": "至圣所"
        },
        "10": {
            "sn": "03808",
            "brief": "不"
        },
        "12": {
            "sn": "02351",
            "brief": "街上、外头"
        },
        "13": {
            "sn": "01961",
            "brief": "是、成为、临到"
        },
        "14": {
            "sn": "08033",
            "brief": "那里"
        },
        "0": {
            "sn": "00748",
            "brief": "变长"
        },
        "16": {
            "sn": "03117",
            "brief": "日子、时候"
        },
        "17": {
            "sn": "02088",
            "brief": "这个"
        }
    },
    "6": {
        "14": {
            "sn": "00413",
            "brief": "向、往"
        },
        "15": {
            "sn": "08478",
            "brief": "1. 名词：位置、地方；2. 介系词：在…之下；3. 介系词：代替、因为"
        },
        "16": {
            "sn": "03671",
            "brief": "边缘、角 (衣服的)、翅膀"
        },
        "17": {
            "sn": "03742",
            "brief": "基路伯"
        },
        "0": {
            "sn": "00935",
            "brief": "来、进入、临到、发生"
        },
        "literal": "祭司将雅威的(约)柜抬进…它自己的地方，(…处填入下行)内殿，到至圣所，在(两个)基路伯的翅膀底下。",
        "1": {
            "sn": "03548",
            "brief": "祭司"
        },
        "2": {
            "sn": "00853",
            "brief": "不必翻译"
        },
        "3": {
            "sn": "00727",
            "brief": "约柜、盒子"
        },
        "4": {
            "sn": "01285",
            "brief": "约"
        },
        "5": {
            "sn": "03068",
            "brief": "上帝的名字「雅威」，犹太人尊称为「上主」"
        },
        "6": {
            "sn": "00413",
            "brief": "向、往"
        },
        "7": {
            "sn": "04725",
            "brief": "地方"
        },
        "8": {
            "sn": "00413",
            "brief": "向、往"
        },
        "9": {
            "sn": "01687",
            "brief": "至圣所"
        },
        "10": {
            "sn": "01004",
            "brief": "殿、家、房子"
        },
        "11": {
            "sn": "00413",
            "brief": "向、往"
        },
        "12": {
            "sn": "06944",
            "brief": "圣所、圣物、神圣"
        },
        "13": {
            "sn": "06944",
            "brief": "圣所、圣物、神圣"
        }
    },
    "1": {
        "1": {
            "sn": "06950",
            "brief": "聚集"
        },
        "16": {
            "sn": "05927",
            "brief": "上去、升高、生长、献上"
        },
        "literal": "那时，所罗门召集以色列的长老、各支派的首领、以色列人的族长到耶路撒冷，要把雅威的约柜…请上来。(…处填入下行)从大卫城―它就是锡安―",
        "0": {
            "sn": "00227",
            "brief": "那时"
        },
        "2": {
            "sn": "08010",
            "brief": "所罗门"
        },
        "3": {
            "sn": "00853",
            "brief": "不必翻译"
        },
        "4": {
            "sn": "02205",
            "brief": "年老的"
        },
        "5": {
            "sn": "03478",
            "brief": "以色列"
        },
        "6": {
            "sn": "00853",
            "brief": "不必翻译"
        },
        "7": {
            "sn": "03605",
            "brief": "所有、全部、整个、各"
        },
        "8": {
            "sn": "07218",
            "brief": "头、起头、山顶、领袖"
        },
        "9": {
            "sn": "04294",
            "brief": "杖、支派、分支"
        },
        "10": {
            "sn": "05387",
            "brief": "I. 长官、王子、领袖；II. 雾"
        },
        "11": {
            "sn": "00001",
            "brief": "父亲、祖先"
        },
        "12": {
            "sn": "01121",
            "brief": "儿子、孙子、后裔、成员"
        },
        "13": {
            "sn": "03478",
            "brief": "以色列"
        },
        "14": {
            "sn": "00413",
            "brief": "向、往"
        },
        "15": {
            "sn": "03389",
            "brief": "耶路撒冷"
        },
        "17": {
            "sn": "00853",
            "brief": "不必翻译"
        },
        "18": {
            "sn": "00727",
            "brief": "约柜、盒子"
        },
        "19": {
            "sn": "01285",
            "brief": "约"
        },
        "20": {
            "sn": "03068",
            "brief": "上帝的名字「雅威」，犹太人尊称为「上主」"
        },
        "21": {
            "sn": "05892",
            "brief": "城邑、城镇"
        },
        "22": {
            "sn": "01732",
            "brief": "大卫"
        },
        "23": {
            "sn": "01931",
            "brief": "他；她"
        },
        "24": {
            "sn": "06726",
            "brief": "锡安"
        }
    },
    "5": {
        "literal": "所罗门王和聚集到他那裏的以色列全会众，都在(约)柜前献牛和羊为祭，多得不可数，不可算。",
        "0": {
            "sn": "04428",
            "brief": "君王、国王"
        },
        "1": {
            "sn": "08010",
            "brief": "所罗门"
        },
        "2": {
            "sn": "03605",
            "brief": "全部、整个、各"
        },
        "3": {
            "sn": "05712",
            "brief": "会众"
        },
        "4": {
            "sn": "03478",
            "brief": "以色列"
        },
        "6": {
            "sn": "05921",
            "brief": "在…上面"
        },
        "7": {
            "sn": "03942",
            "brief": "在…之前"
        },
        "8": {
            "sn": "00727",
            "brief": "约柜、盒子"
        },
        "10": {
            "sn": "06629",
            "brief": "羊"
        },
        "11": {
            "sn": "01241",
            "brief": "牛群"
        },
        "12": {
            "sn": "00834",
            "brief": "不必翻译"
        },
        "9": {
            "sn": "02076",
            "brief": "屠宰、献祭"
        },
        "14": {
            "sn": "05608",
            "brief": "1. 动词：述说、计算；2. 名词：文士、书记"
        },
        "5": {
            "sn": "03259",
            "brief": "Qal 固定、相聚、相会，Nif‘al 相会"
        },
        "16": {
            "sn": "04487",
            "brief": "计算、想、分配、指定、预备"
        },
        "17": {
            "sn": "07230",
            "brief": "多"
        },
        "13": {
            "sn": "03808",
            "brief": "不"
        },
        "15": {
            "sn": "03808",
            "brief": "不"
        }
    },
    "3": {
        "1": {
            "sn": "03605",
            "brief": "全部、整个、各"
        },
        "literal": "以色列众长老来到，利未人便抬起约柜。",
        "0": {
            "sn": "00935",
            "brief": "来、进入、临到、发生"
        },
        "2": {
            "sn": "02205",
            "brief": "年老的"
        },
        "3": {
            "sn": "03478",
            "brief": "以色列"
        },
        "4": {
            "sn": "05375",
            "brief": "高举、举起、背负、承担"
        },
        "5": {
            "sn": "03881",
            "brief": "利未"
        },
        "6": {
            "sn": "00853",
            "brief": "不必翻译"
        },
        "7": {
            "sn": "00727",
            "brief": "约柜、盒子"
        }
    },
    "9": {
        "16": {
            "sn": "04714",
            "brief": "埃及"
        },
        "literal": "(约)柜里没有别的，只有两块版子，是…摩西在何烈山放的。(…处填入下二行)…雅威与以色列人立约时，(…处填入下行)他们从埃及出来，",
        "0": {
            "sn": "00369",
            "brief": "不存在、没有"
        },
        "1": {
            "sn": "00727",
            "brief": "约柜、盒子"
        },
        "2": {
            "sn": "07535",
            "brief": "只是"
        },
        "3": {
            "sn": "08147",
            "brief": "数目的「二」"
        },
        "4": {
            "sn": "03871",
            "brief": "板、木板"
        },
        "5": {
            "sn": "00834",
            "brief": "不必翻译"
        },
        "6": {
            "sn": "05414",
            "brief": "交给、递出"
        },
        "7": {
            "sn": "04872",
            "brief": "摩西"
        },
        "8": {
            "sn": "02722",
            "brief": "何烈山"
        },
        "9": {
            "sn": "00834",
            "brief": "不必翻译"
        },
        "10": {
            "sn": "03772",
            "brief": "立约、剪除、切开、砍下"
        },
        "11": {
            "sn": "03068",
            "brief": "上帝的名字「雅威」，犹太人尊称为「上主」"
        },
        "12": {
            "sn": "05973",
            "brief": "跟、与、和"
        },
        "13": {
            "sn": "01121",
            "brief": "儿子、孙子、后裔、成员"
        },
        "14": {
            "sn": "03478",
            "brief": "以色列"
        },
        "15": {
            "sn": "03318",
            "brief": "出去"
        },
        "17": {
            "sn": "09015",
            "brief": "开的意思"
        }
    },
    "0": {
        "literal": "…一切的工都完成了。(…处填入下行)所罗门王为雅威的殿所做所罗门就把他父大卫分别为圣的…都带来，(…处填入下行)银和金和一切的器皿放在上帝的殿的府库里。",
        "1": {
            "sn": "03605",
            "brief": "所有、全部、整个、各"
        },
        "2": {
            "sn": "04399",
            "brief": "工作"
        },
        "3": {
            "sn": "00834",
            "brief": "不必翻译"
        },
        "4": {
            "sn": "06213",
            "brief": "做"
        },
        "5": {
            "sn": "08010",
            "brief": "所罗门"
        },
        "6": {
            "sn": "01004",
            "brief": "殿、家、房子"
        },
        "7": {
            "sn": "03068",
            "brief": "上帝的名字「雅威」，犹太人尊称为「上主」"
        },
        "8": {
            "sn": "09014",
            "brief": "关闭的意思"
        },
        "10": {
            "sn": "08010",
            "brief": "所罗门"
        },
        "11": {
            "sn": "00853",
            "brief": "不必翻译"
        },
        "12": {
            "sn": "06944",
            "brief": "圣所、圣物、神圣"
        },
        "13": {
            "sn": "01732",
            "brief": "大卫"
        },
        "14": {
            "sn": "00001",
            "brief": "父亲、祖先"
        },
        "15": {
            "sn": "00853",
            "brief": "不必翻译"
        },
        "16": {
            "sn": "03701",
            "brief": "银子、钱"
        },
        "17": {
            "sn": "00853",
            "brief": "不必翻译"
        },
        "18": {
            "sn": "02091",
            "brief": "金"
        },
        "19": {
            "sn": "00853",
            "brief": "不必翻译"
        },
        "20": {
            "sn": "03605",
            "brief": "所有、全部、整个、各"
        },
        "21": {
            "sn": "03627",
            "brief": "器皿、器械、器具"
        },
        "22": {
            "sn": "05414",
            "brief": "交给、递出"
        },
        "23": {
            "sn": "00214",
            "brief": "宝物"
        },
        "24": {
            "sn": "01004",
            "brief": "殿、家、房子"
        },
        "25": {
            "sn": "00430",
            "brief": "上帝、神、神明"
        },
        "26": {
            "sn": "09015",
            "brief": "开的意思"
        },
        "0": {
            "sn": "07999",
            "brief": "Qal 平安，Pi‘el 还愿、完成"
        },
        "9": {
            "sn": "00935",
            "brief": "来、进入、临到、发生"
        }
    },
    "10": {
        "5": {
            "sn": "03588",
            "brief": "因为、不必翻译"
        },
        "6": {
            "sn": "03605",
            "brief": "全部、整个、各"
        },
        "7": {
            "sn": "03548",
            "brief": "祭司"
        },
        "literal": "祭司从圣所出来的时候，―因为所有在场的祭司都把自己分别为圣，并不分班次供职―",
        "0": {
            "sn": "01961",
            "brief": "是、成为、临到"
        },
        "1": {
            "sn": "03318",
            "brief": "出去"
        },
        "2": {
            "sn": "03548",
            "brief": "祭司"
        },
        "3": {
            "sn": "04480",
            "brief": "从、出"
        },
        "4": {
            "sn": "06944",
            "brief": "圣所、圣物、神圣"
        },
        "8": {
            "sn": "04672",
            "brief": "寻找、追上、获得、发现"
        },
        "9": {
            "sn": "06942",
            "brief": "分别为圣、把…奉献给上帝"
        },
        "10": {
            "sn": "00369",
            "brief": "不存在、没有"
        },
        "11": {
            "sn": "08104",
            "brief": "Qal 保护、遵守，Nif‘al 小心、防备"
        },
        "12": {
            "sn": "04256",
            "brief": "分配"
        }
    }
}