{
    "6": {
        "14": {
            "sn": "09001",
            "brief": "给、往、向、到、归属于"
        },
        "0": {
            "sn": "01696",
            "brief": "Pi‘el 讲、说、指挥"
        },
        "9": {
            "sn": "01696",
            "brief": "Pi‘el 讲、说、指挥"
        },
        "3": {
            "sn": "00518",
            "brief": "如果、不是"
        },
        "literal": "他们对他说：「你若善待这民，使他们喜悦，用好话跟他们讲，他们就永远作你的仆人。」",
        "1": {
            "sn": "00413",
            "brief": "向、往"
        },
        "2": {
            "sn": "00559",
            "brief": "说"
        },
        "4": {
            "sn": "01961",
            "brief": "是、成为、临到"
        },
        "6": {
            "sn": "05971",
            "brief": "百姓、国民"
        },
        "7": {
            "sn": "02088",
            "brief": "这个"
        },
        "8": {
            "sn": "07521",
            "brief": "悦纳、满意"
        },
        "10": {
            "sn": "00413",
            "brief": "向、往"
        },
        "11": {
            "sn": "01697",
            "brief": "话语、事情"
        },
        "13": {
            "sn": "01961",
            "brief": "是、成为、临到"
        },
        "15": {
            "sn": "05650",
            "brief": "仆人、奴隶"
        },
        "16": {
            "sn": "03605",
            "brief": "俱各、各人、全部、整个"
        },
        "17": {
            "sn": "03117",
            "brief": "日子、时候"
        },
        "5": {
            "sn": "02896",
            "brief": "名词：良善、美好、福乐；形容词：良善的、美好的"
        },
        "12": {
            "sn": "02896",
            "brief": "名词：良善、美好、福乐；形容词：良善的、美好的"
        }
    },
    "15": {
        "13": {
            "sn": "09001",
            "brief": "给、往、向、到、归属于"
        },
        "24": {
            "sn": "07200",
            "brief": "Qal 看见、看顾、察觉，Nif‘al 显现，Hif‘il 显明"
        },
        "0": {
            "sn": "03605",
            "brief": "俱各、各人、全部、整个"
        },
        "literal": "以色列众人(见)王不听他们，百姓就回覆王说：「我们与大卫有甚么分儿呢？与耶西的儿子并没有关涉。以色列(人)哪，各回你的帐棚去吧！现在，大卫啊，顾你自己的家吧！」于是以色列众人都回自己的帐棚去了。",
        "1": {
            "sn": "03478",
            "brief": "以色列"
        },
        "2": {
            "sn": "03588",
            "brief": "因为、不必翻译"
        },
        "5": {
            "sn": "04428",
            "brief": "君王、国王"
        },
        "6": {
            "sn": "09001",
            "brief": "给、往、向、到、归属于"
        },
        "8": {
            "sn": "05971",
            "brief": "国民、百姓"
        },
        "9": {
            "sn": "00853",
            "brief": "不必翻译"
        },
        "10": {
            "sn": "04428",
            "brief": "君王、国王"
        },
        "11": {
            "sn": "00559",
            "brief": "说"
        },
        "12": {
            "sn": "04100",
            "brief": "什么"
        },
        "15": {
            "sn": "01732",
            "brief": "大卫"
        },
        "4": {
            "sn": "08085",
            "brief": "Qal 听、听从，Hif‘il 说明、使…听"
        },
        "17": {
            "sn": "05159",
            "brief": "产业"
        },
        "18": {
            "sn": "01121",
            "brief": "儿子、孙子、后裔、成员"
        },
        "19": {
            "sn": "03448",
            "brief": "耶西"
        },
        "20": {
            "sn": "00376",
            "brief": "各人、人、男人、丈夫"
        },
        "21": {
            "sn": "00168",
            "brief": "帐棚、帐蓬"
        },
        "22": {
            "sn": "03478",
            "brief": "以色列"
        },
        "23": {
            "sn": "06258",
            "brief": "现在"
        },
        "14": {
            "sn": "02506",
            "brief": "分、部分"
        },
        "25": {
            "sn": "01004",
            "brief": "殿、家、房子"
        },
        "26": {
            "sn": "01732",
            "brief": "大卫"
        },
        "27": {
            "sn": "01980",
            "brief": "动身、走、去"
        },
        "28": {
            "sn": "03605",
            "brief": "俱各、各人、全部、整个"
        },
        "29": {
            "sn": "03478",
            "brief": "以色列"
        },
        "30": {
            "sn": "00168",
            "brief": "帐棚、帐蓬"
        },
        "31": {
            "sn": "09014",
            "brief": "关闭的意思"
        },
        "3": {
            "sn": "03808",
            "brief": "不"
        },
        "16": {
            "sn": "03808",
            "brief": "不"
        },
        "7": {
            "sn": "07725",
            "brief": "Qal 回复、回转、重复，Po‘lel 带回、复兴、更新，Hif‘il 回报、报告、带回"
        }
    },
    "14": {
        "0": {
            "sn": "03808",
            "brief": "不"
        },
        "19": {
            "sn": "07888",
            "brief": "示罗人"
        },
        "literal": "王不听百姓，这件事的演变出于上帝，为要使雅威应验…他的话。(…处填入下二行)他藉示罗人亚希亚的手…所讲的(…处填入下行)向尼八的儿子耶罗波安",
        "11": {
            "sn": "06965",
            "brief": "起来、设立、坚立"
        },
        "2": {
            "sn": "04428",
            "brief": "君王、国王"
        },
        "3": {
            "sn": "00413",
            "brief": "向、往"
        },
        "4": {
            "sn": "05971",
            "brief": "国民、百姓"
        },
        "5": {
            "sn": "03588",
            "brief": "因为、不必翻译"
        },
        "6": {
            "sn": "01961",
            "brief": "作、是、成为、临到"
        },
        "7": {
            "sn": "05252",
            "brief": "事情的演变、事出之因"
        },
        "8": {
            "sn": "05973",
            "brief": "跟"
        },
        "9": {
            "sn": "00430",
            "brief": "上帝、神、神明"
        },
        "10": {
            "sn": "04616",
            "brief": "为了"
        },
        "12": {
            "sn": "03068",
            "brief": "上帝的名字「雅威」，犹太人尊称为「上主」"
        },
        "13": {
            "sn": "00853",
            "brief": "不必翻译"
        },
        "14": {
            "sn": "01697",
            "brief": "话语、事情、行动"
        },
        "15": {
            "sn": "00834",
            "brief": "不必翻译"
        },
        "17": {
            "sn": "03027",
            "brief": "手、边、力量、权势"
        },
        "18": {
            "sn": "00281",
            "brief": "亚希亚"
        },
        "20": {
            "sn": "00413",
            "brief": "向、往"
        },
        "21": {
            "sn": "03379",
            "brief": "耶罗波安"
        },
        "22": {
            "sn": "01121",
            "brief": "儿子、孙子、后裔、成员"
        },
        "23": {
            "sn": "05028",
            "brief": "尼八"
        },
        "16": {
            "sn": "01696",
            "brief": "Pi‘el 讲、说、指挥"
        },
        "1": {
            "sn": "08085",
            "brief": "Qal 听、听从，Hif‘il 说明、使…听"
        }
    },
    "8": {
        "4": {
            "sn": "03289",
            "brief": "谘询、劝告"
        },
        "5": {
            "sn": "07725",
            "brief": "Qal 回复、回转、重复，Po‘lel 带回、复兴、更新，Hif‘il 回报、报告、带回"
        },
        "12": {
            "sn": "00413",
            "brief": "向、往"
        },
        "literal": "对他们说：「你们给我出个甚么主意，我好回话给这百姓，因为他们对我讲说：『求你减轻你父亲加在我们身上的轭。』」",
        "0": {
            "sn": "00559",
            "brief": "说"
        },
        "1": {
            "sn": "00413",
            "brief": "向、往"
        },
        "2": {
            "sn": "04100",
            "brief": "什么"
        },
        "3": {
            "sn": "00859",
            "brief": "你"
        },
        "11": {
            "sn": "01696",
            "brief": "Pi‘el 讲、说、指挥"
        },
        "6": {
            "sn": "01697",
            "brief": "话语、事情"
        },
        "7": {
            "sn": "00853",
            "brief": "不必翻译"
        },
        "8": {
            "sn": "05971",
            "brief": "百姓、国民"
        },
        "9": {
            "sn": "02088",
            "brief": "这个"
        },
        "10": {
            "sn": "00834",
            "brief": "不必翻译"
        },
        "13": {
            "sn": "00559",
            "brief": "说"
        },
        "15": {
            "sn": "04480",
            "brief": "从、出、离"
        },
        "16": {
            "sn": "05923",
            "brief": "轭"
        },
        "17": {
            "sn": "00834",
            "brief": "不必翻译"
        },
        "18": {
            "sn": "05414",
            "brief": "给"
        },
        "19": {
            "sn": "00001",
            "brief": "父亲、祖先"
        },
        "20": {
            "sn": "05921",
            "brief": "在…上面"
        },
        "14": {
            "sn": "07043",
            "brief": "Qal 轻，Pi‘el 咒骂、诅咒，Pu‘al 被咒骂、被诅咒，Nif‘al 看为轻、轻视，Hif‘il 减轻、轻视"
        }
    },
    "1": {
        "0": {
            "sn": "01961",
            "brief": "是、成为、临到"
        },
        "4": {
            "sn": "05028",
            "brief": "尼八"
        },
        "1": {
            "sn": "08085",
            "brief": "Qal 听、听从，Hif‘il 说明、使…听"
        },
        "12": {
            "sn": "07725",
            "brief": "Qal 回复、回转、重复，Po‘lel 带回、复兴、更新，Hif‘il 回报、报告、带回"
        },
        "literal": "当尼八的儿子耶罗波安听见这事的时候，他(人)在埃及，因为他先前逃跑躲避所罗门王。耶罗波安从埃及回来，",
        "2": {
            "sn": "03379",
            "brief": "耶罗波安"
        },
        "3": {
            "sn": "01121",
            "brief": "儿子、孙子、后裔、成员"
        },
        "5": {
            "sn": "01931",
            "brief": "他"
        },
        "6": {
            "sn": "04714",
            "brief": "埃及"
        },
        "7": {
            "sn": "00834",
            "brief": "不必翻译"
        },
        "8": {
            "sn": "01272",
            "brief": "穿越、逃跑、赶快"
        },
        "9": {
            "sn": "06440",
            "brief": "脸、脸面"
        },
        "10": {
            "sn": "08010",
            "brief": "所罗门"
        },
        "11": {
            "sn": "04428",
            "brief": "君王、国王"
        },
        "13": {
            "sn": "03379",
            "brief": "耶罗波安"
        },
        "14": {
            "sn": "04714",
            "brief": "埃及"
        }
    },
    "2": {
        "0": {
            "sn": "07971",
            "brief": "差遣、释放、送走、伸出、伸展"
        },
        "1": {
            "sn": "07121",
            "brief": "喊叫、召集、称呼、求告、朗读"
        },
        "2": {
            "sn": "09001",
            "brief": "给、往、向、到、归属于"
        },
        "3": {
            "sn": "00935",
            "brief": "来、进入、临到、发生"
        },
        "4": {
            "sn": "03379",
            "brief": "耶罗波安"
        },
        "literal": "他们(指以色列人)派人去请他来。耶罗波安和以色列众人都来对罗波安讲说：",
        "5": {
            "sn": "03605",
            "brief": "俱各、各人、全部、整个"
        },
        "6": {
            "sn": "03478",
            "brief": "以色列"
        },
        "8": {
            "sn": "00413",
            "brief": "向、往"
        },
        "9": {
            "sn": "07346",
            "brief": "罗波安"
        },
        "10": {
            "sn": "00559",
            "brief": "说"
        },
        "7": {
            "sn": "01696",
            "brief": "Pi‘el 讲、说、指挥"
        }
    },
    "13": {
        "12": {
            "sn": "03256",
            "brief": "指教、管教、惩戒"
        },
        "0": {
            "sn": "01696",
            "brief": "Pi‘el 讲、说、指挥"
        },
        "1": {
            "sn": "00413",
            "brief": "向、往"
        },
        "2": {
            "sn": "06098",
            "brief": "谋略、谘商、劝告"
        },
        "3": {
            "sn": "03206",
            "brief": "儿童、少年人"
        },
        "4": {
            "sn": "00559",
            "brief": "称、说"
        },
        "6": {
            "sn": "00853",
            "brief": "不必翻译"
        },
        "7": {
            "sn": "05923",
            "brief": "轭"
        },
        "8": {
            "sn": "00589",
            "brief": "我"
        },
        "10": {
            "sn": "05921",
            "brief": "在…上面"
        },
        "11": {
            "sn": "00001",
            "brief": "父亲、祖先"
        },
        "13": {
            "sn": "00853",
            "brief": "不必翻译"
        },
        "14": {
            "sn": "07752",
            "brief": "鞭子"
        },
        "15": {
            "sn": "00589",
            "brief": "我"
        },
        "16": {
            "sn": "06137",
            "brief": "蝎子"
        },
        "9": {
            "sn": "03254",
            "brief": "再一次、增添、增进"
        },
        "5": {
            "sn": "03513",
            "brief": "Qal 是重的，Nif‘al 受尊重、得荣耀，Pi‘el 荣耀、加重、使迟钝，Hif‘il 加重"
        },
        "literal": "(反而)照着少年们的主意对他们讲说：「我会加重你们的轭，且更加重它；我父亲用鞭子责罚你们，我会用蝎子(责罚你们)！」"
    },
    "9": {
        "4": {
            "sn": "01431",
            "brief": "长大、变大，Pi‘el 使尊大"
        },
        "0": {
            "sn": "01696",
            "brief": "Pi‘el 讲、说、指挥"
        },
        "11": {
            "sn": "01696",
            "brief": "Pi‘el 讲、说、指挥"
        },
        "15": {
            "sn": "03513",
            "brief": "Qal 是重的，Nif‘al 受尊重、得荣耀，Pi‘el 荣耀、加重、使迟钝，Hif‘il 加重"
        },
        "19": {
            "sn": "07043",
            "brief": "Qal 轻，Pi‘el 咒骂、诅咒，Pu‘al 被咒骂、被诅咒，Nif‘al 看为轻、轻视，Hif‘il 减轻、轻视"
        },
        "literal": "那些跟他一起长大的少年们对他说：「你要向那对你讲说…的这百姓如此说，(…处填入下行)『你父亲使我们负重轭，求你使我们减轻些』你要对他们这样说：『我的小拇指比我父亲的腰还粗，",
        "1": {
            "sn": "00854",
            "brief": "与、跟"
        },
        "2": {
            "sn": "03206",
            "brief": "儿童、少年人"
        },
        "3": {
            "sn": "00834",
            "brief": "不必翻译"
        },
        "5": {
            "sn": "00854",
            "brief": "与、跟"
        },
        "6": {
            "sn": "00559",
            "brief": "称、说"
        },
        "7": {
            "sn": "03541",
            "brief": "如此、这样、这里和那里"
        },
        "8": {
            "sn": "00559",
            "brief": "称、说"
        },
        "9": {
            "sn": "05971",
            "brief": "百姓、国民"
        },
        "10": {
            "sn": "00834",
            "brief": "不必翻译"
        },
        "12": {
            "sn": "00413",
            "brief": "向、往"
        },
        "13": {
            "sn": "00559",
            "brief": "称、说"
        },
        "14": {
            "sn": "00001",
            "brief": "父亲、祖先"
        },
        "16": {
            "sn": "00853",
            "brief": "不必翻译"
        },
        "17": {
            "sn": "05923",
            "brief": "轭"
        },
        "18": {
            "sn": "00859",
            "brief": "你"
        },
        "20": {
            "sn": "05921",
            "brief": "在…上面"
        },
        "21": {
            "sn": "03541",
            "brief": "如此、这样、这里和那里"
        },
        "22": {
            "sn": "00559",
            "brief": "称、说"
        },
        "23": {
            "sn": "00413",
            "brief": "向、往"
        },
        "24": {
            "sn": "06995",
            "brief": "小指头"
        },
        "25": {
            "sn": "05666",
            "brief": "变粗"
        },
        "26": {
            "sn": "04975",
            "brief": "腰"
        },
        "27": {
            "sn": "00001",
            "brief": "父亲、祖先"
        }
    },
    "7": {
        "12": {
            "sn": "05975",
            "brief": "Qal 站立、侍立、停留，Hif‘il 设立、使坚定"
        },
        "10": {
            "sn": "01431",
            "brief": "长大、变大，Pi‘el 使尊大"
        },
        "8": {
            "sn": "03206",
            "brief": "儿童、少年"
        },
        "9": {
            "sn": "00834",
            "brief": "不必翻译"
        },
        "11": {
            "sn": "00854",
            "brief": "与、跟"
        },
        "13": {
            "sn": "03942",
            "brief": "在…之前"
        },
        "literal": "他却撇弃长老们给他出的主意，和那些…少年们商议，(…处填入下行)跟他一起长大、侍立在他面前的",
        "0": {
            "sn": "05800",
            "brief": "离弃、遗弃"
        },
        "1": {
            "sn": "00853",
            "brief": "不必翻译"
        },
        "2": {
            "sn": "06098",
            "brief": "谋略、谘商、劝告"
        },
        "3": {
            "sn": "02205",
            "brief": "年老的"
        },
        "4": {
            "sn": "00834",
            "brief": "不必翻译"
        },
        "5": {
            "sn": "03289",
            "brief": "谘询、劝告"
        },
        "6": {
            "sn": "03289",
            "brief": "谘询、劝告"
        },
        "7": {
            "sn": "00853",
            "brief": "不必翻译"
        }
    },
    "4": {
        "literal": "他(指罗波安)对他们说：「你们第三日再回到我这里来。」百姓就走开。",
        "3": {
            "sn": "07969",
            "brief": "数目的「三」"
        },
        "4": {
            "sn": "03117",
            "brief": "日子、时候"
        },
        "6": {
            "sn": "00413",
            "brief": "向、往"
        },
        "7": {
            "sn": "01980",
            "brief": "动身、走、去"
        },
        "8": {
            "sn": "05971",
            "brief": "百姓、国民"
        },
        "9": {
            "sn": "09014",
            "brief": "关闭的意思"
        },
        "5": {
            "sn": "07725",
            "brief": "Qal 回复、回转、重复，Po‘lel 带回、复兴、更新，Hif‘il 回报、报告、带回"
        },
        "0": {
            "sn": "00559",
            "brief": "说"
        },
        "1": {
            "sn": "00413",
            "brief": "向、往"
        },
        "2": {
            "sn": "05750",
            "brief": "再、仍然、持续"
        }
    },
    "18": {
        "literal": "(这样，)以色列(人)背叛大卫家，直到今日。",
        "1": {
            "sn": "03478",
            "brief": "以色列"
        },
        "2": {
            "sn": "01004",
            "brief": "殿、家、房子"
        },
        "3": {
            "sn": "01732",
            "brief": "大卫"
        },
        "4": {
            "sn": "05704",
            "brief": "直到"
        },
        "5": {
            "sn": "03117",
            "brief": "日子、时候"
        },
        "6": {
            "sn": "02088",
            "brief": "这个"
        },
        "7": {
            "sn": "09014",
            "brief": "关闭的意思"
        },
        "0": {
            "sn": "06586",
            "brief": "悖逆、背叛、违法、犯罪"
        }
    },
    "0": {
        "8": {
            "sn": "04427",
            "brief": "作王、统治"
        },
        "0": {
            "sn": "01980",
            "brief": "动身、走、去"
        },
        "1": {
            "sn": "07346",
            "brief": "罗波安"
        },
        "2": {
            "sn": "07927",
            "brief": "示剑"
        },
        "3": {
            "sn": "03588",
            "brief": "因为、不必翻译"
        },
        "4": {
            "sn": "07927",
            "brief": "示剑"
        },
        "5": {
            "sn": "00935",
            "brief": "来、进入、临到、发生"
        },
        "6": {
            "sn": "03605",
            "brief": "俱各、各人、全部、整个"
        },
        "7": {
            "sn": "03478",
            "brief": "以色列"
        },
        "9": {
            "sn": "00853",
            "brief": "不必翻译"
        },
        "literal": "罗波安往示剑去，因为以色列众人都到示剑要立他作王。"
    },
    "12": {
        "literal": "王用严厉的话回答他们。罗波安王没有采纳长老们(给他出)的主意，",
        "0": {
            "sn": "06030",
            "brief": "I. 回答、作证；II. 忙；III. 使受苦、 使低微；IV. 唱歌 (I, IV 的 SN 为 6030. II, III 的 SN 为 6031)"
        },
        "1": {
            "sn": "04428",
            "brief": "王"
        },
        "2": {
            "sn": "07186",
            "brief": "顽固的、暴烈的、残忍的、严厉的"
        },
        "3": {
            "sn": "05800",
            "brief": "离弃、遗弃"
        },
        "4": {
            "sn": "04428",
            "brief": "王"
        },
        "5": {
            "sn": "07346",
            "brief": "罗波安"
        },
        "6": {
            "sn": "00853",
            "brief": "不必翻译"
        },
        "7": {
            "sn": "06098",
            "brief": "谋略、谘商、劝告"
        },
        "8": {
            "sn": "02205",
            "brief": "年老的"
        }
    },
    "16": {
        "literal": "惟独在犹大城邑的以色列人，罗波安仍作王治理他们。",
        "0": {
            "sn": "01121",
            "brief": "儿子、孙子、后裔、成员"
        },
        "1": {
            "sn": "03478",
            "brief": "以色列"
        },
        "2": {
            "sn": "03427",
            "brief": "居住、坐、停留"
        },
        "3": {
            "sn": "05892",
            "brief": "城邑、城镇"
        },
        "4": {
            "sn": "03063",
            "brief": "犹大"
        },
        "5": {
            "sn": "04427",
            "brief": "作王、统治"
        },
        "6": {
            "sn": "05921",
            "brief": "在…上面"
        },
        "7": {
            "sn": "07346",
            "brief": "罗波安"
        }
    },
    "11": {
        "literal": "耶罗波安和众民…来到罗波安那里。(…处填入下二行)第三日照王所讲说「你们第三日回到我这里来」，",
        "0": {
            "sn": "00935",
            "brief": "来、进入、临到、发生"
        },
        "1": {
            "sn": "03379",
            "brief": "耶罗波安"
        },
        "2": {
            "sn": "03605",
            "brief": "俱各、各人、全部、整个"
        },
        "3": {
            "sn": "05971",
            "brief": "百姓、国民"
        },
        "4": {
            "sn": "00413",
            "brief": "向、往"
        },
        "5": {
            "sn": "07346",
            "brief": "罗波安"
        },
        "6": {
            "sn": "03117",
            "brief": "日子、时候"
        },
        "7": {
            "sn": "07992",
            "brief": "序数的「第三」"
        },
        "8": {
            "sn": "00834",
            "brief": "不必翻译"
        },
        "10": {
            "sn": "04428",
            "brief": "王"
        },
        "11": {
            "sn": "00559",
            "brief": "称、说"
        },
        "13": {
            "sn": "00413",
            "brief": "向、往"
        },
        "14": {
            "sn": "03117",
            "brief": "日子、时候"
        },
        "15": {
            "sn": "07992",
            "brief": "序数的「第三」"
        },
        "9": {
            "sn": "01696",
            "brief": "Pi‘el 讲、说、指挥"
        },
        "12": {
            "sn": "07725",
            "brief": "Qal 回复、回转、重复，Po‘lel 带回、复兴、更新，Hif‘il 回报、报告、带回"
        }
    },
    "10": {
        "literal": "现在，我父亲使你们负重轭，我会加重你们的轭！我父亲用鞭子责罚你们，我会用蝎子(责罚你们)！』」",
        "16": {
            "sn": "09014",
            "brief": "关闭的意思"
        },
        "11": {
            "sn": "03256",
            "brief": "指教、管教、惩戒"
        },
        "2": {
            "sn": "06006",
            "brief": "负荷、抱、装卸"
        },
        "7": {
            "sn": "03254",
            "brief": "再一次、增添、增进"
        },
        "0": {
            "sn": "06258",
            "brief": "现在"
        },
        "1": {
            "sn": "00001",
            "brief": "父亲、祖先"
        },
        "3": {
            "sn": "05921",
            "brief": "在…上面"
        },
        "4": {
            "sn": "05923",
            "brief": "轭"
        },
        "5": {
            "sn": "03515",
            "brief": "大的、重的、多的"
        },
        "6": {
            "sn": "00589",
            "brief": "我"
        },
        "8": {
            "sn": "05921",
            "brief": "在…上面"
        },
        "9": {
            "sn": "05923",
            "brief": "轭"
        },
        "10": {
            "sn": "00001",
            "brief": "父亲、祖先"
        },
        "12": {
            "sn": "00853",
            "brief": "不必翻译"
        },
        "13": {
            "sn": "07752",
            "brief": "鞭子"
        },
        "14": {
            "sn": "00589",
            "brief": "我"
        },
        "15": {
            "sn": "06137",
            "brief": "蝎子"
        }
    },
    "3": {
        "literal": "「你父亲使我们的轭加重，现在，求你减轻你父亲的苦工(…处填入下第二行)和他加在我们身上的他的重轭，我们就服事你。」",
        "5": {
            "sn": "07043",
            "brief": "Qal 轻，Pi‘el 咒骂、诅咒，Pu‘al 被咒骂、被诅咒，Nif‘al 看为轻、轻视，Hif‘il 减轻、轻视"
        },
        "1": {
            "sn": "07185",
            "brief": "艰难、艰苦"
        },
        "0": {
            "sn": "00001",
            "brief": "父亲、祖先"
        },
        "2": {
            "sn": "00853",
            "brief": "不必翻译"
        },
        "3": {
            "sn": "05923",
            "brief": "轭"
        },
        "4": {
            "sn": "06258",
            "brief": "现在"
        },
        "6": {
            "sn": "05656",
            "brief": "工作、劳碌、劳役"
        },
        "7": {
            "sn": "00001",
            "brief": "父亲、祖先"
        },
        "8": {
            "sn": "07186",
            "brief": "顽固的、暴烈的、残忍的、严厉的"
        },
        "9": {
            "sn": "05923",
            "brief": "轭"
        },
        "10": {
            "sn": "03515",
            "brief": "大的、重的、多的"
        },
        "11": {
            "sn": "00834",
            "brief": "不必翻译"
        },
        "12": {
            "sn": "05414",
            "brief": "给"
        },
        "13": {
            "sn": "05921",
            "brief": "在…上面"
        },
        "14": {
            "sn": "05647",
            "brief": "工作、服事"
        }
    },
    "5": {
        "literal": "罗波安王和…长老们商议，(…处填入下二行)…侍立在他父所罗门面前的(…处填入下行)他(指所罗门)在世的日子，说：「你们给我出个甚么主意，我好回话给这百姓。」",
        "7": {
            "sn": "05975",
            "brief": "Qal 站立、侍立、停留，Hif‘il 设立、使坚定"
        },
        "0": {
            "sn": "03289",
            "brief": "谘询、劝告"
        },
        "1": {
            "sn": "04428",
            "brief": "君王、国王"
        },
        "2": {
            "sn": "07346",
            "brief": "罗波安"
        },
        "3": {
            "sn": "00854",
            "brief": "跟、与"
        },
        "4": {
            "sn": "02205",
            "brief": "年老的"
        },
        "5": {
            "sn": "00834",
            "brief": "不必翻译"
        },
        "6": {
            "sn": "01961",
            "brief": "是、成为、临到"
        },
        "8": {
            "sn": "03942",
            "brief": "在…之前"
        },
        "9": {
            "sn": "08010",
            "brief": "所罗门"
        },
        "10": {
            "sn": "00001",
            "brief": "父亲、祖先"
        },
        "11": {
            "sn": "01961",
            "brief": "是、成为、临到"
        },
        "12": {
            "sn": "02416",
            "brief": "活的"
        },
        "13": {
            "sn": "00559",
            "brief": "说"
        },
        "15": {
            "sn": "00859",
            "brief": "你、你们"
        },
        "16": {
            "sn": "03289",
            "brief": "谘询、劝告"
        },
        "18": {
            "sn": "05971",
            "brief": "百姓、国民"
        },
        "19": {
            "sn": "02088",
            "brief": "这个"
        },
        "20": {
            "sn": "01697",
            "brief": "话语、事情"
        },
        "14": {
            "sn": "00349",
            "brief": "如何、怎么、怎能"
        },
        "17": {
            "sn": "07725",
            "brief": "Qal 回复、回转、重复，Po‘lel 带回、复兴、更新，Hif‘il 回报、报告、带回"
        }
    },
    "17": {
        "21": {
            "sn": "09014",
            "brief": "关闭的意思"
        },
        "literal": "罗波安王派掌管服苦之人的哈多兰去，以色列人用石头打他，他就死了。罗波安王急忙上车，逃回耶路撒冷去了。",
        "0": {
            "sn": "07971",
            "brief": "差遣、释放、送走、伸出、伸展"
        },
        "1": {
            "sn": "04428",
            "brief": "君王、国王"
        },
        "2": {
            "sn": "07346",
            "brief": "罗波安"
        },
        "3": {
            "sn": "00853",
            "brief": "不必翻译"
        },
        "4": {
            "sn": "01913",
            "brief": "哈多兰"
        },
        "5": {
            "sn": "00834",
            "brief": "不必翻译"
        },
        "6": {
            "sn": "05921",
            "brief": "在…上面"
        },
        "7": {
            "sn": "04522",
            "brief": "被迫服务、服苦役的一批人"
        },
        "8": {
            "sn": "07275",
            "brief": "用石头打死"
        },
        "9": {
            "sn": "09002",
            "brief": "在、用、藉着、与、敌对"
        },
        "10": {
            "sn": "01121",
            "brief": "儿子、孙子、后裔、成员"
        },
        "11": {
            "sn": "03478",
            "brief": "以色列"
        },
        "12": {
            "sn": "00068",
            "brief": "石头、法码、宝石"
        },
        "13": {
            "sn": "04191",
            "brief": "死、治死"
        },
        "14": {
            "sn": "04428",
            "brief": "君王、国王"
        },
        "15": {
            "sn": "07346",
            "brief": "罗波安"
        },
        "16": {
            "sn": "00553",
            "brief": "Qal 是强壮的、勇敢的，Pi‘el 坚立、确立，Hitpa‘el 自我警戒"
        },
        "17": {
            "sn": "05927",
            "brief": "上去、升高、生长、献上"
        },
        "18": {
            "sn": "04818",
            "brief": "战车"
        },
        "19": {
            "sn": "05127",
            "brief": "逃走"
        },
        "20": {
            "sn": "03389",
            "brief": "耶路撒冷"
        }
    }
}