{
    "1": {
        "9": {
            "sn": "09001",
            "brief": "给、往、向、到、归属于"
        },
        "17": {
            "sn": "09001",
            "brief": "给、往、向、到、归属于"
        },
        "0": {
            "sn": "03541",
            "brief": "如此、这样"
        },
        "1": {
            "sn": "00559",
            "brief": "说"
        },
        "2": {
            "sn": "03566",
            "brief": "塞鲁士"
        },
        "3": {
            "sn": "04428",
            "brief": "君王"
        },
        "4": {
            "sn": "06539",
            "brief": "波斯"
        },
        "literal": "「波斯王塞鲁士如此说：『雅威―天上的上帝已把地上万国赐给我，他委派我…为他建殿。(…处填入下行)在犹大的耶路撒冷",
        "5": {
            "sn": "03605",
            "brief": "全部、整个、各"
        },
        "6": {
            "sn": "04467",
            "brief": "国度"
        },
        "7": {
            "sn": "00776",
            "brief": "地、邦国、疆界"
        },
        "8": {
            "sn": "05414",
            "brief": "使、给"
        },
        "10": {
            "sn": "03068",
            "brief": "上帝的名字「雅威」，犹太人尊称为「上主」"
        },
        "11": {
            "sn": "00430",
            "brief": "上帝、神、神明"
        },
        "12": {
            "sn": "08064",
            "brief": "天"
        },
        "13": {
            "sn": "01931",
            "brief": "他"
        },
        "14": {
            "sn": "06485",
            "brief": "访问、眷顾、惩罚、派定、计算、缺少"
        },
        "15": {
            "sn": "05921",
            "brief": "在…上面"
        },
        "16": {
            "sn": "01129",
            "brief": "建造"
        },
        "18": {
            "sn": "01004",
            "brief": "家、房子、殿"
        },
        "19": {
            "sn": "03389",
            "brief": "耶路撒冷"
        },
        "20": {
            "sn": "00834",
            "brief": "不必翻译"
        },
        "21": {
            "sn": "03063",
            "brief": "犹大"
        }
    },
    "2": {
        "1": {
            "sn": "09002",
            "brief": "在、用、藉着、与、敌对"
        },
        "literal": "你们中间凡作他子民的，愿他的上帝与他同在。愿他上犹大的耶路撒冷，重建雅威―以色列上帝，…的殿。(…处填入下行)他就是在耶路撒冷的上帝",
        "0": {
            "sn": "04310",
            "brief": "谁"
        },
        "7": {
            "sn": "05927",
            "brief": "上去、升高、生长、献上"
        },
        "2": {
            "sn": "03605",
            "brief": "全部、整个、各"
        },
        "3": {
            "sn": "05971",
            "brief": "百姓、国民"
        },
        "4": {
            "sn": "01961",
            "brief": "是、成为、临到"
        },
        "5": {
            "sn": "00430",
            "brief": "上帝、神、神明"
        },
        "6": {
            "sn": "05973",
            "brief": "跟"
        },
        "8": {
            "sn": "03389",
            "brief": "耶路撒冷"
        },
        "9": {
            "sn": "00834",
            "brief": "不必翻译"
        },
        "10": {
            "sn": "03063",
            "brief": "犹大"
        },
        "11": {
            "sn": "01129",
            "brief": "建造"
        },
        "12": {
            "sn": "00853",
            "brief": "不必翻译"
        },
        "13": {
            "sn": "01004",
            "brief": "家、房子、殿"
        },
        "14": {
            "sn": "03068",
            "brief": "上帝的名字「雅威」，犹太人尊称为「上主」"
        },
        "15": {
            "sn": "00430",
            "brief": "上帝、神、神明"
        },
        "16": {
            "sn": "03478",
            "brief": "以色列"
        },
        "17": {
            "sn": "01931",
            "brief": "他"
        },
        "18": {
            "sn": "00430",
            "brief": "上帝、神、神明"
        },
        "19": {
            "sn": "00834",
            "brief": "不必翻译"
        },
        "20": {
            "sn": "03389",
            "brief": "耶路撒冷"
        }
    },
    "5": {
        "literal": "他们四围所有的人就…坚固他们的手，(…处填入下行)以银器、以金子、以财物、和以牲畜、和以珍宝此外还有甘心献的一切。",
        "0": {
            "sn": "03605",
            "brief": "全部、整个、各"
        },
        "1": {
            "sn": "05439",
            "brief": "四围、环绕"
        },
        "3": {
            "sn": "03027",
            "brief": "手、边、力量、权势"
        },
        "4": {
            "sn": "03627",
            "brief": "器皿、器械、器具"
        },
        "5": {
            "sn": "03701",
            "brief": "银子、钱"
        },
        "6": {
            "sn": "02091",
            "brief": "金"
        },
        "7": {
            "sn": "07399",
            "brief": "所拥有的、财产"
        },
        "8": {
            "sn": "00929",
            "brief": "牲畜、野兽"
        },
        "9": {
            "sn": "04030",
            "brief": "珍宝"
        },
        "2": {
            "sn": "02388",
            "brief": "加强、支持、抓住、系紧、强壮、勇敢"
        },
        "10": {
            "sn": "00905",
            "brief": "分开、门闩、片段"
        },
        "11": {
            "sn": "05921",
            "brief": "在…上面"
        },
        "12": {
            "sn": "03605",
            "brief": "全部、整个、各"
        },
        "14": {
            "sn": "09014",
            "brief": "关闭的意思"
        },
        "13": {
            "sn": "05068",
            "brief": "自愿、乐意"
        }
    },
    "0": {
        "literal": "波斯王塞鲁士元年，为要应验雅威藉耶利米的口(所说)的话，雅威激动波斯王塞鲁士的灵，他就使声音和文件传遍他全部的国度，说：",
        "0": {
            "sn": "08141",
            "brief": "年"
        },
        "1": {
            "sn": "00259",
            "brief": "数目的「一」"
        },
        "2": {
            "sn": "03566",
            "brief": "塞鲁士"
        },
        "3": {
            "sn": "04428",
            "brief": "君王"
        },
        "4": {
            "sn": "06539",
            "brief": "波斯"
        },
        "6": {
            "sn": "01697",
            "brief": "话语、事情"
        },
        "7": {
            "sn": "03068",
            "brief": "上帝的名字「雅威」，犹太人尊称为「上主」"
        },
        "8": {
            "sn": "06310",
            "brief": "口、命令、末端、沿岸、比例"
        },
        "9": {
            "sn": "03414",
            "brief": "耶利米"
        },
        "11": {
            "sn": "03068",
            "brief": "上帝的名字「雅威」，犹太人尊称为「上主」"
        },
        "12": {
            "sn": "00853",
            "brief": "不必翻译"
        },
        "13": {
            "sn": "07307",
            "brief": "灵、气、风"
        },
        "14": {
            "sn": "03566",
            "brief": "塞鲁士"
        },
        "15": {
            "sn": "04428",
            "brief": "君王"
        },
        "16": {
            "sn": "06539",
            "brief": "波斯"
        },
        "18": {
            "sn": "06963",
            "brief": "声音"
        },
        "19": {
            "sn": "03605",
            "brief": "全部、整个、各"
        },
        "20": {
            "sn": "04438",
            "brief": "国度"
        },
        "21": {
            "sn": "01571",
            "brief": "也"
        },
        "22": {
            "sn": "04385",
            "brief": "写出来的作品、抄写"
        },
        "23": {
            "sn": "00559",
            "brief": "说"
        },
        "10": {
            "sn": "05782",
            "brief": "醒起、激动"
        },
        "17": {
            "sn": "05674",
            "brief": "经过、穿越、涨溢、离开、拿走、违犯、废除"
        },
        "5": {
            "sn": "03615",
            "brief": "Qal 完成、结束、停止，Pi‘el 完成、毁坏、根除"
        }
    },
    "6": {
        "8": {
            "sn": "03318",
            "brief": "Qal 出去；Hif‘il 带出"
        },
        "2": {
            "sn": "03318",
            "brief": "Qal 出去；Hif‘il 带出"
        },
        "literal": "塞鲁士王也将…雅威殿的器皿拿出来，(…处填入下二行)尼布甲尼撒从耶路撒冷掠来放在自己神庙中的",
        "0": {
            "sn": "04428",
            "brief": "君王"
        },
        "1": {
            "sn": "03566",
            "brief": "塞鲁士"
        },
        "3": {
            "sn": "00853",
            "brief": "不必翻译"
        },
        "4": {
            "sn": "03627",
            "brief": "器皿、器械、器具"
        },
        "5": {
            "sn": "01004",
            "brief": "家、房子、殿"
        },
        "6": {
            "sn": "03068",
            "brief": "上帝的名字「雅威」，犹太人尊称为「上主」"
        },
        "7": {
            "sn": "00834",
            "brief": "不必翻译"
        },
        "9": {
            "sn": "05019",
            "brief": "尼布甲尼撒"
        },
        "10": {
            "sn": "03389",
            "brief": "耶路撒冷"
        },
        "11": {
            "sn": "05414",
            "brief": "赐、给"
        },
        "12": {
            "sn": "01004",
            "brief": "家、房子、殿"
        },
        "13": {
            "sn": "00430",
            "brief": "上帝、神、神明"
        }
    },
    "7": {
        "literal": "波斯王塞鲁士藉财务官米提利达的手将它们拿出来，把它们点交给犹大的领袖设巴萨。",
        "0": {
            "sn": "03318",
            "brief": "Qal 出去；Hif‘il 带出"
        },
        "2": {
            "sn": "04428",
            "brief": "君王"
        },
        "3": {
            "sn": "06539",
            "brief": "波斯"
        },
        "4": {
            "sn": "05921",
            "brief": "在…上面"
        },
        "5": {
            "sn": "03027",
            "brief": "手、边、力量、权势"
        },
        "6": {
            "sn": "04990",
            "brief": "米提利达"
        },
        "7": {
            "sn": "01489",
            "brief": "财务官, 司库"
        },
        "8": {
            "sn": "05608",
            "brief": "1. 动词：述说、计算；2. 名词：文士、书记"
        },
        "9": {
            "sn": "08339",
            "brief": "设巴萨"
        },
        "10": {
            "sn": "05387",
            "brief": "I. 长官、王子、领袖；II. 雾"
        },
        "11": {
            "sn": "03063",
            "brief": "犹大"
        },
        "1": {
            "sn": "03566",
            "brief": "塞鲁士"
        }
    },
    "8": {
        "literal": "这些是它们的数目：金盘三十个，银盘一千个，刀二十九把，",
        "0": {
            "sn": "00428",
            "brief": "这些"
        },
        "1": {
            "sn": "04557",
            "brief": "数目"
        },
        "2": {
            "sn": "00105",
            "brief": "盘子、容器"
        },
        "3": {
            "sn": "02091",
            "brief": "金"
        },
        "4": {
            "sn": "07970",
            "brief": "数目的「三十」"
        },
        "5": {
            "sn": "00105",
            "brief": "盘子、容器"
        },
        "6": {
            "sn": "03701",
            "brief": "银子、钱"
        },
        "7": {
            "sn": "00505",
            "brief": "许多、数目的「一千」"
        },
        "8": {
            "sn": "04252",
            "brief": "刀子"
        },
        "9": {
            "sn": "08672",
            "brief": "数目的「九」"
        },
        "10": {
            "sn": "06242",
            "brief": "数目的「二十」"
        },
        "11": {
            "sn": "09014",
            "brief": "关闭的意思"
        }
    },
    "9": {
        "literal": "金碗三十个，次等的银碗四百一十个，别样的器皿一千件。",
        "0": {
            "sn": "03713",
            "brief": "碗、盆、霜"
        },
        "1": {
            "sn": "02091",
            "brief": "金"
        },
        "2": {
            "sn": "07970",
            "brief": "数目的「三十」"
        },
        "3": {
            "sn": "03713",
            "brief": "碗、盆、霜"
        },
        "4": {
            "sn": "03701",
            "brief": "银子、钱"
        },
        "5": {
            "sn": "04932",
            "brief": "双倍、重复、第二等级"
        },
        "6": {
            "sn": "00702",
            "brief": "数目的「四」"
        },
        "7": {
            "sn": "03967",
            "brief": "数目的「一百」"
        },
        "8": {
            "sn": "06235",
            "brief": "数目的「十」"
        },
        "9": {
            "sn": "03627",
            "brief": "器皿、器械、器具"
        },
        "10": {
            "sn": "00312",
            "brief": "别的"
        },
        "11": {
            "sn": "00505",
            "brief": "许多、数目的「一千」"
        },
        "12": {
            "sn": "09014",
            "brief": "关闭的意思"
        }
    },
    "10": {
        "literal": "所有的金银器皿共五千四百件。…设巴萨将这一切都带上来。(…处填入下行)被掳的人从巴比伦上耶路撒冷的时候，",
        "1": {
            "sn": "03627",
            "brief": "器皿、器械、器具"
        },
        "2": {
            "sn": "02091",
            "brief": "金"
        },
        "3": {
            "sn": "03701",
            "brief": "银子、钱"
        },
        "4": {
            "sn": "02568",
            "brief": "数目的「五」"
        },
        "5": {
            "sn": "00505",
            "brief": "许多、数目的「一千」"
        },
        "6": {
            "sn": "00702",
            "brief": "数目的「四」"
        },
        "7": {
            "sn": "03967",
            "brief": "数目的「一百」"
        },
        "8": {
            "sn": "03605",
            "brief": "全部、整个、各"
        },
        "10": {
            "sn": "08339",
            "brief": "设巴萨"
        },
        "11": {
            "sn": "05973",
            "brief": "跟"
        },
        "12": {
            "sn": "05927",
            "brief": "上去、升高、生长、献上"
        },
        "13": {
            "sn": "01473",
            "brief": "流亡国外的人"
        },
        "14": {
            "sn": "00894",
            "brief": "巴比伦、巴别"
        },
        "15": {
            "sn": "03389",
            "brief": "耶路撒冷"
        },
        "16": {
            "sn": "09015",
            "brief": "开的意思"
        },
        "9": {
            "sn": "05927",
            "brief": "上去、升高、生长、献上"
        },
        "0": {
            "sn": "03605",
            "brief": "全部、整个、各"
        }
    },
    "3": {
        "15": {
            "sn": "05973",
            "brief": "跟"
        },
        "literal": "凡剩下的人，无论寄居何处，那地方的人要用银、和用金，和用财物、和用牲畜帮助他，和为耶路撒冷上帝的殿的甘心祭一起(献上)。』」",
        "0": {
            "sn": "03605",
            "brief": "全部、整个、各"
        },
        "1": {
            "sn": "07604",
            "brief": "剩下"
        },
        "2": {
            "sn": "03605",
            "brief": "全部、整个、各"
        },
        "3": {
            "sn": "04725",
            "brief": "地方"
        },
        "4": {
            "sn": "00834",
            "brief": "不必翻译"
        },
        "5": {
            "sn": "01931",
            "brief": "他"
        },
        "7": {
            "sn": "08033",
            "brief": "那里"
        },
        "9": {
            "sn": "00376",
            "brief": "各人、人、男人、丈夫"
        },
        "10": {
            "sn": "04725",
            "brief": "地方"
        },
        "11": {
            "sn": "03701",
            "brief": "银子、钱"
        },
        "12": {
            "sn": "02091",
            "brief": "金"
        },
        "13": {
            "sn": "07399",
            "brief": "所拥有的、财产"
        },
        "14": {
            "sn": "00929",
            "brief": "牲畜、野兽"
        },
        "16": {
            "sn": "05071",
            "brief": "甘心"
        },
        "17": {
            "sn": "01004",
            "brief": "家、房子、殿"
        },
        "18": {
            "sn": "00430",
            "brief": "上帝、神、神明"
        },
        "19": {
            "sn": "00834",
            "brief": "不必翻译"
        },
        "20": {
            "sn": "03389",
            "brief": "耶路撒冷"
        },
        "8": {
            "sn": "05375",
            "brief": "高举、举起、背负、承担"
        },
        "6": {
            "sn": "01481",
            "brief": "I. Qal 居住、寄居，Hitpo‘lel 聚集，II. 争论，III. 害怕"
        }
    },
    "4": {
        "8": {
            "sn": "05782",
            "brief": "醒起、激动"
        },
        "literal": "于是，犹大和便雅悯的族长、…都起来(…处填入下二行)和祭司、和利未人，就是一切被上帝激动他的灵的人，要上耶路撒冷去建造雅威的殿。",
        "0": {
            "sn": "06965",
            "brief": "起来、设立、坚立"
        },
        "1": {
            "sn": "07218",
            "brief": "头、起头、山顶、领袖"
        },
        "2": {
            "sn": "00001",
            "brief": "父亲、祖先"
        },
        "3": {
            "sn": "03063",
            "brief": "犹大"
        },
        "4": {
            "sn": "01144",
            "brief": "便雅悯"
        },
        "5": {
            "sn": "03548",
            "brief": "祭司"
        },
        "6": {
            "sn": "03881",
            "brief": "利未人"
        },
        "7": {
            "sn": "03605",
            "brief": "全部、整个、各"
        },
        "9": {
            "sn": "00430",
            "brief": "上帝、神、神明"
        },
        "10": {
            "sn": "00853",
            "brief": "不必翻译"
        },
        "11": {
            "sn": "07307",
            "brief": "灵、气、风"
        },
        "12": {
            "sn": "05927",
            "brief": "上去、升高、生长、献上"
        },
        "13": {
            "sn": "01129",
            "brief": "建造"
        },
        "14": {
            "sn": "00853",
            "brief": "不必翻译"
        },
        "15": {
            "sn": "01004",
            "brief": "家、房子、殿"
        },
        "16": {
            "sn": "03068",
            "brief": "上帝的名字「雅威」，犹太人尊称为「上主」"
        },
        "17": {
            "sn": "00834",
            "brief": "不必翻译"
        },
        "18": {
            "sn": "03389",
            "brief": "耶路撒冷"
        }
    }
}