{
    "0": {
        "literal": "到了七月―以色列人(住)在(自己的)城里―百姓被聚集到耶路撒冷，如同一人。",
        "0": {
            "sn": "05060",
            "brief": "接触、触及"
        },
        "1": {
            "sn": "02320",
            "brief": "月、新月、初一"
        },
        "2": {
            "sn": "07637",
            "brief": "序数的「第七」"
        },
        "3": {
            "sn": "01121",
            "brief": "儿子、孙子、后裔、成员"
        },
        "4": {
            "sn": "03478",
            "brief": "以色列"
        },
        "5": {
            "sn": "05892",
            "brief": "城邑、城镇"
        },
        "6": {
            "sn": "09014",
            "brief": "关闭的意思"
        },
        "7": {
            "sn": "00622",
            "brief": "聚集、夺去"
        },
        "8": {
            "sn": "05971",
            "brief": "百姓、国民"
        },
        "9": {
            "sn": "00376",
            "brief": "各人、人、男人、丈夫"
        },
        "10": {
            "sn": "00259",
            "brief": "数目的「一」"
        },
        "11": {
            "sn": "00413",
            "brief": "对、向、往"
        },
        "12": {
            "sn": "03389",
            "brief": "耶路撒冷"
        },
        "13": {
            "sn": "09014",
            "brief": "关闭的意思"
        }
    },
    "2": {
        "literal": "他们在原有的根基上筑坛，因为对当地百姓的惧怕临到他们身上，他们就在其上向雅威献燔祭，就是早晚的燔祭。",
        "14": {
            "sn": "01242",
            "brief": "早晨"
        },
        "15": {
            "sn": "06153",
            "brief": "晚上"
        },
        "0": {
            "sn": "03559",
            "brief": "Hif‘il 预备、建立、坚立"
        },
        "1": {
            "sn": "04196",
            "brief": "祭坛"
        },
        "2": {
            "sn": "05921",
            "brief": "在…上面"
        },
        "3": {
            "sn": "04350",
            "brief": "盆座、基座"
        },
        "4": {
            "sn": "03588",
            "brief": "因为、不必翻译"
        },
        "5": {
            "sn": "00367",
            "brief": "恐怖、惊吓"
        },
        "6": {
            "sn": "05921",
            "brief": "在…上面"
        },
        "7": {
            "sn": "05971",
            "brief": "百姓、国民"
        },
        "8": {
            "sn": "00776",
            "brief": "地、邦国、疆界"
        },
        "10": {
            "sn": "05921",
            "brief": "在…上面"
        },
        "11": {
            "sn": "05930",
            "brief": "燔祭、阶梯"
        },
        "12": {
            "sn": "03068",
            "brief": "上帝的名字「雅威」，犹太人尊称为「上主」"
        },
        "13": {
            "sn": "05930",
            "brief": "燔祭、阶梯"
        },
        "9": {
            "sn": "05927",
            "brief": "上去、升高、生长、献上"
        }
    },
    "9": {
        "literal": "匠人为雅威的殿立根基的时候，祭司都穿礼服站着吹号，亚萨的子孙利未人敲钹赞美雅威，是照以色列王大卫的手(意思是所定的例)。",
        "14": {
            "sn": "00853",
            "brief": "不必翻译"
        },
        "0": {
            "sn": "03245",
            "brief": "立根基"
        },
        "1": {
            "sn": "01129",
            "brief": "建造"
        },
        "2": {
            "sn": "00853",
            "brief": "不必翻译"
        },
        "3": {
            "sn": "01964",
            "brief": "圣殿、宫殿"
        },
        "4": {
            "sn": "03068",
            "brief": "上帝的名字「雅威」，犹太人尊称为「上主」"
        },
        "6": {
            "sn": "03548",
            "brief": "祭司"
        },
        "7": {
            "sn": "03847",
            "brief": "穿"
        },
        "8": {
            "sn": "02689",
            "brief": "号筒、喇叭"
        },
        "11": {
            "sn": "00623",
            "brief": "亚萨"
        },
        "5": {
            "sn": "05975",
            "brief": "Qal 站立、侍立、停留，Hif‘il 设立、使坚定"
        },
        "12": {
            "sn": "04700",
            "brief": "钹"
        },
        "15": {
            "sn": "03068",
            "brief": "上帝的名字「雅威」，犹太人尊称为「上主」"
        },
        "17": {
            "sn": "03027",
            "brief": "手、边、力量、权势"
        },
        "18": {
            "sn": "01732",
            "brief": "大卫"
        },
        "19": {
            "sn": "04428",
            "brief": "君王"
        },
        "20": {
            "sn": "03478",
            "brief": "以色列"
        },
        "13": {
            "sn": "01984",
            "brief": "Qal 照亮，Pi‘el 赞美，Pu‘al 被赞美、值得赞美，Hif‘il 发光、照亮、赞美，Hitpa‘el 夸耀、行动形同疯子，Po'el 愚妄、癫狂，Po'al 猖狂，Hitpo‘lel 行为如疯子一般"
        },
        "9": {
            "sn": "03881",
            "brief": "利未人"
        },
        "10": {
            "sn": "01121",
            "brief": "儿子、孙子、后裔、成员"
        },
        "16": {
            "sn": "05921",
            "brief": "在…上面"
        }
    },
    "12": {
        "4": {
            "sn": "08643",
            "brief": "欢呼、战争的呼喊、警讯"
        },
        "2": {
            "sn": "05234",
            "brief": "承认、辨认"
        },
        "literal": "甚至百姓不能分辨欢喜呼喊的声音和百姓哭号的声音；因为百姓大声呼喊，声音达到远处。",
        "0": {
            "sn": "00369",
            "brief": "不存在、没有"
        },
        "1": {
            "sn": "05971",
            "brief": "百姓、国民"
        },
        "3": {
            "sn": "06963",
            "brief": "声音"
        },
        "5": {
            "sn": "08057",
            "brief": "欢喜、喜乐"
        },
        "6": {
            "sn": "06963",
            "brief": "声音"
        },
        "7": {
            "sn": "01065",
            "brief": "哭泣"
        },
        "8": {
            "sn": "05971",
            "brief": "百姓、国民"
        },
        "9": {
            "sn": "03588",
            "brief": "因为、不必翻译"
        },
        "10": {
            "sn": "05971",
            "brief": "百姓、国民"
        },
        "12": {
            "sn": "08643",
            "brief": "欢呼、战争的呼喊、警讯"
        },
        "13": {
            "sn": "01419",
            "brief": "大的、伟大的"
        },
        "14": {
            "sn": "06963",
            "brief": "声音"
        },
        "15": {
            "sn": "08085",
            "brief": "听"
        },
        "16": {
            "sn": "05704",
            "brief": "直到、甚至"
        },
        "17": {
            "sn": "07350",
            "brief": "远方的"
        },
        "18": {
            "sn": "09015",
            "brief": "开的意思"
        },
        "11": {
            "sn": "07321",
            "brief": "Hif‘il 喊叫、呼号"
        }
    },
    "3": {
        "literal": "又照(律法书上)所写的守住棚节，按数目献每日的燔祭，是照律例所规定的每日的份量；",
        "0": {
            "sn": "06213",
            "brief": "做"
        },
        "1": {
            "sn": "00853",
            "brief": "不必翻译"
        },
        "2": {
            "sn": "02282",
            "brief": "节期、节庆"
        },
        "3": {
            "sn": "05521",
            "brief": "遮蔽所、亭子、灌林丛、草棚"
        },
        "4": {
            "sn": "03789",
            "brief": "写、刻"
        },
        "5": {
            "sn": "05930",
            "brief": "燔祭、阶梯"
        },
        "6": {
            "sn": "03117",
            "brief": "日子、时候"
        },
        "7": {
            "sn": "03117",
            "brief": "日子、时候"
        },
        "8": {
            "sn": "04557",
            "brief": "数目"
        },
        "9": {
            "sn": "04941",
            "brief": "正义、公平、审判、律例、规矩"
        },
        "10": {
            "sn": "01697",
            "brief": "话语、事情、言论"
        },
        "11": {
            "sn": "03117",
            "brief": "日子、时候"
        },
        "12": {
            "sn": "03117",
            "brief": "日子、时候"
        }
    },
    "8": {
        "9": {
            "sn": "05329",
            "brief": "Qal 优于、聪明、长久，Nif‘al 持久，Pi‘el 做监督、做指挥"
        },
        "literal": "于是耶书亚和他的子孙与他的兄弟，…都起来，(…处填入下行)甲篾和他的子孙，就是犹大的后裔，如同一人，督理那在上帝殿做工的人。(还有)希拿达的众子、他们的子孙与他们的兄弟，就是利未人。",
        "1": {
            "sn": "03442",
            "brief": "耶书亚"
        },
        "2": {
            "sn": "01121",
            "brief": "儿子、孙子、后裔、成员"
        },
        "3": {
            "sn": "00251",
            "brief": "兄弟"
        },
        "4": {
            "sn": "06934",
            "brief": "甲篾"
        },
        "5": {
            "sn": "01121",
            "brief": "儿子、孙子、后裔、成员"
        },
        "6": {
            "sn": "01121",
            "brief": "儿子、孙子、后裔、成员"
        },
        "7": {
            "sn": "03063",
            "brief": "犹大"
        },
        "8": {
            "sn": "00259",
            "brief": "数目的「一」"
        },
        "10": {
            "sn": "05921",
            "brief": "在…上面"
        },
        "11": {
            "sn": "06213",
            "brief": "做"
        },
        "12": {
            "sn": "04399",
            "brief": "工作"
        },
        "13": {
            "sn": "01004",
            "brief": "家、房子、殿"
        },
        "14": {
            "sn": "00430",
            "brief": "上帝、神、神明"
        },
        "15": {
            "sn": "09014",
            "brief": "关闭的意思"
        },
        "16": {
            "sn": "01121",
            "brief": "儿子、孙子、后裔、成员"
        },
        "17": {
            "sn": "02582",
            "brief": "希拿达"
        },
        "18": {
            "sn": "01121",
            "brief": "儿子、孙子、后裔、成员"
        },
        "19": {
            "sn": "00251",
            "brief": "兄弟"
        },
        "20": {
            "sn": "03881",
            "brief": "利未人"
        },
        "0": {
            "sn": "05975",
            "brief": "Qal 站立、侍立、停留，Hif‘il 设立、使坚定"
        }
    },
    "7": {
        "31": {
            "sn": "05329",
            "brief": "Qal 优于、聪明、长久，Nif‘al 持久，Pi‘el 做监督、做指挥"
        },
        "9": {
            "sn": "02490",
            "brief": "I. Qal 刺杀、伤害；II. Pi‘el 吹笛子；III. Pi‘el 亵渎、污辱、玷污、俗化，Hif‘il 亵渎、开始"
        },
        "16": {
            "sn": "07605",
            "brief": "剩余、剩下"
        },
        "27": {
            "sn": "01121",
            "brief": "儿子、孙子、后裔、成员"
        },
        "literal": "他们到达耶路撒冷上帝殿的第二年，二月的时候，撒拉铁的儿子所罗巴伯，…开了工；(…处填入下二行)和约萨达的儿子耶书亚和其余的弟兄，祭司、和利未人，和一切从流亡归回到耶路撒冷的人他们派利未人，二十岁和超过(二十岁)的人，督理雅威的殿的工作。",
        "0": {
            "sn": "08141",
            "brief": "年"
        },
        "1": {
            "sn": "08145",
            "brief": "序数的「第二」、另一、别的"
        },
        "2": {
            "sn": "00935",
            "brief": "来、进入、临到、发生"
        },
        "3": {
            "sn": "00413",
            "brief": "对、向、往"
        },
        "4": {
            "sn": "01004",
            "brief": "家、房子、殿"
        },
        "5": {
            "sn": "00430",
            "brief": "上帝、神、神明"
        },
        "6": {
            "sn": "03389",
            "brief": "耶路撒冷"
        },
        "7": {
            "sn": "02320",
            "brief": "月、新月、初一"
        },
        "8": {
            "sn": "08145",
            "brief": "序数的「第二」、另一、别的"
        },
        "10": {
            "sn": "02216",
            "brief": "所罗巴伯"
        },
        "11": {
            "sn": "01121",
            "brief": "儿子、孙子、后裔、成员"
        },
        "12": {
            "sn": "07597",
            "brief": "撒拉铁"
        },
        "13": {
            "sn": "03442",
            "brief": "耶书亚"
        },
        "14": {
            "sn": "01121",
            "brief": "儿子、孙子、后裔、成员"
        },
        "15": {
            "sn": "03136",
            "brief": "约萨达"
        },
        "17": {
            "sn": "00251",
            "brief": "兄弟"
        },
        "18": {
            "sn": "03548",
            "brief": "祭司"
        },
        "19": {
            "sn": "03881",
            "brief": "利未人"
        },
        "20": {
            "sn": "03605",
            "brief": "全部、整个、各"
        },
        "21": {
            "sn": "00935",
            "brief": "来、进入、临到、发生"
        },
        "22": {
            "sn": "07628",
            "brief": "被掳、俘虏"
        },
        "23": {
            "sn": "03389",
            "brief": "耶路撒冷"
        },
        "25": {
            "sn": "00853",
            "brief": "不必翻译"
        },
        "26": {
            "sn": "03881",
            "brief": "利未人"
        },
        "28": {
            "sn": "06242",
            "brief": "数目的「二十」"
        },
        "29": {
            "sn": "08141",
            "brief": "年"
        },
        "30": {
            "sn": "04605",
            "brief": "上面"
        },
        "32": {
            "sn": "05921",
            "brief": "在…上面"
        },
        "33": {
            "sn": "04399",
            "brief": "工作"
        },
        "34": {
            "sn": "01004",
            "brief": "家、房子、殿"
        },
        "35": {
            "sn": "03068",
            "brief": "上帝的名字「雅威」，犹太人尊称为「上主」"
        },
        "36": {
            "sn": "09015",
            "brief": "开的意思"
        },
        "24": {
            "sn": "05975",
            "brief": "Qal 站立、侍立、停留，Hif‘il 设立、使坚定"
        }
    },
    "1": {
        "15": {
            "sn": "05927",
            "brief": "上去、升高、生长、献上"
        },
        "literal": "约萨达的儿子耶书亚和他的兄弟众祭司，…都起来(…处填入下行)并撒拉铁的儿子所罗巴伯与他的兄弟，建筑以色列上帝的坛，要…在坛上献燔祭。(…处填入下行)照神人摩西律法书上所写的，",
        "0": {
            "sn": "06965",
            "brief": "起来、设立、坚立"
        },
        "1": {
            "sn": "03442",
            "brief": "耶书亚"
        },
        "2": {
            "sn": "01121",
            "brief": "儿子、孙子、后裔、成员"
        },
        "3": {
            "sn": "03136",
            "brief": "约萨达"
        },
        "4": {
            "sn": "00251",
            "brief": "兄弟"
        },
        "5": {
            "sn": "03548",
            "brief": "祭司"
        },
        "6": {
            "sn": "02216",
            "brief": "所罗巴伯"
        },
        "7": {
            "sn": "01121",
            "brief": "儿子、孙子、后裔、成员"
        },
        "8": {
            "sn": "07597",
            "brief": "撒拉铁"
        },
        "9": {
            "sn": "00251",
            "brief": "兄弟"
        },
        "10": {
            "sn": "01129",
            "brief": "建造"
        },
        "11": {
            "sn": "00853",
            "brief": "不必翻译"
        },
        "12": {
            "sn": "04196",
            "brief": "祭坛"
        },
        "13": {
            "sn": "00430",
            "brief": "上帝、神、神明"
        },
        "14": {
            "sn": "03478",
            "brief": "以色列"
        },
        "16": {
            "sn": "05921",
            "brief": "在…上面"
        },
        "17": {
            "sn": "05930",
            "brief": "燔祭、阶梯"
        },
        "18": {
            "sn": "03789",
            "brief": "写、刻"
        },
        "19": {
            "sn": "08451",
            "brief": "教诲、教导"
        },
        "20": {
            "sn": "04872",
            "brief": "摩西"
        },
        "21": {
            "sn": "00376",
            "brief": "各人、人、男人、丈夫"
        },
        "22": {
            "sn": "00430",
            "brief": "上帝、神、神明"
        }
    },
    "4": {
        "literal": "其后有常献的燔祭，并月朔与雅威一切节期所献的，以及献给雅威的一切甘心祭。",
        "0": {
            "sn": "00310",
            "brief": "其次、后面、跟着"
        },
        "1": {
            "sn": "05930",
            "brief": "燔祭、阶梯"
        },
        "2": {
            "sn": "08548",
            "brief": "经常、一直、连续"
        },
        "3": {
            "sn": "02320",
            "brief": "月、新月、初一"
        },
        "4": {
            "sn": "03605",
            "brief": "全部、整个、各"
        },
        "5": {
            "sn": "04150",
            "brief": "定点、定时、集会、节庆"
        },
        "6": {
            "sn": "03068",
            "brief": "上帝的名字「雅威」，犹太人尊称为「上主」"
        },
        "8": {
            "sn": "03605",
            "brief": "全部、整个、各"
        },
        "11": {
            "sn": "03068",
            "brief": "上帝的名字「雅威」，犹太人尊称为「上主」"
        },
        "7": {
            "sn": "06942",
            "brief": "分别为圣、把…奉献给上帝"
        },
        "9": {
            "sn": "05068",
            "brief": "自愿、乐意"
        },
        "10": {
            "sn": "05071",
            "brief": "甘心"
        }
    },
    "5": {
        "literal": "从七月初一起，他们就开始向雅威献燔祭。但雅威殿的根基尚未立定。",
        "0": {
            "sn": "03117",
            "brief": "日子、时候"
        },
        "1": {
            "sn": "00259",
            "brief": "数目的「一」"
        },
        "2": {
            "sn": "02320",
            "brief": "月、新月、初一"
        },
        "4": {
            "sn": "02490",
            "brief": "I. Qal 刺杀、伤害；II. Pi‘el 吹笛子；III. Pi‘el 亵渎、污辱、玷污、俗化，Hif‘il 亵渎、开始"
        },
        "5": {
            "sn": "05927",
            "brief": "上去、升高、生长、献上"
        },
        "3": {
            "sn": "07637",
            "brief": "序数的「第七」"
        },
        "6": {
            "sn": "05930",
            "brief": "燔祭、阶梯"
        },
        "7": {
            "sn": "03068",
            "brief": "上帝的名字「雅威」，犹太人尊称为「上主」"
        },
        "8": {
            "sn": "01964",
            "brief": "圣殿、宫殿"
        },
        "9": {
            "sn": "03068",
            "brief": "上帝的名字「雅威」，犹太人尊称为「上主」"
        },
        "10": {
            "sn": "03808",
            "brief": "不"
        },
        "11": {
            "sn": "03245",
            "brief": "立根基"
        }
    },
    "10": {
        "literal": "他们赞美称谢雅威的时候，唱和说：他本为善，他的慈爱向以色列存到永远。…众民大声呼喊，(…处填入下行)(他们)赞美雅威的时候，因雅威殿的根基已经立定。",
        "12": {
            "sn": "05971",
            "brief": "百姓、国民"
        },
        "14": {
            "sn": "08643",
            "brief": "欢呼、战争的呼喊、警讯"
        },
        "15": {
            "sn": "01419",
            "brief": "大的、伟大的"
        },
        "17": {
            "sn": "03068",
            "brief": "上帝的名字「雅威」，犹太人尊称为「上主」"
        },
        "18": {
            "sn": "05921",
            "brief": "在…上面"
        },
        "16": {
            "sn": "01984",
            "brief": "Qal 照亮，Pi‘el 赞美，Pu‘al 被赞美、值得赞美，Hif‘il 发光、照亮、赞美，Hitpa‘el 夸耀、行动形同疯子，Po'el 愚妄、癫狂，Po'al 猖狂，Hitpo‘lel 行为如疯子一般"
        },
        "13": {
            "sn": "07321",
            "brief": "Hif‘il 喊叫、呼号"
        },
        "19": {
            "sn": "03245",
            "brief": "立根基"
        },
        "20": {
            "sn": "01004",
            "brief": "家、房子、殿"
        },
        "21": {
            "sn": "03068",
            "brief": "上帝的名字「雅威」，犹太人尊称为「上主」"
        },
        "22": {
            "sn": "09014",
            "brief": "关闭的意思"
        },
        "0": {
            "sn": "06030",
            "brief": "I. 回答、作证；II. 忙；III. 使受苦、 使低微；IV. 唱歌 (I, IV 的 SN 为 6030. II, III 的 SN 为 6031)"
        },
        "3": {
            "sn": "03068",
            "brief": "上帝的名字「雅威」，犹太人尊称为「上主」"
        },
        "4": {
            "sn": "03588",
            "brief": "因为、不必翻译"
        },
        "6": {
            "sn": "03588",
            "brief": "因为、不必翻译"
        },
        "7": {
            "sn": "05769",
            "brief": "古老、永远、长久"
        },
        "8": {
            "sn": "02617",
            "brief": "良善、慈爱、忠诚"
        },
        "9": {
            "sn": "05921",
            "brief": "在…上面"
        },
        "10": {
            "sn": "03478",
            "brief": "以色列"
        },
        "11": {
            "sn": "03605",
            "brief": "全部、整个、各"
        },
        "2": {
            "sn": "03034",
            "brief": "Qal 射，Pi‘el 投掷，Hif‘il 称谢、赞美，Hitpa‘el 认罪、感恩"
        },
        "5": {
            "sn": "02896",
            "brief": "名词：良善、美好、福乐；形容词：良善的、美好的"
        },
        "1": {
            "sn": "01984",
            "brief": "Qal 照亮，Pi‘el 赞美，Pu‘al 被赞美、值得赞美，Hif‘il 发光、照亮、赞美，Hitpa‘el 夸耀、行动形同疯子，Po'el 愚妄、癫狂，Po'al 猖狂，Hitpo‘lel 行为如疯子一般"
        }
    },
    "11": {
        "21": {
            "sn": "07311",
            "brief": "高举、抬高"
        },
        "literal": "然而有许多祭司、和利未人、和父家的领袖，就是见过第一个殿的老年人，用他们的眼睛(看见)这殿立根基，便大声哭号，也有许多人抬高声音呼喊欢呼，",
        "15": {
            "sn": "01058",
            "brief": "哭"
        },
        "16": {
            "sn": "06963",
            "brief": "声音"
        },
        "17": {
            "sn": "01419",
            "brief": "大的、伟大的"
        },
        "18": {
            "sn": "07227",
            "brief": "I. 形容词：大量的、许多的、充足的，II. 名词：统帅、首领。"
        },
        "19": {
            "sn": "08643",
            "brief": "欢呼、战争的呼喊、警讯"
        },
        "20": {
            "sn": "08057",
            "brief": "欢喜、喜乐"
        },
        "22": {
            "sn": "06963",
            "brief": "声音"
        },
        "7": {
            "sn": "07200",
            "brief": "Qal 看见、看顾、察觉，Nif‘al 显现，Hif‘il 显明"
        },
        "0": {
            "sn": "07227",
            "brief": "I. 形容词：大量的、许多的、充足的，II. 名词：统帅、首领。"
        },
        "1": {
            "sn": "03548",
            "brief": "祭司"
        },
        "2": {
            "sn": "03881",
            "brief": "利未人"
        },
        "3": {
            "sn": "07218",
            "brief": "头、起头、山顶、领袖"
        },
        "4": {
            "sn": "00001",
            "brief": "父亲、祖先"
        },
        "5": {
            "sn": "02205",
            "brief": "年老的"
        },
        "6": {
            "sn": "00834",
            "brief": "不必翻译"
        },
        "8": {
            "sn": "00853",
            "brief": "不必翻译"
        },
        "9": {
            "sn": "01004",
            "brief": "家、房子、殿"
        },
        "10": {
            "sn": "07223",
            "brief": "先前的、首先的"
        },
        "11": {
            "sn": "03245",
            "brief": "立根基"
        },
        "12": {
            "sn": "02088",
            "brief": "这个"
        },
        "13": {
            "sn": "01004",
            "brief": "家、房子、殿"
        },
        "14": {
            "sn": "05869",
            "brief": "I. 眼睛，II. 泉水"
        }
    },
    "6": {
        "9": {
            "sn": "00935",
            "brief": "来、进入、临到、发生"
        },
        "literal": "他们又将银子给石匠和工匠，把粮食、和酒、和油给西顿人和泰尔人，使他们将黎巴嫩的香柏树浮海运到约帕，是照波斯王塞鲁士所允准他们的。",
        "0": {
            "sn": "05414",
            "brief": "赐、给"
        },
        "1": {
            "sn": "03701",
            "brief": "银子、钱"
        },
        "2": {
            "sn": "02672",
            "brief": "凿、挖掘"
        },
        "3": {
            "sn": "02796",
            "brief": "工匠"
        },
        "4": {
            "sn": "03978",
            "brief": "食物"
        },
        "5": {
            "sn": "04960",
            "brief": "筵席"
        },
        "6": {
            "sn": "08081",
            "brief": "膏油"
        },
        "7": {
            "sn": "06722",
            "brief": "西顿人"
        },
        "8": {
            "sn": "06876",
            "brief": "泰尔人"
        },
        "10": {
            "sn": "06086",
            "brief": "木头、树"
        },
        "11": {
            "sn": "00730",
            "brief": "香柏树"
        },
        "12": {
            "sn": "04480",
            "brief": "从、出、离"
        },
        "13": {
            "sn": "03844",
            "brief": "黎巴嫩"
        },
        "14": {
            "sn": "00413",
            "brief": "对、向、往"
        },
        "15": {
            "sn": "03220",
            "brief": "海"
        },
        "16": {
            "sn": "03305",
            "brief": "约帕"
        },
        "17": {
            "sn": "07558",
            "brief": "许可"
        },
        "18": {
            "sn": "03566",
            "brief": "塞鲁士"
        },
        "19": {
            "sn": "04428",
            "brief": "君王、国王"
        },
        "20": {
            "sn": "06539",
            "brief": "波斯"
        },
        "21": {
            "sn": "05921",
            "brief": "在…上面"
        },
        "22": {
            "sn": "09015",
            "brief": "开的意思"
        }
    }
}