{
    "2": {
        "1": {
            "sn": "09001",
            "brief": "给、往、向、到、归属于"
        },
        "9": {
            "sn": "09001",
            "brief": "给、往、向、到、归属于"
        },
        "10": {
            "sn": "09001",
            "brief": "给、往、向、到、归属于"
        },
        "literal": "但所罗巴伯、和耶书亚，…对他们说：(…处填入下行)和其余以色列父家的领袖「建造上帝的殿，不可以你们和我们一起做，…我们要自己为雅威―以色列的上帝建造。」(…处填入下行)照波斯王塞鲁士王所吩咐我们的，",
        "0": {
            "sn": "00559",
            "brief": "说"
        },
        "2": {
            "sn": "02216",
            "brief": "所罗巴伯"
        },
        "3": {
            "sn": "03442",
            "brief": "耶书亚"
        },
        "4": {
            "sn": "07605",
            "brief": "剩余、剩下"
        },
        "5": {
            "sn": "07218",
            "brief": "头、起头、山顶、领袖"
        },
        "6": {
            "sn": "00001",
            "brief": "父亲、祖先"
        },
        "7": {
            "sn": "03478",
            "brief": "以色列"
        },
        "22": {
            "sn": "06680",
            "brief": "Pi‘el 命令、吩咐"
        },
        "11": {
            "sn": "01129",
            "brief": "建造"
        },
        "12": {
            "sn": "01004",
            "brief": "家、房子、殿"
        },
        "13": {
            "sn": "00430",
            "brief": "上帝、神、神明"
        },
        "14": {
            "sn": "03588",
            "brief": "因为、不必翻译"
        },
        "15": {
            "sn": "00587",
            "brief": "我们"
        },
        "16": {
            "sn": "03162",
            "brief": "一起"
        },
        "17": {
            "sn": "01129",
            "brief": "建造"
        },
        "18": {
            "sn": "03068",
            "brief": "上帝的名字「雅威」，犹太人尊称为「上主」"
        },
        "19": {
            "sn": "00430",
            "brief": "上帝、神、神明"
        },
        "20": {
            "sn": "03478",
            "brief": "以色列"
        },
        "21": {
            "sn": "00834",
            "brief": "不必翻译"
        },
        "23": {
            "sn": "04428",
            "brief": "君王"
        },
        "24": {
            "sn": "03566",
            "brief": "塞鲁士"
        },
        "25": {
            "sn": "04428",
            "brief": "君王"
        },
        "26": {
            "sn": "06539",
            "brief": "波斯"
        },
        "8": {
            "sn": "03808",
            "brief": "不"
        }
    },
    "18": {
        "literal": "已有命令从我而出，叫人寻访考查，此城自古以来果然背叛列王，其中常有反叛悖逆的事。",
        "0": {
            "sn": "04481",
            "brief": "从"
        },
        "1": {
            "sn": "07761",
            "brief": "放、置"
        },
        "2": {
            "sn": "02942",
            "brief": "神谕、判断、命令"
        },
        "3": {
            "sn": "01240",
            "brief": "寻找、寻访"
        },
        "4": {
            "sn": "07912",
            "brief": "找到"
        },
        "5": {
            "sn": "01768",
            "brief": "不必翻译、因为"
        },
        "6": {
            "sn": "07149",
            "brief": "城"
        },
        "7": {
            "sn": "01791",
            "brief": "这个"
        },
        "9": {
            "sn": "03118",
            "brief": "日子"
        },
        "8": {
            "sn": "04481",
            "brief": "从"
        },
        "10": {
            "sn": "05957",
            "brief": "永远"
        },
        "11": {
            "sn": "05922",
            "brief": "在…上面"
        },
        "12": {
            "sn": "04430",
            "brief": "君王"
        },
        "13": {
            "sn": "05376",
            "brief": "升高、负荷、载运"
        },
        "14": {
            "sn": "04776",
            "brief": "背叛、叛逆"
        },
        "15": {
            "sn": "00849",
            "brief": "背叛"
        },
        "16": {
            "sn": "05648",
            "brief": "做"
        },
        "17": {
            "sn": "09005",
            "brief": "在、用、藉着"
        }
    },
    "7": {
        "0": {
            "sn": "07348",
            "brief": "利宏"
        },
        "1": {
            "sn": "01169",
            "brief": "拥有者、领主"
        },
        "2": {
            "sn": "02942",
            "brief": "神谕、判断、命令"
        },
        "3": {
            "sn": "08124",
            "brief": "伸帅"
        },
        "4": {
            "sn": "05613",
            "brief": "书记"
        },
        "literal": "特使利宏、书记伸帅写信函给亚达薛西王控告耶路撒冷，如此说：(4:8-6:18 为亚兰文)",
        "5": {
            "sn": "03790",
            "brief": "写"
        },
        "6": {
            "sn": "00104",
            "brief": "书信, 公文"
        },
        "7": {
            "sn": "02298",
            "brief": "数目的「一」"
        },
        "8": {
            "sn": "05922",
            "brief": "在…上面"
        },
        "9": {
            "sn": "03390",
            "brief": "耶路撒冷"
        },
        "10": {
            "sn": "00783",
            "brief": "亚达薛西"
        },
        "11": {
            "sn": "04430",
            "brief": "君王"
        },
        "12": {
            "sn": "03660",
            "brief": "如此、因而"
        }
    },
    "16": {
        "0": {
            "sn": "06600",
            "brief": "命令、文件、事件"
        },
        "1": {
            "sn": "07972",
            "brief": "差遣"
        },
        "literal": "那时王谕覆特使利宏、书记伸帅，和…他们其余的同党：(…处填入下行)住撒玛利亚并河西其余一带地方的「愿你们平安云云。",
        "2": {
            "sn": "04430",
            "brief": "君王"
        },
        "3": {
            "sn": "05922",
            "brief": "在…上面"
        },
        "4": {
            "sn": "07348",
            "brief": "利宏"
        },
        "5": {
            "sn": "01169",
            "brief": "拥有者、领主"
        },
        "6": {
            "sn": "02942",
            "brief": "神谕、判断、命令"
        },
        "7": {
            "sn": "08124",
            "brief": "伸帅"
        },
        "8": {
            "sn": "05613",
            "brief": "书记"
        },
        "9": {
            "sn": "07606",
            "brief": "其余的、剩下的"
        },
        "10": {
            "sn": "03675",
            "brief": "同伙"
        },
        "11": {
            "sn": "01768",
            "brief": "不必翻译、因为"
        },
        "12": {
            "sn": "03488",
            "brief": "坐下、居住"
        },
        "13": {
            "sn": "08115",
            "brief": "撒玛利亚"
        },
        "14": {
            "sn": "07606",
            "brief": "其余的、剩下的"
        },
        "15": {
            "sn": "05675",
            "brief": "山或河那边"
        },
        "16": {
            "sn": "05103",
            "brief": "河流"
        },
        "17": {
            "sn": "08001",
            "brief": "平安、顺利"
        },
        "18": {
            "sn": "03706",
            "brief": "现在"
        },
        "19": {
            "sn": "09014",
            "brief": "关闭的意思"
        }
    },
    "0": {
        "0": {
            "sn": "08085",
            "brief": "Qal 听、听从，Hif‘il 说明、使…听"
        },
        "literal": "犹大和便雅悯的敌人听说流亡的人为雅威―以色列的上帝建造殿宇，",
        "1": {
            "sn": "06862",
            "brief": "I. 狭窄的；II. 患难、困境；III. 敌人"
        },
        "2": {
            "sn": "03063",
            "brief": "犹大"
        },
        "3": {
            "sn": "01144",
            "brief": "便雅悯"
        },
        "4": {
            "sn": "03588",
            "brief": "因为、不必翻译"
        },
        "5": {
            "sn": "01121",
            "brief": "儿子、孙子、后裔、成员"
        },
        "6": {
            "sn": "01473",
            "brief": "流亡国外的人"
        },
        "7": {
            "sn": "01129",
            "brief": "建造"
        },
        "8": {
            "sn": "01964",
            "brief": "圣殿、宫殿"
        },
        "9": {
            "sn": "03068",
            "brief": "上帝的名字「雅威」，犹太人尊称为「上主」"
        },
        "10": {
            "sn": "00430",
            "brief": "上帝、神、神明"
        },
        "11": {
            "sn": "03478",
            "brief": "以色列"
        }
    },
    "5": {
        "literal": "在亚哈随鲁统治，他的国度才刚开始的时候，他们写状子控告犹大和耶路撒冷的居民。",
        "5": {
            "sn": "07855",
            "brief": "控告、敌意"
        },
        "6": {
            "sn": "05921",
            "brief": "在…上面"
        },
        "7": {
            "sn": "03427",
            "brief": "居住、坐、停留"
        },
        "8": {
            "sn": "03063",
            "brief": "犹大"
        },
        "0": {
            "sn": "04438",
            "brief": "国度"
        },
        "1": {
            "sn": "00325",
            "brief": "亚哈随鲁"
        },
        "2": {
            "sn": "08462",
            "brief": "起先、开始"
        },
        "3": {
            "sn": "04438",
            "brief": "国度"
        },
        "4": {
            "sn": "03789",
            "brief": "写、刻"
        },
        "9": {
            "sn": "03389",
            "brief": "耶路撒冷"
        },
        "10": {
            "sn": "09014",
            "brief": "关闭的意思"
        }
    },
    "8": {
        "literal": "于是特使利宏、书记伸帅，和他们其余的同党，底拿人、和亚法萨提迦人、他毗拉人、亚法撒人、以力人、巴比伦人、书珊人、底亥人、以拦人，",
        "0": {
            "sn": "00116",
            "brief": "之后"
        },
        "1": {
            "sn": "07348",
            "brief": "利宏"
        },
        "2": {
            "sn": "01169",
            "brief": "拥有者、领主"
        },
        "3": {
            "sn": "02942",
            "brief": "神谕、判断、命令"
        },
        "4": {
            "sn": "08124",
            "brief": "伸帅"
        },
        "5": {
            "sn": "05613",
            "brief": "书记"
        },
        "6": {
            "sn": "07606",
            "brief": "其余的、剩下的"
        },
        "7": {
            "sn": "03675",
            "brief": "同伙"
        },
        "8": {
            "sn": "01784",
            "brief": "底拿人"
        },
        "9": {
            "sn": "00671",
            "brief": "亚法萨提迦人"
        },
        "10": {
            "sn": "02967",
            "brief": "他毗拉人"
        },
        "11": {
            "sn": "00670",
            "brief": "亚法撒人"
        },
        "12": {
            "sn": "00756",
            "brief": "以力人"
        },
        "13": {
            "sn": "00896",
            "brief": "巴比伦人"
        },
        "14": {
            "sn": "07801",
            "brief": "书珊人"
        },
        "15": {
            "sn": "01723",
            "brief": "底亥人"
        },
        "16": {
            "sn": "05962",
            "brief": "以拦人"
        }
    },
    "9": {
        "literal": "和尊大的亚斯那巴所迁移、…其余的人，(…处填入下二行)安置在撒玛利亚城，并河西其余一带地方的现在，",
        "0": {
            "sn": "07606",
            "brief": "其余的、剩下的"
        },
        "1": {
            "sn": "00524",
            "brief": "人民、民族、国家"
        },
        "2": {
            "sn": "01768",
            "brief": "不必翻译、因为"
        },
        "3": {
            "sn": "01541",
            "brief": "显明"
        },
        "4": {
            "sn": "00620",
            "brief": "亚斯那巴"
        },
        "5": {
            "sn": "07229",
            "brief": "1. 形容词：大的，2. 名词：队长、首领"
        },
        "6": {
            "sn": "03358",
            "brief": "尊贵的、少见的、困难的"
        },
        "7": {
            "sn": "03488",
            "brief": "坐下、居住"
        },
        "8": {
            "sn": "01994",
            "brief": "他们"
        },
        "9": {
            "sn": "07149",
            "brief": "城"
        },
        "10": {
            "sn": "01768",
            "brief": "不必翻译、因为"
        },
        "11": {
            "sn": "08115",
            "brief": "撒玛利亚"
        },
        "12": {
            "sn": "07606",
            "brief": "其余的、剩下的"
        },
        "13": {
            "sn": "05675",
            "brief": "山或河那边"
        },
        "14": {
            "sn": "05103",
            "brief": "河流"
        },
        "15": {
            "sn": "03706",
            "brief": "现在"
        }
    },
    "4": {
        "3": {
            "sn": "06565",
            "brief": "I. Qal + Hitpo‘lel 破裂，分开；II. Hif‘il 违背、破坏、废弃、无效"
        },
        "literal": "…贿买谋士，要败坏他们的谋算。(…处填入下二行)从波斯王塞鲁士年间，直到波斯王大流士登基的时候，",
        "0": {
            "sn": "07936",
            "brief": "雇用"
        },
        "1": {
            "sn": "05921",
            "brief": "在…上面"
        },
        "2": {
            "sn": "03289",
            "brief": "商议"
        },
        "4": {
            "sn": "06098",
            "brief": "筹算、谘商、劝告"
        },
        "5": {
            "sn": "03605",
            "brief": "全部、整个、各"
        },
        "6": {
            "sn": "03117",
            "brief": "日子、时候"
        },
        "7": {
            "sn": "03566",
            "brief": "塞鲁士"
        },
        "8": {
            "sn": "04428",
            "brief": "君王"
        },
        "9": {
            "sn": "06539",
            "brief": "波斯"
        },
        "10": {
            "sn": "05704",
            "brief": "直到、甚至"
        },
        "11": {
            "sn": "04438",
            "brief": "国度"
        },
        "12": {
            "sn": "01867",
            "brief": "大流士"
        },
        "13": {
            "sn": "04428",
            "brief": "君王"
        },
        "14": {
            "sn": "06539",
            "brief": "波斯"
        }
    },
    "10": {
        "literal": "这是他们上奏给他的公文的复本：「…上奏给亚达薛西王，(…处填入下行)河西的你的仆人们，现在",
        "2": {
            "sn": "00104",
            "brief": "书信, 公文"
        },
        "3": {
            "sn": "01768",
            "brief": "不必翻译、因为"
        },
        "0": {
            "sn": "01836",
            "brief": "这"
        },
        "1": {
            "sn": "06573",
            "brief": "复本"
        },
        "4": {
            "sn": "07972",
            "brief": "差遣"
        },
        "5": {
            "sn": "05922",
            "brief": "在…上面"
        },
        "6": {
            "sn": "05922",
            "brief": "在…上面"
        },
        "7": {
            "sn": "00783",
            "brief": "亚达薛西"
        },
        "8": {
            "sn": "04430",
            "brief": "君王"
        },
        "9": {
            "sn": "05649",
            "brief": "仆人、奴隶"
        },
        "10": {
            "sn": "00606",
            "brief": "人、人类"
        },
        "11": {
            "sn": "05675",
            "brief": "山或河那边"
        },
        "12": {
            "sn": "05103",
            "brief": "河流"
        },
        "13": {
            "sn": "03706",
            "brief": "现在"
        },
        "14": {
            "sn": "09015",
            "brief": "开的意思"
        }
    },
    "13": {
        "literal": "如今，我们全都食御盐，我们不忍见王受辱，因此差人报给王知道。",
        "11": {
            "sn": "09004",
            "brief": "给、向、到、归属于"
        },
        "5": {
            "sn": "01965",
            "brief": "王宫、殿、寺庙"
        },
        "6": {
            "sn": "04415",
            "brief": "吃盐"
        },
        "7": {
            "sn": "06173",
            "brief": "裸露、受辱"
        },
        "8": {
            "sn": "04430",
            "brief": "君王"
        },
        "9": {
            "sn": "03809",
            "brief": "不"
        },
        "10": {
            "sn": "00749",
            "brief": "适当的"
        },
        "0": {
            "sn": "03705",
            "brief": "现在、目前"
        },
        "1": {
            "sn": "03606",
            "brief": "俱各、各人、全部、整个"
        },
        "2": {
            "sn": "06903",
            "brief": "1. 名词：前面，2. 介系词：在…前面、因此，3. 连接词：因为"
        },
        "3": {
            "sn": "01768",
            "brief": "不必翻译、因为"
        },
        "4": {
            "sn": "04416",
            "brief": "盐"
        },
        "12": {
            "sn": "02370",
            "brief": "看"
        },
        "13": {
            "sn": "05922",
            "brief": "在…上面"
        },
        "14": {
            "sn": "01836",
            "brief": "这"
        },
        "15": {
            "sn": "07972",
            "brief": "差遣"
        },
        "16": {
            "sn": "03046",
            "brief": "知道"
        },
        "17": {
            "sn": "04430",
            "brief": "君王"
        }
    },
    "17": {
        "literal": "你们所送给我们的信函，已经明读在我面前。",
        "0": {
            "sn": "05407",
            "brief": "信函"
        },
        "1": {
            "sn": "01768",
            "brief": "不必翻译、因为"
        },
        "2": {
            "sn": "07972",
            "brief": "差遣"
        },
        "3": {
            "sn": "05922",
            "brief": "在…上面"
        },
        "4": {
            "sn": "06568",
            "brief": "明确指出"
        },
        "5": {
            "sn": "07123",
            "brief": "叫、大喊、被召唤"
        },
        "6": {
            "sn": "06925",
            "brief": "在前面"
        }
    },
    "20": {
        "literal": "现在你们要出告示命这些人停工，使这城不得建造，等到有命令从我发出。",
        "0": {
            "sn": "03705",
            "brief": "现在、目前"
        },
        "1": {
            "sn": "07761",
            "brief": "放、置"
        },
        "2": {
            "sn": "02942",
            "brief": "神谕、判断、命令"
        },
        "3": {
            "sn": "00989",
            "brief": "停止"
        },
        "4": {
            "sn": "01400",
            "brief": "一人、某一些人"
        },
        "5": {
            "sn": "00479",
            "brief": "那些"
        },
        "6": {
            "sn": "07149",
            "brief": "城"
        },
        "7": {
            "sn": "01791",
            "brief": "这个"
        },
        "8": {
            "sn": "03809",
            "brief": "不"
        },
        "9": {
            "sn": "01124",
            "brief": "建造"
        },
        "10": {
            "sn": "05705",
            "brief": "直到"
        },
        "11": {
            "sn": "04481",
            "brief": "从"
        },
        "12": {
            "sn": "02941",
            "brief": "品尝、神谕、判断、命令"
        },
        "13": {
            "sn": "07761",
            "brief": "放、置"
        }
    },
    "19": {
        "literal": "从前也有强大的君王治理耶路撒冷，他的势力及于河西全地，人就给他们进贡，交课，纳税。",
        "9": {
            "sn": "04061",
            "brief": "贡银"
        },
        "10": {
            "sn": "01093",
            "brief": "贡物"
        },
        "11": {
            "sn": "01983",
            "brief": "税金"
        },
        "12": {
            "sn": "03052",
            "brief": "给予、提供"
        },
        "13": {
            "sn": "09004",
            "brief": "给、向、到、归属于"
        },
        "0": {
            "sn": "04430",
            "brief": "君王"
        },
        "1": {
            "sn": "08624",
            "brief": "强盛的、有力的"
        },
        "2": {
            "sn": "01934",
            "brief": "发生、临到"
        },
        "3": {
            "sn": "05922",
            "brief": "在…上面"
        },
        "4": {
            "sn": "03390",
            "brief": "耶路撒冷"
        },
        "5": {
            "sn": "07990",
            "brief": "有权的"
        },
        "6": {
            "sn": "03606",
            "brief": "俱各、各人、全部、整个"
        },
        "7": {
            "sn": "05675",
            "brief": "山或河那边"
        },
        "8": {
            "sn": "05103",
            "brief": "河流"
        }
    },
    "3": {
        "literal": "当地的百姓使犹大百姓的手下垂，使他们害怕建造。",
        "7": {
            "sn": "00926",
            "brief": "行动快速、干扰"
        },
        "3": {
            "sn": "07503",
            "brief": "Qal 落、沉、掉、放松、变弱，Hif‘il 安静、听任、放弃、让他走"
        },
        "0": {
            "sn": "01961",
            "brief": "是、成为、临到"
        },
        "1": {
            "sn": "05971",
            "brief": "百姓、国民"
        },
        "2": {
            "sn": "00776",
            "brief": "地、邦国、疆界"
        },
        "4": {
            "sn": "03027",
            "brief": "手、边、力量、权势"
        },
        "5": {
            "sn": "05971",
            "brief": "百姓、国民"
        },
        "6": {
            "sn": "03063",
            "brief": "犹大"
        },
        "8": {
            "sn": "00853",
            "brief": "不必翻译"
        },
        "9": {
            "sn": "01129",
            "brief": "建造"
        }
    },
    "6": {
        "18": {
            "sn": "09015",
            "brief": "开的意思"
        },
        "literal": "亚达薛西年间，比施兰、米提利达、…写状子(…处填入下行)他别，和他的同党奏告波斯王亚达薛西，书信文件是用亚兰文写的，(需要)翻译，亚兰文：",
        "0": {
            "sn": "03117",
            "brief": "日子、时候"
        },
        "1": {
            "sn": "00783",
            "brief": "亚达薛西"
        },
        "2": {
            "sn": "03789",
            "brief": "写、刻"
        },
        "3": {
            "sn": "01312",
            "brief": "比施兰"
        },
        "4": {
            "sn": "04990",
            "brief": "米提利达"
        },
        "5": {
            "sn": "02870",
            "brief": "他比勒、他别"
        },
        "6": {
            "sn": "07605",
            "brief": "剩余、剩下"
        },
        "7": {
            "sn": "03674",
            "brief": "同伙"
        },
        "8": {
            "sn": "05921",
            "brief": "在…上面"
        },
        "9": {
            "sn": "00783",
            "brief": "亚达薛西"
        },
        "10": {
            "sn": "04428",
            "brief": "君王"
        },
        "11": {
            "sn": "06539",
            "brief": "波斯"
        },
        "12": {
            "sn": "03791",
            "brief": "文件、书册"
        },
        "13": {
            "sn": "05406",
            "brief": "信件"
        },
        "14": {
            "sn": "03789",
            "brief": "写、刻"
        },
        "15": {
            "sn": "00762",
            "brief": "亚兰语"
        },
        "17": {
            "sn": "00762",
            "brief": "亚兰语"
        },
        "16": {
            "sn": "08638",
            "brief": "翻译、解释"
        }
    },
    "12": {
        "literal": "如今王该被告知，他们若建造这城，城墙完工，就不再进贡，交课，纳税，王的国库必受亏损。",
        "0": {
            "sn": "03705",
            "brief": "现在、目前"
        },
        "1": {
            "sn": "03046",
            "brief": "知道"
        },
        "2": {
            "sn": "01934",
            "brief": "发生、临到"
        },
        "3": {
            "sn": "04430",
            "brief": "君王"
        },
        "4": {
            "sn": "01768",
            "brief": "不必翻译、因为"
        },
        "5": {
            "sn": "02006",
            "brief": "看啊、如果、或者"
        },
        "6": {
            "sn": "07149",
            "brief": "城"
        },
        "7": {
            "sn": "01791",
            "brief": "这个"
        },
        "8": {
            "sn": "01124",
            "brief": "建造"
        },
        "9": {
            "sn": "07792",
            "brief": "墙"
        },
        "10": {
            "sn": "03635",
            "brief": "完成"
        },
        "11": {
            "sn": "04061",
            "brief": "贡银"
        },
        "12": {
            "sn": "01093",
            "brief": "贡物"
        },
        "13": {
            "sn": "01983",
            "brief": "税金"
        },
        "14": {
            "sn": "03809",
            "brief": "不"
        },
        "15": {
            "sn": "05415",
            "brief": "给"
        },
        "16": {
            "sn": "00674",
            "brief": "国库"
        },
        "17": {
            "sn": "04430",
            "brief": "君王"
        },
        "18": {
            "sn": "05142",
            "brief": "受伤害"
        }
    },
    "21": {
        "literal": "你们当谨慎，在这件事上不可迟延，为何容损害加重，使王受亏损呢？」",
        "0": {
            "sn": "02095",
            "brief": "留心、注意"
        },
        "1": {
            "sn": "01934",
            "brief": "发生、临到"
        },
        "2": {
            "sn": "07960",
            "brief": "疏忽、粗心"
        },
        "3": {
            "sn": "05648",
            "brief": "做"
        },
        "4": {
            "sn": "05922",
            "brief": "在…上面"
        },
        "5": {
            "sn": "01836",
            "brief": "这"
        },
        "6": {
            "sn": "04101",
            "brief": "什么"
        },
        "7": {
            "sn": "07680",
            "brief": "增大"
        },
        "8": {
            "sn": "02257",
            "brief": "受伤"
        },
        "9": {
            "sn": "05142",
            "brief": "受伤害"
        },
        "10": {
            "sn": "04430",
            "brief": "君王"
        },
        "11": {
            "sn": "09014",
            "brief": "关闭的意思"
        }
    },
    "14": {
        "13": {
            "sn": "07149",
            "brief": "城"
        },
        "literal": "请详细考察你祖先们的文籍，你就会找到这文籍并知道这城是反叛的城，与列王和各省有害；自古以来，人在其中行悖逆的事，因此这城被荒废。",
        "0": {
            "sn": "01768",
            "brief": "不必翻译、因为"
        },
        "1": {
            "sn": "01240",
            "brief": "寻找、寻访"
        },
        "2": {
            "sn": "05609",
            "brief": "书籍"
        },
        "3": {
            "sn": "01799",
            "brief": "纪录、记载"
        },
        "4": {
            "sn": "01768",
            "brief": "不必翻译、因为"
        },
        "5": {
            "sn": "00002",
            "brief": "父亲"
        },
        "6": {
            "sn": "07912",
            "brief": "找到"
        },
        "7": {
            "sn": "05609",
            "brief": "书籍"
        },
        "8": {
            "sn": "01799",
            "brief": "纪录、记载"
        },
        "9": {
            "sn": "03046",
            "brief": "知道"
        },
        "10": {
            "sn": "01768",
            "brief": "不必翻译、因为"
        },
        "11": {
            "sn": "07149",
            "brief": "城"
        },
        "12": {
            "sn": "01791",
            "brief": "这个"
        },
        "14": {
            "sn": "04779",
            "brief": "背叛的"
        },
        "15": {
            "sn": "05142",
            "brief": "受伤害"
        },
        "16": {
            "sn": "04430",
            "brief": "君王"
        },
        "17": {
            "sn": "04083",
            "brief": "行政区、行省"
        },
        "18": {
            "sn": "00849",
            "brief": "背叛"
        },
        "19": {
            "sn": "05648",
            "brief": "做"
        },
        "20": {
            "sn": "01459",
            "brief": "当中、在其中的部分"
        },
        "21": {
            "sn": "04481",
            "brief": "从"
        },
        "22": {
            "sn": "03118",
            "brief": "日子"
        },
        "23": {
            "sn": "05957",
            "brief": "永远"
        },
        "24": {
            "sn": "05922",
            "brief": "在…上面"
        },
        "25": {
            "sn": "01836",
            "brief": "这"
        },
        "26": {
            "sn": "07149",
            "brief": "城"
        },
        "27": {
            "sn": "01791",
            "brief": "这个"
        },
        "28": {
            "sn": "02718",
            "brief": "使枯干、使荒废"
        }
    },
    "15": {
        "literal": "我们谨奏王知，这城若再建造，它的城墙完工，河西的领土就不是你的了。」",
        "0": {
            "sn": "03046",
            "brief": "知道"
        },
        "1": {
            "sn": "00586",
            "brief": "我们"
        },
        "2": {
            "sn": "04430",
            "brief": "君王"
        },
        "3": {
            "sn": "01768",
            "brief": "不必翻译、因为"
        },
        "4": {
            "sn": "02006",
            "brief": "看啊、如果、或者"
        },
        "5": {
            "sn": "07149",
            "brief": "城"
        },
        "6": {
            "sn": "01791",
            "brief": "这个"
        },
        "7": {
            "sn": "01124",
            "brief": "建造"
        },
        "8": {
            "sn": "07792",
            "brief": "墙"
        },
        "9": {
            "sn": "03635",
            "brief": "完成"
        },
        "10": {
            "sn": "06903",
            "brief": "1. 名词：前面，2. 介系词：在…前面、因此，3. 连接词：因为"
        },
        "11": {
            "sn": "01836",
            "brief": "这"
        },
        "12": {
            "sn": "02508",
            "brief": "一部分"
        },
        "13": {
            "sn": "05675",
            "brief": "山或河那边"
        },
        "14": {
            "sn": "05103",
            "brief": "河流"
        },
        "15": {
            "sn": "03809",
            "brief": "不"
        },
        "16": {
            "sn": "00383",
            "brief": "存在"
        },
        "17": {
            "sn": "09004",
            "brief": "给、向、到、归属于"
        },
        "18": {
            "sn": "09015",
            "brief": "开的意思"
        }
    },
    "22": {
        "literal": "亚达薛西王信函的复本朗读在…之后，(…处填入下行)利宏和书记伸帅并他们的同党面前他们就急忙往耶路撒冷到犹大人那里，用势力与大力使他们停工。",
        "0": {
            "sn": "00116",
            "brief": "之后"
        },
        "1": {
            "sn": "04481",
            "brief": "从"
        },
        "2": {
            "sn": "01768",
            "brief": "不必翻译、因为"
        },
        "3": {
            "sn": "06573",
            "brief": "复本"
        },
        "4": {
            "sn": "05407",
            "brief": "信函"
        },
        "5": {
            "sn": "01768",
            "brief": "不必翻译、因为"
        },
        "6": {
            "sn": "00783",
            "brief": "亚达薛西"
        },
        "7": {
            "sn": "04430",
            "brief": "君王"
        },
        "8": {
            "sn": "07123",
            "brief": "朗读、叫、大喊、被召唤"
        },
        "9": {
            "sn": "06925",
            "brief": "在前面"
        },
        "10": {
            "sn": "07348",
            "brief": "利宏"
        },
        "11": {
            "sn": "08124",
            "brief": "伸帅"
        },
        "12": {
            "sn": "05613",
            "brief": "书记"
        },
        "13": {
            "sn": "03675",
            "brief": "同伙"
        },
        "14": {
            "sn": "00236",
            "brief": "去、出发"
        },
        "15": {
            "sn": "00924",
            "brief": "匆忙地"
        },
        "16": {
            "sn": "03390",
            "brief": "耶路撒冷"
        },
        "17": {
            "sn": "05922",
            "brief": "在…上面"
        },
        "18": {
            "sn": "03062",
            "brief": "犹太人"
        },
        "19": {
            "sn": "00989",
            "brief": "停止"
        },
        "20": {
            "sn": "01994",
            "brief": "他们"
        },
        "21": {
            "sn": "00153",
            "brief": "强势、权力"
        },
        "22": {
            "sn": "02429",
            "brief": "力量、军队、能力"
        },
        "23": {
            "sn": "09014",
            "brief": "关闭的意思"
        }
    },
    "11": {
        "literal": "王该被告知，从王那里上到我们这里的犹大人已经抵达耶路撒冷，建造这反叛邪恶的城，城墙已经完工，将要修复根基。",
        "0": {
            "sn": "03046",
            "brief": "知道"
        },
        "1": {
            "sn": "01934",
            "brief": "发生、临到"
        },
        "2": {
            "sn": "04430",
            "brief": "君王"
        },
        "3": {
            "sn": "01768",
            "brief": "不必翻译、因为"
        },
        "4": {
            "sn": "03062",
            "brief": "犹太人"
        },
        "5": {
            "sn": "01768",
            "brief": "不必翻译、因为"
        },
        "6": {
            "sn": "05559",
            "brief": "上去"
        },
        "7": {
            "sn": "04481",
            "brief": "从"
        },
        "8": {
            "sn": "03890",
            "brief": "在…旁边"
        },
        "9": {
            "sn": "05922",
            "brief": "在…上面"
        },
        "10": {
            "sn": "00858",
            "brief": "来、到达"
        },
        "11": {
            "sn": "03390",
            "brief": "耶路撒冷"
        },
        "12": {
            "sn": "07149",
            "brief": "城"
        },
        "13": {
            "sn": "04779",
            "brief": "背叛的"
        },
        "14": {
            "sn": "00873",
            "brief": "邪恶的"
        },
        "15": {
            "sn": "01124",
            "brief": "建造"
        },
        "16": {
            "sn": "07792",
            "brief": "墙"
        },
        "17": {
            "sn": "03635",
            "brief": "完成"
        },
        "18": {
            "sn": "00787",
            "brief": "根基"
        },
        "19": {
            "sn": "02338",
            "brief": "修复"
        }
    },
    "23": {
        "10": {
            "sn": "08140",
            "brief": "年"
        },
        "9": {
            "sn": "05705",
            "brief": "直到"
        },
        "literal": "于是，在耶路撒冷上帝的殿的工程就停止了，直停到…第二年。(…处填入下行)波斯王大流士国度的",
        "0": {
            "sn": "00116",
            "brief": "之后"
        },
        "1": {
            "sn": "00989",
            "brief": "停止"
        },
        "2": {
            "sn": "05673",
            "brief": "工作、事奉"
        },
        "3": {
            "sn": "01005",
            "brief": "房子、殿"
        },
        "4": {
            "sn": "00426",
            "brief": "上帝、神明、神"
        },
        "5": {
            "sn": "01768",
            "brief": "不必翻译、因为"
        },
        "6": {
            "sn": "03390",
            "brief": "耶路撒冷"
        },
        "7": {
            "sn": "01934",
            "brief": "发生、临到"
        },
        "8": {
            "sn": "00989",
            "brief": "停止"
        },
        "11": {
            "sn": "08648",
            "brief": "数目的「二」"
        },
        "12": {
            "sn": "04437",
            "brief": "国度"
        },
        "13": {
            "sn": "01868",
            "brief": "大流士"
        },
        "14": {
            "sn": "04430",
            "brief": "君王"
        },
        "15": {
            "sn": "06540",
            "brief": "波斯、波斯人"
        },
        "16": {
            "sn": "09015",
            "brief": "开的意思"
        }
    },
    "1": {
        "literal": "就去接近所罗巴伯和父家的领袖，对他们说：「请容我们与你们一同建造；因为我们寻求你们的上帝，与你们一样。…我们常祭祀他。」(…处填入下行)自从亚述王以撒•哈顿带我们上到这里以来，",
        "0": {
            "sn": "05066",
            "brief": "靠近"
        },
        "1": {
            "sn": "00413",
            "brief": "向、往"
        },
        "2": {
            "sn": "02216",
            "brief": "所罗巴伯"
        },
        "3": {
            "sn": "00413",
            "brief": "向、往"
        },
        "4": {
            "sn": "07218",
            "brief": "头、起头、山顶、领袖"
        },
        "5": {
            "sn": "00001",
            "brief": "父亲、祖先"
        },
        "6": {
            "sn": "00559",
            "brief": "说"
        },
        "7": {
            "sn": "09001",
            "brief": "给、往、向、到、归属于"
        },
        "8": {
            "sn": "01129",
            "brief": "建造"
        },
        "9": {
            "sn": "05973",
            "brief": "跟"
        },
        "10": {
            "sn": "03588",
            "brief": "因为、不必翻译"
        },
        "11": {
            "sn": "09003",
            "brief": "像"
        },
        "12": {
            "sn": "01875",
            "brief": "寻求、寻找"
        },
        "13": {
            "sn": "00430",
            "brief": "上帝、神、神明"
        },
        "14": {
            "sn": "09001",
            "brief": "给、往、向、到、归属于"
        },
        "15": {
            "sn": "00587",
            "brief": "我们"
        },
        "16": {
            "sn": "02076",
            "brief": "屠宰、献祭"
        },
        "17": {
            "sn": "03117",
            "brief": "日子、时候"
        },
        "18": {
            "sn": "00634",
            "brief": "以撒•哈顿"
        },
        "19": {
            "sn": "00634",
            "brief": "以撒•哈顿"
        },
        "20": {
            "sn": "04428",
            "brief": "君王"
        },
        "21": {
            "sn": "00804",
            "brief": "亚述"
        },
        "23": {
            "sn": "00853",
            "brief": "不必翻译"
        },
        "24": {
            "sn": "06311",
            "brief": "这里"
        },
        "22": {
            "sn": "05927",
            "brief": "上去、升高、生长、献上"
        }
    }
}