{
    "17": {
        "1": {
            "sn": "09001",
            "brief": "给、往、向、到、归属于"
        },
        "0": {
            "sn": "00935",
            "brief": "来、进入、临到、发生"
        },
        "literal": "…他们为我们…带…来，(…处依序填入下行、下第三行、下第二行)因我们上帝施恩的手帮助我们，一个通达人在以色列的曾孙、利未的孙子、抹利的后裔中就是示利比，还有他的众子和他的兄弟(共)十八人。",
        "2": {
            "sn": "03027",
            "brief": "手、边、力量、权势"
        },
        "3": {
            "sn": "00430",
            "brief": "上帝、神、神明"
        },
        "5": {
            "sn": "05921",
            "brief": "在…上面"
        },
        "6": {
            "sn": "00376",
            "brief": "各人、人、男人、丈夫"
        },
        "7": {
            "sn": "07922",
            "brief": "理解、见识"
        },
        "8": {
            "sn": "01121",
            "brief": "儿子、孙子、后裔、成员"
        },
        "9": {
            "sn": "04249",
            "brief": "抹利"
        },
        "10": {
            "sn": "01121",
            "brief": "儿子、孙子、后裔、成员"
        },
        "11": {
            "sn": "03878",
            "brief": "利未"
        },
        "12": {
            "sn": "01121",
            "brief": "儿子、孙子、后裔、成员"
        },
        "13": {
            "sn": "03478",
            "brief": "以色列"
        },
        "14": {
            "sn": "08274",
            "brief": "示利比"
        },
        "15": {
            "sn": "01121",
            "brief": "儿子、孙子、后裔、成员"
        },
        "16": {
            "sn": "00251",
            "brief": "兄弟"
        },
        "17": {
            "sn": "08083",
            "brief": "数目的「八」"
        },
        "18": {
            "sn": "06240",
            "brief": "数目的「十」"
        },
        "4": {
            "sn": "02896",
            "brief": "名词：良善、美好、福乐；形容词：良善的、美好的"
        }
    },
    "20": {
        "13": {
            "sn": "09001",
            "brief": "给、往、向、到、归属于"
        },
        "6": {
            "sn": "06031",
            "brief": "I. 回答，II. 忙，III. 使受苦、使低微，IV. 唱歌 (I, IV 的 SN 为 6030. II, III 的 SN 为 6031)"
        },
        "literal": "那时，我在亚哈瓦河边宣告禁食，为要在我们的上帝面前刻苦己心，求他使…都得平坦的道路。(…处填入下行)我们和我们的孩子，以及我们一切的财物，",
        "0": {
            "sn": "07121",
            "brief": "喊叫、召集、称呼、求告、朗读"
        },
        "1": {
            "sn": "08033",
            "brief": "那里"
        },
        "2": {
            "sn": "06685",
            "brief": "禁食"
        },
        "3": {
            "sn": "05921",
            "brief": "在…上面"
        },
        "4": {
            "sn": "05104",
            "brief": "河流"
        },
        "5": {
            "sn": "00163",
            "brief": "亚哈瓦"
        },
        "7": {
            "sn": "03942",
            "brief": "在…前面"
        },
        "8": {
            "sn": "00430",
            "brief": "神、神明、上帝"
        },
        "10": {
            "sn": "04480",
            "brief": "从、出、离"
        },
        "11": {
            "sn": "01870",
            "brief": "道路、行为、方向、方法"
        },
        "12": {
            "sn": "03477",
            "brief": "正直的"
        },
        "14": {
            "sn": "02945",
            "brief": "幼儿"
        },
        "15": {
            "sn": "03605",
            "brief": "全部、整个、各"
        },
        "16": {
            "sn": "07399",
            "brief": "所拥有的、财产"
        },
        "9": {
            "sn": "01245",
            "brief": "Pi‘el 寻找、渴求、想望、索求"
        }
    },
    "34": {
        "21": {
            "sn": "02403",
            "brief": "罪、赎罪祭、除罪、罪罚"
        },
        "literal": "从掳到之地归回的人向以色列的上帝献燔祭，为全以色列献十二头公牛，九十六只公绵羊，七十七只绵羊羔，又献十二只公山羊作赎罪祭，全都是献给雅威的燔祭。",
        "0": {
            "sn": "00935",
            "brief": "来、进入、临到、发生"
        },
        "1": {
            "sn": "07628",
            "brief": "被掳、俘虏"
        },
        "2": {
            "sn": "01121",
            "brief": "儿子、孙子、后裔、成员"
        },
        "3": {
            "sn": "01473",
            "brief": "被掳"
        },
        "5": {
            "sn": "05930",
            "brief": "燔祭、阶梯"
        },
        "6": {
            "sn": "00430",
            "brief": "上帝、神、神明"
        },
        "7": {
            "sn": "03478",
            "brief": "以色列"
        },
        "8": {
            "sn": "06499",
            "brief": "小公牛"
        },
        "9": {
            "sn": "08147",
            "brief": "数目的「二」"
        },
        "10": {
            "sn": "06240",
            "brief": "数目的「十」"
        },
        "11": {
            "sn": "05921",
            "brief": "在…上面"
        },
        "12": {
            "sn": "03605",
            "brief": "全部、整个、各"
        },
        "13": {
            "sn": "03478",
            "brief": "以色列"
        },
        "14": {
            "sn": "00352",
            "brief": "公羊、高大的树、门框、柱子、强壮的人"
        },
        "15": {
            "sn": "08673",
            "brief": "数目的「九十」"
        },
        "16": {
            "sn": "08337",
            "brief": "数目的「六」"
        },
        "17": {
            "sn": "03532",
            "brief": "绵羊"
        },
        "18": {
            "sn": "07657",
            "brief": "数目的「七十」"
        },
        "19": {
            "sn": "07651",
            "brief": "数目的「七」"
        },
        "20": {
            "sn": "06842",
            "brief": "公山羊"
        },
        "4": {
            "sn": "07126",
            "brief": "临近、靠近、带近"
        },
        "22": {
            "sn": "08147",
            "brief": "数目的「二」"
        },
        "23": {
            "sn": "06240",
            "brief": "数目的「十」"
        },
        "24": {
            "sn": "03605",
            "brief": "全部、整个、各"
        },
        "25": {
            "sn": "05930",
            "brief": "燔祭、阶梯"
        },
        "26": {
            "sn": "03068",
            "brief": "上帝的名字「雅威」，犹太人尊称为「上主」"
        },
        "27": {
            "sn": "09015",
            "brief": "开的意思"
        }
    },
    "14": {
        "16": {
            "sn": "04672",
            "brief": "寻找、追上、获得、发现"
        },
        "literal": "我招聚这些人在流入亚哈瓦的河边，我们在那里住了三日。我查看百姓和祭司，在那里没有找到利未人，",
        "0": {
            "sn": "06908",
            "brief": "聚集"
        },
        "1": {
            "sn": "00413",
            "brief": "向、往"
        },
        "2": {
            "sn": "05104",
            "brief": "河"
        },
        "3": {
            "sn": "00935",
            "brief": "来、进入、临到、发生"
        },
        "4": {
            "sn": "00413",
            "brief": "向、往"
        },
        "5": {
            "sn": "00163",
            "brief": "亚哈瓦"
        },
        "6": {
            "sn": "02583",
            "brief": "安营、扎营"
        },
        "7": {
            "sn": "08033",
            "brief": "那里"
        },
        "8": {
            "sn": "03117",
            "brief": "日子、时候"
        },
        "9": {
            "sn": "07969",
            "brief": "数目的「三」"
        },
        "10": {
            "sn": "00995",
            "brief": "聪明、明辨"
        },
        "11": {
            "sn": "05971",
            "brief": "百姓、国民"
        },
        "12": {
            "sn": "03548",
            "brief": "祭司"
        },
        "13": {
            "sn": "01121",
            "brief": "儿子、孙子、后裔、成员"
        },
        "14": {
            "sn": "03878",
            "brief": "利未"
        },
        "15": {
            "sn": "03808",
            "brief": "不"
        },
        "17": {
            "sn": "08033",
            "brief": "那里"
        }
    },
    "10": {
        "literal": "属比拜的子孙有比拜的儿子撒迦利亚，同着他的有男丁二十八；",
        "2": {
            "sn": "02148",
            "brief": "撒迦利亚"
        },
        "4": {
            "sn": "00893",
            "brief": "比拜"
        },
        "5": {
            "sn": "05973",
            "brief": "跟"
        },
        "6": {
            "sn": "06242",
            "brief": "数目的「二十」"
        },
        "7": {
            "sn": "08083",
            "brief": "数目的「八」"
        },
        "8": {
            "sn": "02145",
            "brief": "男人、男的"
        },
        "9": {
            "sn": "09014",
            "brief": "关闭的意思"
        },
        "0": {
            "sn": "01121",
            "brief": "儿子、孙子、后裔、成员"
        },
        "1": {
            "sn": "00893",
            "brief": "比拜"
        },
        "3": {
            "sn": "01121",
            "brief": "儿子、孙子、后裔、成员"
        }
    },
    "2": {
        "literal": "属示迦尼的子孙；属巴录的子孙有撒迦利亚，同着他的，按家谱计算有男丁一百五十人；",
        "0": {
            "sn": "01121",
            "brief": "儿子、孙子、后裔、成员"
        },
        "1": {
            "sn": "07935",
            "brief": "示迦尼"
        },
        "2": {
            "sn": "09014",
            "brief": "关闭的意思"
        },
        "3": {
            "sn": "01121",
            "brief": "儿子、孙子、后裔、成员"
        },
        "4": {
            "sn": "06551",
            "brief": "巴录"
        },
        "5": {
            "sn": "02148",
            "brief": "撒迦利亚"
        },
        "6": {
            "sn": "05973",
            "brief": "跟"
        },
        "8": {
            "sn": "02145",
            "brief": "男人、男的"
        },
        "9": {
            "sn": "03967",
            "brief": "数目的「一百」"
        },
        "10": {
            "sn": "02572",
            "brief": "数目的「五十」"
        },
        "11": {
            "sn": "09014",
            "brief": "关闭的意思"
        },
        "7": {
            "sn": "03187",
            "brief": "登录于家谱"
        }
    },
    "16": {
        "10": {
            "sn": "01696",
            "brief": "Pi‘el 讲、说、指挥"
        },
        "19": {
            "sn": "08334",
            "brief": "Pi‘el 事奉、管理、伺候、供职"
        },
        "11": {
            "sn": "00413",
            "brief": "向、往"
        },
        "1": {
            "sn": "00853",
            "brief": "不必翻译"
        },
        "0": {
            "sn": "06680",
            "brief": "Pi‘el 命令、吩咐"
        },
        "literal": "我打发他们往易多，就是迦西斐雅地方的首领那里，我在他们口中放话语，(要他们)去告诉迦西斐雅地方的易多和他的弟兄尼提宁，好为我们上帝的殿给我们带事奉的人来。",
        "2": {
            "sn": "05921",
            "brief": "攻击，在…上面"
        },
        "3": {
            "sn": "00112",
            "brief": "易多"
        },
        "4": {
            "sn": "07218",
            "brief": "头、起头、山顶、领袖"
        },
        "5": {
            "sn": "03703",
            "brief": "迦西斐雅"
        },
        "6": {
            "sn": "04725",
            "brief": "地方"
        },
        "7": {
            "sn": "07760",
            "brief": "使、置、放"
        },
        "8": {
            "sn": "06310",
            "brief": "口、命令、末端、沿岸、比例"
        },
        "9": {
            "sn": "01697",
            "brief": "话语、事情"
        },
        "12": {
            "sn": "00112",
            "brief": "易多"
        },
        "13": {
            "sn": "00251",
            "brief": "兄弟"
        },
        "14": {
            "sn": "05411",
            "brief": "尼提宁、圣殿仆役"
        },
        "15": {
            "sn": "03703",
            "brief": "迦西斐雅"
        },
        "16": {
            "sn": "04725",
            "brief": "地方"
        },
        "18": {
            "sn": "09001",
            "brief": "给、往、向、到、归属于"
        },
        "17": {
            "sn": "00935",
            "brief": "来、进入、临到、发生"
        },
        "20": {
            "sn": "01004",
            "brief": "殿、房子、家"
        },
        "21": {
            "sn": "00430",
            "brief": "上帝、神、神明"
        }
    },
    "22": {
        "5": {
            "sn": "06279",
            "brief": "Qal 祈求、恳求，Nif‘al 接受恳求，Hif‘il 使祈求"
        },
        "0": {
            "sn": "06684",
            "brief": "禁食"
        },
        "literal": "我们为这事禁食祈求我们的上帝，他应允了我们。",
        "2": {
            "sn": "00430",
            "brief": "上帝、神、神明"
        },
        "3": {
            "sn": "05921",
            "brief": "在…上面"
        },
        "4": {
            "sn": "02063",
            "brief": "这个"
        },
        "6": {
            "sn": "09001",
            "brief": "给、往、向、到、归属于"
        },
        "1": {
            "sn": "01245",
            "brief": "Pi‘el 寻找、渴求、想望、索求"
        }
    },
    "19": {
        "11": {
            "sn": "05344",
            "brief": "Qal 刺穿、任命；Nif‘al 标明"
        },
        "literal": "从大卫和众首领所派…的尼提宁(圣殿仆役)，(…处填入下行)服事利未人有尼提宁二百二十人来，全都是按名指定的。",
        "0": {
            "sn": "04480",
            "brief": "从、出、离"
        },
        "1": {
            "sn": "05411",
            "brief": "尼提宁、圣殿仆役"
        },
        "2": {
            "sn": "05414",
            "brief": "给、指定"
        },
        "3": {
            "sn": "01732",
            "brief": "大卫"
        },
        "4": {
            "sn": "08269",
            "brief": "长官、首领"
        },
        "5": {
            "sn": "05656",
            "brief": "工作、服务、效劳"
        },
        "6": {
            "sn": "03881",
            "brief": "利未人"
        },
        "7": {
            "sn": "05411",
            "brief": "尼提宁、圣殿仆役"
        },
        "8": {
            "sn": "03967",
            "brief": "数目的「一百」"
        },
        "9": {
            "sn": "06242",
            "brief": "数目的「二十」"
        },
        "10": {
            "sn": "03605",
            "brief": "全部、整个、各"
        },
        "12": {
            "sn": "08034",
            "brief": "名、名字"
        }
    },
    "0": {
        "3": {
            "sn": "03187",
            "brief": "登录于家谱"
        },
        "literal": "这些是…他们的族长和他们的家谱：(…处填入下二行)亚达薛西王统治年间，同我…上来的人，(…处填入下行)从巴比伦",
        "0": {
            "sn": "00428",
            "brief": "这些"
        },
        "1": {
            "sn": "07218",
            "brief": "头、起头、山顶、领袖"
        },
        "2": {
            "sn": "00001",
            "brief": "父亲、祖先"
        },
        "4": {
            "sn": "05927",
            "brief": "上去、升高、生长、献上"
        },
        "5": {
            "sn": "05973",
            "brief": "跟"
        },
        "6": {
            "sn": "04438",
            "brief": "王位、王国、国度"
        },
        "7": {
            "sn": "00783",
            "brief": "亚达薛西"
        },
        "8": {
            "sn": "04428",
            "brief": "君王、国王"
        },
        "9": {
            "sn": "00894",
            "brief": "巴比伦、巴别"
        },
        "10": {
            "sn": "09014",
            "brief": "关闭的意思"
        }
    },
    "28": {
        "2": {
            "sn": "05704",
            "brief": "直到、甚至"
        },
        "literal": "你们当警醒看管，直到你们…过了秤。」(…处填入下二行)…在祭司和利未领袖，并以色列各族长面前(…处填入下行)在耶路撒冷雅威的殿的库房内，",
        "0": {
            "sn": "08245",
            "brief": "留意、注意"
        },
        "1": {
            "sn": "08104",
            "brief": "谨守、小心"
        },
        "3": {
            "sn": "08254",
            "brief": "秤重、支付"
        },
        "4": {
            "sn": "03942",
            "brief": "在…前面"
        },
        "5": {
            "sn": "08269",
            "brief": "长官、首领"
        },
        "6": {
            "sn": "03548",
            "brief": "祭司"
        },
        "7": {
            "sn": "03881",
            "brief": "利未人"
        },
        "8": {
            "sn": "08269",
            "brief": "长官、首领"
        },
        "9": {
            "sn": "00001",
            "brief": "父亲、祖先"
        },
        "10": {
            "sn": "03478",
            "brief": "以色列"
        },
        "11": {
            "sn": "03389",
            "brief": "耶路撒冷"
        },
        "12": {
            "sn": "03957",
            "brief": "房间"
        },
        "13": {
            "sn": "01004",
            "brief": "殿、房子、家"
        },
        "14": {
            "sn": "03068",
            "brief": "上帝的名字「雅威」，犹太人尊称为「上主」"
        }
    },
    "3": {
        "literal": "属巴哈•摩押的子孙有西拉希雅的儿子以利约乃，同着他的有男丁二百；",
        "0": {
            "sn": "01121",
            "brief": "儿子、孙子、后裔、成员"
        },
        "1": {
            "sn": "06355",
            "brief": "巴哈•摩押"
        },
        "2": {
            "sn": "06355",
            "brief": "巴哈•摩押"
        },
        "3": {
            "sn": "00454",
            "brief": "以利约乃"
        },
        "4": {
            "sn": "01121",
            "brief": "儿子、孙子、后裔、成员"
        },
        "5": {
            "sn": "02228",
            "brief": "西拉希雅"
        },
        "6": {
            "sn": "05973",
            "brief": "跟"
        },
        "7": {
            "sn": "03967",
            "brief": "数目的「一百」"
        },
        "8": {
            "sn": "02145",
            "brief": "男人、男的"
        },
        "9": {
            "sn": "09014",
            "brief": "关闭的意思"
        }
    },
    "1": {
        "literal": "属非尼哈的子孙有革顺；属以他玛的子孙有但以理；属大卫的子孙有哈突；",
        "0": {
            "sn": "01121",
            "brief": "儿子、孙子、后裔、成员"
        },
        "1": {
            "sn": "06372",
            "brief": "非尼哈"
        },
        "2": {
            "sn": "01647",
            "brief": "革顺"
        },
        "3": {
            "sn": "09014",
            "brief": "关闭的意思"
        },
        "4": {
            "sn": "01121",
            "brief": "儿子、孙子、后裔、成员"
        },
        "5": {
            "sn": "00385",
            "brief": "以他玛"
        },
        "6": {
            "sn": "01840",
            "brief": "但以理"
        },
        "7": {
            "sn": "09014",
            "brief": "关闭的意思"
        },
        "8": {
            "sn": "01121",
            "brief": "儿子、孙子、后裔、成员"
        },
        "9": {
            "sn": "01732",
            "brief": "大卫"
        },
        "10": {
            "sn": "02407",
            "brief": "哈突"
        },
        "11": {
            "sn": "09014",
            "brief": "关闭的意思"
        }
    },
    "4": {
        "literal": "属示迦尼的子孙有雅哈悉的儿子，同着他的有男丁三百；",
        "0": {
            "sn": "01121",
            "brief": "儿子、孙子、后裔、成员"
        },
        "1": {
            "sn": "07935",
            "brief": "示迦尼"
        },
        "2": {
            "sn": "01121",
            "brief": "儿子、孙子、后裔、成员"
        },
        "3": {
            "sn": "03166",
            "brief": "雅哈悉"
        },
        "4": {
            "sn": "05973",
            "brief": "跟"
        },
        "5": {
            "sn": "07969",
            "brief": "数目的「三」"
        },
        "6": {
            "sn": "03967",
            "brief": "数目的「一百」"
        },
        "7": {
            "sn": "02145",
            "brief": "男人、男的"
        },
        "8": {
            "sn": "09014",
            "brief": "关闭的意思"
        }
    },
    "7": {
        "literal": "属示法提雅的子孙有米迦勒的儿子西巴第雅，同着他的有男丁八十；",
        "4": {
            "sn": "04317",
            "brief": "米迦勒"
        },
        "0": {
            "sn": "01121",
            "brief": "儿子、孙子、后裔、成员"
        },
        "1": {
            "sn": "08203",
            "brief": "示法提雅"
        },
        "2": {
            "sn": "02069",
            "brief": "西巴第雅"
        },
        "3": {
            "sn": "01121",
            "brief": "儿子、孙子、后裔、成员"
        },
        "5": {
            "sn": "05973",
            "brief": "跟"
        },
        "6": {
            "sn": "08084",
            "brief": "数目的「八十」"
        },
        "7": {
            "sn": "02145",
            "brief": "男人、男的"
        },
        "8": {
            "sn": "09014",
            "brief": "关闭的意思"
        }
    },
    "8": {
        "literal": "属约押的子孙有耶歇的儿子俄巴底亚，同着他的有男丁二百一十八；",
        "0": {
            "sn": "01121",
            "brief": "儿子、孙子、后裔、成员"
        },
        "1": {
            "sn": "03097",
            "brief": "约押"
        },
        "2": {
            "sn": "05662",
            "brief": "俄巴底亚"
        },
        "3": {
            "sn": "01121",
            "brief": "儿子、孙子、后裔、成员"
        },
        "4": {
            "sn": "03171",
            "brief": "耶歇"
        },
        "5": {
            "sn": "05973",
            "brief": "跟"
        },
        "6": {
            "sn": "03967",
            "brief": "数目的「一百」"
        },
        "7": {
            "sn": "08083",
            "brief": "数目的「八」"
        },
        "8": {
            "sn": "06240",
            "brief": "数目的「十」"
        },
        "9": {
            "sn": "02145",
            "brief": "男人、男的"
        },
        "10": {
            "sn": "09014",
            "brief": "关闭的意思"
        }
    },
    "9": {
        "0": {
            "sn": "01121",
            "brief": "儿子、孙子、后裔、成员"
        },
        "1": {
            "sn": "08019",
            "brief": "示罗密"
        },
        "2": {
            "sn": "01121",
            "brief": "儿子、孙子、后裔、成员"
        },
        "3": {
            "sn": "03131",
            "brief": "约细斐"
        },
        "4": {
            "sn": "05973",
            "brief": "跟"
        },
        "5": {
            "sn": "03967",
            "brief": "数目的「一百」"
        },
        "6": {
            "sn": "08346",
            "brief": "数目的「六十」"
        },
        "7": {
            "sn": "02145",
            "brief": "男人、男的"
        },
        "8": {
            "sn": "09014",
            "brief": "关闭的意思"
        },
        "literal": "属示罗密的子孙有约细斐的儿子，同着他的有男丁一百六十；"
    },
    "5": {
        "literal": "属亚丁的子孙有约拿单的儿子以别，同着他的有男丁五十；",
        "0": {
            "sn": "01121",
            "brief": "儿子、孙子、后裔、成员"
        },
        "1": {
            "sn": "05720",
            "brief": "亚丁"
        },
        "2": {
            "sn": "05651",
            "brief": "以别"
        },
        "3": {
            "sn": "01121",
            "brief": "儿子、孙子、后裔、成员"
        },
        "4": {
            "sn": "03129",
            "brief": "约拿单"
        },
        "5": {
            "sn": "05973",
            "brief": "跟"
        },
        "6": {
            "sn": "02572",
            "brief": "数目的「五十」"
        },
        "7": {
            "sn": "02145",
            "brief": "男人、男的"
        },
        "8": {
            "sn": "09014",
            "brief": "关闭的意思"
        }
    },
    "6": {
        "literal": "属以拦的子孙有亚他利雅的儿子以赛亚，同着他的有男丁七十；",
        "5": {
            "sn": "05973",
            "brief": "跟"
        },
        "6": {
            "sn": "07657",
            "brief": "数目的「七十」"
        },
        "7": {
            "sn": "02145",
            "brief": "男人、男的"
        },
        "8": {
            "sn": "09014",
            "brief": "关闭的意思"
        },
        "0": {
            "sn": "01121",
            "brief": "儿子、孙子、后裔、成员"
        },
        "1": {
            "sn": "05867",
            "brief": "以拦"
        },
        "2": {
            "sn": "03470",
            "brief": "以赛亚"
        },
        "3": {
            "sn": "01121",
            "brief": "儿子、孙子、后裔、成员"
        },
        "4": {
            "sn": "06271",
            "brief": "亚她利雅、亚他利雅"
        }
    },
    "23": {
        "literal": "我分派十二位祭司长，就是示利比、哈沙比雅，和他们的弟兄十人，",
        "0": {
            "sn": "00914",
            "brief": "隔绝、分开、分别"
        },
        "1": {
            "sn": "08269",
            "brief": "长官、首领"
        },
        "2": {
            "sn": "03548",
            "brief": "祭司"
        },
        "3": {
            "sn": "08147",
            "brief": "数目的「二」"
        },
        "4": {
            "sn": "06240",
            "brief": "数目的「十」"
        },
        "5": {
            "sn": "08274",
            "brief": "示利比"
        },
        "6": {
            "sn": "02811",
            "brief": "哈沙比雅"
        },
        "7": {
            "sn": "05973",
            "brief": "跟"
        },
        "8": {
            "sn": "00251",
            "brief": "兄弟"
        },
        "9": {
            "sn": "06235",
            "brief": "数目的「十」"
        }
    },
    "25": {
        "literal": "我秤了交在他们手中的银子有六百五十他连得，银器重一百他连得，金子一百他连得，",
        "0": {
            "sn": "08254",
            "brief": "秤重、支付"
        },
        "1": {
            "sn": "05921",
            "brief": "攻击，在…上面"
        },
        "2": {
            "sn": "03027",
            "brief": "手、边、力量、权势"
        },
        "3": {
            "sn": "03701",
            "brief": "银子、钱"
        },
        "4": {
            "sn": "03603",
            "brief": "圆形物、圆形区域、他连得"
        },
        "5": {
            "sn": "08337",
            "brief": "数目的「六」"
        },
        "6": {
            "sn": "03967",
            "brief": "数目的「一百」"
        },
        "7": {
            "sn": "02572",
            "brief": "数目的「五十」"
        },
        "8": {
            "sn": "03627",
            "brief": "器皿、器械、器具"
        },
        "9": {
            "sn": "03701",
            "brief": "银子、钱"
        },
        "10": {
            "sn": "03967",
            "brief": "数目的「一百」"
        },
        "11": {
            "sn": "03603",
            "brief": "圆形物、圆形区域、他连得"
        },
        "12": {
            "sn": "02091",
            "brief": "金"
        },
        "13": {
            "sn": "03967",
            "brief": "数目的「一百」"
        },
        "14": {
            "sn": "03603",
            "brief": "圆形物、圆形区域、他连得"
        }
    },
    "26": {
        "literal": "金碗二十个，重一千达利克；光亮的上等铜的器皿两个，宝贵如金。",
        "7": {
            "sn": "06668",
            "brief": "发亮的"
        },
        "8": {
            "sn": "02896",
            "brief": "名词：良善、美好、福乐；形容词：良善的、美好的"
        },
        "0": {
            "sn": "03713",
            "brief": "碗、盆、霜"
        },
        "1": {
            "sn": "02091",
            "brief": "金"
        },
        "2": {
            "sn": "06242",
            "brief": "数目的「二十」"
        },
        "3": {
            "sn": "00150",
            "brief": "达利克，约 4.32 公克"
        },
        "4": {
            "sn": "00505",
            "brief": "数目的「一千」"
        },
        "5": {
            "sn": "03627",
            "brief": "器皿、器械、器具"
        },
        "6": {
            "sn": "05178",
            "brief": "铜"
        },
        "9": {
            "sn": "08147",
            "brief": "数目的「二」"
        },
        "10": {
            "sn": "02530",
            "brief": "渴望、喜欢、贪图"
        },
        "11": {
            "sn": "02091",
            "brief": "金"
        }
    },
    "31": {
        "3": {
            "sn": "08033",
            "brief": "那里"
        },
        "literal": "我们到了耶路撒冷，在那里住了三日。",
        "0": {
            "sn": "00935",
            "brief": "来、进入、临到、发生"
        },
        "1": {
            "sn": "03389",
            "brief": "耶路撒冷"
        },
        "2": {
            "sn": "03427",
            "brief": "居住、坐、停留"
        },
        "4": {
            "sn": "03117",
            "brief": "日子、时候"
        },
        "5": {
            "sn": "07969",
            "brief": "数目的「三」"
        }
    },
    "33": {
        "literal": "一切都按照数目和重量，当时就将所有的重量纪录下来。",
        "3": {
            "sn": "03789",
            "brief": "Qal 写，Nif‘al 被写"
        },
        "0": {
            "sn": "04557",
            "brief": "数目"
        },
        "1": {
            "sn": "04948",
            "brief": "重量"
        },
        "2": {
            "sn": "03605",
            "brief": "全部、整个、各"
        },
        "4": {
            "sn": "03605",
            "brief": "全部、整个、各"
        },
        "5": {
            "sn": "04948",
            "brief": "重量"
        },
        "6": {
            "sn": "06256",
            "brief": "那时、时候"
        },
        "7": {
            "sn": "01931",
            "brief": "他；她"
        },
        "8": {
            "sn": "09015",
            "brief": "开的意思"
        }
    },
    "18": {
        "literal": "又有哈沙比雅，同着他的有米拉利的子孙耶筛亚，他的弟兄和他的众子(共)二十人。",
        "0": {
            "sn": "00853",
            "brief": "不必翻译"
        },
        "1": {
            "sn": "02811",
            "brief": "哈沙比雅"
        },
        "2": {
            "sn": "00854",
            "brief": "与、跟"
        },
        "3": {
            "sn": "03470",
            "brief": "以赛亚"
        },
        "4": {
            "sn": "01121",
            "brief": "儿子、孙子、后裔、成员"
        },
        "5": {
            "sn": "04847",
            "brief": "米拉利"
        },
        "6": {
            "sn": "00251",
            "brief": "兄弟"
        },
        "7": {
            "sn": "01121",
            "brief": "儿子、孙子、后裔、成员"
        },
        "8": {
            "sn": "06242",
            "brief": "数目的「二十」"
        },
        "9": {
            "sn": "09014",
            "brief": "关闭的意思"
        }
    },
    "11": {
        "literal": "属押甲的子孙有哈加坦的儿子约哈难，同着他有男丁一百一十；",
        "0": {
            "sn": "01121",
            "brief": "儿子、孙子、后裔、成员"
        },
        "1": {
            "sn": "05803",
            "brief": "押甲"
        },
        "2": {
            "sn": "03110",
            "brief": "约哈难"
        },
        "3": {
            "sn": "01121",
            "brief": "儿子、孙子、后裔、成员"
        },
        "4": {
            "sn": "06997",
            "brief": "哈加坦"
        },
        "5": {
            "sn": "05973",
            "brief": "跟"
        },
        "6": {
            "sn": "03967",
            "brief": "数目的「一百」"
        },
        "7": {
            "sn": "06235",
            "brief": "数目的「十」"
        },
        "8": {
            "sn": "02145",
            "brief": "男人、男的"
        },
        "9": {
            "sn": "09014",
            "brief": "关闭的意思"
        }
    },
    "12": {
        "literal": "属亚多尼干的子孙，就是末尾的，这些是他们的名字：以利法列、耶利、和示玛雅，同着他们的有男丁六十；",
        "0": {
            "sn": "01121",
            "brief": "儿子、孙子、后裔、成员"
        },
        "1": {
            "sn": "00140",
            "brief": "亚多尼干"
        },
        "2": {
            "sn": "00314",
            "brief": "末后的、后面的、西方"
        },
        "3": {
            "sn": "00428",
            "brief": "这些"
        },
        "4": {
            "sn": "08034",
            "brief": "名、名字"
        },
        "5": {
            "sn": "00467",
            "brief": "以利法列"
        },
        "6": {
            "sn": "03273",
            "brief": "耶利"
        },
        "7": {
            "sn": "08098",
            "brief": "示玛雅"
        },
        "8": {
            "sn": "05973",
            "brief": "跟"
        },
        "9": {
            "sn": "08346",
            "brief": "数目的「六十」"
        },
        "10": {
            "sn": "02145",
            "brief": "男人、男的"
        },
        "11": {
            "sn": "09014",
            "brief": "关闭的意思"
        }
    },
    "13": {
        "literal": "属比革瓦伊的子孙有乌太和撒刻，同着他们的有男丁七十。",
        "0": {
            "sn": "01121",
            "brief": "儿子、孙子、后裔、成员"
        },
        "1": {
            "sn": "00902",
            "brief": "比革瓦伊"
        },
        "2": {
            "sn": "05793",
            "brief": "乌太"
        },
        "3": {
            "sn": "02139",
            "brief": "撒刻"
        },
        "4": {
            "sn": "05973",
            "brief": "跟"
        },
        "5": {
            "sn": "07657",
            "brief": "数目的「七十」"
        },
        "6": {
            "sn": "02145",
            "brief": "男人、男的"
        },
        "7": {
            "sn": "09015",
            "brief": "开的意思"
        }
    },
    "15": {
        "literal": "就召…以利以谢、亚利伊勒、示玛雅、和以利拿单、(…处填入下第二行)和雅立、和以利拿单、和拿单、和撒迦利亚、和米书兰，首领又召有见识的约雅立和以利拿单。",
        "0": {
            "sn": "07971",
            "brief": "差遣、释放、送走、伸出、伸展"
        },
        "1": {
            "sn": "00461",
            "brief": "以利以谢"
        },
        "2": {
            "sn": "00740",
            "brief": "亚利伊勒"
        },
        "3": {
            "sn": "08098",
            "brief": "示玛雅"
        },
        "4": {
            "sn": "00494",
            "brief": "以利拿单"
        },
        "5": {
            "sn": "03402",
            "brief": "雅立"
        },
        "6": {
            "sn": "00494",
            "brief": "以利拿单"
        },
        "7": {
            "sn": "05416",
            "brief": "拿单"
        },
        "8": {
            "sn": "02148",
            "brief": "撒迦利亚"
        },
        "9": {
            "sn": "04918",
            "brief": "米书兰"
        },
        "10": {
            "sn": "07218",
            "brief": "头、起头、山顶、领袖"
        },
        "11": {
            "sn": "03114",
            "brief": "约雅立"
        },
        "12": {
            "sn": "00494",
            "brief": "以利拿单"
        },
        "13": {
            "sn": "00995",
            "brief": "聪明、明辨"
        }
    },
    "27": {
        "literal": "我对他们说：「你们是归雅威为圣的，器皿也为圣；银和金是甘心献给雅威―你们列祖之上帝的。",
        "0": {
            "sn": "00559",
            "brief": "说"
        },
        "1": {
            "sn": "00413",
            "brief": "向、往"
        },
        "2": {
            "sn": "00859",
            "brief": "你；你们"
        },
        "3": {
            "sn": "06944",
            "brief": "圣所、圣物、神圣"
        },
        "4": {
            "sn": "03068",
            "brief": "上帝的名字「雅威」，犹太人尊称为「上主」"
        },
        "5": {
            "sn": "03627",
            "brief": "器皿、器械、器具"
        },
        "6": {
            "sn": "06944",
            "brief": "圣所、圣物、神圣"
        },
        "7": {
            "sn": "03701",
            "brief": "银子、钱"
        },
        "8": {
            "sn": "02091",
            "brief": "金"
        },
        "9": {
            "sn": "05071",
            "brief": "甘心"
        },
        "10": {
            "sn": "03068",
            "brief": "上帝的名字「雅威」，犹太人尊称为「上主」"
        },
        "11": {
            "sn": "00430",
            "brief": "上帝、神、神明"
        },
        "12": {
            "sn": "00001",
            "brief": "父亲、祖先"
        }
    },
    "35": {
        "literal": "他们将王的谕旨交给王所派的总督们与河西的省长们，他们就帮助百姓，又供给上帝殿里所需用的。",
        "0": {
            "sn": "05414",
            "brief": "给、指定"
        },
        "1": {
            "sn": "00853",
            "brief": "不必翻译"
        },
        "2": {
            "sn": "01881",
            "brief": "法律"
        },
        "3": {
            "sn": "04428",
            "brief": "君王、国王"
        },
        "4": {
            "sn": "00323",
            "brief": "总督"
        },
        "5": {
            "sn": "04428",
            "brief": "君王、国王"
        },
        "6": {
            "sn": "06346",
            "brief": "省长、官员、军长"
        },
        "7": {
            "sn": "05676",
            "brief": "…外、对面、旁边"
        },
        "8": {
            "sn": "05104",
            "brief": "河"
        },
        "10": {
            "sn": "00853",
            "brief": "不必翻译"
        },
        "11": {
            "sn": "05971",
            "brief": "百姓、国民"
        },
        "12": {
            "sn": "00853",
            "brief": "不必翻译"
        },
        "13": {
            "sn": "01004",
            "brief": "殿、房子、家"
        },
        "14": {
            "sn": "00430",
            "brief": "上帝、神、神明"
        },
        "15": {
            "sn": "09014",
            "brief": "关闭的意思"
        },
        "9": {
            "sn": "05375",
            "brief": "高举、举起、背负、承担"
        }
    },
    "30": {
        "13": {
            "sn": "05337",
            "brief": "Nif‘al 获救，Pi‘el 拯救、夺取，Hif‘il 营救、抓走"
        },
        "literal": "…我们从亚哈瓦河边起行，(…处填入下行)正月十二日，要往耶路撒冷去。我们上帝的手保佑我们，救我们脱离仇敌和路上埋伏之人的手掌。",
        "0": {
            "sn": "05265",
            "brief": "拔起、移除、启程"
        },
        "1": {
            "sn": "05104",
            "brief": "河"
        },
        "2": {
            "sn": "00163",
            "brief": "亚哈瓦"
        },
        "3": {
            "sn": "08147",
            "brief": "数目的「二」"
        },
        "4": {
            "sn": "06240",
            "brief": "数目的「十」"
        },
        "5": {
            "sn": "02320",
            "brief": "月朔、新月"
        },
        "6": {
            "sn": "07223",
            "brief": "先前的、首先的、序数的第一"
        },
        "7": {
            "sn": "01980",
            "brief": "行走、去、来"
        },
        "8": {
            "sn": "03389",
            "brief": "耶路撒冷"
        },
        "9": {
            "sn": "03027",
            "brief": "手、边、力量、权势"
        },
        "10": {
            "sn": "00430",
            "brief": "上帝、神、神明"
        },
        "11": {
            "sn": "01961",
            "brief": "是、成为、临到"
        },
        "12": {
            "sn": "05921",
            "brief": "在…上面"
        },
        "14": {
            "sn": "03709",
            "brief": "手掌、脚掌、脚底"
        },
        "15": {
            "sn": "00341",
            "brief": "敌人、对头"
        },
        "16": {
            "sn": "00693",
            "brief": "埋伏"
        },
        "17": {
            "sn": "05921",
            "brief": "在…上面"
        },
        "18": {
            "sn": "01870",
            "brief": "道路、行为、方向、方法"
        }
    },
    "29": {
        "literal": "于是，祭司和利未人按着分量接受银和金和器皿，要带到耶路撒冷我们上帝的殿里。",
        "1": {
            "sn": "03548",
            "brief": "祭司"
        },
        "2": {
            "sn": "03881",
            "brief": "利未人"
        },
        "3": {
            "sn": "04948",
            "brief": "重量"
        },
        "4": {
            "sn": "03701",
            "brief": "银子、钱"
        },
        "5": {
            "sn": "02091",
            "brief": "金"
        },
        "6": {
            "sn": "03627",
            "brief": "器皿、器械、器具"
        },
        "8": {
            "sn": "03389",
            "brief": "耶路撒冷"
        },
        "9": {
            "sn": "01004",
            "brief": "殿、房子、家"
        },
        "10": {
            "sn": "00430",
            "brief": "上帝、神、神明"
        },
        "11": {
            "sn": "09015",
            "brief": "开的意思"
        },
        "0": {
            "sn": "06901",
            "brief": "取、接受"
        },
        "7": {
            "sn": "00935",
            "brief": "来、进入、临到、发生"
        }
    },
    "32": {
        "literal": "第四日，…都秤了，(…处填入下行)在我们上帝的殿里把银和金和器皿交在乌利亚的儿子米利末祭司的手中。同着他的有非尼哈的儿子以利亚撒，同着他们的有利未人耶书亚的儿子约撒拔和宾内的儿子挪亚底。",
        "0": {
            "sn": "03117",
            "brief": "日子、时候"
        },
        "1": {
            "sn": "07243",
            "brief": "序数的「第四」"
        },
        "2": {
            "sn": "08254",
            "brief": "秤重、支付"
        },
        "3": {
            "sn": "03701",
            "brief": "银子、钱"
        },
        "4": {
            "sn": "02091",
            "brief": "金"
        },
        "5": {
            "sn": "03627",
            "brief": "器皿、器械、器具"
        },
        "6": {
            "sn": "01004",
            "brief": "殿、房子、家"
        },
        "7": {
            "sn": "00430",
            "brief": "上帝、神、神明"
        },
        "8": {
            "sn": "05921",
            "brief": "在…上面"
        },
        "9": {
            "sn": "03027",
            "brief": "手、边、力量、权势"
        },
        "10": {
            "sn": "04822",
            "brief": "米利末"
        },
        "11": {
            "sn": "01121",
            "brief": "儿子、孙子、后裔、成员"
        },
        "12": {
            "sn": "00223",
            "brief": "乌利亚"
        },
        "13": {
            "sn": "03548",
            "brief": "祭司"
        },
        "14": {
            "sn": "05973",
            "brief": "跟"
        },
        "15": {
            "sn": "00499",
            "brief": "以利亚撒"
        },
        "16": {
            "sn": "01121",
            "brief": "儿子、孙子、后裔、成员"
        },
        "17": {
            "sn": "06372",
            "brief": "非尼哈"
        },
        "18": {
            "sn": "05973",
            "brief": "跟"
        },
        "19": {
            "sn": "03107",
            "brief": "约撒拔"
        },
        "20": {
            "sn": "01121",
            "brief": "儿子、孙子、后裔、成员"
        },
        "21": {
            "sn": "03442",
            "brief": "耶书亚"
        },
        "22": {
            "sn": "05129",
            "brief": "挪亚底"
        },
        "23": {
            "sn": "01121",
            "brief": "儿子、孙子、后裔、成员"
        },
        "24": {
            "sn": "01131",
            "brief": "宾内"
        },
        "25": {
            "sn": "03881",
            "brief": "利未人"
        }
    },
    "21": {
        "literal": "我求王拨步兵骑兵…本以为羞耻；(…处填入下行)帮助我们免受路上仇敌(的攻击)， 因我们曾对王说：「我们上帝施恩的手必帮助一切寻求他的；但他的能力和忿怒必攻击一切离弃他的。」",
        "0": {
            "sn": "03588",
            "brief": "因为、不必翻译"
        },
        "1": {
            "sn": "00954",
            "brief": "羞愧"
        },
        "2": {
            "sn": "07592",
            "brief": "问、求"
        },
        "3": {
            "sn": "04480",
            "brief": "从、出、离"
        },
        "4": {
            "sn": "04428",
            "brief": "君王、国王"
        },
        "5": {
            "sn": "02428",
            "brief": "军队、力量、财富、能力"
        },
        "6": {
            "sn": "06571",
            "brief": "马、马兵"
        },
        "7": {
            "sn": "05826",
            "brief": "帮助"
        },
        "8": {
            "sn": "00341",
            "brief": "敌人、对头"
        },
        "9": {
            "sn": "01870",
            "brief": "道路、行为、方向、方法"
        },
        "10": {
            "sn": "03588",
            "brief": "因为、不必翻译"
        },
        "11": {
            "sn": "00559",
            "brief": "说"
        },
        "12": {
            "sn": "04428",
            "brief": "君王、国王"
        },
        "13": {
            "sn": "00559",
            "brief": "说"
        },
        "14": {
            "sn": "03027",
            "brief": "手、边、力量、权势"
        },
        "15": {
            "sn": "00430",
            "brief": "上帝、神、神明"
        },
        "16": {
            "sn": "05921",
            "brief": "在…上面"
        },
        "17": {
            "sn": "03605",
            "brief": "全部、整个、各"
        },
        "20": {
            "sn": "05797",
            "brief": "能力、力量"
        },
        "21": {
            "sn": "00639",
            "brief": "怒气、鼻子"
        },
        "22": {
            "sn": "05921",
            "brief": "在…上面"
        },
        "23": {
            "sn": "03605",
            "brief": "全部、整个、各"
        },
        "24": {
            "sn": "05800",
            "brief": "离弃、遗弃"
        },
        "19": {
            "sn": "02896",
            "brief": "名词：良善、美好、福乐；形容词：良善的、美好的"
        },
        "18": {
            "sn": "01245",
            "brief": "Pi‘el 寻找、渴求、想望、索求"
        }
    },
    "24": {
        "literal": "我将…都秤了交给他们。(…处填入下三行)…银和金和器皿，(…处填入下二行)…为我们上帝的殿所献的(…处填入下行)王和他的谋士、他的军长，并在场的以色列众人",
        "0": {
            "sn": "08254",
            "brief": "秤重、支付"
        },
        "1": {
            "sn": "09001",
            "brief": "给、往、向、到、归属于"
        },
        "2": {
            "sn": "00853",
            "brief": "不必翻译"
        },
        "3": {
            "sn": "03701",
            "brief": "银子、钱"
        },
        "4": {
            "sn": "00853",
            "brief": "不必翻译"
        },
        "5": {
            "sn": "02091",
            "brief": "金"
        },
        "6": {
            "sn": "00853",
            "brief": "不必翻译"
        },
        "7": {
            "sn": "03627",
            "brief": "器皿、器械、器具"
        },
        "8": {
            "sn": "08641",
            "brief": "供物、奉献"
        },
        "9": {
            "sn": "01004",
            "brief": "殿、房子、家"
        },
        "10": {
            "sn": "00430",
            "brief": "上帝、神、神明"
        },
        "11": {
            "sn": "07311",
            "brief": "高举、抬高"
        },
        "12": {
            "sn": "04428",
            "brief": "君王、国王"
        },
        "13": {
            "sn": "03289",
            "brief": "商议、计划、劝告"
        },
        "14": {
            "sn": "08269",
            "brief": "长官、首领"
        },
        "15": {
            "sn": "03605",
            "brief": "全部、整个、各"
        },
        "16": {
            "sn": "03478",
            "brief": "以色列"
        },
        "17": {
            "sn": "04672",
            "brief": "寻找、追上、获得、发现"
        }
    }
}