{
    "0": {
        "literal": "哈迦利亚的儿子尼希米的言语：二十年基斯流月，我在书珊城的宫中。",
        "8": {
            "sn": "06242",
            "brief": "数目的「二十」"
        },
        "9": {
            "sn": "00589",
            "brief": "我"
        },
        "0": {
            "sn": "01697",
            "brief": "话语、事情"
        },
        "1": {
            "sn": "05166",
            "brief": "尼希米"
        },
        "2": {
            "sn": "01121",
            "brief": "儿子、孙子、后裔、成员"
        },
        "3": {
            "sn": "02446",
            "brief": "哈迦利亚"
        },
        "4": {
            "sn": "01961",
            "brief": "是、成为、临到"
        },
        "5": {
            "sn": "02320",
            "brief": "月、新月、初一"
        },
        "6": {
            "sn": "03691",
            "brief": "基斯流月"
        },
        "7": {
            "sn": "08141",
            "brief": "年"
        },
        "10": {
            "sn": "01961",
            "brief": "是、成为、临到"
        },
        "11": {
            "sn": "07800",
            "brief": "书珊"
        },
        "12": {
            "sn": "01002",
            "brief": "宫殿、城堡"
        }
    },
    "9": {
        "literal": "这是…祢的仆人和祢的百姓。(…处填入下行)祢用祢的大力和祢大能的手所救赎的",
        "0": {
            "sn": "01992",
            "brief": "他们"
        },
        "1": {
            "sn": "05650",
            "brief": "仆人、奴隶"
        },
        "2": {
            "sn": "05971",
            "brief": "百姓、国民"
        },
        "3": {
            "sn": "00834",
            "brief": "不必翻译"
        },
        "4": {
            "sn": "06299",
            "brief": "救赎"
        },
        "5": {
            "sn": "03581",
            "brief": "力量"
        },
        "6": {
            "sn": "01419",
            "brief": "大的、伟大的"
        },
        "7": {
            "sn": "03027",
            "brief": "手、边、力量、权势"
        },
        "8": {
            "sn": "02389",
            "brief": "强壮的、有能力的"
        }
    },
    "5": {
        "27": {
            "sn": "02398",
            "brief": "Qal 犯罪；Pi‘el 献赎罪祭、得洁净；Hif‘il 导致犯罪；Hitpa‘el 迷失、洁净自己"
        },
        "32": {
            "sn": "02398",
            "brief": "Qal 犯罪；Pi‘el 献赎罪祭、得洁净；Hif‘il 导致犯罪；Hitpa‘el 迷失、洁净自己"
        },
        "literal": "愿你的耳朵留意，你的眼睛张开，听你仆人，…的祈祷，(…处填入下二行)我今日昼夜在你面前为你的仆人以色列人承认我们以色列人向你所犯的罪；我与我父家都犯了罪。",
        "0": {
            "sn": "01961",
            "brief": "是、成为、临到"
        },
        "1": {
            "sn": "04994",
            "brief": "作为鼓励语的一部份"
        },
        "2": {
            "sn": "00241",
            "brief": "耳朵"
        },
        "3": {
            "sn": "07183",
            "brief": "留心在听的"
        },
        "4": {
            "sn": "05869",
            "brief": "I. 眼睛，II. 泉水"
        },
        "5": {
            "sn": "06605",
            "brief": "打开、松开、雕刻"
        },
        "6": {
            "sn": "08085",
            "brief": "听、听从"
        },
        "7": {
            "sn": "00413",
            "brief": "向、往"
        },
        "8": {
            "sn": "08605",
            "brief": "祷告"
        },
        "9": {
            "sn": "05650",
            "brief": "仆人、奴隶"
        },
        "10": {
            "sn": "00834",
            "brief": "不必翻译"
        },
        "11": {
            "sn": "00595",
            "brief": "我"
        },
        "13": {
            "sn": "03942",
            "brief": "在…面前"
        },
        "14": {
            "sn": "03117",
            "brief": "日子、时候"
        },
        "15": {
            "sn": "03119",
            "brief": "白天"
        },
        "16": {
            "sn": "03915",
            "brief": "夜晚"
        },
        "17": {
            "sn": "05921",
            "brief": "在…上面"
        },
        "18": {
            "sn": "01121",
            "brief": "儿子、孙子、后裔、成员"
        },
        "20": {
            "sn": "05650",
            "brief": "仆人、奴隶"
        },
        "23": {
            "sn": "02403",
            "brief": "罪、赎罪祭、除罪、罪罚"
        },
        "24": {
            "sn": "01121",
            "brief": "儿子、孙子、后裔、成员"
        },
        "25": {
            "sn": "03478",
            "brief": "以色列"
        },
        "26": {
            "sn": "00834",
            "brief": "不必翻译"
        },
        "28": {
            "sn": "09001",
            "brief": "给、往、向、到、归属于"
        },
        "29": {
            "sn": "00589",
            "brief": "我"
        },
        "30": {
            "sn": "01004",
            "brief": "家、房子、殿"
        },
        "31": {
            "sn": "00001",
            "brief": "父亲、祖先"
        },
        "12": {
            "sn": "06419",
            "brief": "祷告"
        },
        "21": {
            "sn": "03034",
            "brief": "Qal 射，Pi‘el 投掷，Hif‘il 称谢、赞美，Hitpa‘el 认罪、感恩"
        },
        "19": {
            "sn": "03478",
            "brief": "以色列"
        },
        "22": {
            "sn": "05921",
            "brief": "在…上面"
        }
    },
    "4": {
        "7": {
            "sn": "03372",
            "brief": "Qal 害怕，Nif‘al 令人畏惧"
        },
        "literal": "说：「唉，雅威―天上的上帝，大而可畏，…的上帝啊，(…处填入下行)向爱他、守他诫命的人守约和慈爱",
        "0": {
            "sn": "00559",
            "brief": "说"
        },
        "1": {
            "sn": "00577",
            "brief": "唉"
        },
        "2": {
            "sn": "03068",
            "brief": "上帝的名字「雅威」，犹太人尊称为「上主」"
        },
        "3": {
            "sn": "00430",
            "brief": "上帝、神、神明"
        },
        "4": {
            "sn": "08064",
            "brief": "天"
        },
        "5": {
            "sn": "00410",
            "brief": "上帝、神明、能力、力量"
        },
        "6": {
            "sn": "01419",
            "brief": "大的、伟大的"
        },
        "8": {
            "sn": "08104",
            "brief": "谨守、小心"
        },
        "9": {
            "sn": "01285",
            "brief": "约"
        },
        "10": {
            "sn": "02617",
            "brief": "良善、慈爱、忠诚"
        },
        "11": {
            "sn": "00157",
            "brief": "爱"
        },
        "12": {
            "sn": "08104",
            "brief": "谨守、小心"
        },
        "13": {
            "sn": "04687",
            "brief": "命令、吩咐"
        }
    },
    "1": {
        "literal": "我的一个弟兄哈拿尼，…来，(…处填入下行)他和几个从犹大来的人我问他们有关犹大人，那些被掳剩下的余民，以及有关耶路撒冷(的情形)。",
        "1": {
            "sn": "02607",
            "brief": "哈拿尼"
        },
        "2": {
            "sn": "00259",
            "brief": "数目的「一」"
        },
        "3": {
            "sn": "00251",
            "brief": "兄弟"
        },
        "4": {
            "sn": "01931",
            "brief": "他"
        },
        "5": {
            "sn": "00376",
            "brief": "各人、人、男人、丈夫"
        },
        "6": {
            "sn": "03063",
            "brief": "犹大"
        },
        "7": {
            "sn": "07592",
            "brief": "问、求"
        },
        "8": {
            "sn": "05921",
            "brief": "在…上面"
        },
        "9": {
            "sn": "03064",
            "brief": "犹大"
        },
        "10": {
            "sn": "06413",
            "brief": "残存之民、拯救、逃脱"
        },
        "11": {
            "sn": "00834",
            "brief": "不必翻译"
        },
        "12": {
            "sn": "07604",
            "brief": "剩下"
        },
        "13": {
            "sn": "04480",
            "brief": "从、出"
        },
        "14": {
            "sn": "07628",
            "brief": "被掳、俘虏"
        },
        "15": {
            "sn": "05921",
            "brief": "在…上面"
        },
        "16": {
            "sn": "03389",
            "brief": "耶路撒冷"
        },
        "0": {
            "sn": "00935",
            "brief": "来、进入、临到、发生"
        }
    },
    "8": {
        "13": {
            "sn": "00935",
            "brief": "来、进入、临到、发生"
        },
        "0": {
            "sn": "07725",
            "brief": "Qal 回复、回转、重复，Po‘lel 带回、复兴、更新，Hif‘il 回报、报告、带回"
        },
        "literal": "但你们若归向我，谨守我的诫命，遵行它们，你们被赶散的人虽在天涯，我也会从那里招聚他们，带他们到…地方。』(…处填入下行)我选择安置我名在那里的",
        "1": {
            "sn": "00413",
            "brief": "向、往"
        },
        "2": {
            "sn": "08104",
            "brief": "谨守、小心"
        },
        "3": {
            "sn": "04687",
            "brief": "命令、吩咐"
        },
        "4": {
            "sn": "06213",
            "brief": "做"
        },
        "5": {
            "sn": "00853",
            "brief": "不必翻译"
        },
        "6": {
            "sn": "00518",
            "brief": "如果"
        },
        "7": {
            "sn": "01961",
            "brief": "是、成为、临到"
        },
        "8": {
            "sn": "05080",
            "brief": "赶散、驱赶"
        },
        "9": {
            "sn": "07097",
            "brief": "结尾、极处"
        },
        "10": {
            "sn": "08064",
            "brief": "天"
        },
        "11": {
            "sn": "08033",
            "brief": "那里"
        },
        "14": {
            "sn": "00413",
            "brief": "向、往"
        },
        "15": {
            "sn": "04725",
            "brief": "地方"
        },
        "16": {
            "sn": "00834",
            "brief": "不必翻译"
        },
        "17": {
            "sn": "00977",
            "brief": "选择、拣选、挑选"
        },
        "18": {
            "sn": "07931",
            "brief": "居住"
        },
        "19": {
            "sn": "00853",
            "brief": "不必翻译"
        },
        "20": {
            "sn": "08034",
            "brief": "名、名字"
        },
        "21": {
            "sn": "08033",
            "brief": "那里"
        },
        "12": {
            "sn": "06908",
            "brief": "聚集"
        }
    },
    "7": {
        "13": {
            "sn": "06327",
            "brief": "撒种、分散"
        },
        "5": {
            "sn": "06680",
            "brief": "Pi‘el 命令、吩咐"
        },
        "literal": "求祢记念…的话，(…处填入下行)祢吩咐祢仆人摩西说：『你们(若)背叛，我就把你们分散在万民中；",
        "0": {
            "sn": "02142",
            "brief": "提说、纪念、回想"
        },
        "1": {
            "sn": "04994",
            "brief": "作为鼓励语的一部份"
        },
        "2": {
            "sn": "00853",
            "brief": "不必翻译"
        },
        "3": {
            "sn": "01697",
            "brief": "话语、事情"
        },
        "4": {
            "sn": "00834",
            "brief": "不必翻译"
        },
        "6": {
            "sn": "00853",
            "brief": "不必翻译"
        },
        "7": {
            "sn": "04872",
            "brief": "摩西"
        },
        "8": {
            "sn": "05650",
            "brief": "仆人、奴隶"
        },
        "9": {
            "sn": "00559",
            "brief": "说"
        },
        "10": {
            "sn": "00859",
            "brief": "你；你们"
        },
        "11": {
            "sn": "04603",
            "brief": "背叛、犯罪、不忠"
        },
        "12": {
            "sn": "00589",
            "brief": "我"
        },
        "14": {
            "sn": "00853",
            "brief": "不必翻译"
        },
        "15": {
            "sn": "05971",
            "brief": "百姓、国民"
        }
    },
    "2": {
        "literal": "他们对我说：「那些从被掳中所剩…的剩下的人(…处填入下行)在省份那里遭大难，受凌辱；耶路撒冷的城墙拆毁，它(原文用阴性，指耶路撒冷)的众城门被火焚烧。」",
        "0": {
            "sn": "00559",
            "brief": "说"
        },
        "1": {
            "sn": "09001",
            "brief": "给、往、向、到、归属于"
        },
        "2": {
            "sn": "07604",
            "brief": "剩下"
        },
        "3": {
            "sn": "00834",
            "brief": "不必翻译"
        },
        "4": {
            "sn": "07604",
            "brief": "剩下"
        },
        "5": {
            "sn": "04480",
            "brief": "从、出"
        },
        "6": {
            "sn": "07628",
            "brief": "被掳、俘虏"
        },
        "7": {
            "sn": "08033",
            "brief": "那里"
        },
        "8": {
            "sn": "04082",
            "brief": "省"
        },
        "9": {
            "sn": "07451",
            "brief": "邪恶、灾难"
        },
        "10": {
            "sn": "01419",
            "brief": "大的、伟大的"
        },
        "11": {
            "sn": "02781",
            "brief": "责备、羞辱"
        },
        "12": {
            "sn": "02346",
            "brief": "墙壁"
        },
        "14": {
            "sn": "06555",
            "brief": "破坏"
        },
        "13": {
            "sn": "03389",
            "brief": "耶路撒冷"
        },
        "15": {
            "sn": "08179",
            "brief": "门"
        },
        "16": {
            "sn": "03341",
            "brief": "着火、荒废"
        },
        "17": {
            "sn": "00784",
            "brief": "火"
        }
    },
    "6": {
        "literal": "我们恶意反抗祢，没有遵守…诫命、和律例、和典章；(…处填入下行)祢吩咐祢仆人摩西的",
        "12": {
            "sn": "06680",
            "brief": "Pi‘el 命令、吩咐"
        },
        "2": {
            "sn": "09001",
            "brief": "给、往、向、到、归属于"
        },
        "4": {
            "sn": "08104",
            "brief": "谨守、小心"
        },
        "5": {
            "sn": "00853",
            "brief": "不必翻译"
        },
        "6": {
            "sn": "04687",
            "brief": "命令、吩咐"
        },
        "7": {
            "sn": "00853",
            "brief": "不必翻译"
        },
        "8": {
            "sn": "02706",
            "brief": "律例、法令、条例、限度"
        },
        "9": {
            "sn": "00853",
            "brief": "不必翻译"
        },
        "10": {
            "sn": "04941",
            "brief": "正义、公平、审判、律例、规矩"
        },
        "11": {
            "sn": "00834",
            "brief": "不必翻译"
        },
        "13": {
            "sn": "00853",
            "brief": "不必翻译"
        },
        "14": {
            "sn": "04872",
            "brief": "摩西"
        },
        "15": {
            "sn": "05650",
            "brief": "仆人、奴隶"
        },
        "0": {
            "sn": "02254",
            "brief": "I. Qal 绑、典当，Pi‘el 分娩阵痛；II. Pi‘el 毁坏、破坏"
        },
        "1": {
            "sn": "02254",
            "brief": "I. Qal 绑、典当，Pi‘el 分娩阵痛；II. Pi‘el 毁坏、破坏"
        },
        "3": {
            "sn": "03808",
            "brief": "不"
        }
    },
    "10": {
        "literal": "唉，我主啊，愿祢的耳朵留意祢仆人的祈祷，和喜爱敬畏祢名的众仆人的祈祷，求祢使祢的仆人今日亨通，使他在那人面前蒙恩。」我是作王酒政的。",
        "0": {
            "sn": "00577",
            "brief": "唉"
        },
        "1": {
            "sn": "00136",
            "brief": "主人"
        },
        "13": {
            "sn": "03372",
            "brief": "Qal 害怕，Nif‘al 令人畏惧"
        },
        "16": {
            "sn": "06743",
            "brief": "前进、亨通、繁荣"
        },
        "2": {
            "sn": "01961",
            "brief": "是、成为、临到"
        },
        "3": {
            "sn": "04994",
            "brief": "作为鼓励语的一部份"
        },
        "4": {
            "sn": "00241",
            "brief": "耳朵"
        },
        "5": {
            "sn": "07183",
            "brief": "留心在听的"
        },
        "6": {
            "sn": "00413",
            "brief": "向、往"
        },
        "7": {
            "sn": "08605",
            "brief": "祷告"
        },
        "8": {
            "sn": "05650",
            "brief": "仆人、奴隶"
        },
        "9": {
            "sn": "00413",
            "brief": "向、往"
        },
        "10": {
            "sn": "08605",
            "brief": "祷告"
        },
        "11": {
            "sn": "05650",
            "brief": "仆人、奴隶"
        },
        "12": {
            "sn": "02655",
            "brief": "喜悦"
        },
        "14": {
            "sn": "00853",
            "brief": "不必翻译"
        },
        "15": {
            "sn": "08034",
            "brief": "名、名字"
        },
        "17": {
            "sn": "04994",
            "brief": "作为鼓励语的一部份"
        },
        "18": {
            "sn": "05650",
            "brief": "仆人、奴隶"
        },
        "19": {
            "sn": "03117",
            "brief": "日子、时候"
        },
        "20": {
            "sn": "05414",
            "brief": "使、给"
        },
        "21": {
            "sn": "07356",
            "brief": "怜悯"
        },
        "22": {
            "sn": "03942",
            "brief": "在…面前"
        },
        "23": {
            "sn": "00376",
            "brief": "各人、人、男人、丈夫"
        },
        "24": {
            "sn": "02088",
            "brief": "这个"
        },
        "25": {
            "sn": "00589",
            "brief": "我"
        },
        "26": {
            "sn": "01961",
            "brief": "是、成为、临到"
        },
        "27": {
            "sn": "04945",
            "brief": "I. 酒政；II. 饮料"
        },
        "28": {
            "sn": "04428",
            "brief": "君王"
        },
        "29": {
            "sn": "09015",
            "brief": "开的意思"
        }
    },
    "3": {
        "literal": "当我听见这些话的时候，我就坐下哭泣，悲哀几日，在天上的上帝面前禁食祈祷，",
        "0": {
            "sn": "01961",
            "brief": "是、成为、临到"
        },
        "1": {
            "sn": "08085",
            "brief": "听、听从"
        },
        "2": {
            "sn": "00853",
            "brief": "不必翻译"
        },
        "3": {
            "sn": "01697",
            "brief": "话语、事情"
        },
        "4": {
            "sn": "00428",
            "brief": "这些"
        },
        "5": {
            "sn": "03427",
            "brief": "居住、坐、停留"
        },
        "6": {
            "sn": "01058",
            "brief": "哭"
        },
        "8": {
            "sn": "03117",
            "brief": "日子、时候"
        },
        "9": {
            "sn": "01961",
            "brief": "是、成为、临到"
        },
        "10": {
            "sn": "06684",
            "brief": "禁食"
        },
        "12": {
            "sn": "03942",
            "brief": "在…面前"
        },
        "13": {
            "sn": "00430",
            "brief": "上帝、神、神明"
        },
        "14": {
            "sn": "08064",
            "brief": "天"
        },
        "7": {
            "sn": "00056",
            "brief": "悲哀"
        },
        "11": {
            "sn": "06419",
            "brief": "祷告"
        }
    }
}