{
    "19": {
        "11": {
            "sn": "09001",
            "brief": "给、往、向、到、归属于"
        },
        "literal": "(原文 4:14)你们听见角声在哪个地方，就聚集到我们那里，我们的上帝必为我们争战。」",
        "0": {
            "sn": "04725",
            "brief": "地方"
        },
        "1": {
            "sn": "00834",
            "brief": "不必翻译"
        },
        "3": {
            "sn": "00853",
            "brief": "不必翻译"
        },
        "4": {
            "sn": "06963",
            "brief": "声音"
        },
        "5": {
            "sn": "07782",
            "brief": "角"
        },
        "6": {
            "sn": "08033",
            "brief": "那里"
        },
        "7": {
            "sn": "06908",
            "brief": "聚集"
        },
        "8": {
            "sn": "00413",
            "brief": "向、往"
        },
        "9": {
            "sn": "00430",
            "brief": "上帝、神、神明"
        },
        "10": {
            "sn": "03898",
            "brief": "I. Qal 攻击、打仗，Nif‘al 参战、攻打；II 吃"
        },
        "2": {
            "sn": "08085",
            "brief": "Qal 听、听从，Hif‘il 说明、使…听"
        }
    },
    "1": {
        "11": {
            "sn": "09001",
            "brief": "给、往、向、到、归属于"
        },
        "15": {
            "sn": "02421",
            "brief": "Qal 活、存活，Pi‘el 生长、复苏、保存生命，Hif‘il 使存活、复活"
        },
        "13": {
            "sn": "03615",
            "brief": "Qal 完成、结束、停止，Pi‘el 完成、毁坏、根除"
        },
        "literal": "(原文3:34)他在他的弟兄们和撒马利亚的军兵面前说话，他说：「这差劲的犹大人在做甚么呢？要为自己修复(城墙)吗？要献祭吗？要一日完工吗？他们能使出自土堆，…的石头再活过来吗？」(…处填入下行)它们都已经被火焚烧过",
        "0": {
            "sn": "00559",
            "brief": "说"
        },
        "1": {
            "sn": "03942",
            "brief": "在…面前"
        },
        "2": {
            "sn": "00251",
            "brief": "兄弟"
        },
        "3": {
            "sn": "02426",
            "brief": "军队、力量、财富"
        },
        "4": {
            "sn": "08111",
            "brief": "撒马利亚"
        },
        "5": {
            "sn": "00559",
            "brief": "说"
        },
        "6": {
            "sn": "04100",
            "brief": "什么、怎么"
        },
        "7": {
            "sn": "03064",
            "brief": "犹大人"
        },
        "8": {
            "sn": "00537",
            "brief": "软弱的"
        },
        "9": {
            "sn": "06213",
            "brief": "做"
        },
        "10": {
            "sn": "05800",
            "brief": "I. 离弃、遗弃；II. 修复"
        },
        "12": {
            "sn": "02076",
            "brief": "屠宰、献祭"
        },
        "14": {
            "sn": "03117",
            "brief": "日子、时候"
        },
        "16": {
            "sn": "00853",
            "brief": "不必翻译"
        },
        "17": {
            "sn": "00068",
            "brief": "石头、法码、宝石"
        },
        "18": {
            "sn": "06194",
            "brief": "堆"
        },
        "19": {
            "sn": "06083",
            "brief": "土、尘土"
        },
        "20": {
            "sn": "01992",
            "brief": "他们"
        },
        "21": {
            "sn": "08313",
            "brief": "燃烧、火烧"
        }
    },
    "14": {
        "5": {
            "sn": "03045",
            "brief": "Qal 知道、认识、辨别、经历，Hif‘il 使知道、宣告"
        },
        "11": {
            "sn": "07725",
            "brief": "Qal 回复、回转、重复，Po‘lel 带回、复兴、更新，Hif‘il 回报、报告、带回"
        },
        "2": {
            "sn": "08085",
            "brief": "Qal 听、听从，Hif‘il 说明、使…听"
        },
        "literal": "(原文 4:9)我们的仇敌听见事情被我们知道了，上帝也破坏他们的计谋，我们就都回到城墙那里，各做各的工。",
        "0": {
            "sn": "01961",
            "brief": "是、成为、临到"
        },
        "1": {
            "sn": "00834",
            "brief": "不必翻译"
        },
        "3": {
            "sn": "00341",
            "brief": "仇敌、敌人、对头"
        },
        "4": {
            "sn": "03588",
            "brief": "因为、不必翻译"
        },
        "6": {
            "sn": "09001",
            "brief": "给、往、向、到、归属于"
        },
        "8": {
            "sn": "00430",
            "brief": "上帝、神、神明"
        },
        "9": {
            "sn": "00853",
            "brief": "不必翻译"
        },
        "10": {
            "sn": "06098",
            "brief": "筹算、谘商、劝告"
        },
        "12": {
            "sn": "03605",
            "brief": "全部、整个、各"
        },
        "13": {
            "sn": "00413",
            "brief": "向、往"
        },
        "14": {
            "sn": "02346",
            "brief": "城墙、墙壁"
        },
        "15": {
            "sn": "00376",
            "brief": "各人、人、男人、丈夫"
        },
        "16": {
            "sn": "00413",
            "brief": "向、往"
        },
        "17": {
            "sn": "04399",
            "brief": "工作"
        },
        "7": {
            "sn": "06565",
            "brief": "I. Qal + Hitpo‘lel 破裂，分开；II. Hif‘il 违背、破坏、废弃、无效"
        }
    },
    "22": {
        "0": {
            "sn": "00369",
            "brief": "不存在、没有"
        },
        "1": {
            "sn": "00589",
            "brief": "我"
        },
        "3": {
            "sn": "05288",
            "brief": "男孩、少年、年轻人、仆人"
        },
        "4": {
            "sn": "00376",
            "brief": "各人、人、男人、丈夫"
        },
        "5": {
            "sn": "04929",
            "brief": "看守岗位"
        },
        "6": {
            "sn": "00834",
            "brief": "不必翻译"
        },
        "7": {
            "sn": "00310",
            "brief": "后面、跟着"
        },
        "8": {
            "sn": "00369",
            "brief": "不存在、没有"
        },
        "9": {
            "sn": "00587",
            "brief": "我们"
        },
        "10": {
            "sn": "06584",
            "brief": "劫掠、脱"
        },
        "11": {
            "sn": "00899",
            "brief": "诡诈、衣服"
        },
        "literal": "(原文 4:17)不，我和我的弟兄和我的仆人，并跟从我的卫兵，我们都不脱我们的衣服，到水边也各带自己的兵器。",
        "2": {
            "sn": "00251",
            "brief": "兄弟"
        },
        "12": {
            "sn": "00376",
            "brief": "各人、人、男人、丈夫"
        },
        "13": {
            "sn": "07973",
            "brief": "武器、发芽、长出"
        },
        "14": {
            "sn": "04325",
            "brief": "水"
        },
        "15": {
            "sn": "09014",
            "brief": "关闭的意思"
        }
    },
    "5": {
        "0": {
            "sn": "01129",
            "brief": "建造"
        },
        "1": {
            "sn": "00853",
            "brief": "不必翻译"
        },
        "2": {
            "sn": "02346",
            "brief": "城墙、墙壁"
        },
        "3": {
            "sn": "07194",
            "brief": "连络、结盟、绑"
        },
        "4": {
            "sn": "03605",
            "brief": "全部、整个、各"
        },
        "5": {
            "sn": "02346",
            "brief": "城墙、墙壁"
        },
        "6": {
            "sn": "05704",
            "brief": "直到、甚至"
        },
        "7": {
            "sn": "02677",
            "brief": "一半"
        },
        "8": {
            "sn": "01961",
            "brief": "是、成为、临到"
        },
        "9": {
            "sn": "03820",
            "brief": "心"
        },
        "10": {
            "sn": "05971",
            "brief": "百姓、国民"
        },
        "11": {
            "sn": "06213",
            "brief": "做"
        },
        "12": {
            "sn": "09015",
            "brief": "开的意思"
        },
        "literal": "(原文 3:38)我们建造城墙，城墙就都连接，直到一半高，百姓专心做工。"
    },
    "21": {
        "literal": "(原文 4:16)那时，我又对百姓说：「各人和自己的仆人当在耶路撒冷过夜，好为我们夜间站岗，白昼做工。」",
        "0": {
            "sn": "01571",
            "brief": "也"
        },
        "1": {
            "sn": "06256",
            "brief": "时候"
        },
        "2": {
            "sn": "01931",
            "brief": "他；她"
        },
        "3": {
            "sn": "00559",
            "brief": "说"
        },
        "4": {
            "sn": "05971",
            "brief": "百姓、国民"
        },
        "5": {
            "sn": "00376",
            "brief": "各人、人、男人、丈夫"
        },
        "6": {
            "sn": "05288",
            "brief": "男孩、少年、年轻人、仆人"
        },
        "7": {
            "sn": "03885",
            "brief": "I. 居住、休息、过夜；II. Nif‘al 发牢骚、抱怨"
        },
        "8": {
            "sn": "08432",
            "brief": "在中间"
        },
        "9": {
            "sn": "03389",
            "brief": "耶路撒冷"
        },
        "10": {
            "sn": "01961",
            "brief": "是、成为、临到"
        },
        "11": {
            "sn": "09001",
            "brief": "给、往、向、到、归属于"
        },
        "12": {
            "sn": "03915",
            "brief": "夜晚"
        },
        "13": {
            "sn": "04929",
            "brief": "监狱、 看守岗位"
        },
        "14": {
            "sn": "03117",
            "brief": "日子、时候"
        },
        "15": {
            "sn": "04399",
            "brief": "工作"
        }
    },
    "7": {
        "literal": "(原文 4:2)他们全都同谋要来攻打耶路撒冷，使它扰乱。",
        "5": {
            "sn": "03389",
            "brief": "耶路撒冷"
        },
        "7": {
            "sn": "09001",
            "brief": "给、往、向、到、归属于"
        },
        "8": {
            "sn": "08442",
            "brief": "对神不敬之言词、错误、曲解"
        },
        "4": {
            "sn": "03898",
            "brief": "I. Qal 攻击、打仗，Nif‘al 参战、攻打；II 吃"
        },
        "0": {
            "sn": "07194",
            "brief": "连络、阴谋背叛、结盟、绑"
        },
        "1": {
            "sn": "03605",
            "brief": "全部、整个、各"
        },
        "2": {
            "sn": "03162",
            "brief": "一起"
        },
        "3": {
            "sn": "00935",
            "brief": "来、进入、临到、发生"
        },
        "6": {
            "sn": "06213",
            "brief": "做"
        }
    },
    "10": {
        "literal": "(原文 4:5)我们的敌人说：「他们不知道，他们没看见，直到我们进入他们中间，杀了他们，使工作停止。」",
        "12": {
            "sn": "07673",
            "brief": "止息、停止"
        },
        "5": {
            "sn": "07200",
            "brief": "Qal 看见、看顾、察觉，Nif‘al 显现，Hif‘il 显明"
        },
        "2": {
            "sn": "03808",
            "brief": "不"
        },
        "4": {
            "sn": "03808",
            "brief": "不"
        },
        "3": {
            "sn": "03045",
            "brief": "Qal 知道、认识、辨别、经历，Hif‘il 使知道、宣告"
        },
        "0": {
            "sn": "00559",
            "brief": "说"
        },
        "1": {
            "sn": "06862",
            "brief": "I. 狭窄的；II. 患难、困境；III. 敌人"
        },
        "6": {
            "sn": "05704",
            "brief": "直到、甚至"
        },
        "7": {
            "sn": "00834",
            "brief": "不必翻译"
        },
        "8": {
            "sn": "00935",
            "brief": "来、进入、临到、发生"
        },
        "9": {
            "sn": "00413",
            "brief": "向、往"
        },
        "10": {
            "sn": "08432",
            "brief": "在中间"
        },
        "11": {
            "sn": "02026",
            "brief": "杀"
        },
        "13": {
            "sn": "00853",
            "brief": "不必翻译"
        },
        "14": {
            "sn": "04399",
            "brief": "工作"
        }
    },
    "9": {
        "literal": "(原文 4:4)犹大(人)说：「扛抬的人力气已经衰败，灰土又这么多，我们不能够建造城墙。」",
        "3": {
            "sn": "03581",
            "brief": "力量"
        },
        "4": {
            "sn": "05449",
            "brief": "扛抬的人"
        },
        "5": {
            "sn": "06083",
            "brief": "土、尘土"
        },
        "6": {
            "sn": "07235",
            "brief": "多、变多"
        },
        "7": {
            "sn": "00587",
            "brief": "我们"
        },
        "9": {
            "sn": "03201",
            "brief": "能够"
        },
        "10": {
            "sn": "01129",
            "brief": "建造"
        },
        "11": {
            "sn": "02346",
            "brief": "城墙、墙壁"
        },
        "8": {
            "sn": "03808",
            "brief": "不"
        },
        "0": {
            "sn": "00559",
            "brief": "说"
        },
        "1": {
            "sn": "03063",
            "brief": "犹大"
        },
        "2": {
            "sn": "03782",
            "brief": "跌倒"
        }
    },
    "0": {
        "literal": "(原文3:33)当参巴拉听见…的时候，(…处填入下行)我们建造城墙就发怒，大大恼恨，嗤笑犹大人，",
        "5": {
            "sn": "00587",
            "brief": "我们"
        },
        "6": {
            "sn": "01129",
            "brief": "建造"
        },
        "7": {
            "sn": "00853",
            "brief": "不必翻译"
        },
        "8": {
            "sn": "02346",
            "brief": "墙壁"
        },
        "9": {
            "sn": "02734",
            "brief": "发怒、燃烧"
        },
        "10": {
            "sn": "09001",
            "brief": "给、往、向、到、归属于"
        },
        "11": {
            "sn": "03707",
            "brief": "发怒"
        },
        "15": {
            "sn": "03064",
            "brief": "犹大人"
        },
        "2": {
            "sn": "08085",
            "brief": "Qal 听、听从，Hif‘il 说明、使…听"
        },
        "0": {
            "sn": "01961",
            "brief": "是、成为、临到"
        },
        "1": {
            "sn": "00834",
            "brief": "不必翻译"
        },
        "3": {
            "sn": "05571",
            "brief": "参巴拉"
        },
        "4": {
            "sn": "03588",
            "brief": "因为、不必翻译"
        },
        "12": {
            "sn": "07235",
            "brief": "多、变多"
        },
        "13": {
            "sn": "03932",
            "brief": "嘲笑"
        },
        "14": {
            "sn": "05921",
            "brief": "在…上面"
        }
    },
    "2": {
        "literal": "(原文3:35)亚扪人多比雅在他旁边，说：「他们即使建造，就是一只狐狸上去，他们的石墙也必倒塌。」",
        "0": {
            "sn": "02900",
            "brief": "多比雅"
        },
        "1": {
            "sn": "05984",
            "brief": "亚扪人"
        },
        "2": {
            "sn": "00681",
            "brief": "旁边"
        },
        "3": {
            "sn": "00559",
            "brief": "说"
        },
        "4": {
            "sn": "01571",
            "brief": "也"
        },
        "5": {
            "sn": "00834",
            "brief": "不必翻译"
        },
        "6": {
            "sn": "01992",
            "brief": "他们"
        },
        "7": {
            "sn": "01129",
            "brief": "建造"
        },
        "8": {
            "sn": "00518",
            "brief": "如果"
        },
        "9": {
            "sn": "05927",
            "brief": "上去、升高、生长、献上"
        },
        "10": {
            "sn": "07776",
            "brief": "狐狸、狐狼"
        },
        "11": {
            "sn": "06555",
            "brief": "爆炸、胀裂、破坏"
        },
        "12": {
            "sn": "02346",
            "brief": "墙壁"
        },
        "13": {
            "sn": "00068",
            "brief": "石头、法码、宝石"
        },
        "14": {
            "sn": "09015",
            "brief": "开的意思"
        }
    },
    "4": {
        "2": {
            "sn": "05921",
            "brief": "在…上面"
        },
        "1": {
            "sn": "03680",
            "brief": "遮盖、隐藏"
        },
        "literal": "(原文 3:37)不要遮盖他们的罪孽，不要使他们的罪恶从你面前涂抹，因为他们在建造的人前面惹动怒气。",
        "0": {
            "sn": "00408",
            "brief": "不"
        },
        "3": {
            "sn": "05771",
            "brief": "罪孽"
        },
        "4": {
            "sn": "02403",
            "brief": "罪、赎罪祭、除罪、罪罚"
        },
        "5": {
            "sn": "03942",
            "brief": "在…面前"
        },
        "6": {
            "sn": "00408",
            "brief": "不"
        },
        "7": {
            "sn": "04229",
            "brief": "涂抹、擦去"
        },
        "8": {
            "sn": "03588",
            "brief": "因为、不必翻译"
        },
        "10": {
            "sn": "05048",
            "brief": "在…面前"
        },
        "11": {
            "sn": "01129",
            "brief": "建造"
        },
        "9": {
            "sn": "03707",
            "brief": "发怒"
        }
    },
    "6": {
        "2": {
            "sn": "08085",
            "brief": "Qal 听、听从，Hif‘il 说明、使…听"
        },
        "14": {
            "sn": "02490",
            "brief": "I. Qal 刺杀、伤害；II. Pi‘el 吹笛子；III. Pi‘el 亵渎、污辱、玷污、俗化，Hif‘il 亵渎、开始"
        },
        "literal": "(原文 4:1)当…听见(…处填入下行)参巴拉、和多比雅、和亚拉伯人、和亚扪人、和亚实突人耶路撒冷城墙的修复开工，崩裂处开始堵住，他们就生气。",
        "0": {
            "sn": "01961",
            "brief": "是、成为、临到"
        },
        "1": {
            "sn": "00834",
            "brief": "不必翻译"
        },
        "3": {
            "sn": "05571",
            "brief": "参巴拉"
        },
        "4": {
            "sn": "02900",
            "brief": "多比雅"
        },
        "5": {
            "sn": "06163",
            "brief": "亚拉伯人"
        },
        "6": {
            "sn": "05984",
            "brief": "亚扪人"
        },
        "7": {
            "sn": "00796",
            "brief": "亚实突人"
        },
        "8": {
            "sn": "03588",
            "brief": "因为、不必翻译"
        },
        "9": {
            "sn": "05927",
            "brief": "上去、升高、生长、献上"
        },
        "10": {
            "sn": "00724",
            "brief": "医治、修复"
        },
        "11": {
            "sn": "02346",
            "brief": "城墙、墙壁"
        },
        "12": {
            "sn": "03389",
            "brief": "耶路撒冷"
        },
        "13": {
            "sn": "03588",
            "brief": "因为、不必翻译"
        },
        "15": {
            "sn": "06555",
            "brief": "破坏、散开或爆炸"
        },
        "16": {
            "sn": "05640",
            "brief": "关闭、拦阻"
        },
        "17": {
            "sn": "02734",
            "brief": "发怒、燃烧"
        },
        "18": {
            "sn": "09001",
            "brief": "给、往、向、到、归属于"
        },
        "19": {
            "sn": "03966",
            "brief": "极其、非常"
        }
    },
    "11": {
        "literal": "(原文 4:6)住他们(指敌人)旁边的犹大人来的时候，他们十次对我们说：「你们要从各地回到我们这里！」",
        "13": {
            "sn": "07725",
            "brief": "Qal 回复、回转、重复，Po‘lel 带回、复兴、更新，Hif‘il 回报、报告、带回"
        },
        "0": {
            "sn": "01961",
            "brief": "是、成为、临到"
        },
        "1": {
            "sn": "00834",
            "brief": "不必翻译"
        },
        "2": {
            "sn": "00935",
            "brief": "来、进入、临到、发生"
        },
        "3": {
            "sn": "03064",
            "brief": "犹大人"
        },
        "4": {
            "sn": "03427",
            "brief": "居住、坐、停留"
        },
        "5": {
            "sn": "00681",
            "brief": "旁边"
        },
        "6": {
            "sn": "00559",
            "brief": "说"
        },
        "7": {
            "sn": "09001",
            "brief": "给、往、向、到、归属于"
        },
        "8": {
            "sn": "06235",
            "brief": "数目的「十」"
        },
        "9": {
            "sn": "06471",
            "brief": "敲击、脚步、这一次、次数"
        },
        "10": {
            "sn": "03605",
            "brief": "全部、整个、各"
        },
        "11": {
            "sn": "04725",
            "brief": "地方"
        },
        "12": {
            "sn": "00834",
            "brief": "不必翻译"
        },
        "14": {
            "sn": "05921",
            "brief": "在…上面"
        }
    },
    "12": {
        "literal": "(原文 4:7)所以我使(百姓)站在城墙后边低洼空旷处，使百姓各按宗族…站着。(…处填入下行)拿自己的刀、自己的枪，和自己的弓",
        "0": {
            "sn": "05975",
            "brief": "Qal 站立、侍立、停留，Hif‘il 设立、使坚定"
        },
        "6": {
            "sn": "05975",
            "brief": "Qal 站立、侍立、停留，Hif‘il 设立、使坚定"
        },
        "1": {
            "sn": "08482",
            "brief": "低处、低层"
        },
        "2": {
            "sn": "04725",
            "brief": "地方"
        },
        "3": {
            "sn": "00310",
            "brief": "后面、跟着"
        },
        "4": {
            "sn": "02346",
            "brief": "城墙、墙壁"
        },
        "5": {
            "sn": "06706",
            "brief": "光亮的表面、发光、发亮"
        },
        "7": {
            "sn": "00853",
            "brief": "不必翻译"
        },
        "8": {
            "sn": "05971",
            "brief": "百姓、国民"
        },
        "9": {
            "sn": "04940",
            "brief": "家族、家庭"
        },
        "10": {
            "sn": "05973",
            "brief": "跟"
        },
        "11": {
            "sn": "02719",
            "brief": "刀、刀剑"
        },
        "12": {
            "sn": "07420",
            "brief": "枪"
        },
        "13": {
            "sn": "07198",
            "brief": "弓"
        }
    },
    "15": {
        "0": {
            "sn": "01961",
            "brief": "是、成为、临到"
        },
        "1": {
            "sn": "04480",
            "brief": "从、出"
        },
        "2": {
            "sn": "03117",
            "brief": "日子、时候"
        },
        "3": {
            "sn": "01931",
            "brief": "他"
        },
        "4": {
            "sn": "02677",
            "brief": "一半"
        },
        "5": {
            "sn": "05288",
            "brief": "男孩、少年、年轻人、仆人"
        },
        "16": {
            "sn": "03605",
            "brief": "全部、整个、各"
        },
        "17": {
            "sn": "01004",
            "brief": "家、房子、殿"
        },
        "18": {
            "sn": "03063",
            "brief": "犹大人"
        },
        "literal": "(原文 4:10)从那日起，我的仆人一半做工，他们的一半拿着枪、盾牌、和弓、和铠甲，官长站在全犹大家的后边。",
        "6": {
            "sn": "06213",
            "brief": "做"
        },
        "7": {
            "sn": "04399",
            "brief": "工作"
        },
        "8": {
            "sn": "02677",
            "brief": "一半"
        },
        "10": {
            "sn": "07420",
            "brief": "枪"
        },
        "11": {
            "sn": "04043",
            "brief": "盾牌"
        },
        "12": {
            "sn": "07198",
            "brief": "弓"
        },
        "13": {
            "sn": "08302",
            "brief": "军装、武器"
        },
        "14": {
            "sn": "08269",
            "brief": "领袖"
        },
        "15": {
            "sn": "00310",
            "brief": "后面、跟着"
        },
        "9": {
            "sn": "02388",
            "brief": "加强、支持、抓住、系紧、强壮、勇敢"
        }
    },
    "16": {
        "literal": "(原文 4:11)建造城墙的和扛抬材料的，都装备着用他的一只手做工，一只拿兵器，",
        "0": {
            "sn": "01129",
            "brief": "建造"
        },
        "1": {
            "sn": "02346",
            "brief": "城墙、墙壁"
        },
        "2": {
            "sn": "05375",
            "brief": "高举、举起、背负、承担"
        },
        "3": {
            "sn": "05447",
            "brief": "重担"
        },
        "4": {
            "sn": "06006",
            "brief": "负荷、抱、装卸"
        },
        "5": {
            "sn": "00259",
            "brief": "数目的「一」"
        },
        "6": {
            "sn": "03027",
            "brief": "手、边、力量、权势"
        },
        "7": {
            "sn": "06213",
            "brief": "做"
        },
        "8": {
            "sn": "04399",
            "brief": "工作"
        },
        "9": {
            "sn": "00259",
            "brief": "数目的「一」"
        },
        "11": {
            "sn": "07973",
            "brief": "武器、发芽、长出"
        },
        "10": {
            "sn": "02388",
            "brief": "加强、支持、抓住、系紧、强壮、勇敢"
        }
    },
    "17": {
        "literal": "(原文 4:12)建造的人各自在他的腰间佩着他的刀建造，吹角的人在我旁边。",
        "0": {
            "sn": "01129",
            "brief": "建造"
        },
        "1": {
            "sn": "00376",
            "brief": "各人、人、男人、丈夫"
        },
        "2": {
            "sn": "02719",
            "brief": "刀、刀剑"
        },
        "6": {
            "sn": "01129",
            "brief": "建造"
        },
        "7": {
            "sn": "08628",
            "brief": "吹、敲击"
        },
        "8": {
            "sn": "07782",
            "brief": "角"
        },
        "9": {
            "sn": "00681",
            "brief": "旁边"
        },
        "3": {
            "sn": "00631",
            "brief": "捆绑、绑住"
        },
        "4": {
            "sn": "05921",
            "brief": "在…上面"
        },
        "5": {
            "sn": "04975",
            "brief": "腰"
        }
    },
    "13": {
        "11": {
            "sn": "03372",
            "brief": "Qal 害怕，Nif‘al 令人畏惧"
        },
        "16": {
            "sn": "03372",
            "brief": "Qal 害怕，Nif‘al 令人畏惧"
        },
        "18": {
            "sn": "03898",
            "brief": "I. Qal 攻击、打仗，Nif‘al 参战、攻打；II 吃"
        },
        "4": {
            "sn": "02715",
            "brief": "贵胄、高贵"
        },
        "5": {
            "sn": "00413",
            "brief": "向、往"
        },
        "6": {
            "sn": "05461",
            "brief": "掌权者"
        },
        "7": {
            "sn": "00413",
            "brief": "向、往"
        },
        "8": {
            "sn": "03499",
            "brief": "I. 1. 名词：剩下，2. 副词：优秀、丰富，II. 绳、弦"
        },
        "9": {
            "sn": "05971",
            "brief": "百姓、国民"
        },
        "10": {
            "sn": "00408",
            "brief": "不"
        },
        "12": {
            "sn": "06440",
            "brief": "脸"
        },
        "13": {
            "sn": "00853",
            "brief": "不必翻译"
        },
        "14": {
            "sn": "00136",
            "brief": "主人"
        },
        "15": {
            "sn": "01419",
            "brief": "大的、伟大的"
        },
        "17": {
            "sn": "02142",
            "brief": "提说、纪念、回想"
        },
        "19": {
            "sn": "05921",
            "brief": "在…上面"
        },
        "20": {
            "sn": "00251",
            "brief": "兄弟"
        },
        "21": {
            "sn": "01121",
            "brief": "儿子、孙子、后裔、成员"
        },
        "22": {
            "sn": "01323",
            "brief": "女子、女儿"
        },
        "23": {
            "sn": "00802",
            "brief": "女人、妻子"
        },
        "24": {
            "sn": "01004",
            "brief": "家、房子、殿"
        },
        "25": {
            "sn": "09015",
            "brief": "开的意思"
        },
        "0": {
            "sn": "07200",
            "brief": "Qal 看见、看顾、察觉，Nif‘al 显现，Hif‘il 显明"
        },
        "literal": "(原文 4:8)我察看了，就起来…说：(…处填入下行)向贵胄、和官长，和其余的百姓「不要怕他们，当记念主是大而可畏的，要为你们的弟兄、…争战！」(…处填入下行)你们的儿子、和你们的女儿、你们的妻子、和你们的家",
        "1": {
            "sn": "06965",
            "brief": "起来、设立、坚立"
        },
        "2": {
            "sn": "00559",
            "brief": "说"
        },
        "3": {
            "sn": "00413",
            "brief": "向、往"
        }
    },
    "18": {
        "literal": "(原文 4:13)我对贵胄、…说：(…处填入下行)和官长和其余的百姓「这工程浩大又辽阔，我们在城墙上彼此相离甚远，",
        "0": {
            "sn": "00559",
            "brief": "说"
        },
        "1": {
            "sn": "00413",
            "brief": "向、往"
        },
        "2": {
            "sn": "02715",
            "brief": "贵胄、高贵"
        },
        "3": {
            "sn": "00413",
            "brief": "向、往"
        },
        "4": {
            "sn": "05461",
            "brief": "掌权者"
        },
        "5": {
            "sn": "00413",
            "brief": "向、往"
        },
        "6": {
            "sn": "03499",
            "brief": "I. 1. 名词：剩下，2. 副词：优秀、丰富，II. 绳、弦"
        },
        "7": {
            "sn": "05971",
            "brief": "百姓、国民"
        },
        "8": {
            "sn": "04399",
            "brief": "工作"
        },
        "9": {
            "sn": "07235",
            "brief": "多、变多"
        },
        "10": {
            "sn": "07342",
            "brief": "宽阔的"
        },
        "11": {
            "sn": "00587",
            "brief": "我们"
        },
        "12": {
            "sn": "06504",
            "brief": "隔开"
        },
        "13": {
            "sn": "05921",
            "brief": "在…上面"
        },
        "14": {
            "sn": "02346",
            "brief": "城墙、墙壁"
        },
        "15": {
            "sn": "07350",
            "brief": "远方的"
        },
        "16": {
            "sn": "00376",
            "brief": "各人、人、男人、丈夫"
        },
        "17": {
            "sn": "00251",
            "brief": "兄弟"
        }
    },
    "20": {
        "literal": "(原文 4:15)于是我们做工，他们一半的人拿枪，从天亮直到星宿出现的时候。",
        "0": {
            "sn": "00587",
            "brief": "我们"
        },
        "1": {
            "sn": "06213",
            "brief": "做"
        },
        "2": {
            "sn": "04399",
            "brief": "工作"
        },
        "3": {
            "sn": "02677",
            "brief": "一半"
        },
        "5": {
            "sn": "07420",
            "brief": "枪"
        },
        "6": {
            "sn": "05927",
            "brief": "上去、升高、生长、献上"
        },
        "7": {
            "sn": "07837",
            "brief": "黎明"
        },
        "8": {
            "sn": "05704",
            "brief": "直到、甚至"
        },
        "9": {
            "sn": "03318",
            "brief": "出去"
        },
        "10": {
            "sn": "03556",
            "brief": "星星"
        },
        "4": {
            "sn": "02388",
            "brief": "加强、支持、抓住、系紧、强壮、勇敢"
        }
    },
    "8": {
        "3": {
            "sn": "05975",
            "brief": "Qal 站立、侍立、停留，Hif‘il 设立、使坚定"
        },
        "0": {
            "sn": "06419",
            "brief": "祷告"
        },
        "literal": "(原文 4:3)…我们向我们的上帝祷告，(…处填入末行)又派人站岗，昼夜防备他们。因他们的缘故，",
        "1": {
            "sn": "00413",
            "brief": "向、往"
        },
        "2": {
            "sn": "00430",
            "brief": "上帝、神、神明"
        },
        "4": {
            "sn": "04929",
            "brief": "监狱、 看守岗位"
        },
        "5": {
            "sn": "05921",
            "brief": "在…上面"
        },
        "6": {
            "sn": "03119",
            "brief": "白天"
        },
        "7": {
            "sn": "03915",
            "brief": "夜晚"
        },
        "8": {
            "sn": "06440",
            "brief": "脸"
        }
    },
    "3": {
        "literal": "(原文3:36)我们的上帝啊，求你垂听，因为我们被藐视。求你使他们的羞辱回到他们头上，求你使他们在被掳之地成为掠物。",
        "1": {
            "sn": "00430",
            "brief": "上帝、神、神明"
        },
        "2": {
            "sn": "03588",
            "brief": "因为、不必翻译"
        },
        "3": {
            "sn": "01961",
            "brief": "是、成为、临到"
        },
        "4": {
            "sn": "00939",
            "brief": "藐视"
        },
        "6": {
            "sn": "02781",
            "brief": "责备、羞辱"
        },
        "7": {
            "sn": "00413",
            "brief": "向、往"
        },
        "8": {
            "sn": "07218",
            "brief": "头、起头、山顶、领袖"
        },
        "9": {
            "sn": "05414",
            "brief": "使、给"
        },
        "10": {
            "sn": "00961",
            "brief": "掠夺物、战利品"
        },
        "11": {
            "sn": "00776",
            "brief": "地、邦国、疆界"
        },
        "12": {
            "sn": "07633",
            "brief": "被掳"
        },
        "0": {
            "sn": "08085",
            "brief": "Qal 听、听从，Hif‘il 说明、使…听"
        },
        "5": {
            "sn": "07725",
            "brief": "Qal 回复、回转、重复，Po‘lel 带回、复兴、更新，Hif‘il 回报、报告、带回"
        }
    }
}