{
    "6": {
        "1": {
            "sn": "09001",
            "brief": "给、往、向、到、归属于"
        },
        "0": {
            "sn": "05046",
            "brief": "Hif‘il 告诉、宣布、声明、通知"
        },
        "literal": "末底改把发生在自己身上的事，…告诉他，(…处填入下三行)以及…银的精确数目(…处填入下二行)，哈曼…说要秤入王库的(…处填入下行)为了灭绝犹大人",
        "18": {
            "sn": "00006",
            "brief": "灭亡"
        },
        "2": {
            "sn": "04782",
            "brief": "末底改"
        },
        "3": {
            "sn": "00853",
            "brief": "不必翻译"
        },
        "4": {
            "sn": "03605",
            "brief": "全部、整个、各"
        },
        "5": {
            "sn": "00834",
            "brief": "不必翻译"
        },
        "6": {
            "sn": "07136",
            "brief": "遇见、遭遇"
        },
        "7": {
            "sn": "00853",
            "brief": "不必翻译"
        },
        "8": {
            "sn": "06575",
            "brief": "确实的宣告"
        },
        "9": {
            "sn": "03701",
            "brief": "银子、钱"
        },
        "10": {
            "sn": "00834",
            "brief": "不必翻译"
        },
        "11": {
            "sn": "00559",
            "brief": "说"
        },
        "12": {
            "sn": "02001",
            "brief": "哈曼"
        },
        "13": {
            "sn": "08254",
            "brief": "秤重、支付"
        },
        "14": {
            "sn": "05921",
            "brief": "在…上面"
        },
        "15": {
            "sn": "01595",
            "brief": "国库、箱子"
        },
        "16": {
            "sn": "04428",
            "brief": "王"
        },
        "17": {
            "sn": "03064",
            "brief": "犹大人"
        }
    },
    "7": {
        "14": {
            "sn": "09001",
            "brief": "给、往、向、到、归属于"
        },
        "21": {
            "sn": "09001",
            "brief": "给、往、向、到、归属于"
        },
        "0": {
            "sn": "00853",
            "brief": "不必翻译"
        },
        "1": {
            "sn": "06572",
            "brief": "抄本"
        },
        "2": {
            "sn": "03791",
            "brief": "文件、书册"
        },
        "3": {
            "sn": "01881",
            "brief": "法律"
        },
        "4": {
            "sn": "00834",
            "brief": "不必翻译"
        },
        "5": {
            "sn": "05414",
            "brief": "给"
        },
        "7": {
            "sn": "08045",
            "brief": "拆毁、灭绝、毁灭"
        },
        "10": {
            "sn": "07200",
            "brief": "Qal 看见、看顾、察觉，Nif‘al 显现，Hif‘il 显明"
        },
        "literal": "又将…诏令的文件抄本(…处填入下行)颁行书珊要灭绝他们的交给他，带给以斯帖看，告诉她，吩咐她进去见王，向他恳求，为自己的族人在王面前祈求。",
        "6": {
            "sn": "07800",
            "brief": "书珊"
        },
        "15": {
            "sn": "06680",
            "brief": "Pi‘el 命令、吩咐"
        },
        "8": {
            "sn": "05414",
            "brief": "给"
        },
        "9": {
            "sn": "09001",
            "brief": "给、往、向、到、归属于"
        },
        "11": {
            "sn": "00853",
            "brief": "不必翻译"
        },
        "12": {
            "sn": "00635",
            "brief": "以斯帖"
        },
        "22": {
            "sn": "01245",
            "brief": "Pi‘el 寻找、渴求、想望、索求"
        },
        "16": {
            "sn": "05921",
            "brief": "在…上面"
        },
        "17": {
            "sn": "00935",
            "brief": "来、进入、临到、发生"
        },
        "18": {
            "sn": "00413",
            "brief": "对、向、往"
        },
        "19": {
            "sn": "04428",
            "brief": "王"
        },
        "13": {
            "sn": "05046",
            "brief": "Hif‘il 告诉、宣布、声明、通知"
        },
        "23": {
            "sn": "03942",
            "brief": "在…之前"
        },
        "24": {
            "sn": "05921",
            "brief": "在…上面"
        },
        "25": {
            "sn": "05971",
            "brief": "百姓、国民"
        },
        "20": {
            "sn": "02603",
            "brief": "恩待、怜悯，Hitpa‘el 求恩"
        }
    },
    "10": {
        "27": {
            "sn": "09001",
            "brief": "给、往、向、到、归属于"
        },
        "35": {
            "sn": "07121",
            "brief": "喊叫、召集、称呼、求告、朗读"
        },
        "4": {
            "sn": "04082",
            "brief": "省"
        },
        "34": {
            "sn": "03808",
            "brief": "不"
        },
        "2": {
            "sn": "04428",
            "brief": "王"
        },
        "literal": "「王所有的臣仆和王的(各)省的人民都知道，任何…男或女，(…处填入下二行)…擅入内院到王那里的(…处填入下行)没有被召，有关他的法令只有一条，就是唯一死刑，除非王向他伸出金杖，他才可存活。我…(都)没有被召进去到王那里。」(…处填入下行)这三十天",
        "0": {
            "sn": "03605",
            "brief": "全部、整个、各"
        },
        "1": {
            "sn": "05650",
            "brief": "仆人、奴隶"
        },
        "3": {
            "sn": "05971",
            "brief": "百姓、国民"
        },
        "5": {
            "sn": "04428",
            "brief": "王"
        },
        "7": {
            "sn": "00834",
            "brief": "不必翻译"
        },
        "8": {
            "sn": "03605",
            "brief": "全部、整个、各"
        },
        "9": {
            "sn": "00376",
            "brief": "各人、人、男人、丈夫"
        },
        "10": {
            "sn": "00802",
            "brief": "女人、妻子"
        },
        "11": {
            "sn": "00834",
            "brief": "不必翻译"
        },
        "12": {
            "sn": "00935",
            "brief": "来、进入、临到、发生"
        },
        "13": {
            "sn": "00413",
            "brief": "对、向、往"
        },
        "14": {
            "sn": "04428",
            "brief": "王"
        },
        "15": {
            "sn": "00413",
            "brief": "对、向、往"
        },
        "16": {
            "sn": "02691",
            "brief": "I 院子；II 村庄"
        },
        "17": {
            "sn": "06442",
            "brief": "内部的、里面的"
        },
        "18": {
            "sn": "00834",
            "brief": "不必翻译"
        },
        "23": {
            "sn": "04191",
            "brief": "死"
        },
        "20": {
            "sn": "07121",
            "brief": "喊叫、召集、称呼、求告、朗读"
        },
        "21": {
            "sn": "00259",
            "brief": "数目的「一」"
        },
        "22": {
            "sn": "01881",
            "brief": "法律"
        },
        "24": {
            "sn": "00905",
            "brief": "分开、门闩、片段"
        },
        "25": {
            "sn": "00834",
            "brief": "不必翻译"
        },
        "26": {
            "sn": "03447",
            "brief": "提出、伸直"
        },
        "28": {
            "sn": "04428",
            "brief": "王"
        },
        "29": {
            "sn": "00853",
            "brief": "不必翻译"
        },
        "30": {
            "sn": "08275",
            "brief": "宝杖"
        },
        "31": {
            "sn": "02091",
            "brief": "金"
        },
        "33": {
            "sn": "00589",
            "brief": "我"
        },
        "6": {
            "sn": "03045",
            "brief": "Qal 知道、认识、辨别、经历，Hif‘il 使知道、宣告"
        },
        "36": {
            "sn": "00935",
            "brief": "来、进入、临到、发生"
        },
        "37": {
            "sn": "00413",
            "brief": "对、向、往"
        },
        "38": {
            "sn": "04428",
            "brief": "王"
        },
        "39": {
            "sn": "02088",
            "brief": "这个"
        },
        "40": {
            "sn": "07970",
            "brief": "数目的「三十」"
        },
        "41": {
            "sn": "03117",
            "brief": "日子、时候"
        },
        "19": {
            "sn": "03808",
            "brief": "不"
        },
        "32": {
            "sn": "02421",
            "brief": "Qal 活、存活，Pi‘el 生长、复苏、保存生命，Hif‘il 使存活、复活"
        }
    },
    "5": {
        "6": {
            "sn": "05892",
            "brief": "城邑、城镇"
        },
        "literal": "哈他革出去到末底改那里，在…城的宽阔处。(…处填入下行)朝门前，",
        "0": {
            "sn": "03318",
            "brief": "出去"
        },
        "1": {
            "sn": "02047",
            "brief": "哈他革"
        },
        "2": {
            "sn": "00413",
            "brief": "对、向、往"
        },
        "3": {
            "sn": "04782",
            "brief": "末底改"
        },
        "4": {
            "sn": "00413",
            "brief": "对、向、往"
        },
        "5": {
            "sn": "07339",
            "brief": "广场、宽阔处"
        },
        "7": {
            "sn": "00834",
            "brief": "不必翻译"
        },
        "8": {
            "sn": "03942",
            "brief": "在…之前"
        },
        "9": {
            "sn": "08179",
            "brief": "门"
        },
        "10": {
            "sn": "04428",
            "brief": "王"
        }
    },
    "0": {
        "15": {
            "sn": "05892",
            "brief": "城邑、城镇"
        },
        "literal": "末底改知道所发生的这一切事，末底改就撕裂自己的衣服，穿上麻衣，蒙灰尘，在城中出去(行走)，痛哭哀号。",
        "0": {
            "sn": "04782",
            "brief": "末底改"
        },
        "2": {
            "sn": "00853",
            "brief": "不必翻译"
        },
        "3": {
            "sn": "03605",
            "brief": "全部、整个、各"
        },
        "4": {
            "sn": "00834",
            "brief": "不必翻译"
        },
        "5": {
            "sn": "06213",
            "brief": "做"
        },
        "6": {
            "sn": "07167",
            "brief": "使宽阔、撕裂、撕破"
        },
        "7": {
            "sn": "04782",
            "brief": "末底改"
        },
        "8": {
            "sn": "00853",
            "brief": "不必翻译"
        },
        "9": {
            "sn": "00899",
            "brief": "诡诈、衣服"
        },
        "10": {
            "sn": "03847",
            "brief": "穿"
        },
        "11": {
            "sn": "08242",
            "brief": "麻布、麻袋"
        },
        "12": {
            "sn": "00665",
            "brief": "炉灰"
        },
        "13": {
            "sn": "03318",
            "brief": "出去"
        },
        "14": {
            "sn": "08432",
            "brief": "在中间"
        },
        "1": {
            "sn": "03045",
            "brief": "Qal 知道、认识、辨别、经历，Hif‘il 使知道、宣告"
        },
        "16": {
            "sn": "02199",
            "brief": "哀求、求告"
        },
        "17": {
            "sn": "02201",
            "brief": "哀声、哭喊"
        },
        "18": {
            "sn": "01419",
            "brief": "大的、伟大的"
        },
        "19": {
            "sn": "04751",
            "brief": "痛苦的、苦的"
        }
    },
    "15": {
        "5": {
            "sn": "04672",
            "brief": "寻找、追上、获得、发现"
        },
        "literal": "「你去，去招聚书珊所有能找到的犹大人，…为我禁食，不吃也不喝，(…处填入下行)三昼三夜；我和我的宫女也要这样禁食。然后我违例进去见王，这样，我若死就死吧！」",
        "0": {
            "sn": "01980",
            "brief": "行走、去、至死"
        },
        "1": {
            "sn": "03664",
            "brief": "聚集、包起来"
        },
        "2": {
            "sn": "00853",
            "brief": "不必翻译"
        },
        "3": {
            "sn": "03605",
            "brief": "全部、整个、各"
        },
        "4": {
            "sn": "03064",
            "brief": "犹大人"
        },
        "27": {
            "sn": "03808",
            "brief": "不"
        },
        "6": {
            "sn": "07800",
            "brief": "书珊"
        },
        "7": {
            "sn": "06684",
            "brief": "禁食"
        },
        "8": {
            "sn": "05921",
            "brief": "在…上面"
        },
        "9": {
            "sn": "00408",
            "brief": "不"
        },
        "10": {
            "sn": "00398",
            "brief": "吃、吞吃"
        },
        "11": {
            "sn": "00408",
            "brief": "不"
        },
        "12": {
            "sn": "08354",
            "brief": "喝"
        },
        "13": {
            "sn": "07969",
            "brief": "数目的「三」"
        },
        "14": {
            "sn": "03117",
            "brief": "日子、时候"
        },
        "15": {
            "sn": "03915",
            "brief": "夜晚"
        },
        "16": {
            "sn": "03117",
            "brief": "日子、时候"
        },
        "17": {
            "sn": "01571",
            "brief": "也"
        },
        "18": {
            "sn": "00589",
            "brief": "我"
        },
        "19": {
            "sn": "05291",
            "brief": "女孩、女仆"
        },
        "20": {
            "sn": "06684",
            "brief": "禁食"
        },
        "21": {
            "sn": "03651",
            "brief": "副词：因此、如此、这样；形容词：对、真的、公平、诚实"
        },
        "22": {
            "sn": "03651",
            "brief": "副词：因此、如此、这样；形容词：对、真的、公平、诚实"
        },
        "23": {
            "sn": "00935",
            "brief": "来、进入、临到、发生"
        },
        "24": {
            "sn": "00413",
            "brief": "对、向、往"
        },
        "25": {
            "sn": "04428",
            "brief": "王"
        },
        "26": {
            "sn": "00834",
            "brief": "不必翻译"
        },
        "28": {
            "sn": "01881",
            "brief": "法律"
        },
        "29": {
            "sn": "00834",
            "brief": "不必翻译"
        },
        "30": {
            "sn": "00006",
            "brief": "灭亡"
        },
        "31": {
            "sn": "00006",
            "brief": "灭亡"
        }
    },
    "2": {
        "literal": "…各省各处(…处填入下行)王的命令，就是他的诏令所到的犹大人大大悲哀，又禁食、又哭泣、又哀号，穿麻衣躺在灰中的甚多。",
        "0": {
            "sn": "03605",
            "brief": "全部、整个、各"
        },
        "1": {
            "sn": "04082",
            "brief": "省"
        },
        "2": {
            "sn": "04082",
            "brief": "省"
        },
        "3": {
            "sn": "04725",
            "brief": "地方"
        },
        "4": {
            "sn": "00834",
            "brief": "不必翻译"
        },
        "5": {
            "sn": "01697",
            "brief": "话语、事情"
        },
        "6": {
            "sn": "04428",
            "brief": "王"
        },
        "8": {
            "sn": "05060",
            "brief": "接触、触及"
        },
        "17": {
            "sn": "03331",
            "brief": "铺"
        },
        "7": {
            "sn": "01881",
            "brief": "法律"
        },
        "9": {
            "sn": "00060",
            "brief": "悲哀"
        },
        "10": {
            "sn": "01419",
            "brief": "大的、伟大的"
        },
        "11": {
            "sn": "03064",
            "brief": "犹大人"
        },
        "12": {
            "sn": "06685",
            "brief": "禁食"
        },
        "13": {
            "sn": "01065",
            "brief": "哭泣"
        },
        "14": {
            "sn": "04553",
            "brief": "哀号"
        },
        "15": {
            "sn": "08242",
            "brief": "麻布、麻袋"
        },
        "16": {
            "sn": "00665",
            "brief": "炉灰"
        },
        "18": {
            "sn": "07227",
            "brief": "很多"
        }
    },
    "14": {
        "literal": "以斯帖就回覆末底改说：",
        "2": {
            "sn": "07725",
            "brief": "Qal 回复、回转、重复，Po‘lel 带回、复兴、更新，Hif‘il 回报、报告、带回"
        },
        "0": {
            "sn": "00559",
            "brief": "说"
        },
        "1": {
            "sn": "00635",
            "brief": "以斯帖"
        },
        "3": {
            "sn": "00413",
            "brief": "对、向、往"
        },
        "4": {
            "sn": "04782",
            "brief": "末底改"
        }
    },
    "13": {
        "2": {
            "sn": "02790",
            "brief": "耕种、切割、设计、沉默"
        },
        "3": {
            "sn": "02790",
            "brief": "耕种、切割、设计、沉默"
        },
        "17": {
            "sn": "03045",
            "brief": "Qal 知道、认识、辨别、经历，Hif‘il 使知道、宣告"
        },
        "literal": "因此时你若真的闭口不言，犹大人的解脱和拯救会从别处来；你和你父家必致灭亡。谁知你得了王后的位分(不)是为了像这样的时刻吗？」",
        "0": {
            "sn": "03588",
            "brief": "因为、不必翻译"
        },
        "1": {
            "sn": "00518",
            "brief": "如果、不是"
        },
        "4": {
            "sn": "06256",
            "brief": "那时、时候"
        },
        "5": {
            "sn": "02063",
            "brief": "这个"
        },
        "6": {
            "sn": "07305",
            "brief": "空间、解脱"
        },
        "7": {
            "sn": "02020",
            "brief": "救出、逃脱"
        },
        "9": {
            "sn": "03064",
            "brief": "犹大人"
        },
        "10": {
            "sn": "04725",
            "brief": "地方"
        },
        "11": {
            "sn": "00312",
            "brief": "别的"
        },
        "12": {
            "sn": "00859",
            "brief": "你"
        },
        "13": {
            "sn": "01004",
            "brief": "殿、房子、家"
        },
        "14": {
            "sn": "00001",
            "brief": "父亲、祖先"
        },
        "15": {
            "sn": "00006",
            "brief": "灭亡"
        },
        "16": {
            "sn": "04310",
            "brief": "谁"
        },
        "18": {
            "sn": "00518",
            "brief": "如果、不是"
        },
        "19": {
            "sn": "06256",
            "brief": "那时、时候"
        },
        "20": {
            "sn": "02063",
            "brief": "这个"
        },
        "22": {
            "sn": "04438",
            "brief": "王位、王国、国度"
        },
        "21": {
            "sn": "05060",
            "brief": "接触、触及"
        },
        "8": {
            "sn": "05975",
            "brief": "Qal 站立、侍立、停留，Hif‘il 设立、使坚定"
        }
    },
    "16": {
        "literal": "于是末底改走遍(全城)，…去做。(…处填入下行)照以斯帖一切所吩咐他的",
        "0": {
            "sn": "05674",
            "brief": "经过、穿越、涨溢、离开、拿走、违犯、废除"
        },
        "1": {
            "sn": "04782",
            "brief": "末底改"
        },
        "2": {
            "sn": "06213",
            "brief": "做"
        },
        "3": {
            "sn": "03605",
            "brief": "全部、整个、各"
        },
        "4": {
            "sn": "00834",
            "brief": "不必翻译"
        },
        "6": {
            "sn": "05921",
            "brief": "在…上面"
        },
        "7": {
            "sn": "00635",
            "brief": "以斯帖"
        },
        "8": {
            "sn": "09014",
            "brief": "关闭的意思"
        },
        "5": {
            "sn": "06680",
            "brief": "Pi‘el 命令、吩咐"
        }
    },
    "8": {
        "literal": "哈他革回来把…告诉以斯帖。(…处填入下行)末底改的话",
        "0": {
            "sn": "00935",
            "brief": "来、进入、临到、发生"
        },
        "1": {
            "sn": "02047",
            "brief": "哈他革"
        },
        "2": {
            "sn": "05046",
            "brief": "Hif‘il 告诉、宣布、声明、通知"
        },
        "3": {
            "sn": "00635",
            "brief": "以斯帖"
        },
        "4": {
            "sn": "00853",
            "brief": "不必翻译"
        },
        "5": {
            "sn": "01697",
            "brief": "话语、事情"
        },
        "6": {
            "sn": "04782",
            "brief": "末底改"
        }
    },
    "9": {
        "3": {
            "sn": "06680",
            "brief": "Pi‘el 命令、吩咐"
        },
        "literal": "以斯帖…对哈他革说：(…处填入下行)吩咐他到末底改那里，",
        "0": {
            "sn": "00559",
            "brief": "说"
        },
        "1": {
            "sn": "00635",
            "brief": "以斯帖"
        },
        "2": {
            "sn": "02047",
            "brief": "哈他革"
        },
        "4": {
            "sn": "00413",
            "brief": "对、向、往"
        },
        "5": {
            "sn": "04782",
            "brief": "末底改"
        }
    },
    "11": {
        "0": {
            "sn": "05046",
            "brief": "Hif‘il 告诉、宣布、声明、通知"
        },
        "literal": "人就把以斯帖的话告诉末底改。",
        "1": {
            "sn": "04782",
            "brief": "末底改"
        },
        "2": {
            "sn": "00853",
            "brief": "不必翻译"
        },
        "3": {
            "sn": "01697",
            "brief": "话语、事情"
        },
        "4": {
            "sn": "00635",
            "brief": "以斯帖"
        },
        "5": {
            "sn": "09015",
            "brief": "开的意思"
        }
    },
    "12": {
        "literal": "末底改回覆以斯帖说：「不要以为你自己在王宫里就可以…逃脱。(…处填入下行)从所有犹大人中",
        "6": {
            "sn": "01819",
            "brief": "Qal 相像、类似，Pi‘el 比较、思考"
        },
        "8": {
            "sn": "04422",
            "brief": "Nif‘al, Hitpa‘el 溜出、逃出、被拯救，Pi‘el, Hif‘il 生下、拯救"
        },
        "2": {
            "sn": "07725",
            "brief": "Qal 回复、回转、重复，Po‘lel 带回、复兴、更新，Hif‘il 回报、报告、带回"
        },
        "0": {
            "sn": "00559",
            "brief": "说"
        },
        "1": {
            "sn": "04782",
            "brief": "末底改"
        },
        "3": {
            "sn": "00413",
            "brief": "对、向、往"
        },
        "4": {
            "sn": "00635",
            "brief": "以斯帖"
        },
        "5": {
            "sn": "00408",
            "brief": "不"
        },
        "7": {
            "sn": "05315",
            "brief": "生命、人、自己"
        },
        "9": {
            "sn": "01004",
            "brief": "殿、房子、家"
        },
        "10": {
            "sn": "04428",
            "brief": "王"
        },
        "11": {
            "sn": "03605",
            "brief": "全部、整个、各"
        },
        "12": {
            "sn": "03064",
            "brief": "犹大人"
        }
    },
    "3": {
        "literal": "以斯帖的宫女和她的太监来告诉她，王后甚是忧愁，就送衣服给末底改穿，要他脱下他的麻衣，他却不接受。",
        "0": {
            "sn": "00935",
            "brief": "来、进入、临到、发生"
        },
        "1": {
            "sn": "05291",
            "brief": "女孩、女仆"
        },
        "2": {
            "sn": "00635",
            "brief": "以斯帖"
        },
        "18": {
            "sn": "06901",
            "brief": "取，接受，在...之前"
        },
        "4": {
            "sn": "05046",
            "brief": "Hif‘il 告诉、宣布、声明、通知"
        },
        "11": {
            "sn": "03847",
            "brief": "穿"
        },
        "14": {
            "sn": "05493",
            "brief": "转去、拿走"
        },
        "17": {
            "sn": "03808",
            "brief": "不"
        },
        "6": {
            "sn": "02342",
            "brief": "I. Qal 跳舞、阵痛、扭曲，Hif‘il 使痛苦，Hof‘al 生出，Po‘lel 生产，Hitpo‘lel 切望等候；II 坚定"
        },
        "3": {
            "sn": "05631",
            "brief": "大臣、太监"
        },
        "5": {
            "sn": "09001",
            "brief": "给、往、向、到、归属于"
        },
        "7": {
            "sn": "04436",
            "brief": "王后"
        },
        "8": {
            "sn": "03966",
            "brief": "极其、非常"
        },
        "9": {
            "sn": "07971",
            "brief": "差遣、释放、送走、伸出、伸展"
        },
        "10": {
            "sn": "00899",
            "brief": "诡诈、衣服"
        },
        "12": {
            "sn": "00853",
            "brief": "不必翻译"
        },
        "13": {
            "sn": "04782",
            "brief": "末底改"
        },
        "15": {
            "sn": "08242",
            "brief": "麻布、麻袋"
        },
        "16": {
            "sn": "05921",
            "brief": "在…上面"
        }
    },
    "1": {
        "3": {
            "sn": "08179",
            "brief": "门"
        },
        "literal": "他行走直到朝门前面，因为没有人可以…进朝门。(…处填入下行)穿麻衣的",
        "0": {
            "sn": "00935",
            "brief": "来、进入、临到、发生"
        },
        "1": {
            "sn": "05704",
            "brief": "直到、甚至"
        },
        "2": {
            "sn": "03942",
            "brief": "在…之前"
        },
        "4": {
            "sn": "04428",
            "brief": "王"
        },
        "5": {
            "sn": "03588",
            "brief": "因为、不必翻译"
        },
        "6": {
            "sn": "00369",
            "brief": "不存在、没有"
        },
        "7": {
            "sn": "00935",
            "brief": "来、进入、临到、发生"
        },
        "8": {
            "sn": "00413",
            "brief": "对、向、往"
        },
        "9": {
            "sn": "08179",
            "brief": "门"
        },
        "10": {
            "sn": "04428",
            "brief": "王"
        },
        "11": {
            "sn": "03830",
            "brief": "衣服"
        },
        "12": {
            "sn": "08242",
            "brief": "麻布、麻袋"
        }
    },
    "4": {
        "literal": "以斯帖就把…哈他革召来，(…处填入下行)侍立在她面前的王的太监中的她吩咐他到末底改那里，要知道这是甚么事，是甚么缘故。",
        "0": {
            "sn": "07121",
            "brief": "喊叫、召集、称呼、求告、朗读"
        },
        "1": {
            "sn": "00635",
            "brief": "以斯帖"
        },
        "2": {
            "sn": "02047",
            "brief": "哈他革"
        },
        "3": {
            "sn": "05631",
            "brief": "大臣、太监"
        },
        "4": {
            "sn": "04428",
            "brief": "王"
        },
        "5": {
            "sn": "00834",
            "brief": "不必翻译"
        },
        "7": {
            "sn": "03942",
            "brief": "在…之前"
        },
        "9": {
            "sn": "05921",
            "brief": "在…上面"
        },
        "10": {
            "sn": "04782",
            "brief": "末底改"
        },
        "12": {
            "sn": "04100",
            "brief": "什么"
        },
        "13": {
            "sn": "02088",
            "brief": "这个"
        },
        "14": {
            "sn": "05921",
            "brief": "在…上面"
        },
        "15": {
            "sn": "04100",
            "brief": "什么"
        },
        "16": {
            "sn": "02088",
            "brief": "这个"
        },
        "6": {
            "sn": "05975",
            "brief": "Qal 站立、侍立、停留，Hif‘il 设立、使坚定"
        },
        "8": {
            "sn": "06680",
            "brief": "Pi‘el 命令、吩咐"
        },
        "11": {
            "sn": "03045",
            "brief": "Qal 知道、认识、辨别、经历，Hif‘il 使知道、宣告"
        }
    }
}