{
    "1": {
        "literal": "王…也对以斯帖说：(…处填入下行)在第二天的酒席间「王后以斯帖啊，你所要求的，必赐给你；你所求的，就是国的一半，也必让它(原文用阴性)成就。」",
        "0": {
            "sn": "00559",
            "brief": "说"
        },
        "1": {
            "sn": "04428",
            "brief": "君王"
        },
        "2": {
            "sn": "00635",
            "brief": "以斯帖"
        },
        "3": {
            "sn": "01571",
            "brief": "也"
        },
        "4": {
            "sn": "03117",
            "brief": "日子、时候"
        },
        "5": {
            "sn": "08145",
            "brief": "序数的「第二」、另一、别的"
        },
        "6": {
            "sn": "04960",
            "brief": "筵席"
        },
        "7": {
            "sn": "03196",
            "brief": "酒"
        },
        "8": {
            "sn": "04100",
            "brief": "如何、什么"
        },
        "9": {
            "sn": "07596",
            "brief": "请求"
        },
        "10": {
            "sn": "00635",
            "brief": "以斯帖"
        },
        "11": {
            "sn": "04436",
            "brief": "王后"
        },
        "12": {
            "sn": "05414",
            "brief": "给"
        },
        "13": {
            "sn": "09001",
            "brief": "给、往、向、到、归属于"
        },
        "14": {
            "sn": "04100",
            "brief": "如何、什么"
        },
        "15": {
            "sn": "01246",
            "brief": "要求"
        },
        "16": {
            "sn": "05704",
            "brief": "直到、甚至"
        },
        "17": {
            "sn": "02677",
            "brief": "一半"
        },
        "18": {
            "sn": "04438",
            "brief": "王位、王国、国度"
        },
        "19": {
            "sn": "06213",
            "brief": "做"
        }
    },
    "2": {
        "15": {
            "sn": "05315",
            "brief": "生命、人、自己"
        },
        "16": {
            "sn": "07596",
            "brief": "请求"
        },
        "17": {
            "sn": "05971",
            "brief": "百姓、国民"
        },
        "5": {
            "sn": "04672",
            "brief": "寻找、追上、获得、发现"
        },
        "literal": "王后以斯帖回答说：「我若在王眼前蒙恩，王若以为美，我所要的是愿我的性命赐给我；我所求的，是我的本族。」",
        "0": {
            "sn": "06030",
            "brief": "I. 回答、作证；II. 忙；III. 使受苦、 使低微；IV. 唱歌 (I, IV 的 SN 为 6030. II, III 的 SN 为 6031)"
        },
        "1": {
            "sn": "00635",
            "brief": "以斯帖"
        },
        "2": {
            "sn": "04436",
            "brief": "王后"
        },
        "3": {
            "sn": "00559",
            "brief": "说"
        },
        "4": {
            "sn": "00518",
            "brief": "如果、不是"
        },
        "6": {
            "sn": "02580",
            "brief": "恩典、恩惠"
        },
        "7": {
            "sn": "05869",
            "brief": "眼目、眼睛"
        },
        "8": {
            "sn": "04428",
            "brief": "君王"
        },
        "9": {
            "sn": "00518",
            "brief": "如果、不是"
        },
        "10": {
            "sn": "05921",
            "brief": "在…上面"
        },
        "11": {
            "sn": "04428",
            "brief": "君王"
        },
        "12": {
            "sn": "02895",
            "brief": "美好的、令人喜悦的"
        },
        "13": {
            "sn": "05414",
            "brief": "给"
        },
        "14": {
            "sn": "09001",
            "brief": "给、往、向、到、归属于"
        },
        "18": {
            "sn": "01246",
            "brief": "要求"
        }
    },
    "6": {
        "0": {
            "sn": "04428",
            "brief": "君王"
        },
        "1": {
            "sn": "06965",
            "brief": "起来、设立、坚立"
        },
        "3": {
            "sn": "04960",
            "brief": "筵席"
        },
        "18": {
            "sn": "03615",
            "brief": "Qal 完成、结束、停止，Pi‘el 完成、毁坏、根除"
        },
        "16": {
            "sn": "07200",
            "brief": "Qal 看见、看顾、察觉，Nif‘al 显现，Hif‘il 显明"
        },
        "literal": "王在他的怒中起身，离开酒席往御园去了。哈曼留下，向王后以斯帖求他的性命，因他见王定意要置他于死地。",
        "2": {
            "sn": "02534",
            "brief": "怒气、热"
        },
        "4": {
            "sn": "03196",
            "brief": "酒"
        },
        "5": {
            "sn": "00413",
            "brief": "对、向、往"
        },
        "6": {
            "sn": "01594",
            "brief": "花园、果园、菜园"
        },
        "7": {
            "sn": "01055",
            "brief": "房屋、宫殿"
        },
        "8": {
            "sn": "02001",
            "brief": "哈曼"
        },
        "11": {
            "sn": "05921",
            "brief": "在…上面"
        },
        "12": {
            "sn": "05315",
            "brief": "生命、人、自己"
        },
        "13": {
            "sn": "00635",
            "brief": "以斯帖"
        },
        "14": {
            "sn": "04436",
            "brief": "王后"
        },
        "15": {
            "sn": "03588",
            "brief": "因为、不必翻译"
        },
        "17": {
            "sn": "03588",
            "brief": "因为、不必翻译"
        },
        "19": {
            "sn": "00413",
            "brief": "对、向、往"
        },
        "20": {
            "sn": "07451",
            "brief": "邪恶、灾难、痛苦、不幸"
        },
        "21": {
            "sn": "00854",
            "brief": "与、跟"
        },
        "22": {
            "sn": "04428",
            "brief": "君王"
        },
        "10": {
            "sn": "01245",
            "brief": "Pi‘el 寻找、渴求、想望、索求"
        },
        "9": {
            "sn": "05975",
            "brief": "Qal 站立、侍立、停留，Hif‘il 设立、使坚定"
        }
    },
    "3": {
        "literal": "因我和我的本族被出卖了，要(被)剪除、杀戮、灭绝。我们若被卖为奴为婢，我也闭口不言，因为这个灾难不会造成王的损失。」",
        "0": {
            "sn": "03588",
            "brief": "因为、不必翻译"
        },
        "1": {
            "sn": "04376",
            "brief": "卖"
        },
        "2": {
            "sn": "00589",
            "brief": "我"
        },
        "3": {
            "sn": "05971",
            "brief": "百姓、国民"
        },
        "5": {
            "sn": "02026",
            "brief": "杀"
        },
        "7": {
            "sn": "00432",
            "brief": "倘若、虽然"
        },
        "8": {
            "sn": "05650",
            "brief": "仆人、奴隶"
        },
        "9": {
            "sn": "08198",
            "brief": "婢女"
        },
        "10": {
            "sn": "04376",
            "brief": "卖"
        },
        "12": {
            "sn": "03588",
            "brief": "因为、不必翻译"
        },
        "13": {
            "sn": "00369",
            "brief": "不存在、没有"
        },
        "14": {
            "sn": "06862",
            "brief": "I. 狭窄的；II. 患难、困境；III. 敌人"
        },
        "16": {
            "sn": "05143",
            "brief": "损害、损失"
        },
        "17": {
            "sn": "04428",
            "brief": "君王"
        },
        "18": {
            "sn": "09014",
            "brief": "关闭的意思"
        },
        "15": {
            "sn": "07737",
            "brief": "I. Qal 像、使处于，Pi‘el 铲平、弄平，II. Pi‘el 放置"
        },
        "4": {
            "sn": "08045",
            "brief": "拆毁、灭绝、毁灭"
        },
        "11": {
            "sn": "02790",
            "brief": "耕种、切割、设计、沉默"
        },
        "6": {
            "sn": "00006",
            "brief": "灭亡"
        }
    },
    "0": {
        "literal": "王和哈曼来与王后以斯帖一起喝酒。",
        "0": {
            "sn": "00935",
            "brief": "来、进入、临到、发生"
        },
        "1": {
            "sn": "04428",
            "brief": "王"
        },
        "2": {
            "sn": "02001",
            "brief": "哈曼"
        },
        "3": {
            "sn": "08354",
            "brief": "喝"
        },
        "4": {
            "sn": "05973",
            "brief": "跟、向"
        },
        "5": {
            "sn": "00635",
            "brief": "以斯帖"
        },
        "6": {
            "sn": "04436",
            "brief": "王后"
        }
    },
    "5": {
        "0": {
            "sn": "00559",
            "brief": "说"
        },
        "1": {
            "sn": "00635",
            "brief": "以斯帖"
        },
        "literal": "以斯帖说：「仇人敌人就是这恶人哈曼！」哈曼在王和王后面前就甚惊惶。",
        "2": {
            "sn": "00376",
            "brief": "各人、人、男人、丈夫"
        },
        "3": {
            "sn": "06862",
            "brief": "I. 狭窄的；II. 患难、困境；III. 敌人"
        },
        "4": {
            "sn": "00341",
            "brief": "仇敌、敌人、对头"
        },
        "5": {
            "sn": "02001",
            "brief": "哈曼"
        },
        "6": {
            "sn": "07451",
            "brief": "邪恶的、灾难的"
        },
        "7": {
            "sn": "02088",
            "brief": "这个"
        },
        "8": {
            "sn": "02001",
            "brief": "哈曼"
        },
        "9": {
            "sn": "01204",
            "brief": "威吓、恐怖、惊吓"
        },
        "10": {
            "sn": "03942",
            "brief": "在…前面"
        },
        "11": {
            "sn": "04428",
            "brief": "君王"
        },
        "12": {
            "sn": "04436",
            "brief": "王后"
        }
    },
    "4": {
        "11": {
            "sn": "01931",
            "brief": "他"
        },
        "12": {
            "sn": "00834",
            "brief": "不必翻译"
        },
        "literal": "亚哈随鲁王说，他对王后以斯帖说：「…这人是谁？这人他在哪里呢？」(…处填入下行)擅敢在他心中起意如此行的",
        "0": {
            "sn": "00559",
            "brief": "说"
        },
        "1": {
            "sn": "04428",
            "brief": "君王"
        },
        "2": {
            "sn": "00325",
            "brief": "亚哈随鲁"
        },
        "3": {
            "sn": "00559",
            "brief": "说"
        },
        "4": {
            "sn": "00635",
            "brief": "以斯帖"
        },
        "5": {
            "sn": "04436",
            "brief": "王后"
        },
        "6": {
            "sn": "04310",
            "brief": "谁"
        },
        "7": {
            "sn": "01931",
            "brief": "他"
        },
        "8": {
            "sn": "02088",
            "brief": "这个"
        },
        "9": {
            "sn": "00335",
            "brief": "哪里"
        },
        "10": {
            "sn": "02088",
            "brief": "这个"
        },
        "13": {
            "sn": "04390",
            "brief": "充满"
        },
        "14": {
            "sn": "03820",
            "brief": "心、心思"
        },
        "15": {
            "sn": "06213",
            "brief": "做"
        },
        "16": {
            "sn": "03651",
            "brief": "副词：因此、如此、这样；形容词：对、真的、公平、诚实"
        }
    },
    "7": {
        "1": {
            "sn": "07725",
            "brief": "Qal 回复、回转、重复，Po‘lel 带回、复兴、更新，Hif‘il 回报、报告、带回"
        },
        "literal": "王从御园回到酒席之宫殿，哈曼伏在以斯帖所靠在它上面的榻椅；王说：「他竟也敢…凌辱王后吗？」(…处填入下行)在宫内、跟我在一起的时候这话一出王的口，人就蒙住哈曼的脸。",
        "0": {
            "sn": "04428",
            "brief": "君王"
        },
        "2": {
            "sn": "01594",
            "brief": "花园、果园、菜园"
        },
        "3": {
            "sn": "01055",
            "brief": "房屋、宫殿"
        },
        "4": {
            "sn": "00413",
            "brief": "对、向、往"
        },
        "5": {
            "sn": "01004",
            "brief": "殿、房子、家"
        },
        "6": {
            "sn": "04960",
            "brief": "筵席"
        },
        "7": {
            "sn": "03196",
            "brief": "酒"
        },
        "8": {
            "sn": "02001",
            "brief": "哈曼"
        },
        "9": {
            "sn": "05307",
            "brief": "跌落、跌倒、使签落在..."
        },
        "10": {
            "sn": "05921",
            "brief": "在…上面"
        },
        "11": {
            "sn": "04296",
            "brief": "睡椅、床"
        },
        "12": {
            "sn": "00834",
            "brief": "不必翻译"
        },
        "13": {
            "sn": "00635",
            "brief": "以斯帖"
        },
        "14": {
            "sn": "05921",
            "brief": "在…上面"
        },
        "15": {
            "sn": "00559",
            "brief": "说"
        },
        "16": {
            "sn": "04428",
            "brief": "君王"
        },
        "17": {
            "sn": "01571",
            "brief": "也"
        },
        "18": {
            "sn": "03533",
            "brief": "踩脚下、征服、治理"
        },
        "19": {
            "sn": "00853",
            "brief": "不必翻译"
        },
        "20": {
            "sn": "04436",
            "brief": "王后"
        },
        "21": {
            "sn": "05973",
            "brief": "跟"
        },
        "22": {
            "sn": "01004",
            "brief": "殿、房子、家"
        },
        "23": {
            "sn": "01697",
            "brief": "话语、事情"
        },
        "24": {
            "sn": "03318",
            "brief": "出去"
        },
        "25": {
            "sn": "06310",
            "brief": "口、命令、末端、沿岸、比例"
        },
        "26": {
            "sn": "04428",
            "brief": "君王"
        },
        "27": {
            "sn": "06440",
            "brief": "脸"
        },
        "28": {
            "sn": "02001",
            "brief": "哈曼"
        },
        "29": {
            "sn": "02645",
            "brief": "覆盖"
        },
        "30": {
            "sn": "09014",
            "brief": "关闭的意思"
        }
    },
    "8": {
        "14": {
            "sn": "00834",
            "brief": "不必翻译"
        },
        "19": {
            "sn": "05975",
            "brief": "Qal 站立、侍立、停留，Hif‘il 设立、使坚定"
        },
        "literal": "在王面前伺候的一个太监名叫哈波拿，说：「看哪，哈曼还为…末底改做了木架，(…处填入下行)那向王说了好话的立在哈曼家里，有五丈高。」王说：「把他挂在它上面。」",
        "0": {
            "sn": "00559",
            "brief": "说"
        },
        "1": {
            "sn": "02726",
            "brief": "哈波拿"
        },
        "2": {
            "sn": "00259",
            "brief": "数目的「一」"
        },
        "3": {
            "sn": "04480",
            "brief": "从、出"
        },
        "4": {
            "sn": "05631",
            "brief": "大臣、太监"
        },
        "5": {
            "sn": "03942",
            "brief": "在…面前"
        },
        "6": {
            "sn": "04428",
            "brief": "王"
        },
        "7": {
            "sn": "01571",
            "brief": "也"
        },
        "8": {
            "sn": "02009",
            "brief": "看哪"
        },
        "9": {
            "sn": "06086",
            "brief": "木头、树"
        },
        "10": {
            "sn": "00834",
            "brief": "不必翻译"
        },
        "11": {
            "sn": "06213",
            "brief": "做"
        },
        "12": {
            "sn": "02001",
            "brief": "哈曼"
        },
        "13": {
            "sn": "04782",
            "brief": "末底改"
        },
        "16": {
            "sn": "02895",
            "brief": "美好的、令人喜悦的"
        },
        "17": {
            "sn": "05921",
            "brief": "在…上面"
        },
        "18": {
            "sn": "04428",
            "brief": "王"
        },
        "20": {
            "sn": "01004",
            "brief": "殿、房子、家"
        },
        "21": {
            "sn": "02001",
            "brief": "哈曼"
        },
        "22": {
            "sn": "01364",
            "brief": "高的"
        },
        "23": {
            "sn": "02572",
            "brief": "数目的「五十」"
        },
        "15": {
            "sn": "01696",
            "brief": "Pi‘el 讲、说、指挥"
        },
        "24": {
            "sn": "00520",
            "brief": "1.根基；2.一肘，约 18-22 寸，即 45-56 公分"
        },
        "25": {
            "sn": "00559",
            "brief": "说"
        },
        "26": {
            "sn": "04428",
            "brief": "王"
        },
        "27": {
            "sn": "08518",
            "brief": "悬挂"
        },
        "28": {
            "sn": "05921",
            "brief": "在…上面"
        }
    },
    "9": {
        "literal": "于是人们将哈曼挂在…木架上(…处填入下行)他为末底改所预备的。王的忿怒这才平息。",
        "0": {
            "sn": "08518",
            "brief": "悬挂"
        },
        "1": {
            "sn": "00853",
            "brief": "不必翻译"
        },
        "2": {
            "sn": "02001",
            "brief": "哈曼"
        },
        "3": {
            "sn": "05921",
            "brief": "在…上面"
        },
        "4": {
            "sn": "06086",
            "brief": "木头、树"
        },
        "5": {
            "sn": "00834",
            "brief": "不必翻译"
        },
        "7": {
            "sn": "04782",
            "brief": "末底改"
        },
        "8": {
            "sn": "02534",
            "brief": "怒气、热"
        },
        "9": {
            "sn": "04428",
            "brief": "王"
        },
        "10": {
            "sn": "07918",
            "brief": "下陷、减少"
        },
        "11": {
            "sn": "09015",
            "brief": "开的意思"
        },
        "6": {
            "sn": "03559",
            "brief": "Hif‘il 预备、建立、坚立"
        }
    }
}