{
    "6": {
        "2": {
            "sn": "03811",
            "brief": "疲倦、不耐烦"
        },
        "3": {
            "sn": "08074",
            "brief": "离弃、荒凉、惊骇、昏迷"
        },
        "1": {
            "sn": "06258",
            "brief": "现在"
        },
        "literal": "但现在他使我困倦，你(指：上帝)使我所有的会众远离，",
        "0": {
            "sn": "00389",
            "brief": "然而、其实、当然"
        },
        "4": {
            "sn": "03605",
            "brief": "全部、整个、各"
        },
        "5": {
            "sn": "05712",
            "brief": "会众"
        }
    },
    "10": {
        "0": {
            "sn": "05462",
            "brief": "Qal 关闭、堵塞，Pi‘el 关闭、交付，Hif‘il 关闭、交付"
        },
        "literal": "上帝把我交给不敬虔的人，把我扔到恶人的手中。",
        "1": {
            "sn": "00410",
            "brief": "上帝、神明、能力、力量"
        },
        "2": {
            "sn": "00413",
            "brief": "向、往"
        },
        "3": {
            "sn": "05760",
            "brief": "故意作恶的人，不公义的人"
        },
        "4": {
            "sn": "05921",
            "brief": "在…上面"
        },
        "5": {
            "sn": "03027",
            "brief": "手、边、力量、权势"
        },
        "6": {
            "sn": "07563",
            "brief": "邪恶的"
        },
        "7": {
            "sn": "03399",
            "brief": "一头栽下，莽撞的"
        }
    },
    "16": {
        "0": {
            "sn": "05921",
            "brief": "在…上面"
        },
        "1": {
            "sn": "03808",
            "brief": "不"
        },
        "literal": "我的手中却无强暴；我的祈祷也是清洁。",
        "2": {
            "sn": "02555",
            "brief": "暴力、残忍、不公"
        },
        "3": {
            "sn": "03709",
            "brief": "手掌、脚掌、脚底"
        },
        "4": {
            "sn": "08605",
            "brief": "祷告"
        },
        "5": {
            "sn": "02134",
            "brief": "清洁的、不搀杂的、正直的"
        }
    },
    "21": {
        "6": {
            "sn": "07725",
            "brief": "Qal 回复、回转、重复，Po‘lel 带回、复兴、更新，Hif‘il 回报、报告、带回"
        },
        "literal": "因为再过几年，我必走那往而不返之路。",
        "0": {
            "sn": "03588",
            "brief": "因为、不必翻译"
        },
        "1": {
            "sn": "08141",
            "brief": "年"
        },
        "2": {
            "sn": "04557",
            "brief": "数目"
        },
        "3": {
            "sn": "00857",
            "brief": "来到"
        },
        "4": {
            "sn": "00734",
            "brief": "路、路径"
        },
        "7": {
            "sn": "01980",
            "brief": "行走、去"
        },
        "5": {
            "sn": "03808",
            "brief": "不"
        }
    },
    "9": {
        "literal": "他们向我开口，打我的脸羞辱我，一起聚集攻击我。",
        "6": {
            "sn": "03162",
            "brief": "一起"
        },
        "7": {
            "sn": "05921",
            "brief": "在…上面"
        },
        "4": {
            "sn": "05221",
            "brief": "Hif‘il 击打、击杀"
        },
        "8": {
            "sn": "04390",
            "brief": "Hitpa‘el 聚集对抗"
        },
        "0": {
            "sn": "06473",
            "brief": "大大张开、张口结舌"
        },
        "1": {
            "sn": "05921",
            "brief": "在…上面"
        },
        "2": {
            "sn": "06310",
            "brief": "口、命令、末端、沿岸、比例"
        },
        "3": {
            "sn": "02781",
            "brief": "羞辱、责备"
        },
        "5": {
            "sn": "03895",
            "brief": "腮、颊、颚"
        }
    },
    "0": {
        "literal": "约伯回答，说：",
        "0": {
            "sn": "06030",
            "brief": "I. 回答、作证；II. 忙；III. 使受苦、 使低微；IV. 唱歌 (I, IV 的 SN 为 6030. II, III 的 SN 为 6031)"
        },
        "1": {
            "sn": "00347",
            "brief": "约伯"
        },
        "2": {
            "sn": "00559",
            "brief": "称、说"
        }
    },
    "1": {
        "literal": "这样的话我听了许多；你们都是反叫人愁烦的安慰者。",
        "0": {
            "sn": "08085",
            "brief": "Qal 听、听从，Hif‘il 说明、使…听"
        },
        "3": {
            "sn": "05162",
            "brief": "Qal、Pi‘el 安慰、怜恤，Nif‘al 怜悯、反悔、遗憾、悲伤"
        },
        "1": {
            "sn": "00428",
            "brief": "这些"
        },
        "2": {
            "sn": "07227",
            "brief": "I. 形容词：大量的、许多的、充足的，II. 名词：统帅、首领。"
        },
        "4": {
            "sn": "05999",
            "brief": "灾祸、患难、劳碌、工作"
        },
        "5": {
            "sn": "03605",
            "brief": "全部、整个、各"
        }
    },
    "11": {
        "6": {
            "sn": "06965",
            "brief": "起来、设立、坚立"
        },
        "2": {
            "sn": "06565",
            "brief": "I. Qal + Hitpo‘lel 破裂，分开；II. Hif‘il 违背、破坏、废弃、无效"
        },
        "literal": "我素来安逸，他粉碎我，掐住我的颈项，把我摔碎，又立我为他的箭靶子。",
        "0": {
            "sn": "07961",
            "brief": "平静的、繁盛的"
        },
        "1": {
            "sn": "01961",
            "brief": "是、成为、临到"
        },
        "3": {
            "sn": "00270",
            "brief": "紧抓住"
        },
        "4": {
            "sn": "06203",
            "brief": "颈项、背"
        },
        "5": {
            "sn": "06327",
            "brief": "撒种、分散"
        },
        "7": {
            "sn": "09001",
            "brief": "给、往、向、到、归属于"
        },
        "8": {
            "sn": "04307",
            "brief": "箭靶、监狱"
        }
    },
    "13": {
        "literal": "将我破裂又破裂，如同勇士向我直闯。",
        "0": {
            "sn": "06555",
            "brief": "破坏"
        },
        "1": {
            "sn": "06556",
            "brief": "破裂"
        },
        "2": {
            "sn": "05921",
            "brief": "在…上面"
        },
        "3": {
            "sn": "06440",
            "brief": "脸、脸面"
        },
        "4": {
            "sn": "06556",
            "brief": "破裂"
        },
        "5": {
            "sn": "07323",
            "brief": "奔跑"
        },
        "6": {
            "sn": "05921",
            "brief": "在…上面"
        },
        "7": {
            "sn": "01368",
            "brief": "形容词：强壮的、有力的；名词：勇士"
        }
    },
    "14": {
        "literal": "我缝麻布在我皮肤上，把我的角放在尘土中。",
        "0": {
            "sn": "08242",
            "brief": "麻布、麻袋"
        },
        "1": {
            "sn": "08609",
            "brief": "缝补、缝合"
        },
        "2": {
            "sn": "05921",
            "brief": "在…上面"
        },
        "3": {
            "sn": "01539",
            "brief": "(人的) 皮肤"
        },
        "4": {
            "sn": "05953",
            "brief": "严格行事、冷酷处理、如孩童般行事"
        },
        "5": {
            "sn": "06083",
            "brief": "土、尘土"
        },
        "6": {
            "sn": "07161",
            "brief": "角"
        }
    },
    "7": {
        "literal": "你又抓住我，这成为见证；又起来藉我身体的枯瘦当面见证我的不是。",
        "0": {
            "sn": "07059",
            "brief": "Qal 抓住"
        },
        "1": {
            "sn": "05707",
            "brief": "见证、证人"
        },
        "2": {
            "sn": "01961",
            "brief": "是、成为、临到"
        },
        "3": {
            "sn": "06965",
            "brief": "起来、设立、坚立"
        },
        "4": {
            "sn": "09002",
            "brief": "在、用、藉着、与、敌对"
        },
        "5": {
            "sn": "03585",
            "brief": "说谎，枯瘦"
        },
        "6": {
            "sn": "06440",
            "brief": "脸、脸面"
        },
        "7": {
            "sn": "06030",
            "brief": "I. 回答、作证；II. 忙；III. 使受苦、 使低微；IV. 唱歌 (I, IV 的 SN 为 6030. II, III 的 SN 为 6031)"
        }
    },
    "8": {
        "literal": "他(指：上帝)的怒气撕裂，逼迫我，向我切齿；我的敌人怒目对我。",
        "0": {
            "sn": "00639",
            "brief": "怒气、鼻子"
        },
        "1": {
            "sn": "02963",
            "brief": "撕裂"
        },
        "2": {
            "sn": "07852",
            "brief": "敌对、憎恨"
        },
        "3": {
            "sn": "02786",
            "brief": "咬牙"
        },
        "4": {
            "sn": "05921",
            "brief": "在…上面"
        },
        "5": {
            "sn": "08127",
            "brief": "牙、象牙"
        },
        "6": {
            "sn": "06862",
            "brief": "I. 狭窄的；II. 患难、困境；III. 敌人"
        },
        "7": {
            "sn": "03913",
            "brief": "使锐利、不停地敲击、磨快"
        },
        "8": {
            "sn": "05869",
            "brief": "眼睛"
        },
        "9": {
            "sn": "09001",
            "brief": "给、往、向、到、归属于"
        }
    },
    "18": {
        "literal": "现今，在天有我的见证，在高处有我的见证。",
        "0": {
            "sn": "01571",
            "brief": "也"
        },
        "1": {
            "sn": "06258",
            "brief": "现在"
        },
        "2": {
            "sn": "02009",
            "brief": "看哪"
        },
        "3": {
            "sn": "08064",
            "brief": "天"
        },
        "4": {
            "sn": "05707",
            "brief": "见证、证人"
        },
        "5": {
            "sn": "07717",
            "brief": "见证"
        },
        "6": {
            "sn": "04791",
            "brief": "高处"
        }
    },
    "15": {
        "literal": "我的脸因哭泣发红，在我的眼皮上有死荫。",
        "0": {
            "sn": "06440",
            "brief": "脸、脸面"
        },
        "1": {
            "sn": "02560",
            "brief": "Pe'al'al 烦乱、扰乱"
        },
        "2": {
            "sn": "04480",
            "brief": "从、出、离"
        },
        "3": {
            "sn": "01065",
            "brief": "哭泣"
        },
        "4": {
            "sn": "05921",
            "brief": "在…上面"
        },
        "5": {
            "sn": "06079",
            "brief": "眼皮"
        },
        "6": {
            "sn": "06757",
            "brief": "死荫"
        }
    },
    "2": {
        "5": {
            "sn": "04834",
            "brief": "使生病、忧伤"
        },
        "literal": "虚空的言语有穷尽么？有甚么惹动你回答呢？",
        "0": {
            "sn": "07093",
            "brief": "尾端、结尾"
        },
        "1": {
            "sn": "01697",
            "brief": "话语、事情"
        },
        "2": {
            "sn": "07307",
            "brief": "灵、风、气息"
        },
        "3": {
            "sn": "00176",
            "brief": "或"
        },
        "4": {
            "sn": "04100",
            "brief": "什么"
        },
        "6": {
            "sn": "03588",
            "brief": "因为、不必翻译"
        },
        "7": {
            "sn": "06030",
            "brief": "I. 回答、作证；II. 忙；III. 使受苦、 使低微；IV. 唱歌 (I, IV 的 SN 为 6030. II, III 的 SN 为 6031)"
        }
    },
    "12": {
        "literal": "他的弓箭手四面围绕我；他劈开我的肾脏，并不顾惜，把我的胆汁倾倒在地上，",
        "0": {
            "sn": "05437",
            "brief": "轧、包围"
        },
        "1": {
            "sn": "05921",
            "brief": "在…上面"
        },
        "2": {
            "sn": "07228",
            "brief": "弓箭手"
        },
        "4": {
            "sn": "03629",
            "brief": "肾脏"
        },
        "6": {
            "sn": "02550",
            "brief": "顾惜、怜悯"
        },
        "7": {
            "sn": "08210",
            "brief": "倒出"
        },
        "8": {
            "sn": "00776",
            "brief": "地、邦国、疆界"
        },
        "9": {
            "sn": "04845",
            "brief": "胆汁"
        },
        "5": {
            "sn": "03808",
            "brief": "不"
        },
        "3": {
            "sn": "06398",
            "brief": "穿过, 切"
        }
    },
    "17": {
        "2": {
            "sn": "03680",
            "brief": "遮盖、隐藏"
        },
        "literal": "地啊，不要遮盖我的血！不要阻挡我的哀求！",
        "0": {
            "sn": "00776",
            "brief": "地、邦国、疆界"
        },
        "1": {
            "sn": "00408",
            "brief": "不"
        },
        "3": {
            "sn": "01818",
            "brief": "血"
        },
        "4": {
            "sn": "00408",
            "brief": "不"
        },
        "5": {
            "sn": "01961",
            "brief": "是、成为、临到"
        },
        "6": {
            "sn": "04725",
            "brief": "地方"
        },
        "7": {
            "sn": "02201",
            "brief": "哀声、哭喊"
        }
    },
    "3": {
        "9": {
            "sn": "02266",
            "brief": "联合、相交谊、施魔法"
        },
        "literal": "我也能像你们那样讲论；若你们处在我的境遇，我也会联络言语攻击你们，又能向你们摇头。",
        "0": {
            "sn": "01571",
            "brief": "也"
        },
        "1": {
            "sn": "00595",
            "brief": "我"
        },
        "2": {
            "sn": "09003",
            "brief": "像"
        },
        "4": {
            "sn": "03863",
            "brief": "甚愿、如果"
        },
        "5": {
            "sn": "03426",
            "brief": "存在、有、是"
        },
        "6": {
            "sn": "05315",
            "brief": "生命、人"
        },
        "7": {
            "sn": "08478",
            "brief": "1. 名词：位置、地方；2. 介系词：在…之下；3. 介系词：代替、因为"
        },
        "8": {
            "sn": "05315",
            "brief": "生命、人"
        },
        "10": {
            "sn": "05921",
            "brief": "在…上面"
        },
        "11": {
            "sn": "04405",
            "brief": "言语"
        },
        "13": {
            "sn": "05921",
            "brief": "在…上面"
        },
        "14": {
            "sn": "01119",
            "brief": "在、用、藉着"
        },
        "15": {
            "sn": "07218",
            "brief": "头、起头、山顶、领袖"
        },
        "3": {
            "sn": "01696",
            "brief": "Pi‘el 讲、说、指挥"
        },
        "12": {
            "sn": "05128",
            "brief": "摇动"
        }
    },
    "4": {
        "literal": "但我必用口坚固你们，并且我嘴唇的颤动要消解你们的忧愁。",
        "1": {
            "sn": "01119",
            "brief": "在、用、藉着"
        },
        "2": {
            "sn": "06310",
            "brief": "口、命令、末端、沿岸、比例"
        },
        "3": {
            "sn": "05205",
            "brief": "嘴唇颤动(的动作)"
        },
        "4": {
            "sn": "08193",
            "brief": "嘴唇、边缘、言语"
        },
        "5": {
            "sn": "02820",
            "brief": "抑制、阻止"
        },
        "0": {
            "sn": "00553",
            "brief": "Qal 是强壮的、勇敢的，Pi‘el 坚立、确立"
        }
    },
    "5": {
        "2": {
            "sn": "03808",
            "brief": "不"
        },
        "literal": "如果我说话，我的忧愁仍不得消解；我停住不说，它(指：忧愁)就离开我吗？",
        "0": {
            "sn": "00518",
            "brief": "如果"
        },
        "3": {
            "sn": "02820",
            "brief": "抑制、阻止"
        },
        "4": {
            "sn": "03511",
            "brief": "伤痛、痛苦、悲伤"
        },
        "5": {
            "sn": "02308",
            "brief": "停止"
        },
        "6": {
            "sn": "04100",
            "brief": "什么"
        },
        "1": {
            "sn": "01696",
            "brief": "Pi‘el 讲、说、指挥"
        },
        "7": {
            "sn": "04480",
            "brief": "从、出、离"
        },
        "8": {
            "sn": "01980",
            "brief": "去、来"
        }
    },
    "20": {
        "0": {
            "sn": "03198",
            "brief": "断定是非、判断、证明"
        },
        "literal": "愿人可与上帝辩白，如同人子与他的朋友一样；",
        "1": {
            "sn": "01397",
            "brief": "勇士、人"
        },
        "2": {
            "sn": "05973",
            "brief": "跟"
        },
        "3": {
            "sn": "00433",
            "brief": "上帝、神、神明"
        },
        "4": {
            "sn": "01121",
            "brief": "儿子、孙子、后裔、成员"
        },
        "5": {
            "sn": "00120",
            "brief": "人"
        },
        "6": {
            "sn": "07453",
            "brief": "邻舍、朋友"
        }
    },
    "19": {
        "literal": "我的朋友是讥诮我的，我的眼却向上帝泪汪汪。",
        "1": {
            "sn": "07453",
            "brief": "邻舍、朋友"
        },
        "2": {
            "sn": "00413",
            "brief": "向、往"
        },
        "3": {
            "sn": "00433",
            "brief": "上帝、神、神明"
        },
        "4": {
            "sn": "01811",
            "brief": "滴"
        },
        "5": {
            "sn": "05869",
            "brief": "眼睛"
        },
        "0": {
            "sn": "03887",
            "brief": "轻蔑、嘲讽、傲慢"
        }
    }
}