{
    "16": {
        "3": {
            "sn": "05104",
            "brief": "河流"
        },
        "literal": "他不得再见河流，流奶油与蜜之河。",
        "0": {
            "sn": "00408",
            "brief": "不"
        },
        "2": {
            "sn": "06390",
            "brief": "溪流，分区，河"
        },
        "4": {
            "sn": "05158",
            "brief": "山谷、溪谷、河谷、河床"
        },
        "5": {
            "sn": "01706",
            "brief": "蜜"
        },
        "6": {
            "sn": "02529",
            "brief": "奶油"
        },
        "1": {
            "sn": "07200",
            "brief": "Qal 看见、看顾、察觉，Nif‘al 显现，Hif‘il 显明"
        }
    },
    "19": {
        "6": {
            "sn": "03808",
            "brief": "不"
        },
        "literal": "因不觉在他的腹中平静，他所喜悦的不能挽救。",
        "0": {
            "sn": "03588",
            "brief": "因为、不必翻译"
        },
        "3": {
            "sn": "07961",
            "brief": "平静的、繁盛的"
        },
        "4": {
            "sn": "00990",
            "brief": "子宫"
        },
        "5": {
            "sn": "02530",
            "brief": "渴望、喜欢、贪图"
        },
        "1": {
            "sn": "03808",
            "brief": "不"
        },
        "7": {
            "sn": "04422",
            "brief": "Nif‘al, Hitpa‘el 溜出、逃出、被拯救，Pi‘el, Hif‘il 生下、拯救"
        },
        "2": {
            "sn": "03045",
            "brief": "Qal 知道、认识、辨别、经历，Hif‘il 使知道、宣告"
        }
    },
    "20": {
        "5": {
            "sn": "03808",
            "brief": "不"
        },
        "6": {
            "sn": "02342",
            "brief": "I. Qal 跳舞、阵痛、扭曲，Hif‘il 使痛苦，Hof‘al 生出，Po‘lel 生产，Hitpo‘lel 切望等候；II 坚定"
        },
        "literal": "没有余下的为他的食物，所以他的福乐不能长久。",
        "0": {
            "sn": "00369",
            "brief": "不存在、没有"
        },
        "1": {
            "sn": "08300",
            "brief": "幸存者、生还者、余民"
        },
        "2": {
            "sn": "00400",
            "brief": "食物"
        },
        "3": {
            "sn": "05921",
            "brief": "在…上面"
        },
        "4": {
            "sn": "03651",
            "brief": "副词：因此、如此、这样；形容词：对、真的、公平、诚实"
        },
        "7": {
            "sn": "02898",
            "brief": "美物"
        }
    },
    "13": {
        "2": {
            "sn": "02015",
            "brief": "转变、推翻、倾覆"
        },
        "literal": "他的食物在肚里转变，在他里面成为虺蛇的恶毒。",
        "0": {
            "sn": "03899",
            "brief": "面包、食物"
        },
        "1": {
            "sn": "04578",
            "brief": "肚腹、肠子"
        },
        "3": {
            "sn": "04846",
            "brief": "苦痛，胆，毒药"
        },
        "4": {
            "sn": "06620",
            "brief": "虺蛇、蛇"
        },
        "5": {
            "sn": "07130",
            "brief": "中间"
        }
    },
    "8": {
        "literal": "亲眼见过他的，必不再见他；他的本处也再见不着他。",
        "2": {
            "sn": "03808",
            "brief": "不"
        },
        "4": {
            "sn": "03808",
            "brief": "不"
        },
        "3": {
            "sn": "03254",
            "brief": "再一次、增添"
        },
        "0": {
            "sn": "05869",
            "brief": "I. 眼睛，II. 泉水"
        },
        "1": {
            "sn": "07805",
            "brief": "看见、观看"
        },
        "6": {
            "sn": "07789",
            "brief": "看、观察"
        },
        "7": {
            "sn": "04725",
            "brief": "地方"
        },
        "5": {
            "sn": "05750",
            "brief": "再、仍然、持续"
        }
    },
    "21": {
        "literal": "他在满足有余的时候，必到狭窄的地步；凡受苦楚的人都必加手在他身上。",
        "1": {
            "sn": "05607",
            "brief": "鼓掌，嘲弄"
        },
        "2": {
            "sn": "03334",
            "brief": "狭窄、患难"
        },
        "7": {
            "sn": "00935",
            "brief": "来、进入、临到、发生"
        },
        "0": {
            "sn": "04390",
            "brief": "充满"
        },
        "3": {
            "sn": "09001",
            "brief": "给、往、向、到、归属于"
        },
        "4": {
            "sn": "03605",
            "brief": "全部、整个、各"
        },
        "5": {
            "sn": "03027",
            "brief": "手、边、力量、权势"
        },
        "6": {
            "sn": "06001",
            "brief": "劳动者、劳工"
        }
    },
    "24": {
        "literal": "他一拔，它(指：箭)就从他身上出来；发光的箭头从他胆中出来，有惊惶临在他身上。",
        "0": {
            "sn": "08025",
            "brief": "脱下、发芽"
        },
        "1": {
            "sn": "03318",
            "brief": "出去"
        },
        "2": {
            "sn": "01465",
            "brief": "背后"
        },
        "3": {
            "sn": "01300",
            "brief": "闪电"
        },
        "4": {
            "sn": "04846",
            "brief": "苦痛，胆，毒药"
        },
        "5": {
            "sn": "01980",
            "brief": "去、来"
        },
        "7": {
            "sn": "00367",
            "brief": "恐怖、惊吓"
        },
        "6": {
            "sn": "05921",
            "brief": "在…上面"
        }
    },
    "25": {
        "1": {
            "sn": "02822",
            "brief": "黑暗"
        },
        "literal": "完全的黑暗为他的财宝安置；人所不吹的火要把他烧灭，要把他帐棚中所剩下的烧毁。",
        "0": {
            "sn": "03605",
            "brief": "全部、整个、各"
        },
        "2": {
            "sn": "02934",
            "brief": "隐藏"
        },
        "3": {
            "sn": "06845",
            "brief": "躲藏、潜伏、珍藏"
        },
        "6": {
            "sn": "03808",
            "brief": "不"
        },
        "7": {
            "sn": "05301",
            "brief": "吹"
        },
        "4": {
            "sn": "00398",
            "brief": "吃、吞吃"
        },
        "5": {
            "sn": "00784",
            "brief": "火"
        },
        "8": {
            "sn": "03415",
            "brief": "战兢、颤抖"
        },
        "9": {
            "sn": "08300",
            "brief": "幸存者、生还者、余民"
        },
        "10": {
            "sn": "00168",
            "brief": "帐棚、帐蓬"
        }
    },
    "10": {
        "literal": "他的骨头充满青年之力，却要和他一同躺卧在尘土中。",
        "1": {
            "sn": "04390",
            "brief": "充满"
        },
        "2": {
            "sn": "05934",
            "brief": "年轻时期"
        },
        "3": {
            "sn": "05973",
            "brief": "跟"
        },
        "4": {
            "sn": "05921",
            "brief": "在…上面"
        },
        "5": {
            "sn": "06083",
            "brief": "土、尘土"
        },
        "6": {
            "sn": "07901",
            "brief": "躺卧、同寝"
        },
        "0": {
            "sn": "06106",
            "brief": "本体、精髓、骨头"
        }
    },
    "11": {
        "4": {
            "sn": "03582",
            "brief": "隐瞒、隐藏、剪除、灭亡"
        },
        "literal": "邪恶在他口内成为甘甜，他将它(指：邪恶)藏在舌头底下，",
        "0": {
            "sn": "00518",
            "brief": "如果"
        },
        "2": {
            "sn": "06310",
            "brief": "口、命令、末端、沿岸、比例"
        },
        "3": {
            "sn": "07451",
            "brief": "邪恶、灾难"
        },
        "5": {
            "sn": "08478",
            "brief": "1. 名词：位置、地方；2. 介系词：在…之下；3. 介系词：代替、因为"
        },
        "6": {
            "sn": "03956",
            "brief": "舌头"
        },
        "1": {
            "sn": "04985",
            "brief": "成为愉悦的"
        }
    },
    "1": {
        "2": {
            "sn": "07725",
            "brief": "Qal 回复、回转、重复，Po‘lel 带回、复兴、更新，Hif‘il 回报、报告、带回"
        },
        "literal": "…所以我的思念叫我回答。(…填入下行)因为我心中急躁，",
        "0": {
            "sn": "03651",
            "brief": "副词：因此、如此、这样；形容词：对、真的、公平、诚实"
        },
        "1": {
            "sn": "05587",
            "brief": "矛盾情结，分裂，矛盾的思想"
        },
        "3": {
            "sn": "05668",
            "brief": "为了"
        },
        "4": {
            "sn": "02363",
            "brief": "I. 急忙，II. 享乐"
        },
        "5": {
            "sn": "09002",
            "brief": "在、用、藉着、与、敌对"
        }
    },
    "6": {
        "literal": "他必永远灭亡，像他自己的粪一样；素来见他的人要说：他在哪里呢？",
        "0": {
            "sn": "01561",
            "brief": "粪便"
        },
        "1": {
            "sn": "05331",
            "brief": "持续、永存、永远、显赫"
        },
        "2": {
            "sn": "00006",
            "brief": "灭亡"
        },
        "4": {
            "sn": "00559",
            "brief": "说"
        },
        "5": {
            "sn": "00335",
            "brief": "哪里"
        },
        "3": {
            "sn": "07200",
            "brief": "Qal 看见、看顾、察觉，Nif‘al 显现，Hif‘il 显明"
        }
    },
    "12": {
        "2": {
            "sn": "03808",
            "brief": "不"
        },
        "literal": "爱恋不舍，含在口中；",
        "0": {
            "sn": "02550",
            "brief": "顾惜、怜悯"
        },
        "1": {
            "sn": "05921",
            "brief": "在…上面"
        },
        "3": {
            "sn": "05800",
            "brief": "离弃、遗弃"
        },
        "4": {
            "sn": "04513",
            "brief": "拒绝、抑制、撤退、收回、缩回"
        },
        "5": {
            "sn": "08432",
            "brief": "在中间"
        },
        "6": {
            "sn": "02441",
            "brief": "嘴、上颚、味道"
        }
    },
    "23": {
        "literal": "他要躲避铁器；铜弓要将他射透。",
        "0": {
            "sn": "01272",
            "brief": "穿越、逃跑、赶快"
        },
        "1": {
            "sn": "05402",
            "brief": "军器"
        },
        "2": {
            "sn": "01270",
            "brief": "铁"
        },
        "3": {
            "sn": "02498",
            "brief": "发芽、过去、消失"
        },
        "4": {
            "sn": "07198",
            "brief": "弓"
        },
        "5": {
            "sn": "05154",
            "brief": "铜"
        }
    },
    "0": {
        "literal": "拿玛人琐法回答，说：",
        "0": {
            "sn": "06030",
            "brief": "I. 回答、作证；II. 忙；III. 使受苦、 使低微；IV. 唱歌 (I, IV 的 SN 为 6030. II, III 的 SN 为 6031)"
        },
        "1": {
            "sn": "06691",
            "brief": "琐法"
        },
        "2": {
            "sn": "05284",
            "brief": "拿玛人"
        },
        "3": {
            "sn": "00559",
            "brief": "说"
        }
    },
    "2": {
        "2": {
            "sn": "08085",
            "brief": "Qal 听、听从，Hif‘il 说明、使…听"
        },
        "literal": "我听见那羞辱我的训诲；我的悟性叫我回答。",
        "0": {
            "sn": "04148",
            "brief": "训诲、管教、教导"
        },
        "1": {
            "sn": "03639",
            "brief": "羞愧、惭愧"
        },
        "3": {
            "sn": "07307",
            "brief": "灵、风、气息"
        },
        "4": {
            "sn": "00998",
            "brief": "了解、悟性、明哲、聪明"
        },
        "5": {
            "sn": "06030",
            "brief": "I. 回答、作证；II. 忙；III. 使受苦、 使低微；IV. 唱歌 (I, IV 的 SN 为 6030. II, III 的 SN 为 6031)"
        }
    },
    "3": {
        "1": {
            "sn": "03045",
            "brief": "Qal 知道、认识、辨别、经历，Hif‘il 使知道、宣告"
        },
        "literal": "你知道吗？从亘古以来，自从人安置在地上，",
        "0": {
            "sn": "02063",
            "brief": "这个"
        },
        "2": {
            "sn": "04480",
            "brief": "从、出、离"
        },
        "3": {
            "sn": "05703",
            "brief": "永远、继续存在"
        },
        "4": {
            "sn": "04480",
            "brief": "从、出、离"
        },
        "5": {
            "sn": "07760",
            "brief": "置、放"
        },
        "6": {
            "sn": "00120",
            "brief": "人"
        },
        "7": {
            "sn": "05921",
            "brief": "在…上面"
        },
        "8": {
            "sn": "00776",
            "brief": "地、邦国、疆界"
        }
    },
    "5": {
        "literal": "他的尊荣虽上到天，头虽顶到云中，",
        "0": {
            "sn": "00518",
            "brief": "如果"
        },
        "1": {
            "sn": "05927",
            "brief": "上去、升高、生长、献上"
        },
        "6": {
            "sn": "05060",
            "brief": "接触、触及"
        },
        "2": {
            "sn": "08064",
            "brief": "天"
        },
        "3": {
            "sn": "07863",
            "brief": "高傲 (骄傲自豪)"
        },
        "4": {
            "sn": "07218",
            "brief": "头、起头、山顶、领袖"
        },
        "5": {
            "sn": "05645",
            "brief": "黑暗、密云、丛林"
        }
    },
    "26": {
        "0": {
            "sn": "01540",
            "brief": "显露、揭开、移除、迁移"
        },
        "literal": "天要显明他的罪孽；地要兴起攻击他。",
        "1": {
            "sn": "08064",
            "brief": "天"
        },
        "2": {
            "sn": "05771",
            "brief": "罪孽"
        },
        "3": {
            "sn": "00776",
            "brief": "地、邦国、疆界"
        },
        "4": {
            "sn": "06965",
            "brief": "起来、设立、坚立"
        },
        "5": {
            "sn": "09001",
            "brief": "给、往、向、到、归属于"
        }
    },
    "7": {
        "literal": "他必飞去如梦，不得再寻见他，速被赶去，如夜间的异象。",
        "4": {
            "sn": "05074",
            "brief": "游走、离开"
        },
        "2": {
            "sn": "03808",
            "brief": "不"
        },
        "0": {
            "sn": "02472",
            "brief": "梦"
        },
        "1": {
            "sn": "05774",
            "brief": "飞"
        },
        "3": {
            "sn": "04672",
            "brief": "寻找、追上、获得、发现"
        },
        "5": {
            "sn": "02384",
            "brief": "异象"
        },
        "6": {
            "sn": "03915",
            "brief": "夜晚"
        }
    },
    "9": {
        "literal": "他的儿女要求穷人的恩；他的手要赔还他的财富。",
        "0": {
            "sn": "01121",
            "brief": "儿子、孙子、后裔、成员"
        },
        "2": {
            "sn": "01800",
            "brief": "贫穷的、卑微的、弱的"
        },
        "3": {
            "sn": "03027",
            "brief": "手、边、力量、权势"
        },
        "5": {
            "sn": "00202",
            "brief": "力量、精力、财富"
        },
        "1": {
            "sn": "07521",
            "brief": "喜悦"
        },
        "4": {
            "sn": "07725",
            "brief": "Qal 回复、回转、重复，Po‘lel 带回、复兴、更新，Hif‘il 回报、报告、带回"
        }
    },
    "14": {
        "4": {
            "sn": "03423",
            "brief": "夺取、获得、赶出、破坏、继承"
        },
        "literal": "他吞了财宝，还要将它(指：财宝)吐出；上帝要从他腹中将它(指：财宝)掏出来。",
        "0": {
            "sn": "02428",
            "brief": "军队、力量、财富、能力"
        },
        "1": {
            "sn": "01104",
            "brief": "吞吃"
        },
        "2": {
            "sn": "06958",
            "brief": "呕吐"
        },
        "3": {
            "sn": "00990",
            "brief": "子宫"
        },
        "5": {
            "sn": "00410",
            "brief": "上帝、神明、能力、力量"
        }
    },
    "4": {
        "literal": "恶人的欢呼是暂时的，不敬虔人的喜乐持续片刻。",
        "0": {
            "sn": "03588",
            "brief": "因为、不必翻译"
        },
        "1": {
            "sn": "07445",
            "brief": "欢呼"
        },
        "2": {
            "sn": "07563",
            "brief": "邪恶的"
        },
        "3": {
            "sn": "07138",
            "brief": "临近的、靠近的"
        },
        "4": {
            "sn": "08057",
            "brief": "欢喜、喜乐"
        },
        "5": {
            "sn": "02611",
            "brief": "亵渎的、不信神的、伪善的"
        },
        "6": {
            "sn": "05704",
            "brief": "直到"
        },
        "7": {
            "sn": "07281",
            "brief": "一时之间"
        }
    },
    "15": {
        "literal": "他必吸饮虺蛇的毒气；蝮蛇的舌头也必杀他。",
        "0": {
            "sn": "07219",
            "brief": "苦胆、苦菜"
        },
        "1": {
            "sn": "06620",
            "brief": "虺蛇、蛇"
        },
        "2": {
            "sn": "03243",
            "brief": "吸"
        },
        "3": {
            "sn": "02026",
            "brief": "杀"
        },
        "4": {
            "sn": "03956",
            "brief": "舌头"
        },
        "5": {
            "sn": "00660",
            "brief": "蛇"
        }
    },
    "17": {
        "literal": "劳碌得来的要赔还，他不得吞下；不能照所得的财货欢乐。",
        "1": {
            "sn": "03022",
            "brief": "赚取，获得 (劳力所得的)"
        },
        "3": {
            "sn": "01104",
            "brief": "吞吃"
        },
        "4": {
            "sn": "02428",
            "brief": "军队、力量、财富、能力"
        },
        "5": {
            "sn": "08545",
            "brief": "交换、交易"
        },
        "7": {
            "sn": "05965",
            "brief": "高兴、欣喜"
        },
        "2": {
            "sn": "03808",
            "brief": "不"
        },
        "6": {
            "sn": "03808",
            "brief": "不"
        },
        "0": {
            "sn": "07725",
            "brief": "Qal 回复、回转、重复，Po‘lel 带回、复兴、更新，Hif‘il 回报、报告、带回"
        }
    },
    "18": {
        "1": {
            "sn": "07533",
            "brief": "压碎"
        },
        "literal": "他欺压穷人，且又离弃；强取房屋不得再建造。",
        "0": {
            "sn": "03588",
            "brief": "因为、不必翻译"
        },
        "2": {
            "sn": "05800",
            "brief": "离弃、遗弃"
        },
        "3": {
            "sn": "01800",
            "brief": "贫穷的、卑微的、弱的"
        },
        "4": {
            "sn": "01004",
            "brief": "家、房子、殿"
        },
        "5": {
            "sn": "01497",
            "brief": "抢夺、抢掠"
        },
        "7": {
            "sn": "01129",
            "brief": "建造"
        },
        "6": {
            "sn": "03808",
            "brief": "不"
        }
    },
    "27": {
        "literal": "他的家产必然过去；在他(指：上帝)发怒的日子消灭。",
        "0": {
            "sn": "01540",
            "brief": "显露、揭开、移除、迁移"
        },
        "1": {
            "sn": "02981",
            "brief": "果实"
        },
        "2": {
            "sn": "01004",
            "brief": "家、房子、殿"
        },
        "3": {
            "sn": "05064",
            "brief": "流出、倒出"
        },
        "4": {
            "sn": "03117",
            "brief": "日子、时候"
        },
        "5": {
            "sn": "00639",
            "brief": "鼻子、生气"
        }
    },
    "22": {
        "3": {
            "sn": "07971",
            "brief": "差遣、释放、送走、伸出、伸展"
        },
        "1": {
            "sn": "04390",
            "brief": "充满"
        },
        "literal": "他正要充满肚腹的时候，他(指：上帝)必将猛烈的忿怒降在他身上；并要降雨在他身上到他的食物中。",
        "0": {
            "sn": "01961",
            "brief": "是、成为、临到"
        },
        "2": {
            "sn": "00990",
            "brief": "子宫，腹部"
        },
        "4": {
            "sn": "09002",
            "brief": "在、用、藉着、与、敌对"
        },
        "5": {
            "sn": "02740",
            "brief": "生气、愤怒"
        },
        "6": {
            "sn": "00639",
            "brief": "鼻子、生气"
        },
        "8": {
            "sn": "05921",
            "brief": "在…上面"
        },
        "9": {
            "sn": "03894",
            "brief": "肠"
        },
        "7": {
            "sn": "04305",
            "brief": "下雨"
        }
    },
    "28": {
        "literal": "这是恶人从上帝所得的分，是上帝为他所定的产业。",
        "0": {
            "sn": "02088",
            "brief": "这个"
        },
        "2": {
            "sn": "00120",
            "brief": "人"
        },
        "3": {
            "sn": "07563",
            "brief": "邪恶的"
        },
        "4": {
            "sn": "00430",
            "brief": "上帝、神、神明"
        },
        "5": {
            "sn": "05159",
            "brief": "产业"
        },
        "6": {
            "sn": "00561",
            "brief": "言语，命令"
        },
        "7": {
            "sn": "00410",
            "brief": "上帝、神明、能力、力量"
        },
        "8": {
            "sn": "09015",
            "brief": "开的意思"
        },
        "1": {
            "sn": "02506",
            "brief": "分、部分"
        }
    }
}