{
    "20": {
        "8": {
            "sn": "09002",
            "brief": "在、用、藉着、与、敌对"
        },
        "0": {
            "sn": "02603",
            "brief": "恩待、怜悯，Hitpa‘el 求恩"
        },
        "1": {
            "sn": "02603",
            "brief": "恩待、怜悯，Hitpa‘el 求恩"
        },
        "literal": "可怜我！可怜我！你们―我的朋友啊，因为上帝的手击打我。",
        "2": {
            "sn": "00859",
            "brief": "你"
        },
        "3": {
            "sn": "07453",
            "brief": "邻舍、朋友"
        },
        "4": {
            "sn": "03588",
            "brief": "因为、不必翻译"
        },
        "5": {
            "sn": "03027",
            "brief": "手、边、力量、权势"
        },
        "6": {
            "sn": "00433",
            "brief": "上帝、神、神明"
        },
        "7": {
            "sn": "05060",
            "brief": "接触、触及"
        }
    },
    "7": {
        "2": {
            "sn": "03808",
            "brief": "不"
        },
        "literal": "他拦住我的道路，使我不得经过；又用黑暗笼罩我的路径。",
        "0": {
            "sn": "00734",
            "brief": "路、路径"
        },
        "1": {
            "sn": "01443",
            "brief": "围起来"
        },
        "3": {
            "sn": "05674",
            "brief": "经过、穿越、涨溢、离开、拿走、违犯、废除"
        },
        "4": {
            "sn": "05921",
            "brief": "在…上面"
        },
        "5": {
            "sn": "05410",
            "brief": "路径"
        },
        "6": {
            "sn": "02822",
            "brief": "黑暗"
        },
        "7": {
            "sn": "07760",
            "brief": "置、放"
        }
    },
    "21": {
        "5": {
            "sn": "03808",
            "brief": "不"
        },
        "literal": "你们为甚么彷佛上帝逼迫我，吃我的肉还以为不足呢？",
        "0": {
            "sn": "04100",
            "brief": "什么"
        },
        "1": {
            "sn": "07291",
            "brief": "追赶"
        },
        "2": {
            "sn": "03644",
            "brief": "像"
        },
        "3": {
            "sn": "00410",
            "brief": "上帝、神明、能力、力量"
        },
        "4": {
            "sn": "01320",
            "brief": "肉、身体"
        },
        "6": {
            "sn": "07646",
            "brief": "腻、满足、饱足"
        }
    },
    "1": {
        "1": {
            "sn": "00575",
            "brief": "哪里？何时？"
        },
        "literal": "你们要使我痛苦，…到几时呢？(…填入下行)用言语压碎我",
        "3": {
            "sn": "05315",
            "brief": "生命、人"
        },
        "2": {
            "sn": "03013",
            "brief": "痛苦"
        },
        "4": {
            "sn": "01792",
            "brief": "压碎、使后悔"
        },
        "0": {
            "sn": "05704",
            "brief": "直到"
        },
        "5": {
            "sn": "04405",
            "brief": "言语"
        }
    },
    "11": {
        "2": {
            "sn": "01416",
            "brief": "一队、军队"
        },
        "3": {
            "sn": "05549",
            "brief": "修筑、举高"
        },
        "4": {
            "sn": "05921",
            "brief": "在…上面"
        },
        "5": {
            "sn": "01870",
            "brief": "道路、行为、方向、方法"
        },
        "6": {
            "sn": "02583",
            "brief": "安营、扎营"
        },
        "7": {
            "sn": "05439",
            "brief": "四围、环绕"
        },
        "8": {
            "sn": "00168",
            "brief": "帐棚、帐蓬"
        },
        "literal": "他的军旅一齐上来，修筑战路攻击我，在我帐棚的四围安营。",
        "0": {
            "sn": "03162",
            "brief": "一起"
        },
        "1": {
            "sn": "00935",
            "brief": "来、进入、临到、发生"
        }
    },
    "28": {
        "3": {
            "sn": "02719",
            "brief": "刀、刀剑"
        },
        "4": {
            "sn": "03588",
            "brief": "因为、不必翻译"
        },
        "5": {
            "sn": "02534",
            "brief": "怒气、热"
        },
        "6": {
            "sn": "05771",
            "brief": "罪孽"
        },
        "9": {
            "sn": "03045",
            "brief": "Qal 知道、认识、辨别、经历，Hif‘il 使知道、宣告"
        },
        "literal": "你们自己就当惧怕刀剑；因为忿怒(惹动)刀剑的刑罚，为要你们知道有审判。",
        "0": {
            "sn": "01481",
            "brief": "I. Qal 居住、寄居，Hitpo‘lel 聚集，II. 争论，III. 害怕"
        },
        "1": {
            "sn": "09001",
            "brief": "给、往、向、到、归属于"
        },
        "2": {
            "sn": "06440",
            "brief": "脸"
        },
        "7": {
            "sn": "02719",
            "brief": "刀、刀剑"
        },
        "8": {
            "sn": "04616",
            "brief": "为了"
        },
        "10": {
            "sn": "01779",
            "brief": "审判、诉讼、争论"
        },
        "11": {
            "sn": "09014",
            "brief": "关闭的意思"
        }
    },
    "8": {
        "5": {
            "sn": "07218",
            "brief": "头、起头、山顶、领袖"
        },
        "literal": "他剥去我的荣光，除去我头上的冠冕。",
        "0": {
            "sn": "03519",
            "brief": "荣耀"
        },
        "1": {
            "sn": "05921",
            "brief": "在…上面"
        },
        "3": {
            "sn": "05493",
            "brief": "转离、除去"
        },
        "4": {
            "sn": "05850",
            "brief": "王冠、花冠"
        },
        "2": {
            "sn": "06584",
            "brief": "劫掠、脱"
        }
    },
    "13": {
        "0": {
            "sn": "02308",
            "brief": "停止"
        },
        "1": {
            "sn": "07138",
            "brief": "临近的、靠近的"
        },
        "3": {
            "sn": "07911",
            "brief": "忘记"
        },
        "literal": "我的亲戚断绝；我的熟人都忘记我。",
        "2": {
            "sn": "03045",
            "brief": "Qal 知道、认识、辨别、经历，Hif‘il 使知道、宣告"
        }
    },
    "23": {
        "literal": "用铁笔和铅，被镌刻在磐石上，直存到永远。",
        "0": {
            "sn": "05842",
            "brief": "笔"
        },
        "1": {
            "sn": "01270",
            "brief": "铁"
        },
        "2": {
            "sn": "05777",
            "brief": "铅"
        },
        "3": {
            "sn": "05703",
            "brief": "永远、继续存在"
        },
        "5": {
            "sn": "02672",
            "brief": "凿、挖掘"
        },
        "4": {
            "sn": "06697",
            "brief": "磐石、岩石"
        }
    },
    "24": {
        "5": {
            "sn": "05921",
            "brief": "在…上面"
        },
        "6": {
            "sn": "06083",
            "brief": "土、尘土"
        },
        "7": {
            "sn": "06965",
            "brief": "起来、设立、坚立"
        },
        "literal": "我知道我的救赎主活着，末了他必站立在地上。",
        "0": {
            "sn": "00589",
            "brief": "我"
        },
        "2": {
            "sn": "01350",
            "brief": "赎回"
        },
        "3": {
            "sn": "02416",
            "brief": "生命，活着"
        },
        "4": {
            "sn": "00314",
            "brief": "末后的、后面的、西方"
        },
        "1": {
            "sn": "03045",
            "brief": "Qal 知道、认识、辨别、经历，Hif‘il 使知道、宣告"
        }
    },
    "18": {
        "literal": "我所有的密友都憎恶我；我平日所爱的人向我翻脸。",
        "1": {
            "sn": "03605",
            "brief": "全部、整个、各"
        },
        "0": {
            "sn": "08581",
            "brief": "憎恶"
        },
        "2": {
            "sn": "04962",
            "brief": "男人"
        },
        "3": {
            "sn": "05475",
            "brief": "谘商、大会"
        },
        "4": {
            "sn": "02088",
            "brief": "这个"
        },
        "5": {
            "sn": "00157",
            "brief": "爱"
        },
        "6": {
            "sn": "02015",
            "brief": "转变、推翻、倾覆"
        },
        "7": {
            "sn": "09002",
            "brief": "在、用、藉着、与、敌对"
        }
    },
    "26": {
        "0": {
            "sn": "00834",
            "brief": "不必翻译"
        },
        "5": {
            "sn": "07200",
            "brief": "Qal 看见、看顾、察觉，Nif‘al 显现，Hif‘il 显明"
        },
        "literal": "我自己要见他，我的眼要看他，并不是外人。我的心肠在我里面消灭了！",
        "1": {
            "sn": "00589",
            "brief": "我"
        },
        "2": {
            "sn": "02372",
            "brief": "看见"
        },
        "3": {
            "sn": "09001",
            "brief": "给、往、向、到、归属于"
        },
        "4": {
            "sn": "05869",
            "brief": "I. 眼睛，II. 泉水"
        },
        "8": {
            "sn": "03615",
            "brief": "Qal 完成、结束、停止，Pi‘el 完成、毁坏、根除"
        },
        "7": {
            "sn": "02114",
            "brief": "做外国人、做陌生人"
        },
        "9": {
            "sn": "03629",
            "brief": "肾脏"
        },
        "10": {
            "sn": "02436",
            "brief": "胸怀"
        },
        "6": {
            "sn": "03808",
            "brief": "不"
        }
    },
    "19": {
        "literal": "我的皮和肉紧贴骨头；我的牙皮逃脱了。",
        "0": {
            "sn": "05785",
            "brief": "皮"
        },
        "1": {
            "sn": "01320",
            "brief": "肉、身体"
        },
        "2": {
            "sn": "01692",
            "brief": "紧紧跟随、黏住"
        },
        "3": {
            "sn": "06106",
            "brief": "本体、精髓、骨头"
        },
        "5": {
            "sn": "05785",
            "brief": "皮"
        },
        "6": {
            "sn": "08127",
            "brief": "牙、象牙"
        },
        "4": {
            "sn": "04422",
            "brief": "Nif‘al, Hitpa‘el 溜出、逃出、被拯救，Pi‘el, Hif‘il 生下、拯救"
        }
    },
    "27": {
        "2": {
            "sn": "04100",
            "brief": "什么、怎么"
        },
        "literal": "你们若说：我们要怎么逼迫他呢？惹事的根被找到是在我；",
        "0": {
            "sn": "03588",
            "brief": "因为、不必翻译"
        },
        "1": {
            "sn": "00559",
            "brief": "说"
        },
        "3": {
            "sn": "07291",
            "brief": "追赶"
        },
        "4": {
            "sn": "09001",
            "brief": "给、往、向、到、归属于"
        },
        "5": {
            "sn": "08328",
            "brief": "根"
        },
        "6": {
            "sn": "01697",
            "brief": "话语、事情"
        },
        "7": {
            "sn": "04672",
            "brief": "寻找、追上、获得、发现"
        },
        "8": {
            "sn": "09002",
            "brief": "在、用、藉着、与、敌对"
        }
    },
    "6": {
        "3": {
            "sn": "03808",
            "brief": "不"
        },
        "5": {
            "sn": "07768",
            "brief": "呼喊、呼求"
        },
        "literal": "看哪，我因不公呼叫，却不蒙应允；我呼求，却没有公平。",
        "0": {
            "sn": "02005",
            "brief": "若、看哪"
        },
        "2": {
            "sn": "02555",
            "brief": "暴力、残忍、不公"
        },
        "4": {
            "sn": "06030",
            "brief": "I. 回答、作证；II. 忙；III. 使受苦、 使低微；IV. 唱歌 (I, IV 的 SN 为 6030. II, III 的 SN 为 6031)"
        },
        "6": {
            "sn": "00369",
            "brief": "不存在、没有"
        },
        "7": {
            "sn": "04941",
            "brief": "正义、公平、审判、律例、规矩"
        },
        "1": {
            "sn": "06817",
            "brief": "Qal 呼喊、哀求；Pi‘el 大声呼喊；Nif‘al 被召唤、聚集；Hif‘il 召集"
        }
    },
    "0": {
        "literal": "约伯回答，说：",
        "0": {
            "sn": "06030",
            "brief": "I. 回答、作证；II. 忙；III. 使受苦、 使低微；IV. 唱歌 (I, IV 的 SN 为 6030. II, III 的 SN 为 6031)"
        },
        "1": {
            "sn": "00347",
            "brief": "约伯"
        },
        "2": {
            "sn": "00559",
            "brief": "说"
        }
    },
    "9": {
        "literal": "他四围毁坏我，我便归于死亡，将我的指望如树拔出来。",
        "0": {
            "sn": "05422",
            "brief": "拆毁"
        },
        "1": {
            "sn": "05439",
            "brief": "四围、环绕"
        },
        "3": {
            "sn": "05265",
            "brief": "启程、离开"
        },
        "2": {
            "sn": "01980",
            "brief": "去、行走"
        },
        "4": {
            "sn": "06086",
            "brief": "木头、树"
        },
        "5": {
            "sn": "08615",
            "brief": "希望、期望"
        }
    },
    "22": {
        "8": {
            "sn": "02710",
            "brief": "铭刻、颁布"
        },
        "literal": "但愿我的言语被写上，但愿记录在书上；",
        "0": {
            "sn": "04310",
            "brief": "谁"
        },
        "1": {
            "sn": "05414",
            "brief": "使、给"
        },
        "2": {
            "sn": "00645",
            "brief": "那么"
        },
        "3": {
            "sn": "03789",
            "brief": "写、刻"
        },
        "4": {
            "sn": "04405",
            "brief": "言语"
        },
        "5": {
            "sn": "04310",
            "brief": "谁"
        },
        "6": {
            "sn": "05414",
            "brief": "使、给"
        },
        "7": {
            "sn": "05612",
            "brief": "书卷"
        }
    },
    "10": {
        "0": {
            "sn": "02734",
            "brief": "发怒、燃烧"
        },
        "literal": "他的忿怒向我发作，以我为他的敌人。",
        "1": {
            "sn": "05921",
            "brief": "在…上面"
        },
        "2": {
            "sn": "00639",
            "brief": "怒气、鼻子"
        },
        "3": {
            "sn": "02803",
            "brief": "思考、以为、打算"
        },
        "4": {
            "sn": "09001",
            "brief": "给、往、向、到、归属于"
        },
        "5": {
            "sn": "06862",
            "brief": "I. 狭窄的；II. 患难、困境；III. 敌人"
        }
    },
    "3": {
        "4": {
            "sn": "03885",
            "brief": "I. 居住、休息、过夜；II. Nif‘al 发牢骚、抱怨"
        },
        "literal": "果真我有错，我的错乃是在我。",
        "0": {
            "sn": "00637",
            "brief": "的确、也"
        },
        "1": {
            "sn": "00551",
            "brief": "果然、真的"
        },
        "2": {
            "sn": "07686",
            "brief": "摇晃、使人走偏"
        },
        "3": {
            "sn": "00854",
            "brief": "与、跟"
        },
        "5": {
            "sn": "04879",
            "brief": "失误"
        }
    },
    "2": {
        "3": {
            "sn": "03637",
            "brief": "羞辱、凌辱"
        },
        "6": {
            "sn": "01970",
            "brief": "错误处理"
        },
        "literal": "你们这十次羞辱我；你们错待我也不以为耻。",
        "0": {
            "sn": "02088",
            "brief": "这个"
        },
        "1": {
            "sn": "06235",
            "brief": "数目的「十」"
        },
        "2": {
            "sn": "06471",
            "brief": "敲击、脚步、这一次、次数"
        },
        "5": {
            "sn": "00954",
            "brief": "羞愧"
        },
        "7": {
            "sn": "09001",
            "brief": "给、往、向、到、归属于"
        },
        "4": {
            "sn": "03808",
            "brief": "不"
        }
    },
    "4": {
        "literal": "你们如果真的要向我夸大，以我的羞辱为证指责我，",
        "0": {
            "sn": "00518",
            "brief": "如果"
        },
        "1": {
            "sn": "00551",
            "brief": "果然、真的"
        },
        "2": {
            "sn": "05921",
            "brief": "在…上面"
        },
        "5": {
            "sn": "05921",
            "brief": "在…上面"
        },
        "6": {
            "sn": "02781",
            "brief": "责备、羞辱"
        },
        "3": {
            "sn": "01431",
            "brief": "养育、使变大"
        },
        "4": {
            "sn": "03198",
            "brief": "断定是非、判断、证明"
        }
    },
    "12": {
        "literal": "他使我的弟兄远离我，我所认识的全然与我生疏。",
        "0": {
            "sn": "00251",
            "brief": "兄弟"
        },
        "1": {
            "sn": "05921",
            "brief": "在…上面"
        },
        "4": {
            "sn": "00389",
            "brief": "然而、其实、当然"
        },
        "5": {
            "sn": "02114",
            "brief": "做外国人、做陌生人"
        },
        "6": {
            "sn": "04480",
            "brief": "从、出"
        },
        "2": {
            "sn": "07368",
            "brief": "远离"
        },
        "3": {
            "sn": "03045",
            "brief": "Qal 知道、认识、辨别、经历，Hif‘il 使知道、宣告"
        }
    },
    "14": {
        "0": {
            "sn": "01481",
            "brief": "I. Qal 居住、寄居，Hitpo‘lel 聚集，II. 争论，III. 害怕"
        },
        "literal": "在我家寄居的，和我的使女都以我为外人；我在他们眼中成为外邦人。",
        "1": {
            "sn": "01004",
            "brief": "家、房子、殿"
        },
        "2": {
            "sn": "00519",
            "brief": "使女、婢女"
        },
        "3": {
            "sn": "02114",
            "brief": "做外国人、做陌生人"
        },
        "4": {
            "sn": "02803",
            "brief": "思考、以为、打算"
        },
        "5": {
            "sn": "05237",
            "brief": "外邦的、外国的"
        },
        "6": {
            "sn": "01961",
            "brief": "是、成为、临到"
        },
        "7": {
            "sn": "05869",
            "brief": "I. 眼睛，II. 泉水"
        }
    },
    "15": {
        "6": {
            "sn": "02603",
            "brief": "恩待、怜悯，Hitpa‘el 求恩"
        },
        "2": {
            "sn": "03808",
            "brief": "不"
        },
        "literal": "我呼唤仆人，他不回答，虽然我用口求他。",
        "0": {
            "sn": "05650",
            "brief": "仆人、奴隶"
        },
        "1": {
            "sn": "07121",
            "brief": "喊叫、召集、称呼、求告、朗读"
        },
        "3": {
            "sn": "06030",
            "brief": "I. 回答、作证；II. 忙；III. 使受苦、 使低微；IV. 唱歌 (I, IV 的 SN 为 6030. II, III 的 SN 为 6031)"
        },
        "4": {
            "sn": "01119",
            "brief": "在、用、藉着"
        },
        "5": {
            "sn": "06310",
            "brief": "口、命令、末端、沿岸、比例"
        },
        "7": {
            "sn": "09001",
            "brief": "给、往、向、到、归属于"
        }
    },
    "17": {
        "5": {
            "sn": "01696",
            "brief": "Pi‘el 讲、说、指挥"
        },
        "2": {
            "sn": "03988",
            "brief": "I. 藐视、拒绝、厌弃、撤回；II. Nif‘al 流动"
        },
        "literal": "连小男孩们也藐视我；我起来，他们都嘲笑我。",
        "0": {
            "sn": "01571",
            "brief": "也"
        },
        "1": {
            "sn": "05759",
            "brief": "年少的雄性，男人，或男孩"
        },
        "3": {
            "sn": "09002",
            "brief": "在、用、藉着、与、敌对"
        },
        "4": {
            "sn": "06965",
            "brief": "起来、设立、坚立"
        },
        "6": {
            "sn": "09002",
            "brief": "在、用、藉着、与、敌对"
        }
    },
    "16": {
        "literal": "我的气味让我妻子厌恶；我也让我的同胞憎嫌。",
        "0": {
            "sn": "07307",
            "brief": "灵、风、气息"
        },
        "1": {
            "sn": "02114",
            "brief": "做外国人、做陌生人"
        },
        "2": {
            "sn": "00802",
            "brief": "女人、妻子"
        },
        "3": {
            "sn": "02589",
            "brief": "讨厌、憎恶"
        },
        "4": {
            "sn": "01121",
            "brief": "儿子、孙子、后裔、成员"
        },
        "5": {
            "sn": "00990",
            "brief": "子宫"
        }
    },
    "5": {
        "4": {
            "sn": "05791",
            "brief": "弯曲、屈身"
        },
        "literal": "那么你们就该知道是上帝倾覆我，他用他的网罗围绕我。",
        "1": {
            "sn": "00645",
            "brief": "那么"
        },
        "2": {
            "sn": "03588",
            "brief": "因为、不必翻译"
        },
        "3": {
            "sn": "00433",
            "brief": "上帝、神、神明"
        },
        "5": {
            "sn": "04686",
            "brief": "网罗"
        },
        "6": {
            "sn": "05921",
            "brief": "在…上面"
        },
        "7": {
            "sn": "05362",
            "brief": "I. Nif‘al 砍下，Pi‘el 击打；II. 循环、环绕、修整"
        },
        "0": {
            "sn": "03045",
            "brief": "Qal 知道、认识、辨别、经历，Hif‘il 使知道、宣告"
        }
    },
    "25": {
        "literal": "我这皮灭绝之后，我从我的肉体看见上帝。",
        "0": {
            "sn": "00310",
            "brief": "后面、跟着"
        },
        "1": {
            "sn": "05785",
            "brief": "皮"
        },
        "3": {
            "sn": "02063",
            "brief": "这个"
        },
        "4": {
            "sn": "01320",
            "brief": "肉、身体"
        },
        "5": {
            "sn": "02372",
            "brief": "看见"
        },
        "6": {
            "sn": "00433",
            "brief": "上帝、神、神明"
        },
        "2": {
            "sn": "05362",
            "brief": "I. Nif‘al 砍下，Pi‘el 击打；II. 循环、环绕、修整"
        }
    }
}