{
    "16": {
        "2": {
            "sn": "04405",
            "brief": "言语"
        },
        "3": {
            "sn": "00262",
            "brief": "陈述、申述"
        },
        "4": {
            "sn": "00241",
            "brief": "耳朵"
        },
        "0": {
            "sn": "08085",
            "brief": "Qal 听、听从，Hif‘il 说明、使…听"
        },
        "1": {
            "sn": "08085",
            "brief": "Qal 听、听从，Hif‘il 说明、使…听"
        },
        "literal": "你们要细听我的言语，使我的申述入你们耳中。"
    },
    "22": {
        "1": {
            "sn": "09001",
            "brief": "给、往、向、到、归属于"
        },
        "5": {
            "sn": "02403",
            "brief": "罪、赎罪祭、除罪、罪罚"
        },
        "0": {
            "sn": "04100",
            "brief": "什么、怎么"
        },
        "literal": "我的罪孽和罪过有多少呢？求你叫我知道我的过犯与罪愆。",
        "2": {
            "sn": "05771",
            "brief": "罪孽"
        },
        "3": {
            "sn": "02403",
            "brief": "罪、赎罪祭、除罪、罪罚"
        },
        "4": {
            "sn": "06588",
            "brief": "背叛、过犯"
        },
        "6": {
            "sn": "03045",
            "brief": "Qal 知道、认识、辨别、经历，Hif‘il 使知道、宣告"
        }
    },
    "14": {
        "2": {
            "sn": "09001",
            "brief": "给、往、向、到、归属于"
        },
        "3": {
            "sn": "03176",
            "brief": "仰望、等候"
        },
        "literal": "看哪，他必杀我，我仍仰望他，然而我在他面前还要辩明我所行的。",
        "0": {
            "sn": "02005",
            "brief": "看哪"
        },
        "1": {
            "sn": "06991",
            "brief": "杀"
        },
        "4": {
            "sn": "00389",
            "brief": "然而、其实、当然"
        },
        "5": {
            "sn": "01870",
            "brief": "道路、行为、方向、方法"
        },
        "6": {
            "sn": "00413",
            "brief": "向、往"
        },
        "7": {
            "sn": "06440",
            "brief": "脸"
        },
        "8": {
            "sn": "03198",
            "brief": "责备、判断、证明"
        }
    },
    "10": {
        "0": {
            "sn": "03808",
            "brief": "不"
        },
        "literal": "他的尊荣岂不叫你们惧怕吗？他的惊吓岂不临到你们吗？",
        "1": {
            "sn": "07613",
            "brief": "尊严、欣喜、膨胀"
        },
        "3": {
            "sn": "00853",
            "brief": "不必翻译"
        },
        "4": {
            "sn": "06343",
            "brief": "惊慌"
        },
        "5": {
            "sn": "05307",
            "brief": "跌落、跌倒、使签落在..."
        },
        "6": {
            "sn": "05921",
            "brief": "在…上面"
        },
        "2": {
            "sn": "01204",
            "brief": "威吓、恐怖、惊吓"
        }
    },
    "24": {
        "1": {
            "sn": "05086",
            "brief": "吹走、驱赶"
        },
        "literal": "你要惊动被风吹的叶子吗？要追赶枯干的碎秸吗？",
        "0": {
            "sn": "05929",
            "brief": "叶子"
        },
        "2": {
            "sn": "06206",
            "brief": "敬畏"
        },
        "3": {
            "sn": "00853",
            "brief": "不必翻译"
        },
        "4": {
            "sn": "07179",
            "brief": "碎秸、粗糠、谷壳"
        },
        "5": {
            "sn": "03002",
            "brief": "枯干的"
        },
        "6": {
            "sn": "07291",
            "brief": "在后面，跟随，追"
        }
    },
    "4": {
        "0": {
            "sn": "04310",
            "brief": "谁"
        },
        "2": {
            "sn": "02790",
            "brief": "耕种、切割、设计、沉默"
        },
        "3": {
            "sn": "02790",
            "brief": "耕种、切割、设计、沉默"
        },
        "literal": "惟愿你们全然不作声；这就算为你们的智慧！",
        "1": {
            "sn": "05414",
            "brief": "给"
        },
        "4": {
            "sn": "01961",
            "brief": "是、成为、临到"
        },
        "5": {
            "sn": "09001",
            "brief": "给、往、向、到、归属于"
        },
        "6": {
            "sn": "02451",
            "brief": "智慧"
        }
    },
    "8": {
        "literal": "他查出你们来，这岂是好的吗？就像人欺哄人，你们也要(这样)欺哄他吗？",
        "0": {
            "sn": "02896",
            "brief": "名词：良善、美好、福乐；形容词：良善的、美好的"
        },
        "1": {
            "sn": "03588",
            "brief": "因为、不必翻译"
        },
        "2": {
            "sn": "02713",
            "brief": "寻求、考查"
        },
        "3": {
            "sn": "00853",
            "brief": "不必翻译"
        },
        "4": {
            "sn": "00518",
            "brief": "如果"
        },
        "5": {
            "sn": "02048",
            "brief": "I. Pi‘el 嘲笑、欺哄；II. Hif‘il 嘲笑、欺哄"
        },
        "6": {
            "sn": "00582",
            "brief": "各人、人、男人、丈夫"
        },
        "7": {
            "sn": "02048",
            "brief": "I. Pi‘el 嘲笑、欺哄；II. Hif‘il 嘲笑、欺哄"
        },
        "8": {
            "sn": "09002",
            "brief": "在、用、藉着、与、敌对"
        }
    },
    "21": {
        "literal": "这样，你呼叫，我就回答；或是让我说话，你回答我。",
        "1": {
            "sn": "00595",
            "brief": "我"
        },
        "2": {
            "sn": "06030",
            "brief": "I. 回答、作证；II. 忙；III. 使受苦、 使低微；IV. 唱歌 (I, IV 的 SN 为 6030. II, III 的 SN 为 6031)"
        },
        "5": {
            "sn": "07725",
            "brief": "Qal 回复、回转、重复，Po‘lel 带回、复兴、更新，Hif‘il 回报、报告、带回"
        },
        "0": {
            "sn": "07121",
            "brief": "喊叫、召集、称呼、求告、朗读"
        },
        "3": {
            "sn": "00176",
            "brief": "除非、不然、或"
        },
        "4": {
            "sn": "01696",
            "brief": "Pi‘el 讲、说、指挥"
        }
    },
    "25": {
        "3": {
            "sn": "04846",
            "brief": "苦痛，胆，毒药"
        },
        "4": {
            "sn": "03423",
            "brief": "夺取、获得、赶出、破坏、继承"
        },
        "literal": "你在我身上写下苦痛的事，又使我担当幼年的罪孽；",
        "0": {
            "sn": "03588",
            "brief": "因为、不必翻译"
        },
        "1": {
            "sn": "03789",
            "brief": "写、刻"
        },
        "2": {
            "sn": "05921",
            "brief": "在…上面"
        },
        "5": {
            "sn": "05771",
            "brief": "罪孽"
        },
        "6": {
            "sn": "05271",
            "brief": "幼年、年少时"
        }
    },
    "15": {
        "literal": "这也要成为我的拯救，因为不虔诚的人不得到他面前。",
        "0": {
            "sn": "01571",
            "brief": "也"
        },
        "1": {
            "sn": "01931",
            "brief": "他"
        },
        "2": {
            "sn": "09001",
            "brief": "给、往、向、到、归属于"
        },
        "3": {
            "sn": "03444",
            "brief": "救恩"
        },
        "8": {
            "sn": "00935",
            "brief": "来、进入、临到、发生"
        },
        "5": {
            "sn": "03808",
            "brief": "不"
        },
        "4": {
            "sn": "03588",
            "brief": "因为、不必翻译"
        },
        "6": {
            "sn": "03942",
            "brief": "在前面"
        },
        "7": {
            "sn": "02611",
            "brief": "亵渎的、不信神的、伪善的"
        }
    },
    "27": {
        "4": {
            "sn": "00398",
            "brief": "吃、吞吃"
        },
        "literal": "他(指：约伯)像穿破的烂物，像虫蛀的衣裳。",
        "0": {
            "sn": "01931",
            "brief": "他、她"
        },
        "1": {
            "sn": "07538",
            "brief": "朽烂"
        },
        "2": {
            "sn": "01086",
            "brief": "穿破、变旧"
        },
        "3": {
            "sn": "00899",
            "brief": "诡诈、衣服"
        },
        "5": {
            "sn": "06211",
            "brief": "蛾、草"
        }
    },
    "12": {
        "5": {
            "sn": "05921",
            "brief": "在…上面"
        },
        "2": {
            "sn": "01696",
            "brief": "Pi‘el 讲、说、指挥"
        },
        "literal": "你们不要作声，任凭我吧！让我说话，无论什么临到我。",
        "1": {
            "sn": "04480",
            "brief": "从、出、离"
        },
        "3": {
            "sn": "00589",
            "brief": "我"
        },
        "4": {
            "sn": "05674",
            "brief": "经过、穿越、涨溢、离开、拿走、违犯、废除"
        },
        "6": {
            "sn": "04100",
            "brief": "什么"
        },
        "0": {
            "sn": "02790",
            "brief": "耕种、切割、设计、沉默"
        }
    },
    "18": {
        "6": {
            "sn": "02790",
            "brief": "耕种、切割、设计、沉默"
        },
        "literal": "有谁要与我争论吗？现在我就缄默不言，气绝而亡。",
        "0": {
            "sn": "04310",
            "brief": "谁"
        },
        "1": {
            "sn": "01931",
            "brief": "他"
        },
        "2": {
            "sn": "07378",
            "brief": "争辩、争讼"
        },
        "3": {
            "sn": "05978",
            "brief": "跟"
        },
        "4": {
            "sn": "03588",
            "brief": "因为、不必翻译"
        },
        "5": {
            "sn": "06258",
            "brief": "现在"
        },
        "7": {
            "sn": "01478",
            "brief": "断气、死亡"
        }
    },
    "5": {
        "5": {
            "sn": "07181",
            "brief": "Qal 留意，Hif‘il 留心、使之注意"
        },
        "literal": "请你们听我的辩论，请你们留心听我口中的分诉。",
        "1": {
            "sn": "04994",
            "brief": "作为鼓励语的一部份"
        },
        "2": {
            "sn": "08433",
            "brief": "争辩、责罚"
        },
        "3": {
            "sn": "07379",
            "brief": "争辩、争讼"
        },
        "4": {
            "sn": "08193",
            "brief": "嘴唇、边缘、言语"
        },
        "0": {
            "sn": "08085",
            "brief": "Qal 听、听从，Hif‘il 说明、使…听"
        }
    },
    "17": {
        "0": {
            "sn": "02009",
            "brief": "看哪"
        },
        "literal": "看哪，我已陈明我的案，知道我是义的。",
        "1": {
            "sn": "04994",
            "brief": "作为鼓励语的一部份"
        },
        "2": {
            "sn": "06186",
            "brief": "摆设、安排、预备"
        },
        "3": {
            "sn": "04941",
            "brief": "正义、公平、审判、律例、规矩"
        },
        "5": {
            "sn": "03588",
            "brief": "因为、不必翻译"
        },
        "6": {
            "sn": "00589",
            "brief": "我"
        },
        "7": {
            "sn": "06663",
            "brief": "是义的"
        },
        "4": {
            "sn": "03045",
            "brief": "Qal 知道、认识、辨别、经历，Hif‘il 使知道、宣告"
        }
    },
    "9": {
        "6": {
            "sn": "05375",
            "brief": "高举、举起、背负、承担"
        },
        "0": {
            "sn": "03198",
            "brief": "责备、判断、证明"
        },
        "1": {
            "sn": "03198",
            "brief": "责备、判断、证明"
        },
        "literal": "他必要责备你们，若你们暗中徇情。",
        "2": {
            "sn": "00853",
            "brief": "不必翻译"
        },
        "3": {
            "sn": "00518",
            "brief": "如果"
        },
        "4": {
            "sn": "05643",
            "brief": "隐密处"
        },
        "5": {
            "sn": "06440",
            "brief": "脸"
        }
    },
    "11": {
        "1": {
            "sn": "04912",
            "brief": "箴言、笑柄"
        },
        "literal": "你们以为可记念的是炉灰的箴言；淤泥的坚垒是你们的坚垒。",
        "0": {
            "sn": "02146",
            "brief": "纪念 (memorial, reminder)"
        },
        "2": {
            "sn": "00665",
            "brief": "灰尘"
        },
        "3": {
            "sn": "01354",
            "brief": "轮圈、背后、眉毛、浮雕"
        },
        "4": {
            "sn": "02563",
            "brief": "1.陶土、黏土、泥土；2.度量衡单位，约等于六十加仑(300公升)。"
        },
        "5": {
            "sn": "01354",
            "brief": "轮圈、背后、眉毛、浮雕"
        }
    },
    "0": {
        "2": {
            "sn": "07200",
            "brief": "Qal 看见、看顾、察觉，Nif‘al 显现，Hif‘il 显明"
        },
        "4": {
            "sn": "08085",
            "brief": "Qal 听、听从，Hif‘il 说明、使…听"
        },
        "literal": "看哪，这一切，我眼都见过；我耳都听过，而且明白。",
        "0": {
            "sn": "02005",
            "brief": "看哪"
        },
        "1": {
            "sn": "03605",
            "brief": "全部、整个、各"
        },
        "3": {
            "sn": "05869",
            "brief": "I. 眼睛，II. 泉水"
        },
        "5": {
            "sn": "00241",
            "brief": "耳朵"
        },
        "6": {
            "sn": "00995",
            "brief": "聪明、明辨"
        },
        "7": {
            "sn": "09001",
            "brief": "给、往、向、到、归属于"
        }
    },
    "1": {
        "literal": "如同你们所知道的，我也知道，我并非不及你们。",
        "0": {
            "sn": "01847",
            "brief": "知识"
        },
        "2": {
            "sn": "01571",
            "brief": "也"
        },
        "3": {
            "sn": "00589",
            "brief": "我"
        },
        "5": {
            "sn": "05307",
            "brief": "跌落、跌倒、使签落在..."
        },
        "6": {
            "sn": "00595",
            "brief": "我"
        },
        "7": {
            "sn": "04480",
            "brief": "从、出、离"
        },
        "4": {
            "sn": "03808",
            "brief": "不"
        },
        "1": {
            "sn": "03045",
            "brief": "Qal 知道、认识、辨别、经历，Hif‘il 使知道、宣告"
        }
    },
    "3": {
        "literal": "但你们是编造谎言的，都是无用的医生。",
        "0": {
            "sn": "00199",
            "brief": "但是"
        },
        "1": {
            "sn": "00859",
            "brief": "你、你们"
        },
        "2": {
            "sn": "02950",
            "brief": "毁谤、黏住"
        },
        "3": {
            "sn": "08267",
            "brief": "虚假"
        },
        "4": {
            "sn": "07495",
            "brief": "医治"
        },
        "5": {
            "sn": "00457",
            "brief": "虚无、偶像"
        },
        "6": {
            "sn": "03605",
            "brief": "全部、整个、各"
        }
    },
    "13": {
        "literal": "我何必把我的肉挂在我的牙齿上，将我的命放在我的手掌中。",
        "0": {
            "sn": "05921",
            "brief": "在…上面"
        },
        "1": {
            "sn": "04100",
            "brief": "什么"
        },
        "2": {
            "sn": "05375",
            "brief": "高举、举起、背负、承担"
        },
        "3": {
            "sn": "01320",
            "brief": "肉、身体"
        },
        "4": {
            "sn": "08127",
            "brief": "牙、象牙"
        },
        "5": {
            "sn": "05315",
            "brief": "生命、人"
        },
        "6": {
            "sn": "07760",
            "brief": "放、置"
        },
        "7": {
            "sn": "03709",
            "brief": "手掌、脚掌、脚底"
        }
    },
    "19": {
        "literal": "然而有两件你不要向我施行，那时我就不从你的面隐藏自己：",
        "0": {
            "sn": "00389",
            "brief": "然而、其实、当然"
        },
        "1": {
            "sn": "08147",
            "brief": "数目的「二」"
        },
        "2": {
            "sn": "00408",
            "brief": "不"
        },
        "3": {
            "sn": "06213",
            "brief": "做"
        },
        "4": {
            "sn": "05978",
            "brief": "跟"
        },
        "5": {
            "sn": "00227",
            "brief": "那时"
        },
        "6": {
            "sn": "06440",
            "brief": "脸"
        },
        "7": {
            "sn": "03808",
            "brief": "不"
        },
        "8": {
            "sn": "05641",
            "brief": "Nif‘al 隐藏、躲藏"
        }
    },
    "26": {
        "9": {
            "sn": "02707",
            "brief": "切割、雕刻"
        },
        "literal": "你也把我的脚上了木狗，并窥察我一切的道路，为我的脚掌划定界限。",
        "0": {
            "sn": "07760",
            "brief": "置、放"
        },
        "1": {
            "sn": "05465",
            "brief": "(足)枷"
        },
        "2": {
            "sn": "07272",
            "brief": "脚"
        },
        "3": {
            "sn": "08104",
            "brief": "谨守、小心"
        },
        "4": {
            "sn": "03605",
            "brief": "全部、整个、各"
        },
        "5": {
            "sn": "00734",
            "brief": "路、路径"
        },
        "6": {
            "sn": "05921",
            "brief": "在…上面"
        },
        "7": {
            "sn": "08328",
            "brief": "根"
        },
        "8": {
            "sn": "07272",
            "brief": "脚"
        }
    },
    "20": {
        "5": {
            "sn": "01204",
            "brief": "威吓、恐怖、惊吓"
        },
        "2": {
            "sn": "07368",
            "brief": "远离"
        },
        "literal": "你的手从我身上远离；又不使你的惊惶威吓我。",
        "0": {
            "sn": "03709",
            "brief": "手掌、脚掌、脚底"
        },
        "1": {
            "sn": "05921",
            "brief": "在…上面"
        },
        "3": {
            "sn": "00367",
            "brief": "恐怖、惊吓"
        },
        "4": {
            "sn": "00408",
            "brief": "不"
        }
    },
    "23": {
        "literal": "你为何掩面、拿我当你的仇敌呢？",
        "0": {
            "sn": "04100",
            "brief": "什么、怎么"
        },
        "1": {
            "sn": "06440",
            "brief": "面、脸面"
        },
        "3": {
            "sn": "02803",
            "brief": "思考、计划、数算"
        },
        "4": {
            "sn": "00341",
            "brief": "敌人、对头"
        },
        "5": {
            "sn": "09001",
            "brief": "给、往、向、到、归属于"
        },
        "2": {
            "sn": "05641",
            "brief": "Nif‘al 隐藏、躲藏"
        }
    },
    "7": {
        "literal": "你们要高举他的脸吗？要为上帝争论吗？",
        "0": {
            "sn": "06440",
            "brief": "脸"
        },
        "1": {
            "sn": "05375",
            "brief": "高举、举起、背负、承担"
        },
        "2": {
            "sn": "00518",
            "brief": "如果"
        },
        "3": {
            "sn": "00410",
            "brief": "上帝、神明、能力、力量"
        },
        "4": {
            "sn": "07378",
            "brief": "争辩、争讼"
        }
    },
    "6": {
        "literal": "你们要为上帝说不义的话吗？为他说诡诈的言语吗？",
        "0": {
            "sn": "00410",
            "brief": "上帝、神明、能力、力量"
        },
        "2": {
            "sn": "05766",
            "brief": "不公义"
        },
        "3": {
            "sn": "09001",
            "brief": "给、往、向、到、归属于"
        },
        "5": {
            "sn": "07423",
            "brief": "诡诈、欺骗、松弛"
        },
        "1": {
            "sn": "01696",
            "brief": "Pi‘el 讲、说、指挥"
        },
        "4": {
            "sn": "01696",
            "brief": "Pi‘el 讲、说、指挥"
        }
    },
    "2": {
        "literal": "但我要对全能者说话；我愿与上帝理论。",
        "0": {
            "sn": "00199",
            "brief": "但是"
        },
        "1": {
            "sn": "00589",
            "brief": "我"
        },
        "2": {
            "sn": "00413",
            "brief": "对、向、往"
        },
        "3": {
            "sn": "07706",
            "brief": "全能者"
        },
        "6": {
            "sn": "00413",
            "brief": "对、向、往"
        },
        "7": {
            "sn": "00410",
            "brief": "上帝、神明、能力、力量"
        },
        "8": {
            "sn": "02654",
            "brief": "喜悦、喜欢"
        },
        "4": {
            "sn": "01696",
            "brief": "Pi‘el 讲、说、指挥"
        },
        "5": {
            "sn": "03198",
            "brief": "责备、判断、证明"
        }
    }
}