{
    "24": {
        "0": {
            "sn": "00977",
            "brief": "选择、拣选、挑选"
        },
        "literal": "我为他们选择道路，又坐首位；我如君王在军队中居住，又如安慰伤心人的。",
        "1": {
            "sn": "01870",
            "brief": "道路、行为、方向、方法"
        },
        "2": {
            "sn": "03427",
            "brief": "居住、坐、停留"
        },
        "3": {
            "sn": "07218",
            "brief": "头、起头、山顶、领袖"
        },
        "4": {
            "sn": "07931",
            "brief": "居住"
        },
        "5": {
            "sn": "04428",
            "brief": "君王"
        },
        "6": {
            "sn": "01416",
            "brief": "一队、军队"
        },
        "7": {
            "sn": "00834",
            "brief": "不必翻译"
        },
        "8": {
            "sn": "00057",
            "brief": "悲伤、哀悼"
        },
        "9": {
            "sn": "05162",
            "brief": "Qal 安慰、怜恤，Piel 安慰"
        }
    },
    "20": {
        "0": {
            "sn": "09001",
            "brief": "给、往、向、到、归属于"
        },
        "2": {
            "sn": "03176",
            "brief": "仰望、等候"
        },
        "literal": "人听见我而仰望，静默等候我的指教。",
        "3": {
            "sn": "01826",
            "brief": "静默"
        },
        "4": {
            "sn": "03926",
            "brief": "为、给、往、向、到、归属于"
        },
        "5": {
            "sn": "06098",
            "brief": "筹算、谘商、劝告"
        },
        "1": {
            "sn": "08085",
            "brief": "Qal 听、听从，Hif‘il 说明、使…听"
        }
    },
    "22": {
        "2": {
            "sn": "09001",
            "brief": "给、往、向、到、归属于"
        },
        "literal": "他们仰望我如仰望雨，又张开口如切慕春雨。",
        "1": {
            "sn": "04306",
            "brief": "雨"
        },
        "3": {
            "sn": "06310",
            "brief": "口、命令、末端、沿岸、比例"
        },
        "4": {
            "sn": "06473",
            "brief": "大大张开、张口结舌"
        },
        "5": {
            "sn": "04456",
            "brief": "春雨、后雨"
        },
        "0": {
            "sn": "03176",
            "brief": "仰望、等候"
        }
    },
    "23": {
        "6": {
            "sn": "03808",
            "brief": "不"
        },
        "3": {
            "sn": "00539",
            "brief": "Qal 坚定、支持，Nif‘al 确立、忠心、可靠的，Hif‘il 相信、确信"
        },
        "literal": "他们不敢自信，我就向他们含笑；他们不使我脸上的光改变。",
        "1": {
            "sn": "00413",
            "brief": "向、往"
        },
        "4": {
            "sn": "00216",
            "brief": "光"
        },
        "5": {
            "sn": "06440",
            "brief": "脸"
        },
        "2": {
            "sn": "03808",
            "brief": "不"
        },
        "0": {
            "sn": "07832",
            "brief": "笑、戏笑，Pi‘el 戏笑、弹奏"
        },
        "7": {
            "sn": "05307",
            "brief": "跌落、跌倒、使签落在..."
        }
    },
    "10": {
        "1": {
            "sn": "00241",
            "brief": "耳朵"
        },
        "literal": "耳朵听，就称我有福；眼睛看，便称赞我；",
        "0": {
            "sn": "03588",
            "brief": "因为、不必翻译"
        },
        "3": {
            "sn": "00833",
            "brief": "有福、引导、直走、修正"
        },
        "6": {
            "sn": "05749",
            "brief": "告诫、作见证"
        },
        "2": {
            "sn": "08085",
            "brief": "Qal 听、听从，Hif‘il 说明、使…听"
        },
        "5": {
            "sn": "07200",
            "brief": "Qal 看见、看顾、察觉，Nif‘al 显现，Hif‘il 显明"
        },
        "4": {
            "sn": "05869",
            "brief": "I. 眼睛，II. 泉水"
        }
    },
    "16": {
        "0": {
            "sn": "07665",
            "brief": "Qal 拆毁、折断、打碎，Nif‘al 遭破坏、被折断，Hif‘il 使生产"
        },
        "4": {
            "sn": "07993",
            "brief": "Hif‘il 抛弃、抛出、赶出、掷"
        },
        "literal": "我打破不义之人的牙床，从他牙齿中夺了所抢的。",
        "1": {
            "sn": "04973",
            "brief": "牙齿"
        },
        "2": {
            "sn": "05767",
            "brief": "不义的那一位"
        },
        "3": {
            "sn": "08127",
            "brief": "牙、象牙"
        },
        "5": {
            "sn": "02964",
            "brief": "食物、被捕食的动物"
        }
    },
    "4": {
        "literal": "全能者仍与我同在；我的儿女都环绕我。",
        "1": {
            "sn": "07706",
            "brief": "全能者"
        },
        "2": {
            "sn": "05978",
            "brief": "跟"
        },
        "3": {
            "sn": "05439",
            "brief": "四围、环绕"
        },
        "4": {
            "sn": "05288",
            "brief": "男孩、少年、年轻人、仆人"
        },
        "0": {
            "sn": "05750",
            "brief": "再、仍然、持续"
        }
    },
    "11": {
        "3": {
            "sn": "07768",
            "brief": "呼喊、呼求"
        },
        "literal": "因我拯救哀求的困苦人和无人帮助的孤儿。",
        "0": {
            "sn": "03588",
            "brief": "因为、不必翻译"
        },
        "2": {
            "sn": "06041",
            "brief": "谦卑的、困苦的、卑微的"
        },
        "4": {
            "sn": "03490",
            "brief": "孤儿"
        },
        "6": {
            "sn": "05826",
            "brief": "帮助"
        },
        "7": {
            "sn": "09001",
            "brief": "给、往、向、到、归属于"
        },
        "5": {
            "sn": "03808",
            "brief": "不"
        },
        "1": {
            "sn": "04422",
            "brief": "Nif‘al, Hitpa‘el 溜出、逃出、被拯救，Pi‘el, Hif‘il 生下、拯救"
        }
    },
    "19": {
        "1": {
            "sn": "02319",
            "brief": "新的"
        },
        "2": {
            "sn": "05978",
            "brief": "跟"
        },
        "literal": "我的荣耀在身上增新；我的弓在手中更新。",
        "0": {
            "sn": "03519",
            "brief": "荣耀"
        },
        "3": {
            "sn": "07198",
            "brief": "弓"
        },
        "4": {
            "sn": "03027",
            "brief": "手、边、力量、权势"
        },
        "5": {
            "sn": "02498",
            "brief": "发芽、过去、消失"
        }
    },
    "7": {
        "0": {
            "sn": "07200",
            "brief": "Qal 看见、看顾、察觉，Nif‘al 显现，Hif‘il 显明"
        },
        "5": {
            "sn": "05975",
            "brief": "Qal 站立、侍立、停留，Hif‘il 设立、使坚定"
        },
        "literal": "少年人见我而回避，老年人也起身站立；",
        "1": {
            "sn": "05288",
            "brief": "男孩、少年、年轻人、仆人"
        },
        "2": {
            "sn": "02244",
            "brief": "隐藏、撤退"
        },
        "3": {
            "sn": "03453",
            "brief": "年老的，老人，年纪大的"
        },
        "4": {
            "sn": "06965",
            "brief": "起来、设立、坚立"
        }
    },
    "8": {
        "literal": "王子都停止说话，用手捂口；",
        "0": {
            "sn": "08269",
            "brief": "领袖"
        },
        "1": {
            "sn": "06113",
            "brief": "保留、限制、关闭"
        },
        "2": {
            "sn": "04405",
            "brief": "言语"
        },
        "3": {
            "sn": "03709",
            "brief": "手掌"
        },
        "4": {
            "sn": "07760",
            "brief": "使、置、放"
        },
        "5": {
            "sn": "06310",
            "brief": "口、命令、末端、沿岸、比例"
        }
    },
    "9": {
        "literal": "首领静默无声，舌头贴住上膛。",
        "0": {
            "sn": "06963",
            "brief": "声音"
        },
        "1": {
            "sn": "05057",
            "brief": "领袖、君王"
        },
        "2": {
            "sn": "02244",
            "brief": "隐藏、撤退"
        },
        "3": {
            "sn": "03956",
            "brief": "舌头"
        },
        "4": {
            "sn": "02441",
            "brief": "嘴、上颚、味道"
        },
        "5": {
            "sn": "01692",
            "brief": "紧紧跟随、黏住"
        }
    },
    "2": {
        "literal": "他的灯照在我头上；我藉他的光行过黑暗。",
        "1": {
            "sn": "05216",
            "brief": "灯"
        },
        "2": {
            "sn": "05921",
            "brief": "在…上面"
        },
        "3": {
            "sn": "07218",
            "brief": "头、起头、山顶、领袖"
        },
        "4": {
            "sn": "00216",
            "brief": "光"
        },
        "5": {
            "sn": "01980",
            "brief": "去、来"
        },
        "6": {
            "sn": "02822",
            "brief": "黑暗"
        },
        "0": {
            "sn": "01984",
            "brief": "Qal 照亮，Pi‘el 赞美，Pu‘al 被赞美、值得赞美，Hif‘il 发光、照亮、赞美，Hitpa‘el 夸耀、行动形同疯子，Po'el 愚妄、癫狂，Po'al 猖狂，Hitpo‘lel 行为如疯子一般"
        }
    },
    "5": {
        "literal": "用奶洗我的脚；磐石为我倾倒油河。",
        "0": {
            "sn": "07364",
            "brief": "洗、沐浴"
        },
        "1": {
            "sn": "01978",
            "brief": "脚步"
        },
        "2": {
            "sn": "02529",
            "brief": "奶油"
        },
        "4": {
            "sn": "06694",
            "brief": "倾倒、溶解"
        },
        "5": {
            "sn": "05978",
            "brief": "跟"
        },
        "6": {
            "sn": "06388",
            "brief": "渠道"
        },
        "7": {
            "sn": "08081",
            "brief": "膏油"
        },
        "3": {
            "sn": "06697",
            "brief": "磐石、岩石"
        }
    },
    "0": {
        "0": {
            "sn": "03254",
            "brief": "再一次、增添"
        },
        "literal": "约伯增添他的言论，说：",
        "1": {
            "sn": "00347",
            "brief": "约伯"
        },
        "2": {
            "sn": "05375",
            "brief": "高举、举起、背负、承担"
        },
        "3": {
            "sn": "04912",
            "brief": "笑谈、箴言"
        },
        "4": {
            "sn": "00559",
            "brief": "说"
        }
    },
    "6": {
        "literal": "我出到城门，在广场设立座位；",
        "0": {
            "sn": "03318",
            "brief": "出去"
        },
        "1": {
            "sn": "08179",
            "brief": "门"
        },
        "2": {
            "sn": "05921",
            "brief": "在…上面"
        },
        "3": {
            "sn": "07176",
            "brief": "城"
        },
        "4": {
            "sn": "07339",
            "brief": "广场、宽阔处"
        },
        "6": {
            "sn": "04186",
            "brief": "住处、座位"
        },
        "5": {
            "sn": "03559",
            "brief": "Hif‘il 预备、建立、坚立"
        }
    },
    "14": {
        "literal": "我为瞎子的眼，瘸子的脚。",
        "0": {
            "sn": "05869",
            "brief": "I. 眼睛，II. 泉水"
        },
        "1": {
            "sn": "01961",
            "brief": "是、成为、临到"
        },
        "2": {
            "sn": "05787",
            "brief": "眼瞎的"
        },
        "3": {
            "sn": "07272",
            "brief": "脚"
        },
        "4": {
            "sn": "06455",
            "brief": "瘸腿的"
        },
        "5": {
            "sn": "00589",
            "brief": "我"
        }
    },
    "17": {
        "literal": "我便说：我必死在我的窝中，我必增添日子如尘沙。",
        "0": {
            "sn": "00559",
            "brief": "说"
        },
        "1": {
            "sn": "05973",
            "brief": "跟"
        },
        "2": {
            "sn": "07064",
            "brief": "鸟窝"
        },
        "3": {
            "sn": "01478",
            "brief": "断气、死亡"
        },
        "4": {
            "sn": "02344",
            "brief": "沙"
        },
        "6": {
            "sn": "03117",
            "brief": "日子、时候"
        },
        "5": {
            "sn": "07235",
            "brief": "多、变多"
        }
    },
    "12": {
        "0": {
            "sn": "01293",
            "brief": "祝福、和平之约"
        },
        "literal": "将要死亡的为我祝福；我也使寡妇的心欢乐。",
        "1": {
            "sn": "00006",
            "brief": "灭亡"
        },
        "2": {
            "sn": "05921",
            "brief": "在…上面"
        },
        "3": {
            "sn": "00935",
            "brief": "来、进入、临到、发生"
        },
        "4": {
            "sn": "03820",
            "brief": "心"
        },
        "5": {
            "sn": "00490",
            "brief": "寡妇"
        },
        "6": {
            "sn": "07442",
            "brief": "欢呼、呼喊、歌唱"
        }
    },
    "13": {
        "literal": "我穿上公义为衣服，以公平为外袍和冠冕。",
        "0": {
            "sn": "06664",
            "brief": "公义"
        },
        "1": {
            "sn": "03847",
            "brief": "穿"
        },
        "2": {
            "sn": "03847",
            "brief": "穿"
        },
        "3": {
            "sn": "04598",
            "brief": "外袍"
        },
        "4": {
            "sn": "06797",
            "brief": "头巾、头饰"
        },
        "5": {
            "sn": "04941",
            "brief": "正义、公平、审判、律例、规矩"
        }
    },
    "15": {
        "literal": "我为穷乏人的父；素不认识的人的案件，我查明它。",
        "0": {
            "sn": "00001",
            "brief": "父亲、祖先"
        },
        "1": {
            "sn": "00595",
            "brief": "我"
        },
        "2": {
            "sn": "00034",
            "brief": "贫乏的、贫穷的"
        },
        "3": {
            "sn": "07379",
            "brief": "案件、争辩、争讼"
        },
        "6": {
            "sn": "02713",
            "brief": "寻求、考查"
        },
        "4": {
            "sn": "03808",
            "brief": "不"
        },
        "5": {
            "sn": "03045",
            "brief": "Qal 知道、认识、辨别、经历，Hif‘il 使知道、宣告"
        }
    },
    "18": {
        "5": {
            "sn": "03885",
            "brief": "I. 居住、休息、过夜；II. Nif‘al 发牢骚、抱怨"
        },
        "literal": "我的根长到水边；露水终夜沾在我的枝上。",
        "0": {
            "sn": "08328",
            "brief": "根"
        },
        "1": {
            "sn": "06605",
            "brief": "打开、松开、雕刻"
        },
        "2": {
            "sn": "00413",
            "brief": "向、往"
        },
        "3": {
            "sn": "04325",
            "brief": "水"
        },
        "4": {
            "sn": "02919",
            "brief": "露水"
        },
        "6": {
            "sn": "07105",
            "brief": "庄稼、树枝、收割"
        }
    },
    "21": {
        "literal": "我说话之后，他们就不再说；我的言语滴在他们身上。",
        "0": {
            "sn": "00310",
            "brief": "后面、跟着"
        },
        "1": {
            "sn": "01697",
            "brief": "话语、事情"
        },
        "3": {
            "sn": "08138",
            "brief": "改变、重复"
        },
        "4": {
            "sn": "05921",
            "brief": "在…上面"
        },
        "5": {
            "sn": "05197",
            "brief": "滴"
        },
        "6": {
            "sn": "04405",
            "brief": "言语"
        },
        "2": {
            "sn": "03808",
            "brief": "不"
        }
    },
    "3": {
        "literal": "当我在壮年的时候：在我帐棚中，上帝待我有密友之情；",
        "0": {
            "sn": "00834",
            "brief": "不必翻译"
        },
        "1": {
            "sn": "01961",
            "brief": "是、成为、临到"
        },
        "2": {
            "sn": "03117",
            "brief": "日子、时候"
        },
        "3": {
            "sn": "02779",
            "brief": "秋天、冬天"
        },
        "4": {
            "sn": "05475",
            "brief": "谘商、大会"
        },
        "5": {
            "sn": "00433",
            "brief": "上帝、神、神明"
        },
        "6": {
            "sn": "05921",
            "brief": "在…上面"
        },
        "7": {
            "sn": "00168",
            "brief": "帐棚、帐蓬"
        }
    },
    "1": {
        "literal": "惟愿我的景况如从前的月份，如上帝保守我的日子。",
        "0": {
            "sn": "04310",
            "brief": "谁"
        },
        "1": {
            "sn": "05414",
            "brief": "使、给"
        },
        "2": {
            "sn": "03391",
            "brief": "月亮，月份"
        },
        "3": {
            "sn": "06924",
            "brief": "东方、古老、前方"
        },
        "4": {
            "sn": "03117",
            "brief": "日子、时候"
        },
        "5": {
            "sn": "00433",
            "brief": "上帝、神、神明"
        },
        "6": {
            "sn": "08104",
            "brief": "谨守、小心"
        }
    }
}