{
    "7": {
        "4": {
            "sn": "03808",
            "brief": "不"
        },
        "1": {
            "sn": "01869",
            "brief": "踩踏、行进、引导、弯曲"
        },
        "literal": "狂傲的野兽未曾行过；狮子也未曾经过。",
        "0": {
            "sn": "03808",
            "brief": "不"
        },
        "5": {
            "sn": "05710",
            "brief": "Qal 前进；Hif‘il 移动、搬开"
        },
        "2": {
            "sn": "01121",
            "brief": "儿子、孙子、后裔、成员"
        },
        "3": {
            "sn": "07830",
            "brief": "尊严，自傲"
        },
        "6": {
            "sn": "05921",
            "brief": "在…上面"
        },
        "7": {
            "sn": "07826",
            "brief": "狮子"
        }
    },
    "13": {
        "2": {
            "sn": "03808",
            "brief": "不"
        },
        "3": {
            "sn": "09002",
            "brief": "在、用、藉着、与、敌对"
        },
        "4": {
            "sn": "01931",
            "brief": "他"
        },
        "5": {
            "sn": "03220",
            "brief": "海"
        },
        "6": {
            "sn": "00559",
            "brief": "说"
        },
        "7": {
            "sn": "00369",
            "brief": "不存在、没有"
        },
        "8": {
            "sn": "05978",
            "brief": "跟"
        },
        "literal": "深渊说：不在我内；沧海说：不在我中。",
        "0": {
            "sn": "08415",
            "brief": "深渊、大洋、海、地下水的深处"
        },
        "1": {
            "sn": "00559",
            "brief": "说"
        }
    },
    "16": {
        "0": {
            "sn": "03808",
            "brief": "不"
        },
        "literal": "黄金和玻璃不足与比较；精金的器皿不足与兑换。",
        "1": {
            "sn": "06186",
            "brief": "摆设、安排、预备"
        },
        "2": {
            "sn": "02091",
            "brief": "金"
        },
        "3": {
            "sn": "02137",
            "brief": "玻璃，水晶"
        },
        "4": {
            "sn": "08545",
            "brief": "交换、交易"
        },
        "5": {
            "sn": "03627",
            "brief": "器皿、器械、器具"
        },
        "6": {
            "sn": "06337",
            "brief": "精炼的金子"
        }
    },
    "18": {
        "0": {
            "sn": "03808",
            "brief": "不"
        },
        "1": {
            "sn": "06186",
            "brief": "摆设、安排、预备"
        },
        "2": {
            "sn": "06357",
            "brief": "黄玉"
        },
        "3": {
            "sn": "03568",
            "brief": "古实"
        },
        "4": {
            "sn": "03800",
            "brief": "纯金"
        },
        "5": {
            "sn": "02889",
            "brief": "纯正的、洁净的"
        },
        "6": {
            "sn": "03808",
            "brief": "不"
        },
        "7": {
            "sn": "05541",
            "brief": "Qal 看轻，Pi‘el 拒绝，Pual 被称重量"
        },
        "literal": "古实的红璧玺不足与比较；精金也不足与较量。",
        "8": {
            "sn": "09015",
            "brief": "开的意思"
        }
    },
    "6": {
        "1": {
            "sn": "03808",
            "brief": "不"
        },
        "4": {
            "sn": "03808",
            "brief": "不"
        },
        "literal": "鸷鸟不知道路径；鹰眼也未见过。",
        "0": {
            "sn": "05410",
            "brief": "路径"
        },
        "3": {
            "sn": "05861",
            "brief": "鸷鸟、俯冲、猛扑"
        },
        "2": {
            "sn": "03045",
            "brief": "Qal 知道、认识、辨别、经历，Hif‘il 使知道、宣告"
        },
        "5": {
            "sn": "07805",
            "brief": "看见、观看"
        },
        "6": {
            "sn": "05869",
            "brief": "I. 眼睛，II. 泉水"
        },
        "7": {
            "sn": "00344",
            "brief": "鹰隼，猎鹰，鸢"
        }
    },
    "15": {
        "3": {
            "sn": "00211",
            "brief": "俄斐"
        },
        "4": {
            "sn": "07718",
            "brief": "彩纹玛瑙"
        },
        "5": {
            "sn": "03368",
            "brief": "宝贵的、有价值的"
        },
        "6": {
            "sn": "05601",
            "brief": "蓝宝石"
        },
        "0": {
            "sn": "03808",
            "brief": "不"
        },
        "literal": "俄斐金，…，不足与较量；(…填入下行)贵重的红玛瑙，和蓝宝石",
        "2": {
            "sn": "03800",
            "brief": "纯金"
        },
        "1": {
            "sn": "05541",
            "brief": "Qal 看轻，Pi‘el 拒绝，Pual 被称重量"
        }
    },
    "17": {
        "literal": "珊瑚、水晶都不足被记念；智慧的价值胜过珍珠（或译：红宝石）。",
        "0": {
            "sn": "07215",
            "brief": "珊瑚"
        },
        "1": {
            "sn": "01378",
            "brief": "结晶体"
        },
        "2": {
            "sn": "03808",
            "brief": "不"
        },
        "3": {
            "sn": "02142",
            "brief": "提说、纪念、回想"
        },
        "4": {
            "sn": "04901",
            "brief": "拖拉、(种子) 撒下的痕迹"
        },
        "5": {
            "sn": "02451",
            "brief": "智慧"
        },
        "6": {
            "sn": "06443",
            "brief": "宝石，可能是珍珠、红宝石或珊瑚"
        }
    },
    "24": {
        "0": {
            "sn": "06213",
            "brief": "做"
        },
        "4": {
            "sn": "08505",
            "brief": "估计、衡量"
        },
        "literal": "要为风定轻重，又用度量量诸水；",
        "1": {
            "sn": "07307",
            "brief": "灵、气、风"
        },
        "2": {
            "sn": "04948",
            "brief": "重量"
        },
        "3": {
            "sn": "04325",
            "brief": "水"
        },
        "5": {
            "sn": "04060",
            "brief": "身量、大小"
        }
    },
    "23": {
        "literal": "因他鉴察直到地极，遍观普天之下，",
        "0": {
            "sn": "03588",
            "brief": "因为、不必翻译"
        },
        "1": {
            "sn": "01931",
            "brief": "他"
        },
        "7": {
            "sn": "08064",
            "brief": "天空"
        },
        "8": {
            "sn": "07200",
            "brief": "Qal 看见、看顾、察觉，Nif‘al 显现，Hif‘il 显明"
        },
        "2": {
            "sn": "07098",
            "brief": "尽头、末端"
        },
        "3": {
            "sn": "00776",
            "brief": "地、邦国、疆界"
        },
        "5": {
            "sn": "08478",
            "brief": "1. 名词：位置、地方；2. 介系词：在…之下；3. 介系词：代替、因为"
        },
        "6": {
            "sn": "03605",
            "brief": "全部、整个、各"
        },
        "4": {
            "sn": "05027",
            "brief": "仰望、注重、看"
        }
    },
    "10": {
        "4": {
            "sn": "03318",
            "brief": "出去"
        },
        "literal": "他封闭水不得滴流，使隐藏的物显露出来。",
        "0": {
            "sn": "01065",
            "brief": "哭泣"
        },
        "1": {
            "sn": "05104",
            "brief": "河流"
        },
        "3": {
            "sn": "08587",
            "brief": "隐藏的事"
        },
        "5": {
            "sn": "00216",
            "brief": "光"
        },
        "6": {
            "sn": "09015",
            "brief": "开的意思"
        },
        "2": {
            "sn": "02280",
            "brief": "绑、包扎"
        }
    },
    "9": {
        "5": {
            "sn": "07200",
            "brief": "Qal 看见、看顾、察觉，Nif‘al 显现，Hif‘il 显明"
        },
        "literal": "在磐石中凿出水道，他的眼看见所有宝物。",
        "1": {
            "sn": "02975",
            "brief": "尼罗河、河流"
        },
        "3": {
            "sn": "03605",
            "brief": "全部、整个、各"
        },
        "4": {
            "sn": "03366",
            "brief": "价值"
        },
        "2": {
            "sn": "01234",
            "brief": "裂开、打通"
        },
        "6": {
            "sn": "05869",
            "brief": "I. 眼睛，II. 泉水"
        },
        "0": {
            "sn": "06697",
            "brief": "磐石、岩石"
        }
    },
    "5": {
        "literal": "它(指：地)的石头有蓝宝石的地方，并有金沙。",
        "0": {
            "sn": "04725",
            "brief": "地方"
        },
        "1": {
            "sn": "05601",
            "brief": "蓝宝石"
        },
        "2": {
            "sn": "00068",
            "brief": "石头、法码、宝石"
        },
        "3": {
            "sn": "06083",
            "brief": "土、尘土"
        },
        "4": {
            "sn": "02091",
            "brief": "金"
        },
        "5": {
            "sn": "09001",
            "brief": "给、往、向、到、归属于"
        }
    },
    "8": {
        "3": {
            "sn": "02015",
            "brief": "转变、推翻、倾覆"
        },
        "4": {
            "sn": "08328",
            "brief": "根"
        },
        "5": {
            "sn": "02022",
            "brief": "山"
        },
        "literal": "人伸手在坚石，从根倾倒山，",
        "0": {
            "sn": "02496",
            "brief": "火石、磐石"
        },
        "1": {
            "sn": "07971",
            "brief": "差遣、释放、送走、伸出、伸展"
        },
        "2": {
            "sn": "03027",
            "brief": "手、边、力量、权势"
        }
    },
    "3": {
        "literal": "在无人居住之处刨开矿穴，被(人的)脚遗忘；又与人远离，摇来摇去。",
        "0": {
            "sn": "06555",
            "brief": "破坏"
        },
        "1": {
            "sn": "05158",
            "brief": "山谷、溪谷、河谷、河床"
        },
        "2": {
            "sn": "05973",
            "brief": "跟"
        },
        "3": {
            "sn": "01481",
            "brief": "I. Qal 居住、寄居，Hitpo‘lel 聚集，II. 争论，III. 害怕"
        },
        "4": {
            "sn": "07911",
            "brief": "忘记"
        },
        "5": {
            "sn": "04480",
            "brief": "从、出"
        },
        "9": {
            "sn": "05128",
            "brief": "摇动"
        },
        "6": {
            "sn": "07272",
            "brief": "脚"
        },
        "7": {
            "sn": "01809",
            "brief": "使低下、困倦、吊"
        },
        "8": {
            "sn": "00582",
            "brief": "人"
        }
    },
    "20": {
        "6": {
            "sn": "05641",
            "brief": "Nif‘al 隐藏、躲藏"
        },
        "literal": "是向一切有生命的眼目隐藏，向空中的飞鸟掩蔽。",
        "0": {
            "sn": "05956",
            "brief": "隐藏"
        },
        "1": {
            "sn": "05869",
            "brief": "I. 眼睛，II. 泉水"
        },
        "2": {
            "sn": "03605",
            "brief": "全部、整个、各"
        },
        "3": {
            "sn": "02416",
            "brief": "生命，活着"
        },
        "4": {
            "sn": "05775",
            "brief": "鸟"
        },
        "5": {
            "sn": "08064",
            "brief": "天"
        }
    },
    "19": {
        "4": {
            "sn": "02088",
            "brief": "这个"
        },
        "5": {
            "sn": "04725",
            "brief": "地方"
        },
        "literal": "智慧从何处来呢？聪明之处在哪里呢？",
        "0": {
            "sn": "02451",
            "brief": "智慧"
        },
        "1": {
            "sn": "00370",
            "brief": "哪里"
        },
        "2": {
            "sn": "00935",
            "brief": "来、进入、临到、发生"
        },
        "3": {
            "sn": "00335",
            "brief": "哪里"
        },
        "6": {
            "sn": "00998",
            "brief": "了解、悟性、明哲、聪明"
        }
    },
    "14": {
        "literal": "它(指：智慧)非用黄金可得，白银也不能被秤为它的价值。",
        "0": {
            "sn": "03808",
            "brief": "不"
        },
        "1": {
            "sn": "05414",
            "brief": "使、给"
        },
        "2": {
            "sn": "05458",
            "brief": "围绕，装箱，发现财富"
        },
        "3": {
            "sn": "08478",
            "brief": "1. 名词：位置、地方；2. 介系词：在…之下；3. 介系词：代替、因为"
        },
        "4": {
            "sn": "03808",
            "brief": "不"
        },
        "5": {
            "sn": "08254",
            "brief": "称"
        },
        "6": {
            "sn": "03701",
            "brief": "银子、钱"
        },
        "7": {
            "sn": "04242",
            "brief": "雇价"
        }
    },
    "11": {
        "literal": "然而，智慧从何处被寻得？聪明之处在哪里呢？",
        "0": {
            "sn": "02451",
            "brief": "智慧"
        },
        "1": {
            "sn": "00370",
            "brief": "哪里"
        },
        "2": {
            "sn": "04672",
            "brief": "寻找、追上、获得、发现"
        },
        "3": {
            "sn": "00335",
            "brief": "哪里"
        },
        "4": {
            "sn": "02088",
            "brief": "这个"
        },
        "5": {
            "sn": "04725",
            "brief": "地方"
        },
        "6": {
            "sn": "00998",
            "brief": "了解、悟性、明哲、聪明"
        }
    },
    "21": {
        "literal": "灭没和死亡说：我们藉耳朵风闻其名。",
        "0": {
            "sn": "00011",
            "brief": "毁灭之地、亚巴顿、地狱"
        },
        "1": {
            "sn": "04194",
            "brief": "死亡"
        },
        "2": {
            "sn": "00559",
            "brief": "说"
        },
        "3": {
            "sn": "00241",
            "brief": "耳朵"
        },
        "5": {
            "sn": "08088",
            "brief": "风声、报告"
        },
        "4": {
            "sn": "08085",
            "brief": "Qal 听、听从，Hif‘il 说明、使…听"
        }
    },
    "0": {
        "literal": "银子有矿；炼金有地方。",
        "0": {
            "sn": "03588",
            "brief": "因为、不必翻译"
        },
        "1": {
            "sn": "03426",
            "brief": "存在、有、是"
        },
        "2": {
            "sn": "03701",
            "brief": "银子、钱"
        },
        "3": {
            "sn": "04161",
            "brief": "出、泉源"
        },
        "4": {
            "sn": "04725",
            "brief": "地方"
        },
        "5": {
            "sn": "02091",
            "brief": "金"
        },
        "6": {
            "sn": "02212",
            "brief": "洁净"
        }
    },
    "1": {
        "2": {
            "sn": "03947",
            "brief": "取、娶、拿"
        },
        "literal": "铁从土里被挖出；铜从石中熔化。",
        "0": {
            "sn": "01270",
            "brief": "铁"
        },
        "1": {
            "sn": "06083",
            "brief": "土、尘土"
        },
        "3": {
            "sn": "00068",
            "brief": "石头、法码、宝石"
        },
        "4": {
            "sn": "06694",
            "brief": "倾倒、溶解"
        },
        "5": {
            "sn": "05154",
            "brief": "铜"
        }
    },
    "2": {
        "literal": "人为黑暗定界限，查究…，直到极处，(…中填入下行)幽暗阴翳的石头",
        "0": {
            "sn": "07093",
            "brief": "尾端、结尾"
        },
        "1": {
            "sn": "07760",
            "brief": "使、置、放"
        },
        "2": {
            "sn": "02822",
            "brief": "黑暗"
        },
        "3": {
            "sn": "03605",
            "brief": "全部、整个、各"
        },
        "4": {
            "sn": "08503",
            "brief": "终点、完美"
        },
        "5": {
            "sn": "01931",
            "brief": "他"
        },
        "6": {
            "sn": "02713",
            "brief": "寻求、考查"
        },
        "7": {
            "sn": "00068",
            "brief": "石头、法码、宝石"
        },
        "8": {
            "sn": "00652",
            "brief": "迷朦、黑暗"
        },
        "9": {
            "sn": "06757",
            "brief": "死荫"
        }
    },
    "4": {
        "literal": "粮食从地出来，它(指：地)下面好像被火翻起来。",
        "0": {
            "sn": "00776",
            "brief": "地、邦国、疆界"
        },
        "1": {
            "sn": "04480",
            "brief": "从、出"
        },
        "2": {
            "sn": "03318",
            "brief": "出去"
        },
        "3": {
            "sn": "03899",
            "brief": "面包、食物"
        },
        "4": {
            "sn": "08478",
            "brief": "1. 名词：位置、地方；2. 介系词：在…之下；3. 介系词：代替、因为"
        },
        "5": {
            "sn": "02015",
            "brief": "转变、推翻、倾覆"
        },
        "6": {
            "sn": "03644",
            "brief": "像"
        },
        "7": {
            "sn": "00784",
            "brief": "火"
        }
    },
    "12": {
        "0": {
            "sn": "03808",
            "brief": "不"
        },
        "1": {
            "sn": "03045",
            "brief": "Qal 知道、认识、辨别、经历，Hif‘il 使知道、宣告"
        },
        "4": {
            "sn": "03808",
            "brief": "不"
        },
        "literal": "它(指：智慧)的价值人不能知，在活人之地也不能被找到。",
        "2": {
            "sn": "00582",
            "brief": "人"
        },
        "3": {
            "sn": "06187",
            "brief": "次序、层次"
        },
        "5": {
            "sn": "04672",
            "brief": "寻找、追上、获得、发现"
        },
        "6": {
            "sn": "00776",
            "brief": "地、邦国、疆界"
        },
        "7": {
            "sn": "02416",
            "brief": "生命，活着"
        }
    },
    "25": {
        "literal": "他为雨露定命令，为雷电定道路。",
        "0": {
            "sn": "06213",
            "brief": "做"
        },
        "1": {
            "sn": "04306",
            "brief": "雨"
        },
        "2": {
            "sn": "02706",
            "brief": "律例、法令、条例、限度"
        },
        "3": {
            "sn": "01870",
            "brief": "道路、行为、方向、方法"
        },
        "4": {
            "sn": "02385",
            "brief": "闪电"
        },
        "5": {
            "sn": "06963",
            "brief": "声音"
        }
    },
    "26": {
        "1": {
            "sn": "07200",
            "brief": "Qal 看见、看顾、察觉，Nif‘al 显现，Hif‘il 显明"
        },
        "literal": "那时他看见它(指：智慧)，而且述说它(指：智慧)；他坚定它(指：智慧)，并且查究它(指：智慧)。",
        "0": {
            "sn": "00227",
            "brief": "那时"
        },
        "4": {
            "sn": "01571",
            "brief": "也"
        },
        "5": {
            "sn": "02713",
            "brief": "寻求、考查"
        },
        "2": {
            "sn": "05608",
            "brief": "1. 动词：述说、计算；2. 名词：文士、书记"
        },
        "3": {
            "sn": "03559",
            "brief": "Hif‘il 预备、建立、坚立"
        }
    },
    "27": {
        "literal": "他对人说：看哪，对主的敬畏就是智慧；远离恶便是聪明。",
        "0": {
            "sn": "00559",
            "brief": "说"
        },
        "1": {
            "sn": "00120",
            "brief": "人"
        },
        "2": {
            "sn": "02005",
            "brief": "若、看哪"
        },
        "3": {
            "sn": "03374",
            "brief": "敬畏、害怕"
        },
        "4": {
            "sn": "00136",
            "brief": "主人"
        },
        "5": {
            "sn": "01931",
            "brief": "他"
        },
        "6": {
            "sn": "02451",
            "brief": "智慧"
        },
        "7": {
            "sn": "05493",
            "brief": "转离、除去"
        },
        "8": {
            "sn": "07451",
            "brief": "恶的、邪恶的"
        },
        "9": {
            "sn": "00998",
            "brief": "了解、悟性、明哲、聪明"
        },
        "10": {
            "sn": "09014",
            "brief": "关闭的意思"
        }
    },
    "22": {
        "1": {
            "sn": "00995",
            "brief": "分辨、了解、明白"
        },
        "4": {
            "sn": "03045",
            "brief": "Qal 知道、认识、辨别、经历，Hif‘il 使知道、宣告"
        },
        "literal": "上帝明白它(指：智慧)的道路，他(指：上帝)晓得它(指：智慧)的所在。",
        "0": {
            "sn": "00430",
            "brief": "上帝、神、神明"
        },
        "2": {
            "sn": "01870",
            "brief": "道路、行为、方向、方法"
        },
        "3": {
            "sn": "01931",
            "brief": "他"
        },
        "5": {
            "sn": "00853",
            "brief": "不必翻译"
        },
        "6": {
            "sn": "04725",
            "brief": "地方"
        }
    }
}