{
    "4": {
        "3": {
            "sn": "03808",
            "brief": "不"
        },
        "6": {
            "sn": "03808",
            "brief": "不"
        },
        "4": {
            "sn": "00166",
            "brief": "清干挣，使光亮"
        },
        "literal": "看哪，甚至月亮也无光亮，星宿也不清洁，在他(指：上帝)眼中。",
        "0": {
            "sn": "02005",
            "brief": "若、看哪"
        },
        "1": {
            "sn": "05704",
            "brief": "直到、甚至"
        },
        "2": {
            "sn": "03394",
            "brief": "月亮"
        },
        "5": {
            "sn": "03556",
            "brief": "星星"
        },
        "7": {
            "sn": "02141",
            "brief": "纯净、明亮"
        },
        "8": {
            "sn": "05869",
            "brief": "I. 眼睛，II. 泉水"
        }
    },
    "2": {
        "literal": "他的诸军岂能数算？他的光亮不照在谁身上呢？",
        "0": {
            "sn": "03426",
            "brief": "存在、有、是"
        },
        "1": {
            "sn": "04557",
            "brief": "数目"
        },
        "2": {
            "sn": "01416",
            "brief": "一队、军队"
        },
        "3": {
            "sn": "05921",
            "brief": "在…上面"
        },
        "4": {
            "sn": "04310",
            "brief": "谁"
        },
        "5": {
            "sn": "03808",
            "brief": "不"
        },
        "6": {
            "sn": "06965",
            "brief": "起来、设立、坚立"
        },
        "7": {
            "sn": "00216",
            "brief": "光"
        }
    },
    "0": {
        "literal": "书亚人比勒达回答，说：",
        "0": {
            "sn": "06030",
            "brief": "I. 回答、作证；II. 忙；III. 使受苦、 使低微；IV. 唱歌 (I, IV 的 SN 为 6030. II, III 的 SN 为 6031)"
        },
        "1": {
            "sn": "01085",
            "brief": "比勒达"
        },
        "2": {
            "sn": "07747",
            "brief": "书亚人"
        },
        "3": {
            "sn": "00559",
            "brief": "说"
        }
    },
    "5": {
        "literal": "何况如虫的人，如蛆的世人呢！",
        "0": {
            "sn": "00637",
            "brief": "的确、也"
        },
        "1": {
            "sn": "03588",
            "brief": "因为、不必翻译"
        },
        "2": {
            "sn": "00582",
            "brief": "人"
        },
        "3": {
            "sn": "07415",
            "brief": "虫、蛆"
        },
        "4": {
            "sn": "01121",
            "brief": "儿子、孙子、后裔、成员"
        },
        "5": {
            "sn": "00120",
            "brief": "人"
        },
        "6": {
            "sn": "08438",
            "brief": "红色的东西、虫"
        },
        "7": {
            "sn": "09015",
            "brief": "开的意思"
        }
    },
    "3": {
        "literal": "在上帝面前，人怎能称义？妇人所生的怎能洁净？",
        "0": {
            "sn": "04100",
            "brief": "什么、怎么"
        },
        "1": {
            "sn": "06663",
            "brief": "是公义的"
        },
        "2": {
            "sn": "00582",
            "brief": "人"
        },
        "3": {
            "sn": "05973",
            "brief": "跟"
        },
        "4": {
            "sn": "00410",
            "brief": "上帝、神明、能力、力量"
        },
        "5": {
            "sn": "04100",
            "brief": "什么、怎么"
        },
        "6": {
            "sn": "02135",
            "brief": "是清洁的"
        },
        "7": {
            "sn": "03205",
            "brief": "生出、出生"
        },
        "8": {
            "sn": "00802",
            "brief": "女人、妻子"
        }
    },
    "1": {
        "literal": "在他(指：上帝)有治理之权，有威严可畏；他在高处施行和平。",
        "1": {
            "sn": "06343",
            "brief": "惊慌"
        },
        "2": {
            "sn": "05973",
            "brief": "跟"
        },
        "3": {
            "sn": "06213",
            "brief": "做"
        },
        "4": {
            "sn": "07965",
            "brief": "平安、完全、全部"
        },
        "5": {
            "sn": "04791",
            "brief": "高处"
        },
        "0": {
            "sn": "04910",
            "brief": "掌权、治理"
        }
    }
}