{
    "7": {
        "2": {
            "sn": "09001",
            "brief": "给、往、向、到、归属于"
        },
        "4": {
            "sn": "05375",
            "brief": "高举、举起、背负、承担"
        },
        "literal": "有能力的人就得地土；尊贵的人也住在其中。",
        "0": {
            "sn": "00376",
            "brief": "各人、人、男人、丈夫"
        },
        "1": {
            "sn": "02220",
            "brief": "膀臂、肩膀"
        },
        "3": {
            "sn": "00776",
            "brief": "地、邦国、疆界"
        },
        "5": {
            "sn": "06440",
            "brief": "脸"
        },
        "6": {
            "sn": "03427",
            "brief": "居住、坐、停留"
        },
        "7": {
            "sn": "09002",
            "brief": "在、用、藉着、与、敌对"
        }
    },
    "16": {
        "7": {
            "sn": "09001",
            "brief": "给、往、向、到、归属于"
        },
        "literal": "他们向上帝说：你离开我们吧！全能者能把我们怎么样呢？",
        "0": {
            "sn": "00559",
            "brief": "说"
        },
        "1": {
            "sn": "00410",
            "brief": "上帝、神明、能力、力量"
        },
        "2": {
            "sn": "05493",
            "brief": "转离、除去"
        },
        "3": {
            "sn": "04480",
            "brief": "从、出"
        },
        "4": {
            "sn": "04100",
            "brief": "什么、怎么"
        },
        "5": {
            "sn": "06466",
            "brief": "制造、工作"
        },
        "6": {
            "sn": "07706",
            "brief": "全能者"
        }
    },
    "20": {
        "4": {
            "sn": "09002",
            "brief": "在、用、藉着、与、敌对"
        },
        "6": {
            "sn": "02896",
            "brief": "名词：良善、美好、福乐；形容词：良善的、美好的"
        },
        "literal": "你要跟他(指上帝)熟习，跟他们和好；福气就会临到你。",
        "1": {
            "sn": "04994",
            "brief": "作为鼓励语的一部份"
        },
        "2": {
            "sn": "05973",
            "brief": "跟"
        },
        "3": {
            "sn": "07999",
            "brief": "和好、缔结和平之约、使和平"
        },
        "5": {
            "sn": "00935",
            "brief": "来、进入、临到、发生"
        },
        "0": {
            "sn": "05532",
            "brief": "Qal 有利、有益，Hif‘il 熟悉、习惯"
        }
    },
    "25": {
        "5": {
            "sn": "05375",
            "brief": "高举、举起、背负、承担"
        },
        "literal": "那时，你就要以全能者为喜乐，向上帝仰起脸来。",
        "0": {
            "sn": "03588",
            "brief": "因为、不必翻译"
        },
        "1": {
            "sn": "00227",
            "brief": "那时"
        },
        "2": {
            "sn": "05921",
            "brief": "在…上面"
        },
        "3": {
            "sn": "07706",
            "brief": "全能者"
        },
        "4": {
            "sn": "06026",
            "brief": "享受"
        },
        "6": {
            "sn": "00413",
            "brief": "向、往"
        },
        "7": {
            "sn": "00433",
            "brief": "上帝、神、神明"
        },
        "8": {
            "sn": "06440",
            "brief": "脸"
        }
    },
    "15": {
        "2": {
            "sn": "03808",
            "brief": "不"
        },
        "literal": "他们未到时候，忽然除灭；根基被江河冲去。",
        "0": {
            "sn": "00834",
            "brief": "不必翻译"
        },
        "3": {
            "sn": "06256",
            "brief": "时候"
        },
        "4": {
            "sn": "05104",
            "brief": "河流"
        },
        "6": {
            "sn": "03247",
            "brief": "根基"
        },
        "1": {
            "sn": "07059",
            "brief": "Qal 抓住"
        },
        "5": {
            "sn": "03332",
            "brief": "倒、浇灌"
        }
    },
    "3": {
        "2": {
            "sn": "00935",
            "brief": "来、进入、临到、发生"
        },
        "3": {
            "sn": "05973",
            "brief": "跟"
        },
        "0": {
            "sn": "03374",
            "brief": "敬畏、害怕"
        },
        "1": {
            "sn": "03198",
            "brief": "断定是非、判断、证明"
        },
        "literal": "岂是因你的敬畏就责备你、审判你吗？",
        "4": {
            "sn": "04941",
            "brief": "正义、公平、审判、律例、规矩"
        }
    },
    "14": {
        "literal": "你要依从上古的道吗？这道是恶人所行的。",
        "0": {
            "sn": "00734",
            "brief": "路、路径"
        },
        "1": {
            "sn": "05769",
            "brief": "古老、永远、长久"
        },
        "2": {
            "sn": "08104",
            "brief": "谨守、小心"
        },
        "3": {
            "sn": "00834",
            "brief": "不必翻译"
        },
        "4": {
            "sn": "01869",
            "brief": "踩踏、行进、引导、弯曲"
        },
        "5": {
            "sn": "04962",
            "brief": "男人"
        },
        "6": {
            "sn": "00205",
            "brief": "行恶、邪恶、患难"
        }
    },
    "27": {
        "literal": "你定意要做何事，必然给你成就；亮光也必照耀你的路。",
        "1": {
            "sn": "00562",
            "brief": "话语"
        },
        "2": {
            "sn": "06965",
            "brief": "起来、设立、坚立"
        },
        "3": {
            "sn": "09001",
            "brief": "给、往、向、到、归属于"
        },
        "4": {
            "sn": "05921",
            "brief": "在…上面"
        },
        "6": {
            "sn": "05050",
            "brief": "照亮"
        },
        "0": {
            "sn": "01504",
            "brief": "剪除、剪去、颁布法令"
        },
        "5": {
            "sn": "01870",
            "brief": "道路、行为、方向、方法"
        },
        "7": {
            "sn": "00216",
            "brief": "光"
        }
    },
    "6": {
        "literal": "你没有给困乏的人水喝；你从饥饿的人收回食物。",
        "0": {
            "sn": "03808",
            "brief": "不"
        },
        "3": {
            "sn": "08248",
            "brief": "喝"
        },
        "1": {
            "sn": "04325",
            "brief": "水"
        },
        "2": {
            "sn": "05889",
            "brief": "头晕、疲倦、耗尽"
        },
        "4": {
            "sn": "07457",
            "brief": "饥饿的"
        },
        "5": {
            "sn": "04513",
            "brief": "拒绝、抑制、撤退、收回、缩回"
        },
        "6": {
            "sn": "03899",
            "brief": "面包、食物"
        }
    },
    "21": {
        "5": {
            "sn": "00561",
            "brief": "言语，命令"
        },
        "literal": "你当从他口中领受教训，将他的言语存在心里。",
        "0": {
            "sn": "03947",
            "brief": "取、娶、拿"
        },
        "1": {
            "sn": "04994",
            "brief": "作为鼓励语的一部份"
        },
        "2": {
            "sn": "06310",
            "brief": "口、命令、末端、沿岸、比例"
        },
        "3": {
            "sn": "08451",
            "brief": "教诲、教导"
        },
        "4": {
            "sn": "07760",
            "brief": "置、放"
        },
        "6": {
            "sn": "03824",
            "brief": "心"
        }
    },
    "24": {
        "0": {
            "sn": "01961",
            "brief": "是、成为、临到"
        },
        "1": {
            "sn": "07706",
            "brief": "全能者"
        },
        "2": {
            "sn": "01220",
            "brief": "金子、珍宝的矿石"
        },
        "3": {
            "sn": "03701",
            "brief": "银子、钱"
        },
        "4": {
            "sn": "08443",
            "brief": "高峰、高举的兽角"
        },
        "5": {
            "sn": "09001",
            "brief": "给、往、向、到、归属于"
        },
        "literal": "全能者就必作你的珍宝，作你堆高的银子。"
    },
    "26": {
        "4": {
            "sn": "07999",
            "brief": "Qal 平安，Pi‘el 还愿、完成、回报"
        },
        "0": {
            "sn": "06279",
            "brief": "Qal 祈求、恳求，Nif‘al 接受恳求，Hif‘il 使祈求"
        },
        "literal": "你要向他祷告，他就听你；你也要还你的愿。",
        "1": {
            "sn": "00413",
            "brief": "向、往"
        },
        "3": {
            "sn": "05088",
            "brief": "许愿"
        },
        "2": {
            "sn": "08085",
            "brief": "Qal 听、听从，Hif‘il 说明、使…听"
        }
    },
    "29": {
        "3": {
            "sn": "04422",
            "brief": "Nif‘al, Hitpa‘el 溜出、逃出、被拯救，Pi‘el, Hif‘il 生下、拯救"
        },
        "literal": "他且要搭救不是无辜的人；他(指：不是无辜的人)因你手掌中的清洁，必蒙拯救。",
        "1": {
            "sn": "00336",
            "brief": "不"
        },
        "2": {
            "sn": "05355",
            "brief": "无辜的"
        },
        "0": {
            "sn": "04422",
            "brief": "Nif‘al, Hitpa‘el 溜出、逃出、被拯救，Pi‘el, Hif‘il 生下、拯救"
        },
        "4": {
            "sn": "01252",
            "brief": "清洁、洁净"
        },
        "5": {
            "sn": "03709",
            "brief": "手掌"
        },
        "6": {
            "sn": "09015",
            "brief": "开的意思"
        }
    },
    "13": {
        "4": {
            "sn": "07200",
            "brief": "Qal 看见、看顾、察觉，Nif‘al 显现，Hif‘il 显明"
        },
        "literal": "密云将他遮盖，他不能看见；他周游穹苍。",
        "0": {
            "sn": "05645",
            "brief": "黑暗、密云、丛林"
        },
        "1": {
            "sn": "05643",
            "brief": "隐密处"
        },
        "2": {
            "sn": "09001",
            "brief": "给、往、向、到、归属于"
        },
        "7": {
            "sn": "01980",
            "brief": "去、来"
        },
        "5": {
            "sn": "02329",
            "brief": "圆圈"
        },
        "6": {
            "sn": "08064",
            "brief": "天"
        },
        "3": {
            "sn": "03808",
            "brief": "不"
        }
    },
    "18": {
        "0": {
            "sn": "07200",
            "brief": "Qal 看见、看顾、察觉，Nif‘al 显现，Hif‘il 显明"
        },
        "literal": "义人看见就欢喜；无辜的人嗤笑他们，",
        "1": {
            "sn": "06662",
            "brief": "公义的"
        },
        "2": {
            "sn": "08055",
            "brief": "喜悦、快乐"
        },
        "3": {
            "sn": "05355",
            "brief": "无辜的"
        },
        "4": {
            "sn": "03932",
            "brief": "嘲笑"
        },
        "5": {
            "sn": "09001",
            "brief": "给、往、向、到、归属于"
        }
    },
    "11": {
        "0": {
            "sn": "03808",
            "brief": "不"
        },
        "6": {
            "sn": "03556",
            "brief": "星星"
        },
        "4": {
            "sn": "07200",
            "brief": "Qal 看见、看顾、察觉，Nif‘al 显现，Hif‘il 显明"
        },
        "literal": "上帝岂不是在天的高处吗？你看星宿的高处何其高呢！",
        "1": {
            "sn": "00433",
            "brief": "上帝、神、神明"
        },
        "2": {
            "sn": "01363",
            "brief": "高"
        },
        "3": {
            "sn": "08064",
            "brief": "天"
        },
        "5": {
            "sn": "07218",
            "brief": "头、起头、山顶、领袖"
        },
        "7": {
            "sn": "03588",
            "brief": "因为、不必翻译"
        },
        "8": {
            "sn": "07311",
            "brief": "高举、抬高"
        }
    },
    "22": {
        "0": {
            "sn": "00518",
            "brief": "如果"
        },
        "literal": "你若归向全能者，…就必得建立。(…填入下行)从你的帐棚中除去不义，",
        "2": {
            "sn": "05704",
            "brief": "直到"
        },
        "3": {
            "sn": "07706",
            "brief": "全能者"
        },
        "4": {
            "sn": "01129",
            "brief": "建造"
        },
        "6": {
            "sn": "05766",
            "brief": "不公义"
        },
        "7": {
            "sn": "00168",
            "brief": "帐棚、帐蓬"
        },
        "5": {
            "sn": "07368",
            "brief": "远离"
        },
        "1": {
            "sn": "07725",
            "brief": "Qal 回复、回转、重复，Po‘lel 带回、复兴、更新，Hif‘il 回报、报告、带回"
        }
    },
    "0": {
        "literal": "提幔人以利法回答，说：",
        "0": {
            "sn": "06030",
            "brief": "I. 回答、作证；II. 忙；III. 使受苦、 使低微；IV. 唱歌 (I, IV 的 SN 为 6030. II, III 的 SN 为 6031)"
        },
        "1": {
            "sn": "00464",
            "brief": "以利法"
        },
        "2": {
            "sn": "08489",
            "brief": "提幔人"
        },
        "3": {
            "sn": "00559",
            "brief": "说"
        }
    },
    "2": {
        "literal": "你为人公义，岂叫全能者喜悦呢？你使你的道路完全，岂能使他得利呢？",
        "0": {
            "sn": "02656",
            "brief": "喜爱"
        },
        "1": {
            "sn": "07706",
            "brief": "全能者"
        },
        "2": {
            "sn": "03588",
            "brief": "因为、不必翻译"
        },
        "3": {
            "sn": "06663",
            "brief": "是公义的"
        },
        "4": {
            "sn": "00518",
            "brief": "如果"
        },
        "5": {
            "sn": "01215",
            "brief": "利益、不义之财"
        },
        "6": {
            "sn": "03588",
            "brief": "因为、不必翻译"
        },
        "7": {
            "sn": "08552",
            "brief": "完成、结束、消除"
        },
        "8": {
            "sn": "01870",
            "brief": "道路、行为、方向、方法"
        }
    },
    "5": {
        "literal": "因你无故强取弟兄的物为当头，剥去赤身的人的衣服。",
        "0": {
            "sn": "03588",
            "brief": "因为、不必翻译"
        },
        "2": {
            "sn": "00251",
            "brief": "兄弟"
        },
        "3": {
            "sn": "02600",
            "brief": "无缘无故"
        },
        "4": {
            "sn": "00899",
            "brief": "诡诈、衣服"
        },
        "5": {
            "sn": "06174",
            "brief": "裸体的、光身的"
        },
        "1": {
            "sn": "02254",
            "brief": "I. Qal 绑、典当，Pi‘el 分娩阵痛；II. Pi‘el 毁坏、破坏"
        },
        "6": {
            "sn": "06584",
            "brief": "劫掠、脱"
        }
    },
    "4": {
        "0": {
            "sn": "03808",
            "brief": "不"
        },
        "literal": "你的罪恶岂不是大吗？你的罪孽也没有穷尽；",
        "1": {
            "sn": "07451",
            "brief": "恶的、邪恶的"
        },
        "2": {
            "sn": "07227",
            "brief": "I. 形容词：大量的、许多的、充足的、强盛的；II. 名词：统帅、首领。"
        },
        "3": {
            "sn": "00369",
            "brief": "不存在、没有"
        },
        "4": {
            "sn": "07093",
            "brief": "尾端、结尾"
        },
        "5": {
            "sn": "05771",
            "brief": "罪孽"
        }
    },
    "10": {
        "literal": "或有黑暗，你看不见，并有洪水淹没你。",
        "0": {
            "sn": "00176",
            "brief": "或"
        },
        "1": {
            "sn": "02822",
            "brief": "黑暗"
        },
        "4": {
            "sn": "08229",
            "brief": "丰富、成群"
        },
        "5": {
            "sn": "04325",
            "brief": "水"
        },
        "6": {
            "sn": "03680",
            "brief": "遮盖、隐藏"
        },
        "2": {
            "sn": "03808",
            "brief": "不"
        },
        "3": {
            "sn": "07200",
            "brief": "Qal 看见、看顾、察觉，Nif‘al 显现，Hif‘il 显明"
        }
    },
    "9": {
        "literal": "因此，有网罗环绕你，有突然的恐惧使你惊惶；",
        "0": {
            "sn": "05921",
            "brief": "在…上面"
        },
        "1": {
            "sn": "03651",
            "brief": "副词：因此、如此、这样；形容词：对、真的、公平、诚实"
        },
        "2": {
            "sn": "05439",
            "brief": "四围、环绕"
        },
        "3": {
            "sn": "06341",
            "brief": "圈套、网罗"
        },
        "5": {
            "sn": "06343",
            "brief": "惊慌"
        },
        "6": {
            "sn": "06597",
            "brief": "顷刻之间、突然地"
        },
        "4": {
            "sn": "00926",
            "brief": "行动快速"
        }
    },
    "8": {
        "1": {
            "sn": "07971",
            "brief": "差遣、释放、送走、伸出、伸展"
        },
        "5": {
            "sn": "01792",
            "brief": "压碎、使后悔"
        },
        "literal": "你打发寡妇空手回去，压碎孤儿的膀臂。",
        "0": {
            "sn": "00490",
            "brief": "寡妇"
        },
        "2": {
            "sn": "07387",
            "brief": "徒然、空虚"
        },
        "3": {
            "sn": "02220",
            "brief": "膀臂、肩膀"
        },
        "4": {
            "sn": "03490",
            "brief": "孤儿"
        }
    },
    "19": {
        "literal": "我们的对手果然被剪除，火烧灭了他们其余的。",
        "0": {
            "sn": "00518",
            "brief": "如果"
        },
        "2": {
            "sn": "03582",
            "brief": "隐瞒、隐藏、剪除、灭亡"
        },
        "3": {
            "sn": "07009",
            "brief": "敌手"
        },
        "4": {
            "sn": "03499",
            "brief": "I. 1. 名词：剩下，2. 副词：优秀、丰富，II. 绳、弦"
        },
        "5": {
            "sn": "00398",
            "brief": "吃、吞吃"
        },
        "6": {
            "sn": "00784",
            "brief": "火"
        },
        "1": {
            "sn": "03808",
            "brief": "不"
        }
    },
    "23": {
        "literal": "你要将珍宝丢在尘土里，将俄斐的黄金丢在溪河石头之间；",
        "0": {
            "sn": "07896",
            "brief": "置、放、定"
        },
        "1": {
            "sn": "05921",
            "brief": "在…上面"
        },
        "2": {
            "sn": "06083",
            "brief": "土、尘土"
        },
        "3": {
            "sn": "01220",
            "brief": "金子，珍宝的矿石"
        },
        "5": {
            "sn": "05158",
            "brief": "山谷、溪谷、河谷、河床"
        },
        "6": {
            "sn": "00211",
            "brief": "俄斐"
        },
        "4": {
            "sn": "06697",
            "brief": "磐石、岩石"
        }
    },
    "12": {
        "5": {
            "sn": "06205",
            "brief": "幽暗、密云"
        },
        "literal": "你说：上帝知道甚么？他岂能看透幽暗施行审判呢？",
        "0": {
            "sn": "00559",
            "brief": "说"
        },
        "1": {
            "sn": "04100",
            "brief": "什么、怎么"
        },
        "3": {
            "sn": "00410",
            "brief": "上帝、神明、能力、力量"
        },
        "4": {
            "sn": "01157",
            "brief": "为了、背后、穿过、围绕"
        },
        "6": {
            "sn": "08199",
            "brief": "判断、仲裁"
        },
        "2": {
            "sn": "03045",
            "brief": "Qal 知道、认识、辨别、经历，Hif‘il 使知道、宣告"
        }
    },
    "1": {
        "literal": "人岂能有益于上帝呢？但智慧人能有益于己。",
        "0": {
            "sn": "00410",
            "brief": "上帝、神明、能力、力量"
        },
        "2": {
            "sn": "01397",
            "brief": "勇士、人"
        },
        "3": {
            "sn": "03588",
            "brief": "因为、不必翻译"
        },
        "5": {
            "sn": "05921",
            "brief": "在…上面"
        },
        "6": {
            "sn": "07919",
            "brief": "Qal 明白、聪明、谨慎，Pi‘el 手交叉，Hif‘il 有洞察力、教导、成功、顺利"
        },
        "1": {
            "sn": "05532",
            "brief": "Qal 有利、有益，Hif‘il 熟悉、习惯"
        },
        "4": {
            "sn": "05532",
            "brief": "Qal 有利、有益，Hif‘il 熟悉、习惯"
        }
    },
    "28": {
        "1": {
            "sn": "08213",
            "brief": "降卑、变低、谦卑"
        },
        "6": {
            "sn": "03467",
            "brief": "拯救"
        },
        "literal": "人降卑，你仍可说：必得高升；眼睛谦卑，他(指：上帝)必然拯救。",
        "0": {
            "sn": "03588",
            "brief": "因为、不必翻译"
        },
        "2": {
            "sn": "00559",
            "brief": "说"
        },
        "3": {
            "sn": "01466",
            "brief": "骄傲"
        },
        "4": {
            "sn": "07807",
            "brief": "低微的，谦逊的"
        },
        "5": {
            "sn": "05869",
            "brief": "I. 眼睛，II. 泉水"
        }
    },
    "17": {
        "literal": "他(指：上帝)以美物充满他们的房屋；但恶人所谋定的离我好远。",
        "0": {
            "sn": "01931",
            "brief": "他"
        },
        "2": {
            "sn": "01004",
            "brief": "家、房子、殿"
        },
        "4": {
            "sn": "06098",
            "brief": "筹算、谘商、劝告"
        },
        "5": {
            "sn": "07563",
            "brief": "邪恶的"
        },
        "6": {
            "sn": "07368",
            "brief": "远离"
        },
        "7": {
            "sn": "04480",
            "brief": "从、出"
        },
        "1": {
            "sn": "04390",
            "brief": "充满"
        },
        "3": {
            "sn": "02896",
            "brief": "名词：良善、美好、福乐；形容词：良善的、美好的"
        }
    }
}