{
    "4": {
        "6": {
            "sn": "09001",
            "brief": "给、往、向、到、归属于"
        },
        "literal": "我必知道他回答我的言语，明白他向我所说的话。",
        "1": {
            "sn": "04405",
            "brief": "言语"
        },
        "0": {
            "sn": "03045",
            "brief": "Qal 知道、认识、辨别、经历，Hif‘il 使知道、宣告"
        },
        "2": {
            "sn": "06030",
            "brief": "I. 回答、作证；II. 忙；III. 使受苦、 使低微；IV. 唱歌 (I, IV 的 SN 为 6030. II, III 的 SN 为 6031)"
        },
        "3": {
            "sn": "00995",
            "brief": "分辨、了解、明白"
        },
        "4": {
            "sn": "04100",
            "brief": "什么、怎么"
        },
        "5": {
            "sn": "00559",
            "brief": "说"
        }
    },
    "7": {
        "7": {
            "sn": "09001",
            "brief": "给、往、向、到、归属于"
        },
        "literal": "我往前行，他不在那里，往后退，也不能察觉他。",
        "0": {
            "sn": "02005",
            "brief": "若、看哪"
        },
        "1": {
            "sn": "06924",
            "brief": "东方、古老、前方"
        },
        "2": {
            "sn": "01980",
            "brief": "去、来"
        },
        "3": {
            "sn": "00369",
            "brief": "不存在、没有"
        },
        "4": {
            "sn": "00268",
            "brief": "后面、背后"
        },
        "6": {
            "sn": "00995",
            "brief": "分辨、了解、明白"
        },
        "5": {
            "sn": "03808",
            "brief": "不"
        }
    },
    "11": {
        "2": {
            "sn": "03808",
            "brief": "不"
        },
        "literal": "他嘴唇的命令，我未曾背弃；我看重他口中的言语，过于我需用的饮食。",
        "0": {
            "sn": "04687",
            "brief": "命令、吩咐"
        },
        "1": {
            "sn": "08193",
            "brief": "嘴唇、边缘、言语"
        },
        "4": {
            "sn": "02706",
            "brief": "律例、法令、条例、限度"
        },
        "5": {
            "sn": "06845",
            "brief": "隐藏、储存、珍藏"
        },
        "6": {
            "sn": "00561",
            "brief": "言语，命令"
        },
        "7": {
            "sn": "06310",
            "brief": "口、命令、末端、沿岸、比例"
        },
        "3": {
            "sn": "04185",
            "brief": "移动、离开"
        }
    },
    "2": {
        "3": {
            "sn": "04672",
            "brief": "寻找、追上、获得、发现"
        },
        "literal": "惟愿我能知道在哪里可以寻见他(指：上帝)，能到他的座位前，",
        "0": {
            "sn": "04310",
            "brief": "谁"
        },
        "1": {
            "sn": "05414",
            "brief": "使、给"
        },
        "2": {
            "sn": "03045",
            "brief": "Qal 知道、认识、辨别、经历，Hif‘il 使知道、宣告"
        },
        "4": {
            "sn": "00935",
            "brief": "来、进入、临到、发生"
        },
        "5": {
            "sn": "05704",
            "brief": "直到"
        },
        "6": {
            "sn": "08499",
            "brief": "布置，座位，地方"
        }
    },
    "5": {
        "4": {
            "sn": "03808",
            "brief": "不"
        },
        "1": {
            "sn": "03581",
            "brief": "力量"
        },
        "2": {
            "sn": "07378",
            "brief": "争辩、争讼"
        },
        "3": {
            "sn": "05978",
            "brief": "跟"
        },
        "5": {
            "sn": "00389",
            "brief": "然而、其实、当然"
        },
        "6": {
            "sn": "01931",
            "brief": "他"
        },
        "7": {
            "sn": "07760",
            "brief": "置、放"
        },
        "8": {
            "sn": "09002",
            "brief": "在、用、藉着、与、敌对"
        },
        "literal": "他岂用大能与我争辩吗？不！然而，他必理会我。",
        "0": {
            "sn": "07230",
            "brief": "大量、许多"
        }
    },
    "6": {
        "literal": "在那里正直人可以被他证实无辜；我必永远脱离那审判我的。",
        "0": {
            "sn": "08033",
            "brief": "那里"
        },
        "2": {
            "sn": "03198",
            "brief": "断定是非、判断、证明"
        },
        "1": {
            "sn": "03477",
            "brief": "正直的"
        },
        "3": {
            "sn": "05973",
            "brief": "跟"
        },
        "5": {
            "sn": "05331",
            "brief": "持续、永存、永远、显赫"
        },
        "4": {
            "sn": "06403",
            "brief": "拯救、逃脱、安然带走"
        },
        "6": {
            "sn": "08199",
            "brief": "判断、仲裁"
        }
    },
    "14": {
        "0": {
            "sn": "05921",
            "brief": "在…上面"
        },
        "1": {
            "sn": "03651",
            "brief": "副词：因此、如此、这样；形容词：对、真的、公平、诚实"
        },
        "literal": "所以我在他面前惊惶；我思考，便惧怕他。",
        "2": {
            "sn": "06440",
            "brief": "脸"
        },
        "3": {
            "sn": "00926",
            "brief": "行动快速"
        },
        "4": {
            "sn": "00995",
            "brief": "分辨、了解、明白"
        },
        "5": {
            "sn": "06342",
            "brief": "恐惧、害怕"
        },
        "6": {
            "sn": "04480",
            "brief": "从、出"
        }
    },
    "12": {
        "1": {
            "sn": "00259",
            "brief": "数目的「一」"
        },
        "5": {
            "sn": "00183",
            "brief": "渴望"
        },
        "literal": "他心志已定，谁能使他转意呢？他心里所愿的，就行出来。",
        "0": {
            "sn": "01931",
            "brief": "他"
        },
        "2": {
            "sn": "04310",
            "brief": "谁"
        },
        "4": {
            "sn": "05315",
            "brief": "生命、人"
        },
        "6": {
            "sn": "06213",
            "brief": "做"
        },
        "3": {
            "sn": "07725",
            "brief": "Qal 回复、回转、重复，Po‘lel 带回、复兴、更新，Hif‘il 回报、报告、带回"
        }
    },
    "3": {
        "4": {
            "sn": "04390",
            "brief": "充满"
        },
        "literal": "我就在他面前将案件陈明，满口辩白。",
        "0": {
            "sn": "06186",
            "brief": "摆设、安排、预备"
        },
        "1": {
            "sn": "03942",
            "brief": "在…面前"
        },
        "2": {
            "sn": "04941",
            "brief": "正义、公平、审判、律例、规矩"
        },
        "3": {
            "sn": "06310",
            "brief": "口、命令、末端、沿岸、比例"
        },
        "5": {
            "sn": "08433",
            "brief": "争辩、责罚"
        }
    },
    "15": {
        "1": {
            "sn": "07401",
            "brief": "变柔软、变软弱、变胆怯"
        },
        "literal": "上帝使我的心胆怯；全能者使我惊惶。",
        "0": {
            "sn": "00410",
            "brief": "上帝、神明、能力、力量"
        },
        "2": {
            "sn": "03820",
            "brief": "心"
        },
        "3": {
            "sn": "07706",
            "brief": "全能者"
        },
        "4": {
            "sn": "00926",
            "brief": "行动快速"
        }
    },
    "8": {
        "7": {
            "sn": "07200",
            "brief": "Qal 看见、看顾、察觉，Nif‘al 显现，Hif‘il 显明"
        },
        "literal": "他在左边行事，我却不能看见，他在右边隐藏，我也不能见。",
        "0": {
            "sn": "08040",
            "brief": "左边、左手"
        },
        "1": {
            "sn": "06213",
            "brief": "做"
        },
        "3": {
            "sn": "02372",
            "brief": "看见"
        },
        "4": {
            "sn": "05848",
            "brief": "发昏、虚弱"
        },
        "5": {
            "sn": "03225",
            "brief": "右手、右边"
        },
        "2": {
            "sn": "03808",
            "brief": "不"
        },
        "6": {
            "sn": "03808",
            "brief": "不"
        }
    },
    "1": {
        "5": {
            "sn": "03513",
            "brief": "Qal 是重的，Nif‘al 受尊重、得荣耀，Pi‘el 荣耀、加重、使迟钝，Hif‘il 加重"
        },
        "literal": "如今我的哀告还算为悖逆；我的手比我的唉哼还重。",
        "0": {
            "sn": "01571",
            "brief": "也"
        },
        "1": {
            "sn": "03117",
            "brief": "日子、时候"
        },
        "2": {
            "sn": "04805",
            "brief": "叛逆"
        },
        "3": {
            "sn": "07879",
            "brief": "沈思、诉苦"
        },
        "4": {
            "sn": "03027",
            "brief": "手、边、力量、权势"
        },
        "6": {
            "sn": "05921",
            "brief": "在…上面"
        },
        "7": {
            "sn": "00585",
            "brief": "叹息"
        }
    },
    "16": {
        "6": {
            "sn": "03680",
            "brief": "遮盖、隐藏"
        },
        "literal": "我被灭绝不是因为黑暗，也不是因为幽暗蒙蔽我的脸。",
        "0": {
            "sn": "03588",
            "brief": "因为、不必翻译"
        },
        "2": {
            "sn": "06789",
            "brief": "终结、毁坏、剪除"
        },
        "3": {
            "sn": "06440",
            "brief": "脸"
        },
        "4": {
            "sn": "02822",
            "brief": "黑暗"
        },
        "5": {
            "sn": "06440",
            "brief": "脸"
        },
        "7": {
            "sn": "00652",
            "brief": "迷朦、黑暗"
        },
        "1": {
            "sn": "03808",
            "brief": "不"
        }
    },
    "13": {
        "2": {
            "sn": "02706",
            "brief": "律例、法令、条例、限度"
        },
        "3": {
            "sn": "02007",
            "brief": "她们"
        },
        "4": {
            "sn": "07227",
            "brief": "I. 形容词：大量的、许多的、充足的、强盛的；II. 名词：统帅、首领。"
        },
        "5": {
            "sn": "05973",
            "brief": "跟"
        },
        "1": {
            "sn": "07999",
            "brief": "Qal 平安，Pi‘el 还愿、完成、回报"
        },
        "literal": "为我所定的，他必做成；像这类的事他那里还有许多。",
        "0": {
            "sn": "03588",
            "brief": "因为、不必翻译"
        }
    },
    "9": {
        "literal": "然而他知道我所行的路；他试炼我之后，我必如精金。",
        "0": {
            "sn": "03588",
            "brief": "因为、不必翻译"
        },
        "2": {
            "sn": "01870",
            "brief": "道路、行为、方向、方法"
        },
        "3": {
            "sn": "05978",
            "brief": "跟"
        },
        "4": {
            "sn": "00974",
            "brief": "试验"
        },
        "5": {
            "sn": "02091",
            "brief": "金"
        },
        "6": {
            "sn": "03318",
            "brief": "出去"
        },
        "1": {
            "sn": "03045",
            "brief": "Qal 知道、认识、辨别、经历，Hif‘il 使知道、宣告"
        }
    },
    "10": {
        "literal": "我脚紧抓住他的步履；我谨守他的道，并不偏离。",
        "0": {
            "sn": "00838",
            "brief": "步伐"
        },
        "1": {
            "sn": "00270",
            "brief": "紧抓住"
        },
        "2": {
            "sn": "07272",
            "brief": "脚"
        },
        "3": {
            "sn": "01870",
            "brief": "道路、行为、方向、方法"
        },
        "4": {
            "sn": "08104",
            "brief": "谨守、小心"
        },
        "5": {
            "sn": "03808",
            "brief": "不"
        },
        "6": {
            "sn": "05186",
            "brief": "Qal 伸出、铺张、伸展、延长，Hif‘il 屈枉、转弯、 丢一边"
        }
    },
    "0": {
        "literal": "约伯回答，说：",
        "0": {
            "sn": "06030",
            "brief": "I. 回答、作证；II. 忙；III. 使受苦、 使低微；IV. 唱歌 (I, IV 的 SN 为 6030. II, III 的 SN 为 6031)"
        },
        "1": {
            "sn": "00347",
            "brief": "约伯"
        },
        "2": {
            "sn": "00559",
            "brief": "说"
        }
    }
}