{
    "25": {
        "7": {
            "sn": "03808",
            "brief": "不"
        },
        "literal": "上帝为大，我们不能知道；他的年数不能测度。",
        "0": {
            "sn": "02005",
            "brief": "若、看哪"
        },
        "1": {
            "sn": "00410",
            "brief": "上帝、神明、能力、力量"
        },
        "2": {
            "sn": "07689",
            "brief": "(神) 伟大的"
        },
        "5": {
            "sn": "04557",
            "brief": "数目"
        },
        "6": {
            "sn": "08141",
            "brief": "年"
        },
        "8": {
            "sn": "02714",
            "brief": "侦测、调查"
        },
        "4": {
            "sn": "03045",
            "brief": "Qal 知道、认识、辨别、经历，Hif‘il 使知道、宣告"
        },
        "3": {
            "sn": "03808",
            "brief": "不"
        }
    },
    "7": {
        "3": {
            "sn": "03920",
            "brief": "缠住、抓住"
        },
        "0": {
            "sn": "00518",
            "brief": "如果"
        },
        "1": {
            "sn": "00631",
            "brief": "捆绑、绑住"
        },
        "2": {
            "sn": "02131",
            "brief": "锁链"
        },
        "4": {
            "sn": "02256",
            "brief": "绳子、分娩的痛苦"
        },
        "5": {
            "sn": "06040",
            "brief": "苦难、困苦、穷乏"
        },
        "literal": "他们若被锁炼捆住，被苦难的绳索缠住，"
    },
    "12": {
        "6": {
            "sn": "03588",
            "brief": "因为、不必翻译"
        },
        "literal": "那心中不敬虔的人积蓄怒气；他(指：上帝)捆绑他们，他们不求救；",
        "0": {
            "sn": "02611",
            "brief": "亵渎的、不信神的、伪善的"
        },
        "1": {
            "sn": "03820",
            "brief": "专心、心、良心"
        },
        "2": {
            "sn": "07760",
            "brief": "使、置、放"
        },
        "3": {
            "sn": "00639",
            "brief": "怒气、鼻子"
        },
        "4": {
            "sn": "03808",
            "brief": "不"
        },
        "5": {
            "sn": "07768",
            "brief": "呼喊、呼求"
        },
        "7": {
            "sn": "00631",
            "brief": "捆绑、绑住"
        }
    },
    "18": {
        "1": {
            "sn": "07769",
            "brief": "大叫求救"
        },
        "3": {
            "sn": "01222",
            "brief": "珍贵的宝石、金子、金环"
        },
        "4": {
            "sn": "03605",
            "brief": "全部、整个、各"
        },
        "5": {
            "sn": "03981",
            "brief": "力量、权力"
        },
        "6": {
            "sn": "03581",
            "brief": "力量"
        },
        "2": {
            "sn": "03808",
            "brief": "不"
        },
        "literal": "你的呼求，…果有灵验吗？(…中填入下行)或是一切的势力，",
        "0": {
            "sn": "06186",
            "brief": "摆设、安排、预备"
        }
    },
    "29": {
        "0": {
            "sn": "02005",
            "brief": "若、看哪"
        },
        "1": {
            "sn": "06566",
            "brief": "撒开、伸展"
        },
        "2": {
            "sn": "05921",
            "brief": "在…上面"
        },
        "3": {
            "sn": "00216",
            "brief": "光"
        },
        "4": {
            "sn": "08328",
            "brief": "根"
        },
        "5": {
            "sn": "03220",
            "brief": "海"
        },
        "6": {
            "sn": "03680",
            "brief": "遮盖、隐藏"
        },
        "literal": "看哪，他将他的亮光普照在他的四围；他又遮覆海底。"
    },
    "23": {
        "literal": "你不可忘记称赞他所行的为大，就是人所歌颂的。",
        "0": {
            "sn": "02142",
            "brief": "提说、纪念、回想"
        },
        "1": {
            "sn": "03588",
            "brief": "因为、不必翻译"
        },
        "3": {
            "sn": "06467",
            "brief": "作为、工作"
        },
        "4": {
            "sn": "00834",
            "brief": "不必翻译"
        },
        "5": {
            "sn": "07891",
            "brief": "歌手, 女歌手"
        },
        "6": {
            "sn": "00376",
            "brief": "各人、人、男人、丈夫"
        },
        "2": {
            "sn": "07679",
            "brief": "增加，成长，壮大"
        }
    },
    "14": {
        "1": {
            "sn": "06041",
            "brief": "谦卑的、困苦的、卑微的"
        },
        "2": {
            "sn": "06040",
            "brief": "苦难、困苦、穷乏"
        },
        "3": {
            "sn": "01540",
            "brief": "显露、揭开、移除、迁移"
        },
        "4": {
            "sn": "03906",
            "brief": "困苦、欺压"
        },
        "5": {
            "sn": "00241",
            "brief": "耳朵"
        },
        "0": {
            "sn": "02502",
            "brief": "Qal 脱下、配备，Hif‘il 使强壮"
        },
        "literal": "他藉着困苦救拔困苦人，藉着欺压开通他们的耳朵。"
    },
    "5": {
        "literal": "他不使恶人存活，他给困苦人公平。",
        "0": {
            "sn": "03808",
            "brief": "不"
        },
        "1": {
            "sn": "02421",
            "brief": "Qal 活、存活，Pi‘el 生长、复苏、保存生命，Hif‘il 使存活、复活"
        },
        "2": {
            "sn": "07563",
            "brief": "邪恶的"
        },
        "3": {
            "sn": "04941",
            "brief": "正义、公平、审判、律例、规矩"
        },
        "4": {
            "sn": "06041",
            "brief": "谦卑的、困苦的、卑微的"
        },
        "5": {
            "sn": "05414",
            "brief": "使、给"
        }
    },
    "20": {
        "literal": "你要谨慎，不可转向罪孽，因你选择这个(指罪孽)过于苦难。",
        "0": {
            "sn": "08104",
            "brief": "谨守、小心"
        },
        "1": {
            "sn": "00408",
            "brief": "不"
        },
        "2": {
            "sn": "06437",
            "brief": "转向"
        },
        "3": {
            "sn": "00413",
            "brief": "向、往"
        },
        "4": {
            "sn": "00205",
            "brief": "行恶、邪恶、患难"
        },
        "5": {
            "sn": "03588",
            "brief": "因为、不必翻译"
        },
        "6": {
            "sn": "05921",
            "brief": "在…上面"
        },
        "7": {
            "sn": "02088",
            "brief": "这个"
        },
        "8": {
            "sn": "00977",
            "brief": "选择、拣选、挑选"
        },
        "9": {
            "sn": "06040",
            "brief": "苦难、困苦、穷乏"
        }
    },
    "11": {
        "1": {
            "sn": "03808",
            "brief": "不"
        },
        "2": {
            "sn": "08085",
            "brief": "Qal 听、听从，Hif‘il 说明、使…听"
        },
        "literal": "他们若不听从，就要被刀杀灭，无知识而死。",
        "0": {
            "sn": "00518",
            "brief": "如果"
        },
        "3": {
            "sn": "07973",
            "brief": "武器、发芽、长出"
        },
        "4": {
            "sn": "05674",
            "brief": "经过、穿越、涨溢、离开、拿走、违犯、废除"
        },
        "5": {
            "sn": "01478",
            "brief": "断气、死亡"
        },
        "6": {
            "sn": "01097",
            "brief": "没有"
        },
        "7": {
            "sn": "01847",
            "brief": "知识"
        }
    },
    "4": {
        "0": {
            "sn": "02005",
            "brief": "若、看哪"
        },
        "1": {
            "sn": "00410",
            "brief": "上帝、神明、能力、力量"
        },
        "2": {
            "sn": "03524",
            "brief": "有力的、许多的"
        },
        "3": {
            "sn": "03808",
            "brief": "不"
        },
        "4": {
            "sn": "03988",
            "brief": "I. 藐视、拒绝、厌弃、撤回；II. Nif‘al 流动"
        },
        "5": {
            "sn": "03524",
            "brief": "有力的、许多的"
        },
        "6": {
            "sn": "03581",
            "brief": "力量"
        },
        "7": {
            "sn": "03820",
            "brief": "心、心思"
        },
        "literal": "上帝是大能的，并不藐视人；他的智慧甚广。"
    },
    "16": {
        "literal": "但你满有恶人的批评；判断和刑罚抓住你。",
        "0": {
            "sn": "01779",
            "brief": "审判、诉讼、争论"
        },
        "1": {
            "sn": "07563",
            "brief": "邪恶的"
        },
        "2": {
            "sn": "04390",
            "brief": "充满"
        },
        "3": {
            "sn": "01779",
            "brief": "审判、诉讼、争论"
        },
        "4": {
            "sn": "04941",
            "brief": "正义、公平、审判、律例、规矩"
        },
        "5": {
            "sn": "08551",
            "brief": "抓紧、支持"
        }
    },
    "31": {
        "0": {
            "sn": "05921",
            "brief": "在…上面"
        },
        "2": {
            "sn": "03680",
            "brief": "遮盖、隐藏"
        },
        "literal": "他以手遮光，命击中他。",
        "1": {
            "sn": "03709",
            "brief": "手掌"
        },
        "3": {
            "sn": "00216",
            "brief": "光"
        },
        "5": {
            "sn": "05921",
            "brief": "在…上面"
        },
        "4": {
            "sn": "06680",
            "brief": "Pi‘el 命令、吩咐"
        },
        "6": {
            "sn": "06293",
            "brief": "碰触、降灾、乞求、遭遇、相遇、抵达"
        }
    },
    "15": {
        "5": {
            "sn": "03808",
            "brief": "不"
        },
        "literal": "他(指：上帝)也必引你出离患难，进入宽阔没有压迫之地；摆在你席上的必满有肥甘。",
        "0": {
            "sn": "00637",
            "brief": "的确、也、再者"
        },
        "2": {
            "sn": "06310",
            "brief": "口、命令、末端、沿岸、比例"
        },
        "3": {
            "sn": "06862",
            "brief": "I. 狭窄的；II. 患难、困境；III. 敌人"
        },
        "4": {
            "sn": "07338",
            "brief": "宽度、宽广阔张"
        },
        "6": {
            "sn": "04164",
            "brief": "痛苦、患难"
        },
        "7": {
            "sn": "08478",
            "brief": "1. 名词：位置、地方；2. 介系词：在…之下；3. 介系词：代替、因为"
        },
        "8": {
            "sn": "05183",
            "brief": "休息"
        },
        "9": {
            "sn": "07979",
            "brief": "筵席、桌子"
        },
        "10": {
            "sn": "04390",
            "brief": "充满"
        },
        "11": {
            "sn": "01880",
            "brief": "肥油、福气、含脂肪的灰烬"
        },
        "1": {
            "sn": "05496",
            "brief": "唆使、引诱"
        }
    },
    "28": {
        "literal": "谁能明白云彩的铺张，和他的(指：上帝)行宫的雷声呢？",
        "0": {
            "sn": "00637",
            "brief": "的确、也、再者"
        },
        "1": {
            "sn": "00518",
            "brief": "如果"
        },
        "2": {
            "sn": "00995",
            "brief": "分辨、了解、明白"
        },
        "3": {
            "sn": "04666",
            "brief": "展开的东西、扩张铺盖"
        },
        "4": {
            "sn": "05645",
            "brief": "黑暗、密云"
        },
        "5": {
            "sn": "08663",
            "brief": "呐喊、喧闹声"
        },
        "6": {
            "sn": "05521",
            "brief": "遮蔽所、亭子、灌林丛、草棚"
        }
    },
    "22": {
        "5": {
            "sn": "00559",
            "brief": "说"
        },
        "6": {
            "sn": "06466",
            "brief": "制造、工作"
        },
        "7": {
            "sn": "05766",
            "brief": "不公义"
        },
        "literal": "谁派定他的道路？谁能说：你行了不义？",
        "0": {
            "sn": "04310",
            "brief": "谁"
        },
        "1": {
            "sn": "06485",
            "brief": "访问、眷顾、惩罚、派定、计算、缺少"
        },
        "2": {
            "sn": "05921",
            "brief": "在…上面"
        },
        "3": {
            "sn": "01870",
            "brief": "道路、行为、方向、方法"
        },
        "4": {
            "sn": "04310",
            "brief": "谁"
        }
    },
    "6": {
        "0": {
            "sn": "03808",
            "brief": "不"
        },
        "7": {
            "sn": "03427",
            "brief": "居住、坐、停留"
        },
        "literal": "他不将他的眼目从义人移开，和君王同坐宝座，使他们永远被高举。",
        "1": {
            "sn": "01639",
            "brief": "剃净、减少、抑制"
        },
        "2": {
            "sn": "06662",
            "brief": "公义的"
        },
        "3": {
            "sn": "05869",
            "brief": "I. 眼睛，II. 泉水"
        },
        "4": {
            "sn": "00854",
            "brief": "跟"
        },
        "5": {
            "sn": "04428",
            "brief": "君王"
        },
        "6": {
            "sn": "03678",
            "brief": "(荣耀的)宝座, 座位"
        },
        "8": {
            "sn": "05331",
            "brief": "持续、永存、永远、显赫"
        },
        "9": {
            "sn": "01361",
            "brief": "高、举高"
        }
    },
    "30": {
        "literal": "他用这些审判众民，且赐丰富的粮食。",
        "6": {
            "sn": "04342",
            "brief": "丰富"
        },
        "0": {
            "sn": "03588",
            "brief": "因为、不必翻译"
        },
        "1": {
            "sn": "09002",
            "brief": "在、用、藉着、与、敌对"
        },
        "2": {
            "sn": "01777",
            "brief": "审判、竞争、辩护"
        },
        "3": {
            "sn": "05971",
            "brief": "百姓、国民"
        },
        "4": {
            "sn": "05414",
            "brief": "赐、给"
        },
        "5": {
            "sn": "00400",
            "brief": "食物"
        }
    },
    "0": {
        "literal": "以利户又接着说：",
        "0": {
            "sn": "03254",
            "brief": "再一次、增添"
        },
        "1": {
            "sn": "00453",
            "brief": "以利户"
        },
        "2": {
            "sn": "00559",
            "brief": "说"
        }
    },
    "21": {
        "literal": "看哪，上帝藉能力高举；教训人的有谁像他呢？",
        "0": {
            "sn": "02005",
            "brief": "若、看哪"
        },
        "1": {
            "sn": "00410",
            "brief": "上帝、神明、能力、力量"
        },
        "3": {
            "sn": "03581",
            "brief": "力量"
        },
        "4": {
            "sn": "04310",
            "brief": "谁"
        },
        "2": {
            "sn": "07682",
            "brief": "放在高处、崇高、尊崇"
        },
        "5": {
            "sn": "03644",
            "brief": "像"
        },
        "6": {
            "sn": "03384",
            "brief": "Qal 射、抛掷，Hif‘il 教导、射、抛掷"
        }
    },
    "9": {
        "0": {
            "sn": "01540",
            "brief": "显露、揭开、移除、迁移"
        },
        "5": {
            "sn": "07725",
            "brief": "Qal 回复、回转、重复，Po‘lel 带回、复兴、更新，Hif‘il 回报、报告、带回"
        },
        "literal": "他也开通他们的耳朵得受教训，吩咐他们从罪孽转回。",
        "1": {
            "sn": "00241",
            "brief": "耳朵"
        },
        "2": {
            "sn": "04148",
            "brief": "训诲、管教、教导"
        },
        "3": {
            "sn": "00559",
            "brief": "说"
        },
        "4": {
            "sn": "03588",
            "brief": "因为、不必翻译"
        },
        "6": {
            "sn": "00205",
            "brief": "行恶、邪恶、患难"
        }
    },
    "26": {
        "1": {
            "sn": "01639",
            "brief": "剃净、减少、抑制"
        },
        "literal": "他吸取水点，它们(指：水点)从他的云雾中就变成雨；",
        "0": {
            "sn": "03588",
            "brief": "因为、不必翻译"
        },
        "2": {
            "sn": "05198",
            "brief": "水滴"
        },
        "3": {
            "sn": "04325",
            "brief": "水"
        },
        "4": {
            "sn": "02212",
            "brief": "洁净"
        },
        "5": {
            "sn": "04306",
            "brief": "雨"
        },
        "6": {
            "sn": "00108",
            "brief": "雾"
        }
    },
    "24": {
        "5": {
            "sn": "05027",
            "brief": "Qal 看，Hif‘il 仰望、看、注意"
        },
        "literal": "所有人都看见它(指：他所行的)；世人也从远处观看。",
        "0": {
            "sn": "03605",
            "brief": "全部、整个、各"
        },
        "1": {
            "sn": "00120",
            "brief": "人"
        },
        "2": {
            "sn": "02372",
            "brief": "看见"
        },
        "3": {
            "sn": "09002",
            "brief": "在、用、藉着、与、敌对"
        },
        "4": {
            "sn": "00582",
            "brief": "人、人类"
        },
        "6": {
            "sn": "07350",
            "brief": "远方的"
        }
    },
    "27": {
        "literal": "云彩滴流，沛然滴落与世人。",
        "0": {
            "sn": "00834",
            "brief": "不必翻译"
        },
        "1": {
            "sn": "05140",
            "brief": "流、滴、涌流"
        },
        "2": {
            "sn": "07834",
            "brief": "云"
        },
        "3": {
            "sn": "07491",
            "brief": "滴下"
        },
        "4": {
            "sn": "05921",
            "brief": "在…上面"
        },
        "5": {
            "sn": "00120",
            "brief": "人"
        },
        "6": {
            "sn": "07227",
            "brief": "I. 形容词：大量的、许多的、充足的、强盛的；II. 名词：统帅、首领。"
        }
    },
    "3": {
        "2": {
            "sn": "03808",
            "brief": "不"
        },
        "literal": "我的言语真不虚谎；有知识全备的与你同在。",
        "0": {
            "sn": "03588",
            "brief": "因为、不必翻译"
        },
        "1": {
            "sn": "00551",
            "brief": "果然、真的"
        },
        "3": {
            "sn": "08267",
            "brief": "虚假"
        },
        "4": {
            "sn": "04405",
            "brief": "言语"
        },
        "5": {
            "sn": "08549",
            "brief": "完美的、完整的"
        },
        "6": {
            "sn": "01844",
            "brief": "知识"
        },
        "7": {
            "sn": "05973",
            "brief": "跟"
        }
    },
    "8": {
        "0": {
            "sn": "05046",
            "brief": "Hif‘il 告诉、宣布、声明、通知"
        },
        "literal": "他就把他们的作为…向他们说明，(…填入下行)和他们因自大的过犯",
        "1": {
            "sn": "09001",
            "brief": "给、往、向、到、归属于"
        },
        "2": {
            "sn": "06467",
            "brief": "作为、工作"
        },
        "3": {
            "sn": "06588",
            "brief": "背叛、过犯"
        },
        "4": {
            "sn": "03588",
            "brief": "因为、不必翻译"
        },
        "5": {
            "sn": "01396",
            "brief": "有力量"
        }
    },
    "10": {
        "3": {
            "sn": "03615",
            "brief": "Qal 完成、结束、停止，Pi‘el 完成、毁坏、根除"
        },
        "1": {
            "sn": "08085",
            "brief": "Qal 听、听从，Hif‘il 说明、使…听"
        },
        "5": {
            "sn": "02896",
            "brief": "名词：良善、美好、福乐；形容词：良善的、美好的"
        },
        "literal": "他们若听从且事奉，他们就必度日亨通，历年福乐；",
        "0": {
            "sn": "00518",
            "brief": "如果"
        },
        "2": {
            "sn": "05647",
            "brief": "工作、服事"
        },
        "4": {
            "sn": "03117",
            "brief": "日子、时候"
        },
        "6": {
            "sn": "08141",
            "brief": "年"
        },
        "7": {
            "sn": "05273",
            "brief": "甜美的、愉快的、美丽的"
        }
    },
    "13": {
        "literal": "他们必在年少时死亡，他们的生命在污秽人中。",
        "0": {
            "sn": "04191",
            "brief": "死"
        },
        "1": {
            "sn": "05290",
            "brief": "年少时"
        },
        "2": {
            "sn": "05315",
            "brief": "生命、人"
        },
        "3": {
            "sn": "02416",
            "brief": "生命，活着"
        },
        "4": {
            "sn": "06945",
            "brief": "在神殿里的男娼"
        }
    },
    "17": {
        "3": {
            "sn": "05496",
            "brief": "唆使、引诱"
        },
        "8": {
            "sn": "05186",
            "brief": "Qal 伸出、铺张、伸展、延长，Hif‘il 屈枉、转弯、 丢一边"
        },
        "literal": "免得忿怒藉嘲笑触动你；也不可因赎价大就偏行。",
        "0": {
            "sn": "03588",
            "brief": "因为、不必翻译"
        },
        "1": {
            "sn": "02534",
            "brief": "怒气、热"
        },
        "2": {
            "sn": "06435",
            "brief": "免得、恐怕、为了不"
        },
        "4": {
            "sn": "05607",
            "brief": "鼓掌，嘲弄"
        },
        "5": {
            "sn": "07230",
            "brief": "大量、许多"
        },
        "6": {
            "sn": "03724",
            "brief": "赎价、贿赂"
        },
        "7": {
            "sn": "00408",
            "brief": "不"
        }
    },
    "19": {
        "literal": "你不要切慕黑夜，众民在本处被除灭。",
        "0": {
            "sn": "00408",
            "brief": "不"
        },
        "1": {
            "sn": "07602",
            "brief": "呼吸急促、切望"
        },
        "2": {
            "sn": "03915",
            "brief": "夜晚"
        },
        "3": {
            "sn": "05927",
            "brief": "上去、升高、生长、献上"
        },
        "4": {
            "sn": "05971",
            "brief": "百姓、国民"
        },
        "5": {
            "sn": "08478",
            "brief": "1. 名词：位置、地方；2. 介系词：在…之下；3. 介系词：代替、因为"
        }
    },
    "2": {
        "literal": "我要将我所知道的从远处取来，将公义归给造我的主。",
        "0": {
            "sn": "05375",
            "brief": "高举、举起、背负、承担"
        },
        "1": {
            "sn": "01843",
            "brief": "知识，意见"
        },
        "2": {
            "sn": "07350",
            "brief": "远方的"
        },
        "3": {
            "sn": "06466",
            "brief": "制造、工作"
        },
        "4": {
            "sn": "05414",
            "brief": "使、给"
        },
        "5": {
            "sn": "06664",
            "brief": "公义"
        }
    },
    "32": {
        "0": {
            "sn": "05046",
            "brief": "Hif‘il 告诉、宣布、声明、通知"
        },
        "literal": "他的雷声显明他的作为，又向牲畜指明要起暴风。",
        "1": {
            "sn": "05921",
            "brief": "在…上面"
        },
        "2": {
            "sn": "07452",
            "brief": "喊叫"
        },
        "3": {
            "sn": "04735",
            "brief": "牲畜"
        },
        "4": {
            "sn": "00637",
            "brief": "的确、也、再者"
        },
        "5": {
            "sn": "05921",
            "brief": "在…上面"
        },
        "6": {
            "sn": "05927",
            "brief": "上去、升高、生长、献上"
        }
    },
    "1": {
        "0": {
            "sn": "03803",
            "brief": "包围"
        },
        "3": {
            "sn": "02331",
            "brief": "宣告、明示"
        },
        "literal": "你容我片时，我就指示你，因有话为上帝说。",
        "1": {
            "sn": "09001",
            "brief": "给、往、向、到、归属于"
        },
        "2": {
            "sn": "02191",
            "brief": "一点点"
        },
        "4": {
            "sn": "03588",
            "brief": "因为、不必翻译"
        },
        "6": {
            "sn": "00433",
            "brief": "上帝、神、神明"
        },
        "7": {
            "sn": "04405",
            "brief": "言语"
        },
        "5": {
            "sn": "05750",
            "brief": "再、仍然、持续"
        }
    }
}