{
    "1": {
        "1": {
            "sn": "05973",
            "brief": "跟"
        },
        "4": {
            "sn": "03198",
            "brief": "断定是非、判断、证明"
        },
        "literal": "「强辩的岂可与全能者争论吗？上帝的辩驳者，回答它(原文用阴性)吧！」",
        "0": {
            "sn": "07378",
            "brief": "争辩、争讼"
        },
        "2": {
            "sn": "07706",
            "brief": "全能者"
        },
        "3": {
            "sn": "03250",
            "brief": "挑剔的人、斥责的人"
        },
        "5": {
            "sn": "00433",
            "brief": "上帝、神、神明"
        },
        "6": {
            "sn": "06030",
            "brief": "I. 回答、作证；II. 忙；III. 使受苦、 使低微；IV. 唱歌 (I, IV 的 SN 为 6030. II, III 的 SN 为 6031)"
        },
        "7": {
            "sn": "09015",
            "brief": "开的意思"
        }
    },
    "19": {
        "4": {
            "sn": "09001",
            "brief": "给、往、向、到、归属于"
        },
        "0": {
            "sn": "03588",
            "brief": "因为、不必翻译"
        },
        "1": {
            "sn": "00944",
            "brief": "产物"
        },
        "2": {
            "sn": "02022",
            "brief": "山"
        },
        "3": {
            "sn": "05375",
            "brief": "高举、举起、背负、承担"
        },
        "5": {
            "sn": "03605",
            "brief": "全部、整个、各"
        },
        "6": {
            "sn": "02416",
            "brief": "生物"
        },
        "7": {
            "sn": "07704",
            "brief": "田地"
        },
        "9": {
            "sn": "08033",
            "brief": "那里"
        },
        "8": {
            "sn": "07832",
            "brief": "笑、戏笑，Pi‘el 戏笑、弹奏"
        },
        "literal": "诸山给它带来食物，野地的各样生物在那里游玩。"
    },
    "9": {
        "literal": "你要佩带荣耀和庄严，穿上威严和尊荣；",
        "1": {
            "sn": "04994",
            "brief": "作为鼓励语的一部份"
        },
        "2": {
            "sn": "01347",
            "brief": "骄傲、尊贵"
        },
        "3": {
            "sn": "01363",
            "brief": "高"
        },
        "4": {
            "sn": "01935",
            "brief": "威严、壮丽"
        },
        "5": {
            "sn": "01926",
            "brief": "荣光、威严、荣耀"
        },
        "6": {
            "sn": "03847",
            "brief": "穿"
        },
        "0": {
            "sn": "05710",
            "brief": "Qal 前进；Hif‘il 移动、搬开"
        }
    },
    "7": {
        "literal": "你岂可破坏我的公义？你岂可定我有罪，好显你为义？",
        "0": {
            "sn": "00637",
            "brief": "的确、也"
        },
        "2": {
            "sn": "04941",
            "brief": "正义、公平、审判、律例、规矩"
        },
        "4": {
            "sn": "04616",
            "brief": "为了"
        },
        "5": {
            "sn": "06663",
            "brief": "是公义的"
        },
        "3": {
            "sn": "07561",
            "brief": "行恶、犯罪"
        },
        "1": {
            "sn": "06565",
            "brief": "I. Qal + Hitpo‘lel 破裂，分开；II. Hif‘il 违背、破坏、废弃、无效"
        }
    },
    "14": {
        "2": {
            "sn": "00930",
            "brief": "可能是一种已经绝种的恐龙"
        },
        "3": {
            "sn": "00834",
            "brief": "不必翻译"
        },
        "0": {
            "sn": "02009",
            "brief": "看哪"
        },
        "1": {
            "sn": "04994",
            "brief": "作为鼓励语的一部份"
        },
        "4": {
            "sn": "06213",
            "brief": "做"
        },
        "5": {
            "sn": "05973",
            "brief": "跟"
        },
        "6": {
            "sn": "02682",
            "brief": "青草"
        },
        "7": {
            "sn": "01241",
            "brief": "牛"
        },
        "8": {
            "sn": "00398",
            "brief": "吃、吞吃"
        },
        "literal": "看哪，跟你一起，我所造的河马；它吃草像牛一样；"
    },
    "2": {
        "0": {
            "sn": "06030",
            "brief": "I. 回答、作证；II. 忙；III. 使受苦、 使低微；IV. 唱歌 (I, IV 的 SN 为 6030. II, III 的 SN 为 6031)"
        },
        "1": {
            "sn": "00347",
            "brief": "约伯"
        },
        "2": {
            "sn": "00853",
            "brief": "不必翻译"
        },
        "3": {
            "sn": "03068",
            "brief": "上帝的名字「雅威」，犹太人尊称为「上主」"
        },
        "4": {
            "sn": "00559",
            "brief": "说"
        },
        "literal": "约伯回答雅威，说："
    },
    "0": {
        "0": {
            "sn": "06030",
            "brief": "I. 回答、作证；II. 忙；III. 使受苦、 使低微；IV. 唱歌 (I, IV 的 SN 为 6030. II, III 的 SN 为 6031)"
        },
        "1": {
            "sn": "03068",
            "brief": "上帝的名字「雅威」，犹太人尊称为「上主」"
        },
        "2": {
            "sn": "00853",
            "brief": "不必翻译"
        },
        "3": {
            "sn": "00347",
            "brief": "约伯"
        },
        "4": {
            "sn": "00559",
            "brief": "说"
        },
        "literal": "雅威回答约伯，说："
    },
    "13": {
        "0": {
            "sn": "01571",
            "brief": "也"
        },
        "1": {
            "sn": "00589",
            "brief": "我"
        },
        "3": {
            "sn": "03588",
            "brief": "因为、不必翻译"
        },
        "5": {
            "sn": "09001",
            "brief": "给、往、向、到、归属于"
        },
        "6": {
            "sn": "03225",
            "brief": "右手、右边"
        },
        "4": {
            "sn": "03467",
            "brief": "拯救"
        },
        "2": {
            "sn": "03034",
            "brief": "Qal 射，Pi‘el 投掷，Hif‘il 称谢、赞美，Hitpa‘el 认罪、感恩"
        },
        "literal": "这样，我就向你承认，你的右手能救你。"
    },
    "15": {
        "literal": "看哪，它的气力在它的腰间，它的能力在它肚腹的筋上。",
        "0": {
            "sn": "02009",
            "brief": "看哪"
        },
        "1": {
            "sn": "04994",
            "brief": "作为鼓励语的一部份"
        },
        "2": {
            "sn": "03581",
            "brief": "力量"
        },
        "3": {
            "sn": "04975",
            "brief": "腰"
        },
        "4": {
            "sn": "00202",
            "brief": "力量、精力、财富"
        },
        "5": {
            "sn": "08306",
            "brief": "肌腱、肌肉"
        },
        "6": {
            "sn": "00990",
            "brief": "子宫，腹部"
        }
    },
    "18": {
        "5": {
            "sn": "05066",
            "brief": "靠近"
        },
        "0": {
            "sn": "01931",
            "brief": "他"
        },
        "1": {
            "sn": "07225",
            "brief": "最好的、首要"
        },
        "2": {
            "sn": "01870",
            "brief": "道路、行为、方向、方法"
        },
        "3": {
            "sn": "00410",
            "brief": "上帝、神明、能力、力量"
        },
        "4": {
            "sn": "06213",
            "brief": "做"
        },
        "6": {
            "sn": "02719",
            "brief": "刀、刀剑"
        },
        "literal": "它是上帝的道中为首的；创造它的使它的刀剑临近。"
    },
    "6": {
        "0": {
            "sn": "00247",
            "brief": "束腰"
        },
        "1": {
            "sn": "04994",
            "brief": "作为鼓励语的一部份"
        },
        "2": {
            "sn": "01397",
            "brief": "勇士、人"
        },
        "3": {
            "sn": "02504",
            "brief": "腰"
        },
        "4": {
            "sn": "07592",
            "brief": "问、求"
        },
        "5": {
            "sn": "03045",
            "brief": "Qal 知道、认识、辨别、经历，Hif‘il 使知道、宣告"
        },
        "literal": "「你要如勇士束上你的腰；我问你，你来指示我。"
    },
    "21": {
        "0": {
            "sn": "05526",
            "brief": "遮盖、编织、围篱、阻塞"
        },
        "1": {
            "sn": "06628",
            "brief": "一种莲花"
        },
        "2": {
            "sn": "06752",
            "brief": "影子"
        },
        "3": {
            "sn": "05437",
            "brief": "环绕、游行、转"
        },
        "4": {
            "sn": "06155",
            "brief": "柳树、白杨"
        },
        "5": {
            "sn": "05158",
            "brief": "山谷、溪谷、河谷、河床"
        },
        "literal": "莲叶以它的阴影遮蔽它；溪旁的柳树环绕着它。"
    },
    "22": {
        "0": {
            "sn": "02005",
            "brief": "若、看哪"
        },
        "1": {
            "sn": "06231",
            "brief": "欺压、压迫"
        },
        "2": {
            "sn": "05104",
            "brief": "河流"
        },
        "3": {
            "sn": "03808",
            "brief": "不"
        },
        "4": {
            "sn": "02648",
            "brief": "匆忙、逃跑"
        },
        "5": {
            "sn": "00982",
            "brief": "信靠、安稳"
        },
        "6": {
            "sn": "03588",
            "brief": "因为、不必翻译"
        },
        "7": {
            "sn": "01518",
            "brief": "生出、带来"
        },
        "8": {
            "sn": "03383",
            "brief": "约旦河"
        },
        "9": {
            "sn": "00413",
            "brief": "向、往"
        },
        "10": {
            "sn": "06310",
            "brief": "口、命令、末端、沿岸、比例"
        },
        "literal": "河水泛滥，它不发战；…它也安然。(…中填入下行)就是约旦河的水涨到它的口，"
    },
    "3": {
        "literal": "「看哪，我是卑贱的！我怎能回答你呢？我把我的手放在我的口。」",
        "0": {
            "sn": "02005",
            "brief": "若、看哪"
        },
        "2": {
            "sn": "04100",
            "brief": "什么、怎么"
        },
        "4": {
            "sn": "03027",
            "brief": "手、边、力量、权势"
        },
        "5": {
            "sn": "07760",
            "brief": "使、置、放"
        },
        "6": {
            "sn": "03926",
            "brief": "为、给、往、向、到、归属于"
        },
        "7": {
            "sn": "06310",
            "brief": "口、命令、末端、沿岸、比例"
        },
        "3": {
            "sn": "07725",
            "brief": "Qal 回复、回转、重复，Po‘lel 带回、复兴、更新，Hif‘il 回报、报告、带回"
        },
        "1": {
            "sn": "07043",
            "brief": "Qal 轻，Pi‘el 咒骂、诅咒，Pu‘al 被咒骂、被诅咒，Nif‘al 看为轻、轻视，Hif‘il 减轻、轻视"
        }
    },
    "20": {
        "0": {
            "sn": "08478",
            "brief": "1. 名词：位置、地方；2. 介系词：在…之下；3. 介系词：代替、因为"
        },
        "1": {
            "sn": "06628",
            "brief": "一种莲花"
        },
        "2": {
            "sn": "07901",
            "brief": "躺卧、同寝"
        },
        "3": {
            "sn": "05643",
            "brief": "隐密处"
        },
        "4": {
            "sn": "07070",
            "brief": "芦苇、菖蒲、灯台的杈枝、一竿(计量的单位- 六肘)"
        },
        "5": {
            "sn": "01207",
            "brief": "沼泽地、湿地"
        },
        "literal": "它躺卧在莲花之下，在芦苇的隐密处和沼泽地。"
    },
    "16": {
        "literal": "它摇动它的尾巴如香柏树；它大腿的筋互相联络。",
        "0": {
            "sn": "02654",
            "brief": "喜爱、喜悦、喜欢"
        },
        "1": {
            "sn": "02180",
            "brief": "尾部、末端、残干"
        },
        "2": {
            "sn": "03644",
            "brief": "像"
        },
        "3": {
            "sn": "00730",
            "brief": "香柏树"
        },
        "4": {
            "sn": "01517",
            "brief": "腱、体力"
        },
        "5": {
            "sn": "06344",
            "brief": "大腿"
        },
        "6": {
            "sn": "08276",
            "brief": "捆绑"
        }
    },
    "8": {
        "literal": "你有像上帝的膀臂吗？你能像他发雷声吗？",
        "0": {
            "sn": "00518",
            "brief": "如果"
        },
        "1": {
            "sn": "02220",
            "brief": "膀臂、肩膀、力量"
        },
        "2": {
            "sn": "00410",
            "brief": "上帝、神明、能力、力量"
        },
        "3": {
            "sn": "09001",
            "brief": "给、往、向、到、归属于"
        },
        "4": {
            "sn": "06963",
            "brief": "声音"
        },
        "5": {
            "sn": "03644",
            "brief": "像"
        },
        "6": {
            "sn": "07481",
            "brief": "打雷、发怒"
        }
    },
    "17": {
        "0": {
            "sn": "06106",
            "brief": "本体、精髓、骨头"
        },
        "1": {
            "sn": "00650",
            "brief": "水道、沟壑、深谷"
        },
        "2": {
            "sn": "05154",
            "brief": "铜"
        },
        "3": {
            "sn": "01634",
            "brief": "骨头、力量、自己"
        },
        "4": {
            "sn": "04300",
            "brief": "铁棍"
        },
        "5": {
            "sn": "01270",
            "brief": "铁"
        },
        "literal": "它的骨头好像铜管；它的骨骼彷佛铁棍。"
    },
    "4": {
        "0": {
            "sn": "00259",
            "brief": "数目的「一」"
        },
        "3": {
            "sn": "06030",
            "brief": "I. 回答、作证；II. 忙；III. 使受苦、 使低微；IV. 唱歌 (I, IV 的 SN 为 6030. II, III 的 SN 为 6031)"
        },
        "4": {
            "sn": "08147",
            "brief": "数目的「二」"
        },
        "7": {
            "sn": "09015",
            "brief": "开的意思"
        },
        "2": {
            "sn": "03808",
            "brief": "不"
        },
        "5": {
            "sn": "03808",
            "brief": "不"
        },
        "6": {
            "sn": "03254",
            "brief": "再一次、增添"
        },
        "1": {
            "sn": "01696",
            "brief": "Pi‘el 讲、说、指挥"
        },
        "literal": "我说了一次，就不回答；(说了)两次，就不再(说)。」"
    },
    "5": {
        "literal": "雅威回答约伯，从旋风中说：",
        "0": {
            "sn": "06030",
            "brief": "I. 回答、作证；II. 忙；III. 使受苦、 使低微；IV. 唱歌 (I, IV 的 SN 为 6030. II, III 的 SN 为 6031)"
        },
        "1": {
            "sn": "03068",
            "brief": "上帝的名字「雅威」，犹太人尊称为「上主」"
        },
        "2": {
            "sn": "00853",
            "brief": "不必翻译"
        },
        "3": {
            "sn": "00347",
            "brief": "约伯"
        },
        "4": {
            "sn": "04480",
            "brief": "从、出"
        },
        "5": {
            "sn": "05591",
            "brief": "暴风雨、旋风"
        },
        "6": {
            "sn": "00559",
            "brief": "说"
        }
    },
    "10": {
        "1": {
            "sn": "05678",
            "brief": "溢出、忿怒"
        },
        "2": {
            "sn": "00639",
            "brief": "怒气、鼻子"
        },
        "4": {
            "sn": "03605",
            "brief": "全部、整个、各"
        },
        "5": {
            "sn": "01343",
            "brief": "骄傲的"
        },
        "0": {
            "sn": "06327",
            "brief": "撒种、分散"
        },
        "6": {
            "sn": "08213",
            "brief": "降卑、变低、谦卑"
        },
        "3": {
            "sn": "07200",
            "brief": "Qal 看见、看顾、察觉，Nif‘al 显现，Hif‘il 显明"
        },
        "literal": "要发出你满溢的怒气，观看一切骄傲的人，使他降卑；"
    },
    "11": {
        "literal": "观看一切骄傲的人，将他制伏，把恶人践踏在本处；",
        "1": {
            "sn": "03605",
            "brief": "全部、整个、各"
        },
        "2": {
            "sn": "01343",
            "brief": "骄傲的"
        },
        "4": {
            "sn": "01915",
            "brief": "沮丧气馁、践踏"
        },
        "5": {
            "sn": "07563",
            "brief": "邪恶的"
        },
        "6": {
            "sn": "08478",
            "brief": "1. 名词：位置、地方；2. 介系词：在…之下；3. 介系词：代替、因为"
        },
        "3": {
            "sn": "03665",
            "brief": "制止、使变低微"
        },
        "0": {
            "sn": "07200",
            "brief": "Qal 看见、看顾、察觉，Nif‘al 显现，Hif‘il 显明"
        }
    },
    "23": {
        "0": {
            "sn": "05869",
            "brief": "I. 眼睛，II. 泉水"
        },
        "1": {
            "sn": "03947",
            "brief": "买、娶、拿"
        },
        "2": {
            "sn": "04170",
            "brief": "网罗、诱饵、陷阱"
        },
        "3": {
            "sn": "05344",
            "brief": "1) 刺穿、穿孔   2) 诅咒"
        },
        "4": {
            "sn": "00639",
            "brief": "怒气、鼻子"
        },
        "literal": "在它的眼前，谁能捉拿它？谁能牢笼它、穿它的鼻子呢？」"
    },
    "12": {
        "literal": "将他们一同隐藏在尘土中，把他们的脸蒙蔽在隐密处；",
        "0": {
            "sn": "02934",
            "brief": "隐藏"
        },
        "1": {
            "sn": "06083",
            "brief": "土、尘土"
        },
        "2": {
            "sn": "03162",
            "brief": "一起"
        },
        "3": {
            "sn": "06440",
            "brief": "脸"
        },
        "4": {
            "sn": "02280",
            "brief": "绑、包扎"
        },
        "5": {
            "sn": "02934",
            "brief": "隐藏"
        }
    }
}