{
    "1": {
        "5": {
            "sn": "09001",
            "brief": "给、往、向、到、归属于"
        },
        "literal": "你们智慧人要听我的话；有知识的人要留心听我说。",
        "1": {
            "sn": "02450",
            "brief": "智慧的"
        },
        "2": {
            "sn": "04405",
            "brief": "言语"
        },
        "4": {
            "sn": "00238",
            "brief": "侧耳听、留心听"
        },
        "0": {
            "sn": "08085",
            "brief": "Qal 听、听从，Hif‘il 说明、使…听"
        },
        "3": {
            "sn": "03045",
            "brief": "Qal 知道、认识、辨别、经历，Hif‘il 使知道、宣告"
        }
    },
    "9": {
        "4": {
            "sn": "09001",
            "brief": "给、往、向、到、归属于"
        },
        "3": {
            "sn": "08085",
            "brief": "Qal 听、听从，Hif‘il 说明、使…听"
        },
        "literal": "所以，明理的人，你们要听从我。上帝断不致行恶；全能者断不致不公义。",
        "0": {
            "sn": "03651",
            "brief": "副词：因此、如此、这样；形容词：对、真的、公平、诚实"
        },
        "1": {
            "sn": "00376",
            "brief": "各人、人、男人、丈夫"
        },
        "2": {
            "sn": "03824",
            "brief": "心"
        },
        "5": {
            "sn": "02486",
            "brief": "(我的...)绝不是那样"
        },
        "6": {
            "sn": "00410",
            "brief": "上帝、神明、能力、力量"
        },
        "7": {
            "sn": "07562",
            "brief": "邪恶、犯罪"
        },
        "8": {
            "sn": "07706",
            "brief": "全能者"
        },
        "9": {
            "sn": "05766",
            "brief": "不公义"
        }
    },
    "18": {
        "2": {
            "sn": "05375",
            "brief": "高举、举起、背负、承担"
        },
        "5": {
            "sn": "03808",
            "brief": "不"
        },
        "literal": "他待王子不徇情面，也不看重富足的过于贫穷的，因为他们都是他手所造。",
        "0": {
            "sn": "00834",
            "brief": "不必翻译"
        },
        "6": {
            "sn": "05234",
            "brief": "认识、承认"
        },
        "3": {
            "sn": "06440",
            "brief": "脸"
        },
        "4": {
            "sn": "08269",
            "brief": "领袖"
        },
        "7": {
            "sn": "07771",
            "brief": "慷慨的、富有、高贵"
        },
        "8": {
            "sn": "03942",
            "brief": "在…面前"
        },
        "1": {
            "sn": "03808",
            "brief": "不"
        },
        "9": {
            "sn": "01800",
            "brief": "贫穷的、卑微的、弱的"
        },
        "10": {
            "sn": "03588",
            "brief": "因为、不必翻译"
        },
        "11": {
            "sn": "04639",
            "brief": "行为、工作"
        },
        "12": {
            "sn": "03027",
            "brief": "手、边、力量、权势"
        },
        "13": {
            "sn": "03605",
            "brief": "全部、整个、各"
        }
    },
    "23": {
        "2": {
            "sn": "03808",
            "brief": "不"
        },
        "literal": "他不需查究就能打破有能力的人，设立别人代替他们。",
        "0": {
            "sn": "07489",
            "brief": "I. 行恶 ；II. 破坏、打破"
        },
        "1": {
            "sn": "03524",
            "brief": "有力的、许多的"
        },
        "3": {
            "sn": "02714",
            "brief": "侦测、调查"
        },
        "5": {
            "sn": "00312",
            "brief": "别的"
        },
        "6": {
            "sn": "08478",
            "brief": "1. 名词：位置、地方；2. 介系词：在…之下；3. 介系词：代替、因为"
        },
        "4": {
            "sn": "05975",
            "brief": "Qal 站立、侍立、停留，Hif‘il 设立、使坚定"
        }
    },
    "19": {
        "9": {
            "sn": "03808",
            "brief": "不"
        },
        "literal": "在转眼之间，半夜之中，他们就死亡。百姓被震动而去世；有权力的被夺去非借人手。",
        "0": {
            "sn": "07281",
            "brief": "一时之间"
        },
        "1": {
            "sn": "04191",
            "brief": "死"
        },
        "2": {
            "sn": "02676",
            "brief": "一半、中间"
        },
        "3": {
            "sn": "03915",
            "brief": "夜晚"
        },
        "5": {
            "sn": "05971",
            "brief": "百姓、国民"
        },
        "6": {
            "sn": "05674",
            "brief": "经过、穿越、涨溢、离开、拿走、违犯、废除"
        },
        "7": {
            "sn": "05493",
            "brief": "转离、除去"
        },
        "8": {
            "sn": "00047",
            "brief": "顽固的、强有力的"
        },
        "10": {
            "sn": "03027",
            "brief": "手、边、力量、权势"
        },
        "4": {
            "sn": "01607",
            "brief": "摇动"
        }
    },
    "11": {
        "3": {
            "sn": "03808",
            "brief": "不"
        },
        "6": {
            "sn": "03808",
            "brief": "不"
        },
        "literal": "上帝必不作恶；全能者也不曲解公平。",
        "0": {
            "sn": "00637",
            "brief": "的确、也"
        },
        "1": {
            "sn": "00551",
            "brief": "果然、真的"
        },
        "2": {
            "sn": "00410",
            "brief": "上帝、神明、能力、力量"
        },
        "4": {
            "sn": "07561",
            "brief": "行恶、犯罪"
        },
        "5": {
            "sn": "07706",
            "brief": "全能者"
        },
        "7": {
            "sn": "05791",
            "brief": "弯曲、屈身"
        },
        "8": {
            "sn": "04941",
            "brief": "正义、公平、审判、律例、规矩"
        }
    },
    "36": {
        "3": {
            "sn": "02403",
            "brief": "罪、赎罪祭、除罪、罪罚"
        },
        "8": {
            "sn": "00561",
            "brief": "言语，命令"
        },
        "9": {
            "sn": "00410",
            "brief": "上帝、神明、能力、力量"
        },
        "7": {
            "sn": "07235",
            "brief": "多、变多"
        },
        "literal": "他在他的罪上又加悖逆；在我们中间敲击，用他的许多言语敌对上帝。",
        "0": {
            "sn": "03588",
            "brief": "因为、不必翻译"
        },
        "2": {
            "sn": "05921",
            "brief": "在…上面"
        },
        "4": {
            "sn": "06588",
            "brief": "背叛、过犯"
        },
        "5": {
            "sn": "00996",
            "brief": "在…之间"
        },
        "6": {
            "sn": "05606",
            "brief": "击、拍"
        },
        "10": {
            "sn": "09014",
            "brief": "关闭的意思"
        },
        "1": {
            "sn": "03254",
            "brief": "再一次、增添"
        }
    },
    "29": {
        "literal": "不虔敬的人不得作王，免得牢笼百姓。",
        "0": {
            "sn": "04427",
            "brief": "作王、统治"
        },
        "1": {
            "sn": "00120",
            "brief": "人"
        },
        "2": {
            "sn": "02611",
            "brief": "亵渎的、不信神的、伪善的"
        },
        "3": {
            "sn": "04170",
            "brief": "网罗、诱饵、陷阱"
        },
        "4": {
            "sn": "05971",
            "brief": "百姓、国民"
        }
    },
    "10": {
        "7": {
            "sn": "04672",
            "brief": "寻找、追上、获得、发现"
        },
        "literal": "他必按人所做的报应他，使他(指：人)照各人所行的得报。",
        "0": {
            "sn": "03588",
            "brief": "因为、不必翻译"
        },
        "1": {
            "sn": "06467",
            "brief": "作为、工作"
        },
        "2": {
            "sn": "00120",
            "brief": "人"
        },
        "4": {
            "sn": "09001",
            "brief": "给、往、向、到、归属于"
        },
        "5": {
            "sn": "00734",
            "brief": "路、路径"
        },
        "6": {
            "sn": "00376",
            "brief": "各人、人、男人、丈夫"
        },
        "3": {
            "sn": "07999",
            "brief": "Qal 平安，Pi‘el 还愿、完成、回报"
        }
    },
    "31": {
        "literal": "我所看不明的，求你指教我；我若行了不义，必不再(作)。」",
        "8": {
            "sn": "03254",
            "brief": "再一次、增添"
        },
        "3": {
            "sn": "03384",
            "brief": "Qal 射、抛掷，Hif‘il 教导、射、抛掷"
        },
        "0": {
            "sn": "01107",
            "brief": "除了"
        },
        "1": {
            "sn": "02372",
            "brief": "看见"
        },
        "2": {
            "sn": "00859",
            "brief": "你"
        },
        "4": {
            "sn": "00518",
            "brief": "如果"
        },
        "5": {
            "sn": "05766",
            "brief": "不公义"
        },
        "6": {
            "sn": "06466",
            "brief": "制造、工作"
        },
        "7": {
            "sn": "03808",
            "brief": "不"
        }
    },
    "33": {
        "0": {
            "sn": "00376",
            "brief": "人、各人、男人、丈夫"
        },
        "1": {
            "sn": "03824",
            "brief": "心"
        },
        "literal": "明理的人…必对我说：(…填入下行)和听从我的智慧人",
        "2": {
            "sn": "00559",
            "brief": "说"
        },
        "3": {
            "sn": "09001",
            "brief": "给、往、向、到、归属于"
        },
        "4": {
            "sn": "01397",
            "brief": "勇士、人"
        },
        "5": {
            "sn": "02450",
            "brief": "智慧的"
        },
        "7": {
            "sn": "09001",
            "brief": "给、往、向、到、归属于"
        },
        "6": {
            "sn": "08085",
            "brief": "Qal 听、听从，Hif‘il 说明、使…听"
        }
    },
    "5": {
        "2": {
            "sn": "03576",
            "brief": "无效、欺骗、说谎"
        },
        "literal": "我虽有理，(还算为)我说谎；我虽无过，受的箭伤是致命的。",
        "0": {
            "sn": "05921",
            "brief": "在…上面"
        },
        "1": {
            "sn": "04941",
            "brief": "正义、公平、审判、律例、规矩"
        },
        "3": {
            "sn": "00605",
            "brief": "极、致命的、生病"
        },
        "4": {
            "sn": "02671",
            "brief": "箭"
        },
        "5": {
            "sn": "01097",
            "brief": "没有"
        },
        "6": {
            "sn": "06588",
            "brief": "背叛、过犯"
        }
    },
    "35": {
        "0": {
            "sn": "00015",
            "brief": "恳求、渴想、渴望"
        },
        "1": {
            "sn": "00974",
            "brief": "试验"
        },
        "2": {
            "sn": "00347",
            "brief": "约伯"
        },
        "3": {
            "sn": "05704",
            "brief": "直到、甚至"
        },
        "4": {
            "sn": "05331",
            "brief": "持续、永存、永远、显赫"
        },
        "5": {
            "sn": "05921",
            "brief": "在…上面"
        },
        "6": {
            "sn": "08666",
            "brief": "回答、答覆"
        },
        "7": {
            "sn": "00376",
            "brief": "各人、人、男人、丈夫"
        },
        "8": {
            "sn": "00205",
            "brief": "行恶、邪恶、患难"
        },
        "literal": "我希望约伯被试验，直到永远，因他回答像恶人一样。"
    },
    "27": {
        "0": {
            "sn": "00935",
            "brief": "来、进入、临到、发生"
        },
        "literal": "使贫穷人的哀声达到他那里；他也听了困苦人的哀声。",
        "1": {
            "sn": "05921",
            "brief": "在…上面"
        },
        "2": {
            "sn": "06818",
            "brief": "喊叫、哭声"
        },
        "3": {
            "sn": "01800",
            "brief": "贫穷的、卑微的、弱的"
        },
        "4": {
            "sn": "06818",
            "brief": "喊叫、哭声"
        },
        "5": {
            "sn": "06041",
            "brief": "谦卑的、困苦的、卑微的"
        },
        "6": {
            "sn": "08085",
            "brief": "Qal 听、听从，Hif‘il 说明、使…听"
        }
    },
    "25": {
        "4": {
            "sn": "07200",
            "brief": "Qal 看见、看顾、察觉，Nif‘al 显现，Hif‘il 显明"
        },
        "literal": "他因(他们的)邪恶击打他们，在众人看见的地方。",
        "1": {
            "sn": "07563",
            "brief": "邪恶的"
        },
        "2": {
            "sn": "05606",
            "brief": "击、拍"
        },
        "3": {
            "sn": "04725",
            "brief": "地方"
        },
        "0": {
            "sn": "08478",
            "brief": "1. 名词：位置、地方；2. 介系词：在…之下；3. 介系词：代替、因为"
        }
    },
    "28": {
        "4": {
            "sn": "05641",
            "brief": "Nif‘al 隐藏、躲藏"
        },
        "1": {
            "sn": "08252",
            "brief": "安静"
        },
        "3": {
            "sn": "07561",
            "brief": "行恶、犯罪"
        },
        "literal": "他安静，谁能定罪呢？他掩面，谁能瞻望他呢？无论待一国或一人都是如此。",
        "0": {
            "sn": "01931",
            "brief": "他"
        },
        "2": {
            "sn": "04310",
            "brief": "谁"
        },
        "5": {
            "sn": "06440",
            "brief": "脸"
        },
        "6": {
            "sn": "04310",
            "brief": "谁"
        },
        "7": {
            "sn": "07789",
            "brief": "看、观察"
        },
        "8": {
            "sn": "05921",
            "brief": "在…上面"
        },
        "9": {
            "sn": "01471",
            "brief": "国家、人民"
        },
        "10": {
            "sn": "05921",
            "brief": "在…上面"
        },
        "11": {
            "sn": "00120",
            "brief": "人"
        },
        "12": {
            "sn": "03162",
            "brief": "一起"
        }
    },
    "20": {
        "2": {
            "sn": "05921",
            "brief": "在…上面"
        },
        "7": {
            "sn": "07200",
            "brief": "Qal 看见、看顾、察觉，Nif‘al 显现，Hif‘il 显明"
        },
        "literal": "他(指：上帝)注目在人的道路，看明他(指：人)一切的脚步。",
        "0": {
            "sn": "03588",
            "brief": "因为、不必翻译"
        },
        "1": {
            "sn": "05869",
            "brief": "I. 眼睛，II. 泉水"
        },
        "3": {
            "sn": "01870",
            "brief": "道路、行为、方向、方法"
        },
        "4": {
            "sn": "00376",
            "brief": "各人、人、男人、丈夫"
        },
        "5": {
            "sn": "03605",
            "brief": "全部、整个、各"
        },
        "6": {
            "sn": "06806",
            "brief": "脚步"
        }
    },
    "24": {
        "literal": "他留意他们的行为，在夜间他倾倒，他们就被压碎。",
        "0": {
            "sn": "03651",
            "brief": "副词：因此、如此、这样；形容词：对、真的、公平、诚实"
        },
        "2": {
            "sn": "04566",
            "brief": "所作所为"
        },
        "3": {
            "sn": "02015",
            "brief": "转变、推翻、倾覆"
        },
        "4": {
            "sn": "03915",
            "brief": "夜晚"
        },
        "1": {
            "sn": "05234",
            "brief": "认识、承认"
        },
        "5": {
            "sn": "01792",
            "brief": "压碎、使后悔"
        }
    },
    "26": {
        "literal": "因为他们偏行不跟从他，也不留心他一切的道，",
        "0": {
            "sn": "00834",
            "brief": "不必翻译"
        },
        "1": {
            "sn": "05921",
            "brief": "在…上面"
        },
        "2": {
            "sn": "03651",
            "brief": "副词：因此、如此、这样；形容词：对、真的、公平、诚实"
        },
        "3": {
            "sn": "05493",
            "brief": "转离、除去"
        },
        "4": {
            "sn": "00310",
            "brief": "后面、跟着"
        },
        "5": {
            "sn": "03605",
            "brief": "全部、整个、各"
        },
        "6": {
            "sn": "01870",
            "brief": "道路、行为、方向、方法"
        },
        "7": {
            "sn": "03808",
            "brief": "不"
        },
        "8": {
            "sn": "07919",
            "brief": "Qal 明白、聪明、谨慎，Pi‘el 手交叉，Hif‘il 有洞察力、教导、成功、顺利"
        }
    },
    "34": {
        "3": {
            "sn": "01696",
            "brief": "Pi‘el 讲、说、指挥"
        },
        "1": {
            "sn": "03808",
            "brief": "不"
        },
        "5": {
            "sn": "03808",
            "brief": "不"
        },
        "literal": "约伯说话没有知识，他的言语毫无智慧。",
        "6": {
            "sn": "07919",
            "brief": "Qal 明白、聪明、谨慎，Pi‘el 手交叉，Hif‘il 有洞察力、教导、成功、顺利"
        },
        "0": {
            "sn": "00347",
            "brief": "约伯"
        },
        "2": {
            "sn": "01847",
            "brief": "知识"
        },
        "4": {
            "sn": "01697",
            "brief": "话语、事情"
        }
    },
    "22": {
        "literal": "他不必再三鉴察人，就可召(人)到上帝那裏受审判，",
        "0": {
            "sn": "03588",
            "brief": "因为、不必翻译"
        },
        "2": {
            "sn": "05921",
            "brief": "在…上面"
        },
        "3": {
            "sn": "00376",
            "brief": "各人、人、男人、丈夫"
        },
        "4": {
            "sn": "07760",
            "brief": "使、置、放"
        },
        "6": {
            "sn": "01980",
            "brief": "去、来"
        },
        "7": {
            "sn": "00413",
            "brief": "向、往"
        },
        "8": {
            "sn": "00410",
            "brief": "上帝、神明、能力、力量"
        },
        "9": {
            "sn": "04941",
            "brief": "正义、公平、审判、律例、规矩"
        },
        "1": {
            "sn": "03808",
            "brief": "不"
        },
        "5": {
            "sn": "05750",
            "brief": "再、仍然、持续"
        }
    },
    "15": {
        "2": {
            "sn": "08085",
            "brief": "Qal 听、听从，Hif‘il 说明、使…听"
        },
        "literal": "你若明理，就当听这个(指以利户的话)，侧耳听我言语的声音。",
        "0": {
            "sn": "00518",
            "brief": "如果"
        },
        "1": {
            "sn": "00998",
            "brief": "了解、悟性、明哲、聪明"
        },
        "4": {
            "sn": "00238",
            "brief": "侧耳听、留心听"
        },
        "3": {
            "sn": "02063",
            "brief": "这个"
        },
        "5": {
            "sn": "06963",
            "brief": "声音"
        },
        "6": {
            "sn": "04405",
            "brief": "言语"
        }
    },
    "30": {
        "5": {
            "sn": "03808",
            "brief": "不"
        },
        "literal": "有谁对上帝说：「我受了责罚，不再犯罪；",
        "0": {
            "sn": "03588",
            "brief": "因为、不必翻译"
        },
        "1": {
            "sn": "00413",
            "brief": "向、往"
        },
        "2": {
            "sn": "00410",
            "brief": "上帝、神明、能力、力量"
        },
        "3": {
            "sn": "00559",
            "brief": "说"
        },
        "4": {
            "sn": "05375",
            "brief": "高举、举起、背负、承担"
        },
        "6": {
            "sn": "02254",
            "brief": "I. Qal 绑、典当，Pi‘el 分娩阵痛；II. Pi‘el 毁坏、破坏"
        }
    },
    "3": {
        "3": {
            "sn": "03045",
            "brief": "Qal 知道、认识、辨别、经历，Hif‘il 使知道、宣告"
        },
        "6": {
            "sn": "02896",
            "brief": "名词：良善、美好、福乐；形容词：良善的、美好的"
        },
        "literal": "我们当为自己选择公正，在我们之间当知道何为善。",
        "0": {
            "sn": "04941",
            "brief": "正义、公平、审判、律例、规矩"
        },
        "1": {
            "sn": "00977",
            "brief": "选择、拣选、挑选"
        },
        "2": {
            "sn": "09001",
            "brief": "给、往、向、到、归属于"
        },
        "4": {
            "sn": "00996",
            "brief": "在…之间"
        },
        "5": {
            "sn": "04100",
            "brief": "什么、怎么"
        }
    },
    "0": {
        "literal": "以利户回答说：",
        "0": {
            "sn": "06030",
            "brief": "I. 回答、作证；II. 忙；III. 使受苦、 使低微；IV. 唱歌 (I, IV 的 SN 为 6030. II, III 的 SN 为 6031)"
        },
        "1": {
            "sn": "00453",
            "brief": "以利户"
        },
        "2": {
            "sn": "00559",
            "brief": "说"
        }
    },
    "2": {
        "literal": "因为耳朵试验话语，上膛尝食物。",
        "0": {
            "sn": "03588",
            "brief": "因为、不必翻译"
        },
        "1": {
            "sn": "00241",
            "brief": "耳朵"
        },
        "2": {
            "sn": "04405",
            "brief": "言语"
        },
        "3": {
            "sn": "00974",
            "brief": "试验"
        },
        "4": {
            "sn": "02441",
            "brief": "嘴、上颚、味道"
        },
        "5": {
            "sn": "02938",
            "brief": "尝"
        },
        "6": {
            "sn": "00398",
            "brief": "吃、吞吃"
        }
    },
    "13": {
        "literal": "他若专心为己，将他的灵和气收归自己，",
        "0": {
            "sn": "00518",
            "brief": "如果"
        },
        "1": {
            "sn": "07760",
            "brief": "使、置、放"
        },
        "2": {
            "sn": "00413",
            "brief": "向、往"
        },
        "3": {
            "sn": "03820",
            "brief": "心"
        },
        "4": {
            "sn": "07307",
            "brief": "灵、气、风"
        },
        "5": {
            "sn": "05397",
            "brief": "气息、灵"
        },
        "6": {
            "sn": "00413",
            "brief": "向、往"
        },
        "7": {
            "sn": "00622",
            "brief": "聚集、夺去"
        }
    },
    "14": {
        "literal": "凡有血气的就必一同死亡；世人必仍归尘土。",
        "0": {
            "sn": "01478",
            "brief": "断气、死亡"
        },
        "1": {
            "sn": "03605",
            "brief": "全部、整个、各"
        },
        "2": {
            "sn": "01320",
            "brief": "肉、身体"
        },
        "3": {
            "sn": "03162",
            "brief": "一起"
        },
        "4": {
            "sn": "00120",
            "brief": "人"
        },
        "5": {
            "sn": "05921",
            "brief": "在…上面"
        },
        "6": {
            "sn": "06083",
            "brief": "土、尘土"
        },
        "7": {
            "sn": "07725",
            "brief": "Qal 回复、回转、重复，Po‘lel 带回、复兴、更新，Hif‘il 回报、报告、带回"
        }
    },
    "16": {
        "literal": "难道恨恶公平的可以掌权吗？那有公义的、有大能的，你岂可定他有罪吗？",
        "0": {
            "sn": "00637",
            "brief": "的确、也"
        },
        "1": {
            "sn": "08130",
            "brief": "恨"
        },
        "2": {
            "sn": "04941",
            "brief": "正义、公平、审判、律例、规矩"
        },
        "3": {
            "sn": "02280",
            "brief": "绑、包扎"
        },
        "4": {
            "sn": "00518",
            "brief": "如果"
        },
        "5": {
            "sn": "06662",
            "brief": "公义的"
        },
        "6": {
            "sn": "03524",
            "brief": "有力的、许多的"
        },
        "7": {
            "sn": "07561",
            "brief": "行恶、犯罪"
        }
    },
    "7": {
        "6": {
            "sn": "05973",
            "brief": "跟"
        },
        "literal": "他与作孽的人结伴而行，和邪恶的人同行。",
        "0": {
            "sn": "00732",
            "brief": "游走、旅行"
        },
        "1": {
            "sn": "02274",
            "brief": "相伴、 结交"
        },
        "2": {
            "sn": "05973",
            "brief": "跟"
        },
        "3": {
            "sn": "06466",
            "brief": "制造、工作"
        },
        "4": {
            "sn": "00205",
            "brief": "行恶、邪恶、患难"
        },
        "5": {
            "sn": "01980",
            "brief": "去、来"
        },
        "7": {
            "sn": "00376",
            "brief": "各人、人、男人、丈夫"
        },
        "8": {
            "sn": "07562",
            "brief": "邪恶、犯罪"
        }
    },
    "6": {
        "literal": "哪个人像约伯，喝讥诮如同(喝)水呢？",
        "0": {
            "sn": "04310",
            "brief": "谁"
        },
        "1": {
            "sn": "01397",
            "brief": "勇士、人"
        },
        "2": {
            "sn": "00347",
            "brief": "约伯"
        },
        "3": {
            "sn": "08354",
            "brief": "喝"
        },
        "4": {
            "sn": "03933",
            "brief": "嘲笑"
        },
        "5": {
            "sn": "04325",
            "brief": "水"
        }
    },
    "12": {
        "literal": "谁派他治理地，谁安定全世界呢？",
        "0": {
            "sn": "04310",
            "brief": "谁"
        },
        "1": {
            "sn": "06485",
            "brief": "访问、眷顾、惩罚、派定、计算、缺少"
        },
        "2": {
            "sn": "05921",
            "brief": "在…上面"
        },
        "3": {
            "sn": "00776",
            "brief": "地、邦国、疆界"
        },
        "4": {
            "sn": "04310",
            "brief": "谁"
        },
        "5": {
            "sn": "07760",
            "brief": "使、置、放"
        },
        "6": {
            "sn": "08398",
            "brief": "世界"
        },
        "7": {
            "sn": "03605",
            "brief": "全部、整个、各"
        }
    },
    "17": {
        "literal": "谁对君王说：你是鄙陋的；对贵臣说：你是邪恶的。",
        "0": {
            "sn": "00559",
            "brief": "说"
        },
        "1": {
            "sn": "04428",
            "brief": "君王"
        },
        "2": {
            "sn": "01100",
            "brief": "邪恶、没有价值、毁灭"
        },
        "3": {
            "sn": "07563",
            "brief": "邪恶的"
        },
        "4": {
            "sn": "00413",
            "brief": "向、往"
        },
        "5": {
            "sn": "05081",
            "brief": "高贵的"
        }
    },
    "32": {
        "7": {
            "sn": "03808",
            "brief": "不"
        },
        "literal": "是他未照你的心愿回报她，你才拒绝(这样做)吗？要作选择的是你，不是我。你所知道的只管说吧！",
        "0": {
            "sn": "05973",
            "brief": "跟"
        },
        "2": {
            "sn": "03588",
            "brief": "因为、不必翻译"
        },
        "4": {
            "sn": "03588",
            "brief": "因为、不必翻译"
        },
        "5": {
            "sn": "00859",
            "brief": "你"
        },
        "6": {
            "sn": "00977",
            "brief": "选择、拣选、挑选"
        },
        "1": {
            "sn": "07999",
            "brief": "Qal 平安，Pi‘el 还愿、完成、回报"
        },
        "8": {
            "sn": "00589",
            "brief": "我"
        },
        "9": {
            "sn": "04100",
            "brief": "什么、怎么"
        },
        "11": {
            "sn": "01696",
            "brief": "Pi‘el 讲、说、指挥"
        },
        "3": {
            "sn": "03988",
            "brief": "I. 藐视、拒绝、厌弃、撤回；II. Nif‘al 流动"
        },
        "10": {
            "sn": "03045",
            "brief": "Qal 知道、认识、辨别、经历，Hif‘il 使知道、宣告"
        }
    },
    "21": {
        "literal": "没有黑暗、没有阴翳，能让作孽的藏在那里。",
        "0": {
            "sn": "00369",
            "brief": "不存在、没有"
        },
        "1": {
            "sn": "02822",
            "brief": "黑暗"
        },
        "2": {
            "sn": "00369",
            "brief": "不存在、没有"
        },
        "3": {
            "sn": "06757",
            "brief": "死荫"
        },
        "5": {
            "sn": "08033",
            "brief": "那里"
        },
        "6": {
            "sn": "06466",
            "brief": "制造、工作"
        },
        "7": {
            "sn": "00205",
            "brief": "行恶、邪恶、患难"
        },
        "4": {
            "sn": "05641",
            "brief": "Nif‘al 隐藏、躲藏"
        }
    },
    "4": {
        "literal": "约伯曾说：『我是公义的，上帝却夺去我的公理；",
        "0": {
            "sn": "03588",
            "brief": "因为、不必翻译"
        },
        "1": {
            "sn": "00559",
            "brief": "说"
        },
        "2": {
            "sn": "00347",
            "brief": "约伯"
        },
        "3": {
            "sn": "06663",
            "brief": "是公义的"
        },
        "4": {
            "sn": "00410",
            "brief": "上帝、神明、能力、力量"
        },
        "6": {
            "sn": "04941",
            "brief": "正义、公平、审判、律例、规矩"
        },
        "5": {
            "sn": "05493",
            "brief": "转离、除去"
        }
    },
    "8": {
        "literal": "因为他说：…总是无益。(…填入下行)人以上帝为乐，",
        "0": {
            "sn": "03588",
            "brief": "因为、不必翻译"
        },
        "1": {
            "sn": "00559",
            "brief": "说"
        },
        "4": {
            "sn": "01397",
            "brief": "勇士、人"
        },
        "5": {
            "sn": "07521",
            "brief": "喜悦"
        },
        "6": {
            "sn": "05973",
            "brief": "跟"
        },
        "7": {
            "sn": "00430",
            "brief": "上帝、神、神明"
        },
        "2": {
            "sn": "03808",
            "brief": "不"
        },
        "3": {
            "sn": "05532",
            "brief": "Qal 有利、有益，Hif‘il 熟悉、习惯"
        }
    }
}