{
    "21": {
        "2": {
            "sn": "03808",
            "brief": "不"
        },
        "4": {
            "sn": "03808",
            "brief": "不"
        },
        "literal": "它嗤笑可怕的事并不惊惶，也不因刀剑退回。",
        "1": {
            "sn": "06343",
            "brief": "惊慌"
        },
        "3": {
            "sn": "02865",
            "brief": "惊惶、惊慌、破坏、毁坏"
        },
        "0": {
            "sn": "07832",
            "brief": "笑、戏笑，Pi‘el 戏笑、弹奏"
        },
        "6": {
            "sn": "06440",
            "brief": "脸"
        },
        "7": {
            "sn": "02719",
            "brief": "刀、刀剑"
        },
        "5": {
            "sn": "07725",
            "brief": "Qal 回复、回转、重复，Po‘lel 带回、复兴、更新，Hif‘il 回报、报告、带回"
        }
    },
    "23": {
        "4": {
            "sn": "03808",
            "brief": "不"
        },
        "literal": "在震动与怒气中它将地吞下；一听角声就不耐站立。",
        "2": {
            "sn": "01572",
            "brief": "吞下 (液体)"
        },
        "0": {
            "sn": "07494",
            "brief": "地震、摇动、颤动"
        },
        "1": {
            "sn": "07267",
            "brief": "烦恼、发抖"
        },
        "3": {
            "sn": "00776",
            "brief": "地、邦国、疆界"
        },
        "6": {
            "sn": "03588",
            "brief": "因为、不必翻译"
        },
        "7": {
            "sn": "06963",
            "brief": "声音"
        },
        "8": {
            "sn": "07782",
            "brief": "角"
        },
        "5": {
            "sn": "00539",
            "brief": "Qal 坚定、支持，Nif‘al 确立、忠心、可靠的，Hif‘il 相信、确信"
        }
    },
    "15": {
        "1": {
            "sn": "01121",
            "brief": "儿子、孙子、后裔、成员"
        },
        "3": {
            "sn": "09001",
            "brief": "给、往、向、到、归属于"
        },
        "4": {
            "sn": "07385",
            "brief": "虚空"
        },
        "5": {
            "sn": "03018",
            "brief": "劳碌"
        },
        "6": {
            "sn": "01097",
            "brief": "没有"
        },
        "7": {
            "sn": "06343",
            "brief": "恐惧、害怕"
        },
        "2": {
            "sn": "03808",
            "brief": "不"
        },
        "0": {
            "sn": "07188",
            "brief": "使心硬"
        },
        "literal": "它粗暴待它(原文用阴性，下同)的幼雏，似乎不是它的；虽然它的劳碌归于虚空，也不惧怕；"
    },
    "10": {
        "literal": "你岂可因它的力大就倚靠它？岂可把你的工留给它吗？",
        "0": {
            "sn": "00982",
            "brief": "倚赖、信靠"
        },
        "1": {
            "sn": "09002",
            "brief": "在、用、藉着、与、敌对"
        },
        "2": {
            "sn": "03588",
            "brief": "因为、不必翻译"
        },
        "3": {
            "sn": "07227",
            "brief": "I. 形容词：大量的、许多的、充足的，II. 名词：统帅、首领。"
        },
        "4": {
            "sn": "03581",
            "brief": "力量"
        },
        "5": {
            "sn": "05800",
            "brief": "I. 离弃、遗弃；II. 修复"
        },
        "6": {
            "sn": "00413",
            "brief": "向、往"
        },
        "7": {
            "sn": "03018",
            "brief": "劳碌"
        }
    },
    "28": {
        "literal": "从那里寻找食物，眼睛远远观望。",
        "0": {
            "sn": "08033",
            "brief": "那里"
        },
        "1": {
            "sn": "02658",
            "brief": "挖、寻找"
        },
        "2": {
            "sn": "00400",
            "brief": "食物"
        },
        "3": {
            "sn": "07350",
            "brief": "远方的"
        },
        "4": {
            "sn": "05869",
            "brief": "I. 眼睛，II. 泉水"
        },
        "5": {
            "sn": "05027",
            "brief": "Qal 看，Hif‘il 仰望、看、注意"
        }
    },
    "18": {
        "literal": "你赐给马大力吗？你给它的颈项披上挓挲的鬃吗？",
        "0": {
            "sn": "05414",
            "brief": "赐、给"
        },
        "1": {
            "sn": "05483",
            "brief": "马"
        },
        "2": {
            "sn": "01369",
            "brief": "力量，能力"
        },
        "4": {
            "sn": "06677",
            "brief": "颈项"
        },
        "3": {
            "sn": "03847",
            "brief": "穿"
        },
        "5": {
            "sn": "07483",
            "brief": "振动、(马的)鬃毛"
        }
    },
    "12": {
        "4": {
            "sn": "00084",
            "brief": "翅膀、翎毛"
        },
        "literal": "鸵鸟的翅膀欢然搧展，岂是显慈爱的翎毛和羽毛吗？",
        "0": {
            "sn": "03671",
            "brief": "翅膀、边际"
        },
        "1": {
            "sn": "07443",
            "brief": "鸵鸟"
        },
        "2": {
            "sn": "05965",
            "brief": "高兴、欣喜"
        },
        "3": {
            "sn": "00518",
            "brief": "如果"
        },
        "5": {
            "sn": "02624",
            "brief": "鹳鸟"
        },
        "6": {
            "sn": "05133",
            "brief": "羽毛"
        }
    },
    "25": {
        "literal": "鹰雀飞翔，…岂是藉你的智慧吗？(…中填入下行)展开它的翅膀向南，",
        "0": {
            "sn": "00998",
            "brief": "了解、悟性、明哲、聪明"
        },
        "2": {
            "sn": "05322",
            "brief": "鹰、猎鹰"
        },
        "3": {
            "sn": "06566",
            "brief": "撒开、伸展"
        },
        "1": {
            "sn": "00082",
            "brief": "飞翔 (摇动翅膀)"
        },
        "4": {
            "sn": "03671",
            "brief": "翅膀、边际"
        },
        "5": {
            "sn": "08486",
            "brief": "南方"
        }
    },
    "5": {
        "literal": "我使旷野作它的住处，使咸地当它的居所。",
        "0": {
            "sn": "00834",
            "brief": "不必翻译"
        },
        "1": {
            "sn": "07760",
            "brief": "使、置、放"
        },
        "2": {
            "sn": "06160",
            "brief": "1. 荒地、沙漠、旷野；2. 专有名词：亚拉巴"
        },
        "3": {
            "sn": "01004",
            "brief": "家、房子、殿"
        },
        "4": {
            "sn": "04908",
            "brief": "居所、住处、会幕"
        },
        "5": {
            "sn": "04420",
            "brief": "咸、贫脊"
        }
    },
    "4": {
        "7": {
            "sn": "06605",
            "brief": "打开、松开、雕刻"
        },
        "6": {
            "sn": "04310",
            "brief": "谁"
        },
        "1": {
            "sn": "07971",
            "brief": "差遣、释放、送走、伸出、伸展"
        },
        "literal": "谁放野驴出去自由？谁解开野驴的绳索？",
        "0": {
            "sn": "04310",
            "brief": "谁"
        },
        "2": {
            "sn": "06501",
            "brief": "野驴"
        },
        "3": {
            "sn": "02670",
            "brief": "自由的"
        },
        "4": {
            "sn": "04147",
            "brief": "绳索"
        },
        "5": {
            "sn": "06171",
            "brief": "野驴"
        }
    },
    "9": {
        "5": {
            "sn": "07702",
            "brief": "耙"
        },
        "literal": "你岂能用套绳将野牛笼在犁沟之间？它岂肯随你耙山谷之地？",
        "0": {
            "sn": "07194",
            "brief": "连络、阴谋背叛、结盟、绑"
        },
        "1": {
            "sn": "07214",
            "brief": "野牛"
        },
        "2": {
            "sn": "08525",
            "brief": "犁沟"
        },
        "3": {
            "sn": "05688",
            "brief": "绳索、混杂的树叶、链"
        },
        "4": {
            "sn": "00518",
            "brief": "如果"
        },
        "6": {
            "sn": "06010",
            "brief": "山谷"
        },
        "7": {
            "sn": "00310",
            "brief": "其次、后面、跟着"
        }
    },
    "27": {
        "2": {
            "sn": "03885",
            "brief": "I. 居住、休息、过夜；II. Nif‘al 发牢骚、抱怨"
        },
        "literal": "它住在山岩，…为家，(…中填入下行)以山峰和坚固之所",
        "0": {
            "sn": "05553",
            "brief": "险崖、峭壁、磐石"
        },
        "1": {
            "sn": "07931",
            "brief": "居住"
        },
        "3": {
            "sn": "05921",
            "brief": "在…上面"
        },
        "4": {
            "sn": "08127",
            "brief": "牙、象牙"
        },
        "5": {
            "sn": "05553",
            "brief": "险崖、峭壁、磐石"
        },
        "6": {
            "sn": "04686",
            "brief": "网罗、堡垒"
        }
    },
    "26": {
        "6": {
            "sn": "07311",
            "brief": "高举、抬高"
        },
        "literal": "大鹰上腾，…岂是听你的吩咐吗？(…中填入下行)在高处搭窝，",
        "0": {
            "sn": "00518",
            "brief": "如果"
        },
        "1": {
            "sn": "05921",
            "brief": "在…上面"
        },
        "2": {
            "sn": "06310",
            "brief": "口、命令、末端、沿岸、比例"
        },
        "4": {
            "sn": "05404",
            "brief": "鹰"
        },
        "5": {
            "sn": "03588",
            "brief": "因为、不必翻译"
        },
        "7": {
            "sn": "07064",
            "brief": "鸟窝"
        },
        "3": {
            "sn": "01361",
            "brief": "高、举高"
        }
    },
    "2": {
        "literal": "它们屈身，将子生下，就除掉疼痛。",
        "0": {
            "sn": "03766",
            "brief": "屈身、叩拜、下跪"
        },
        "1": {
            "sn": "03206",
            "brief": "儿童、少年人"
        },
        "3": {
            "sn": "02256",
            "brief": "绳子、分娩的痛苦"
        },
        "2": {
            "sn": "06398",
            "brief": "穿过、 切"
        },
        "4": {
            "sn": "07971",
            "brief": "差遣、释放、送走、伸出、伸展"
        }
    },
    "3": {
        "literal": "它们的子肥壮，在荒野长大，去而不回。",
        "0": {
            "sn": "02492",
            "brief": "是健康的、强壮的"
        },
        "1": {
            "sn": "01121",
            "brief": "儿子、孙子、后裔、成员"
        },
        "2": {
            "sn": "07235",
            "brief": "多、变多"
        },
        "3": {
            "sn": "01250",
            "brief": "谷物"
        },
        "4": {
            "sn": "03318",
            "brief": "出去"
        },
        "7": {
            "sn": "09001",
            "brief": "给、往、向、到、归属于"
        },
        "5": {
            "sn": "03808",
            "brief": "不"
        },
        "6": {
            "sn": "07725",
            "brief": "Qal 回复、回转、重复，Po‘lel 带回、复兴、更新，Hif‘il 回报、报告、带回"
        }
    },
    "8": {
        "4": {
            "sn": "03885",
            "brief": "I. 居住、休息、过夜；II. Nif‘al 发牢骚、抱怨"
        },
        "literal": "野牛岂肯服事你？它岂肯住在你的槽旁？",
        "0": {
            "sn": "00014",
            "brief": "愿意"
        },
        "1": {
            "sn": "07214",
            "brief": "野牛"
        },
        "2": {
            "sn": "05647",
            "brief": "工作、服事"
        },
        "3": {
            "sn": "00518",
            "brief": "如果"
        },
        "5": {
            "sn": "05921",
            "brief": "在…上面"
        },
        "6": {
            "sn": "00018",
            "brief": "槽"
        }
    },
    "11": {
        "literal": "你岂可信靠它把你的粮食运回来，又收聚你的禾场吗？",
        "1": {
            "sn": "09002",
            "brief": "在、用、藉着、与、敌对"
        },
        "2": {
            "sn": "03588",
            "brief": "因为、不必翻译"
        },
        "4": {
            "sn": "02233",
            "brief": "后裔、子孙"
        },
        "5": {
            "sn": "01637",
            "brief": "禾场、打谷场"
        },
        "6": {
            "sn": "00622",
            "brief": "聚集、夺去"
        },
        "0": {
            "sn": "00539",
            "brief": "Qal 坚定、支持，Nif‘al 确立、忠心、可靠的，Hif‘il 相信、确信"
        },
        "3": {
            "sn": "07725",
            "brief": "Qal 回复、回转、重复，Po‘lel 带回、复兴、更新，Hif‘il 回报、报告、带回"
        }
    },
    "14": {
        "literal": "却想不到脚踹碎它(指：蛋)，或野兽践踏它(指：蛋)。",
        "0": {
            "sn": "07911",
            "brief": "忘记"
        },
        "1": {
            "sn": "03588",
            "brief": "因为、不必翻译"
        },
        "2": {
            "sn": "07272",
            "brief": "脚"
        },
        "3": {
            "sn": "02115",
            "brief": "挤压、愈合"
        },
        "4": {
            "sn": "02416",
            "brief": "生命"
        },
        "5": {
            "sn": "07704",
            "brief": "田地"
        },
        "6": {
            "sn": "01758",
            "brief": "踹"
        }
    },
    "19": {
        "literal": "是你叫它跳跃像蝗虫吗？它喷气之威使人惊惶。",
        "0": {
            "sn": "07493",
            "brief": "摇憾、震动"
        },
        "1": {
            "sn": "00697",
            "brief": "队蝗"
        },
        "2": {
            "sn": "01935",
            "brief": "威严、壮丽"
        },
        "3": {
            "sn": "05170",
            "brief": "喷鼻息、喷气声"
        },
        "4": {
            "sn": "00367",
            "brief": "恐怖、惊吓"
        }
    },
    "20": {
        "literal": "它在谷中挖掘，自喜其力；它出去迎接兵器。",
        "0": {
            "sn": "02658",
            "brief": "挖"
        },
        "1": {
            "sn": "06010",
            "brief": "山谷"
        },
        "2": {
            "sn": "07797",
            "brief": "狂喜"
        },
        "3": {
            "sn": "03581",
            "brief": "力量"
        },
        "4": {
            "sn": "03318",
            "brief": "出去"
        },
        "5": {
            "sn": "07125",
            "brief": "迎接、遇见、偶然相遇"
        },
        "6": {
            "sn": "05402",
            "brief": "武库、军器"
        }
    },
    "7": {
        "literal": "它窥探诸山，它的草场；寻找各样青绿之物。",
        "0": {
            "sn": "08446",
            "brief": "寻找、挑选、探查"
        },
        "1": {
            "sn": "02022",
            "brief": "山"
        },
        "2": {
            "sn": "04829",
            "brief": "草场、牧场"
        },
        "3": {
            "sn": "00310",
            "brief": "其次、后面、跟着"
        },
        "4": {
            "sn": "03605",
            "brief": "全部、整个、各"
        },
        "5": {
            "sn": "03387",
            "brief": "蔬菜、绿色的植物"
        },
        "6": {
            "sn": "01875",
            "brief": "寻求、寻找"
        }
    },
    "0": {
        "5": {
            "sn": "02342",
            "brief": "I. Qal 跳舞、阵痛、扭曲，Hif‘il 使痛苦，Hof‘al 生出，Po‘lel 生产，Hitpo‘lel 切望等候；II 坚定"
        },
        "0": {
            "sn": "03045",
            "brief": "Qal 知道、认识、辨别、经历，Hif‘il 使知道、宣告"
        },
        "literal": "山岩间的野山羊生产的时刻，你能知道吗？母鹿下犊，你能察定吗？",
        "1": {
            "sn": "06256",
            "brief": "时刻"
        },
        "2": {
            "sn": "03205",
            "brief": "生出、出生"
        },
        "3": {
            "sn": "03277",
            "brief": "野山羊"
        },
        "4": {
            "sn": "05553",
            "brief": "险崖、峭壁、磐石"
        },
        "6": {
            "sn": "00355",
            "brief": "母鹿、雌兔、雌羚羊"
        },
        "7": {
            "sn": "08104",
            "brief": "谨守、小心"
        }
    },
    "22": {
        "literal": "箭袋…在它身上铮铮有声。(…中填入下行)和发亮的枪，并短剑",
        "0": {
            "sn": "05921",
            "brief": "在…上面"
        },
        "1": {
            "sn": "07439",
            "brief": "喀嗒喀嗒地响"
        },
        "2": {
            "sn": "00827",
            "brief": "箭袋"
        },
        "3": {
            "sn": "03851",
            "brief": "火焰"
        },
        "4": {
            "sn": "02595",
            "brief": "枪"
        },
        "5": {
            "sn": "03591",
            "brief": "标枪、短剑、箭"
        }
    },
    "24": {
        "literal": "角每发声，它说啊哈；它从远处闻着战气，又听见军长的雷声和兵丁呐喊。",
        "0": {
            "sn": "01767",
            "brief": "足够、每每、力"
        },
        "1": {
            "sn": "07782",
            "brief": "角"
        },
        "2": {
            "sn": "00559",
            "brief": "说"
        },
        "3": {
            "sn": "01889",
            "brief": "啊哈"
        },
        "4": {
            "sn": "07350",
            "brief": "远方的"
        },
        "6": {
            "sn": "04421",
            "brief": "战争"
        },
        "7": {
            "sn": "07482",
            "brief": "雷轰"
        },
        "8": {
            "sn": "08269",
            "brief": "领袖"
        },
        "5": {
            "sn": "07306",
            "brief": "Hif‘il 喜悦、闻味"
        },
        "9": {
            "sn": "08643",
            "brief": "欢呼、战争的呼喊、警讯"
        }
    },
    "29": {
        "literal": "它的雏也咂血；被杀的人在哪里，它也在那里。",
        "0": {
            "sn": "00667",
            "brief": "幼小的、雏鸟"
        },
        "2": {
            "sn": "01818",
            "brief": "血"
        },
        "3": {
            "sn": "00834",
            "brief": "不必翻译"
        },
        "4": {
            "sn": "02491",
            "brief": "I. 名词，刺杀、致命伤；II. 形容词，亵渎的、玷污的"
        },
        "5": {
            "sn": "08033",
            "brief": "那里"
        },
        "6": {
            "sn": "01931",
            "brief": "他"
        },
        "7": {
            "sn": "09015",
            "brief": "开的意思"
        },
        "1": {
            "sn": "05966",
            "brief": "吸吮"
        }
    },
    "1": {
        "2": {
            "sn": "04390",
            "brief": "充满"
        },
        "literal": "它们怀胎的月数，你能数算吗？它们生产的时刻，你能晓得吗？",
        "0": {
            "sn": "05608",
            "brief": "1. 动词：述说、计算；2. 名词：文士、书记"
        },
        "1": {
            "sn": "03391",
            "brief": "月亮，月份"
        },
        "4": {
            "sn": "06256",
            "brief": "时刻"
        },
        "5": {
            "sn": "03205",
            "brief": "生出、出生"
        },
        "3": {
            "sn": "03045",
            "brief": "Qal 知道、认识、辨别、经历，Hif‘il 使知道、宣告"
        }
    },
    "13": {
        "6": {
            "sn": "02552",
            "brief": "热"
        },
        "literal": "因它把它的蛋留在地上，在尘土中使得温暖；",
        "0": {
            "sn": "03588",
            "brief": "因为、不必翻译"
        },
        "1": {
            "sn": "05800",
            "brief": "I. 离弃、遗弃；II. 修复"
        },
        "2": {
            "sn": "00776",
            "brief": "地、邦国、疆界"
        },
        "3": {
            "sn": "01000",
            "brief": "蛋"
        },
        "4": {
            "sn": "05921",
            "brief": "在…上面"
        },
        "5": {
            "sn": "06083",
            "brief": "土、尘土"
        }
    },
    "6": {
        "literal": "它嗤笑城内的喧嚷，不听赶牲口的喝声。",
        "1": {
            "sn": "01995",
            "brief": "群众、潺潺声、丰富、喧闹"
        },
        "2": {
            "sn": "07151",
            "brief": "城镇"
        },
        "3": {
            "sn": "08663",
            "brief": "呐喊、喧闹声"
        },
        "4": {
            "sn": "05065",
            "brief": "压制、驱赶"
        },
        "0": {
            "sn": "07832",
            "brief": "笑、戏笑，Pi‘el 戏笑、弹奏"
        },
        "5": {
            "sn": "03808",
            "brief": "不"
        },
        "6": {
            "sn": "08085",
            "brief": "Qal 听、听从，Hif‘il 说明、使…听"
        }
    },
    "17": {
        "3": {
            "sn": "07832",
            "brief": "笑、戏笑，Pi‘el 戏笑、弹奏"
        },
        "2": {
            "sn": "04754",
            "brief": "Qal 背叛，Hif‘il 打空气、拍翅膀"
        },
        "literal": "它几时在高处展开翅膀，就嗤笑马和骑它(指：马)的人。",
        "0": {
            "sn": "06256",
            "brief": "时刻"
        },
        "1": {
            "sn": "04791",
            "brief": "高处"
        },
        "4": {
            "sn": "05483",
            "brief": "马"
        },
        "5": {
            "sn": "07392",
            "brief": "骑"
        }
    },
    "16": {
        "literal": "因为上帝使它忘记智慧，也未将悟性赐给它。",
        "0": {
            "sn": "03588",
            "brief": "因为、不必翻译"
        },
        "2": {
            "sn": "00433",
            "brief": "上帝、神、神明"
        },
        "3": {
            "sn": "02451",
            "brief": "智慧"
        },
        "5": {
            "sn": "02505",
            "brief": "分配、掠夺"
        },
        "6": {
            "sn": "09001",
            "brief": "给、往、向、到、归属于"
        },
        "7": {
            "sn": "00998",
            "brief": "了解、悟性、明哲、聪明"
        },
        "4": {
            "sn": "03808",
            "brief": "不"
        },
        "1": {
            "sn": "05382",
            "brief": "忘记"
        }
    }
}