{
    "32": {
        "4": {
            "sn": "09001",
            "brief": "给、往、向、到、归属于"
        },
        "6": {
            "sn": "00502",
            "brief": "Qal 学；Pi‘el 教"
        },
        "literal": "若没有，你就听我；你不要作声，我便将智慧教训你。",
        "0": {
            "sn": "00518",
            "brief": "如果"
        },
        "1": {
            "sn": "00369",
            "brief": "不存在、没有"
        },
        "2": {
            "sn": "00859",
            "brief": "你"
        },
        "7": {
            "sn": "02451",
            "brief": "智慧"
        },
        "8": {
            "sn": "09014",
            "brief": "关闭的意思"
        },
        "5": {
            "sn": "02790",
            "brief": "耕种、切割、设计、沉默"
        },
        "3": {
            "sn": "08085",
            "brief": "Qal 听、听从，Hif‘il 说明、使…听"
        }
    },
    "26": {
        "9": {
            "sn": "09001",
            "brief": "给、往、向、到、归属于"
        },
        "8": {
            "sn": "07737",
            "brief": "I. Qal 像、使处于，Pi‘el 铲平、弄平，II. Pi‘el 放置"
        },
        "4": {
            "sn": "02398",
            "brief": "Qal 犯罪；Pi‘el 献赎罪祭、得洁净；Hif‘il 导致犯罪；Hitpa‘el 迷失、洁净自己"
        },
        "literal": "他向人宣布，说：「我犯了罪，颠倒是非，却未得到我的报应。",
        "0": {
            "sn": "07789",
            "brief": "看、观察"
        },
        "1": {
            "sn": "05921",
            "brief": "在…上面"
        },
        "2": {
            "sn": "00376",
            "brief": "人、各人、男人、丈夫"
        },
        "3": {
            "sn": "00559",
            "brief": "说"
        },
        "5": {
            "sn": "03477",
            "brief": "正直的"
        },
        "6": {
            "sn": "05753",
            "brief": "弯曲、扭曲、翻转"
        },
        "7": {
            "sn": "03808",
            "brief": "不"
        }
    },
    "6": {
        "6": {
            "sn": "03808",
            "brief": "不"
        },
        "3": {
            "sn": "01204",
            "brief": "威吓、恐怖、惊吓"
        },
        "literal": "看哪，我的惊吓不会惊吓你，我的势力不会重压在你身上。",
        "0": {
            "sn": "02009",
            "brief": "看哪"
        },
        "1": {
            "sn": "00367",
            "brief": "恐怖、惊吓"
        },
        "4": {
            "sn": "00405",
            "brief": "压力、急迫、负担"
        },
        "5": {
            "sn": "05921",
            "brief": "在…上面"
        },
        "2": {
            "sn": "03808",
            "brief": "不"
        },
        "7": {
            "sn": "03513",
            "brief": "Qal 是重的，Nif‘al 受尊重、得荣耀，Pi‘el 荣耀、加重、使迟钝，Hif‘il 加重"
        }
    },
    "12": {
        "6": {
            "sn": "03808",
            "brief": "不"
        },
        "literal": "你为何与他争论(说)『他不解答他的任何事』？",
        "0": {
            "sn": "04069",
            "brief": "为什么"
        },
        "1": {
            "sn": "00413",
            "brief": "向、往"
        },
        "2": {
            "sn": "07378",
            "brief": "争辩、争讼"
        },
        "3": {
            "sn": "03588",
            "brief": "因为、不必翻译"
        },
        "4": {
            "sn": "03605",
            "brief": "全部、整个、各"
        },
        "5": {
            "sn": "01697",
            "brief": "话语、事情"
        },
        "7": {
            "sn": "06030",
            "brief": "I. 回答、作证；II. 忙；III. 使受苦、 使低微；IV. 唱歌 (I, IV 的 SN 为 6030. II, III 的 SN 为 6031)"
        }
    },
    "11": {
        "2": {
            "sn": "03808",
            "brief": "不"
        },
        "4": {
            "sn": "06030",
            "brief": "I. 回答、作证；II. 忙；III. 使受苦、 使低微；IV. 唱歌 (I, IV 的 SN 为 6030. II, III 的 SN 为 6031)"
        },
        "literal": "看哪，你这(话)无理，让我来回答你因上帝比世人更大。",
        "0": {
            "sn": "02005",
            "brief": "若、看哪"
        },
        "1": {
            "sn": "02063",
            "brief": "这个"
        },
        "3": {
            "sn": "06663",
            "brief": "是公义的"
        },
        "5": {
            "sn": "03588",
            "brief": "因为、不必翻译"
        },
        "6": {
            "sn": "07235",
            "brief": "多、变多"
        },
        "7": {
            "sn": "00433",
            "brief": "上帝、神、神明"
        },
        "8": {
            "sn": "00582",
            "brief": "人"
        }
    },
    "13": {
        "5": {
            "sn": "03808",
            "brief": "不"
        },
        "literal": "因上帝说一次、两次，他(指世人)却不理会它(原文用阴性)。",
        "0": {
            "sn": "03588",
            "brief": "因为、不必翻译"
        },
        "1": {
            "sn": "00259",
            "brief": "数目的「一」"
        },
        "3": {
            "sn": "00410",
            "brief": "上帝、神明、能力、力量"
        },
        "4": {
            "sn": "08147",
            "brief": "数目的「二」"
        },
        "6": {
            "sn": "07789",
            "brief": "看、观察"
        },
        "2": {
            "sn": "01696",
            "brief": "Pi‘el 讲、说、指挥"
        }
    },
    "29": {
        "4": {
            "sn": "00215",
            "brief": "点燃、照亮"
        },
        "0": {
            "sn": "07725",
            "brief": "Qal 回复、回转、重复，Po‘lel 带回、复兴、更新，Hif‘il 回报、报告、带回"
        },
        "literal": "为要从深坑救回他的性命，使他被生命的光照耀。",
        "1": {
            "sn": "05315",
            "brief": "生命、人"
        },
        "2": {
            "sn": "04480",
            "brief": "从"
        },
        "3": {
            "sn": "07845",
            "brief": "洼坑、毁坏、破坏、墓穴"
        },
        "5": {
            "sn": "00216",
            "brief": "光"
        },
        "6": {
            "sn": "02416",
            "brief": "生命、活着"
        }
    },
    "27": {
        "6": {
            "sn": "07200",
            "brief": "Qal 看见、看顾、察觉，Nif‘al 显现，Hif‘il 显明"
        },
        "literal": "他(指：上帝)救赎他的性命免过深坑；他的生命也必见光。」",
        "0": {
            "sn": "06299",
            "brief": "救赎"
        },
        "1": {
            "sn": "05315",
            "brief": "生命、人"
        },
        "2": {
            "sn": "05674",
            "brief": "经过、穿越、涨溢、离开、拿走、违犯、废除"
        },
        "3": {
            "sn": "07845",
            "brief": "洼坑、毁坏、破坏、墓穴"
        },
        "4": {
            "sn": "02416",
            "brief": "生命、活着"
        },
        "5": {
            "sn": "00216",
            "brief": "光"
        }
    },
    "9": {
        "3": {
            "sn": "04672",
            "brief": "寻找、追上、获得、发现"
        },
        "literal": "看哪，他找机会对付我，以我为他的仇敌，",
        "0": {
            "sn": "02005",
            "brief": "若、看哪"
        },
        "1": {
            "sn": "08569",
            "brief": "对抗、疏远、不和"
        },
        "2": {
            "sn": "05921",
            "brief": "在…上面"
        },
        "4": {
            "sn": "02803",
            "brief": "思考、以为、打算"
        },
        "5": {
            "sn": "00341",
            "brief": "敌人、对头"
        },
        "6": {
            "sn": "09001",
            "brief": "给、往、向、到、归属于"
        }
    },
    "23": {
        "5": {
            "sn": "04672",
            "brief": "寻找、追上、获得、发现"
        },
        "literal": "就施恩给他，说：「要救赎他免下深坑；我已经得了赎价。",
        "1": {
            "sn": "00559",
            "brief": "说"
        },
        "2": {
            "sn": "06308",
            "brief": "释放"
        },
        "3": {
            "sn": "03381",
            "brief": "临到、下去"
        },
        "4": {
            "sn": "07845",
            "brief": "洼坑、毁坏、破坏、墓穴"
        },
        "6": {
            "sn": "03724",
            "brief": "赎价、贿赂"
        },
        "0": {
            "sn": "02603",
            "brief": "恩待、怜悯，Hitpa‘el 求恩"
        }
    },
    "15": {
        "literal": "那时，他开通人们的耳朵，将当受的教训印在他们心上，",
        "0": {
            "sn": "00227",
            "brief": "那时"
        },
        "1": {
            "sn": "01540",
            "brief": "显露、揭开、移除、迁移"
        },
        "2": {
            "sn": "00241",
            "brief": "耳朵"
        },
        "3": {
            "sn": "00376",
            "brief": "人、各人、男人、丈夫"
        },
        "4": {
            "sn": "04561",
            "brief": "管教"
        },
        "5": {
            "sn": "02856",
            "brief": "封闭"
        }
    },
    "2": {
        "literal": "我的言语(要表明)我心中的正直；我的嘴唇所知道的，要诚实地说出。",
        "0": {
            "sn": "03476",
            "brief": "正直"
        },
        "1": {
            "sn": "03820",
            "brief": "心"
        },
        "3": {
            "sn": "01847",
            "brief": "知识"
        },
        "6": {
            "sn": "04448",
            "brief": "I. 说出、低语，II. 刮、擦"
        },
        "2": {
            "sn": "00561",
            "brief": "言语，命令"
        },
        "4": {
            "sn": "08193",
            "brief": "嘴唇、边缘、言语"
        },
        "5": {
            "sn": "01305",
            "brief": "洁净"
        }
    },
    "3": {
        "5": {
            "sn": "02421",
            "brief": "Qal 活、存活，Pi‘el 生长、复苏、保存生命，Hif‘il 使存活、复活"
        },
        "literal": "上帝的灵造我；全能者的气使我得生。",
        "0": {
            "sn": "07307",
            "brief": "风、心、灵、气息"
        },
        "1": {
            "sn": "00410",
            "brief": "上帝、神明、能力、力量"
        },
        "2": {
            "sn": "06213",
            "brief": "做"
        },
        "3": {
            "sn": "05397",
            "brief": "气息、灵"
        },
        "4": {
            "sn": "07706",
            "brief": "全能者"
        }
    },
    "31": {
        "7": {
            "sn": "06663",
            "brief": "是公义的"
        },
        "literal": "你若有话，就可以回答我；你只管说，因我愿以你为是。",
        "0": {
            "sn": "00518",
            "brief": "如果"
        },
        "1": {
            "sn": "03426",
            "brief": "存在、有、是"
        },
        "2": {
            "sn": "04405",
            "brief": "言语"
        },
        "5": {
            "sn": "03588",
            "brief": "因为、不必翻译"
        },
        "6": {
            "sn": "02654",
            "brief": "喜爱、喜悦、喜欢"
        },
        "4": {
            "sn": "01696",
            "brief": "Pi‘el 讲、说、指挥"
        },
        "3": {
            "sn": "07725",
            "brief": "Qal 回复、回转、重复，Po‘lel 带回、复兴、更新，Hif‘il 回报、报告、带回"
        }
    },
    "20": {
        "0": {
            "sn": "03615",
            "brief": "Qal 完成、结束、停止，Pi‘el 完成、毁坏、根除"
        },
        "6": {
            "sn": "07200",
            "brief": "Qal 看见、看顾、察觉，Nif‘al 显现，Hif‘il 显明"
        },
        "literal": "他的肉消了，不得再看见；他(先前)看不到的骨头都裸露出来。",
        "1": {
            "sn": "01320",
            "brief": "肉、身体"
        },
        "2": {
            "sn": "07210",
            "brief": "看见"
        },
        "4": {
            "sn": "06106",
            "brief": "本体、精髓、骨头"
        },
        "3": {
            "sn": "08192",
            "brief": "扫光、裸露"
        },
        "5": {
            "sn": "03808",
            "brief": "不"
        }
    },
    "5": {
        "5": {
            "sn": "07169",
            "brief": "挤"
        },
        "literal": "看哪，我在上帝面前跟你一样份量，我也是用土被捏成的。",
        "0": {
            "sn": "02005",
            "brief": "若、看哪"
        },
        "1": {
            "sn": "00589",
            "brief": "我"
        },
        "2": {
            "sn": "06310",
            "brief": "口、命令、末端、沿岸、比例"
        },
        "3": {
            "sn": "00410",
            "brief": "上帝、神明、能力、力量"
        },
        "4": {
            "sn": "02563",
            "brief": "1.陶土、黏土、泥土；2.度量衡单位，约等于六十加仑(300公升)。"
        },
        "6": {
            "sn": "01571",
            "brief": "也"
        },
        "7": {
            "sn": "00589",
            "brief": "我"
        }
    },
    "16": {
        "0": {
            "sn": "05493",
            "brief": "转离、除去"
        },
        "5": {
            "sn": "03680",
            "brief": "遮盖、隐藏"
        },
        "literal": "人不从自己的谋算，将骄傲向人隐藏，",
        "1": {
            "sn": "00120",
            "brief": "人"
        },
        "2": {
            "sn": "04639",
            "brief": "行为、工作"
        },
        "3": {
            "sn": "01466",
            "brief": "骄傲"
        },
        "4": {
            "sn": "01397",
            "brief": "勇士、人"
        }
    },
    "22": {
        "8": {
            "sn": "05046",
            "brief": "Hif‘il 告诉、宣布、声明、通知"
        },
        "literal": "若有使者，…在他(指上帝)旁边，(…处填入下行)一千个当中的一个传话者，指示人所当做的事，",
        "0": {
            "sn": "00518",
            "brief": "如果"
        },
        "1": {
            "sn": "03426",
            "brief": "存在、有、是"
        },
        "2": {
            "sn": "05921",
            "brief": "在…上面"
        },
        "3": {
            "sn": "04397",
            "brief": "使者"
        },
        "5": {
            "sn": "00259",
            "brief": "数目的「一」"
        },
        "6": {
            "sn": "04480",
            "brief": "从"
        },
        "7": {
            "sn": "00505",
            "brief": "许多、数目的「一千」"
        },
        "9": {
            "sn": "00120",
            "brief": "人"
        },
        "10": {
            "sn": "03476",
            "brief": "正直"
        },
        "4": {
            "sn": "03887",
            "brief": "轻蔑、嘲讽、傲慢"
        }
    },
    "25": {
        "0": {
            "sn": "06279",
            "brief": "Qal 祈求、恳求，Nif‘al 接受恳求，Hif‘il 使祈求"
        },
        "4": {
            "sn": "07200",
            "brief": "Qal 看见、看顾、察觉，Nif‘al 显现，Hif‘il 显明"
        },
        "literal": "他向上帝祷告，他(指：上帝)就喜悦他，使他欢呼朝见他(指：上帝)的面；他(指：上帝)又看人为义。",
        "1": {
            "sn": "00413",
            "brief": "向、往"
        },
        "2": {
            "sn": "00433",
            "brief": "上帝、神、神明"
        },
        "3": {
            "sn": "07521",
            "brief": "喜悦"
        },
        "5": {
            "sn": "06440",
            "brief": "脸"
        },
        "6": {
            "sn": "08643",
            "brief": "欢呼、战争的呼喊、警讯"
        },
        "8": {
            "sn": "00582",
            "brief": "人"
        },
        "9": {
            "sn": "06666",
            "brief": "公义"
        },
        "7": {
            "sn": "07725",
            "brief": "Qal 回复、回转、重复，Po‘lel 带回、复兴、更新，Hif‘il 回报、报告、带回"
        }
    },
    "18": {
        "literal": "人在床上被痛苦惩治，他的骨头不住地挣扎，",
        "5": {
            "sn": "06106",
            "brief": "本体、精髓、骨头"
        },
        "1": {
            "sn": "04341",
            "brief": "痛苦、忧伤"
        },
        "2": {
            "sn": "05921",
            "brief": "在…上面"
        },
        "3": {
            "sn": "04904",
            "brief": "躺下、床、卧室"
        },
        "4": {
            "sn": "07230",
            "brief": "多"
        },
        "6": {
            "sn": "00386",
            "brief": "永久"
        },
        "0": {
            "sn": "03198",
            "brief": "断定是非、判断、证明"
        }
    },
    "24": {
        "3": {
            "sn": "07725",
            "brief": "Qal 回复、回转、重复，Po‘lel 带回、复兴、更新，Hif‘il 回报、报告、带回"
        },
        "literal": "他的肉比孩童的更嫩；他就回到他年轻的日子。",
        "0": {
            "sn": "07375",
            "brief": "鲜嫩有生气、变年轻细嫩"
        },
        "1": {
            "sn": "01320",
            "brief": "肉、身体"
        },
        "2": {
            "sn": "05290",
            "brief": "年少时"
        },
        "4": {
            "sn": "03117",
            "brief": "日子、时候"
        },
        "5": {
            "sn": "05934",
            "brief": "年轻时期"
        }
    },
    "4": {
        "0": {
            "sn": "00518",
            "brief": "如果"
        },
        "1": {
            "sn": "03201",
            "brief": "能够"
        },
        "5": {
            "sn": "03320",
            "brief": "站立、处于"
        },
        "2": {
            "sn": "07725",
            "brief": "Qal 回复、回转、重复，Po‘lel 带回、复兴、更新，Hif‘il 回报、报告、带回"
        },
        "literal": "你若能够，就请回覆我，在我面前陈明，站稳你的立场。",
        "3": {
            "sn": "06186",
            "brief": "摆设、安排、预备"
        },
        "4": {
            "sn": "03942",
            "brief": "在…面前"
        }
    },
    "10": {
        "3": {
            "sn": "08104",
            "brief": "谨守、小心"
        },
        "literal": "他把我的脚上了木狗，窥察我一切的道路。』",
        "0": {
            "sn": "07760",
            "brief": "使、置、放"
        },
        "1": {
            "sn": "05465",
            "brief": "足枷"
        },
        "2": {
            "sn": "07272",
            "brief": "脚"
        },
        "4": {
            "sn": "03605",
            "brief": "全部、整个、各"
        },
        "5": {
            "sn": "00734",
            "brief": "路、路径"
        }
    },
    "19": {
        "literal": "以致他的口厌弃食物，心厌恶美味。",
        "1": {
            "sn": "02416",
            "brief": "生命，活着"
        },
        "2": {
            "sn": "03899",
            "brief": "面包、食物"
        },
        "0": {
            "sn": "02092",
            "brief": "厌恶，使污秽，令人作呕"
        },
        "3": {
            "sn": "05315",
            "brief": "生命、人"
        },
        "4": {
            "sn": "03978",
            "brief": "食物"
        },
        "5": {
            "sn": "08378",
            "brief": "羡慕、渴慕"
        }
    },
    "7": {
        "0": {
            "sn": "00389",
            "brief": "然而、其实、当然"
        },
        "1": {
            "sn": "00559",
            "brief": "说"
        },
        "literal": "「然而你在我的耳中说话，我也听见言语的声音：",
        "2": {
            "sn": "00241",
            "brief": "耳朵"
        },
        "3": {
            "sn": "06963",
            "brief": "声音"
        },
        "4": {
            "sn": "04405",
            "brief": "言语"
        },
        "5": {
            "sn": "08085",
            "brief": "Qal 听、听从，Hif‘il 说明、使…听"
        }
    },
    "8": {
        "6": {
            "sn": "03808",
            "brief": "不"
        },
        "literal": "『我是清洁无过的，我是无辜的，我没有罪孽。",
        "0": {
            "sn": "02134",
            "brief": "清洁的、不搀杂的、正直的"
        },
        "1": {
            "sn": "00589",
            "brief": "我"
        },
        "2": {
            "sn": "01097",
            "brief": "没有"
        },
        "3": {
            "sn": "06588",
            "brief": "背叛、过犯"
        },
        "4": {
            "sn": "02643",
            "brief": "无辜的、单纯的、干净的"
        },
        "5": {
            "sn": "00595",
            "brief": "我"
        },
        "7": {
            "sn": "05771",
            "brief": "罪孽"
        },
        "8": {
            "sn": "09001",
            "brief": "给、往、向、到、归属于"
        }
    },
    "17": {
        "literal": "拦阻人不陷于坑里，性命不死在刀下。",
        "0": {
            "sn": "02820",
            "brief": "抑制、阻止"
        },
        "1": {
            "sn": "05315",
            "brief": "生命、人"
        },
        "2": {
            "sn": "04480",
            "brief": "从"
        },
        "3": {
            "sn": "07845",
            "brief": "洼坑、毁坏、破坏、墓穴"
        },
        "4": {
            "sn": "02416",
            "brief": "生命，活着"
        },
        "5": {
            "sn": "05674",
            "brief": "经过、穿越、涨溢、离开、拿走、违犯、废除"
        },
        "6": {
            "sn": "07973",
            "brief": "武器、发芽、长出"
        }
    },
    "1": {
        "literal": "看哪，我的口要开，我的舌在我的上膛要发言。",
        "0": {
            "sn": "02009",
            "brief": "看哪"
        },
        "1": {
            "sn": "04994",
            "brief": "作为鼓励语的一部份"
        },
        "2": {
            "sn": "06605",
            "brief": "打开、松开、雕刻"
        },
        "3": {
            "sn": "06310",
            "brief": "口、命令、末端、沿岸、比例"
        },
        "5": {
            "sn": "03956",
            "brief": "舌头"
        },
        "6": {
            "sn": "02441",
            "brief": "嘴、上颚、味道"
        },
        "4": {
            "sn": "01696",
            "brief": "Pi‘el 讲、说、指挥"
        }
    },
    "0": {
        "7": {
            "sn": "00238",
            "brief": "侧耳听、留心听"
        },
        "1": {
            "sn": "08085",
            "brief": "Qal 听、听从，Hif‘il 说明、使…听"
        },
        "literal": "但是，约伯啊，请听我的言语，侧耳听我一切的话。",
        "0": {
            "sn": "00199",
            "brief": "但是"
        },
        "2": {
            "sn": "04994",
            "brief": "作为鼓励语的一部份"
        },
        "3": {
            "sn": "00347",
            "brief": "约伯"
        },
        "4": {
            "sn": "04405",
            "brief": "言语"
        },
        "5": {
            "sn": "03605",
            "brief": "全部、整个、各"
        },
        "6": {
            "sn": "01697",
            "brief": "话语、事情"
        }
    },
    "21": {
        "4": {
            "sn": "04191",
            "brief": "死"
        },
        "literal": "他的灵魂临近深坑；他的生命近于灭命的。",
        "0": {
            "sn": "07126",
            "brief": "临近、靠近、带来、献上"
        },
        "1": {
            "sn": "07845",
            "brief": "洼坑、毁坏、破坏、墓穴"
        },
        "2": {
            "sn": "05315",
            "brief": "生命、人"
        },
        "3": {
            "sn": "02416",
            "brief": "生命，活着"
        }
    },
    "30": {
        "literal": "约伯啊，你当侧耳听我，不要作声，我要讲说。",
        "1": {
            "sn": "00347",
            "brief": "约伯"
        },
        "3": {
            "sn": "09001",
            "brief": "给、往、向、到、归属于"
        },
        "5": {
            "sn": "00595",
            "brief": "我"
        },
        "6": {
            "sn": "01696",
            "brief": "Pi‘el 讲、说、指挥"
        },
        "0": {
            "sn": "07181",
            "brief": "倾听、注意听"
        },
        "4": {
            "sn": "02790",
            "brief": "耕种、切割、设计、沉默"
        },
        "2": {
            "sn": "08085",
            "brief": "Qal 听、听从，Hif‘il 说明、使…听"
        }
    },
    "14": {
        "9": {
            "sn": "04904",
            "brief": "躺下、床、卧室"
        },
        "literal": "在梦和夜间的异象，当沉睡临到人，在床上安睡的时候，",
        "0": {
            "sn": "02472",
            "brief": "梦"
        },
        "1": {
            "sn": "02384",
            "brief": "异象"
        },
        "2": {
            "sn": "03915",
            "brief": "夜晚"
        },
        "3": {
            "sn": "05307",
            "brief": "跌落、跌倒、使签落在..."
        },
        "4": {
            "sn": "08639",
            "brief": "沉睡"
        },
        "5": {
            "sn": "05921",
            "brief": "在…上面"
        },
        "6": {
            "sn": "00376",
            "brief": "各人、人、男人、丈夫"
        },
        "7": {
            "sn": "08572",
            "brief": "睡眠、打盹、磕睡"
        },
        "8": {
            "sn": "05921",
            "brief": "在…上面"
        }
    },
    "28": {
        "literal": "看哪，上帝…行这一切的事，(…填入下行)两次、三次向人",
        "0": {
            "sn": "02005",
            "brief": "若、看哪"
        },
        "1": {
            "sn": "03605",
            "brief": "全部、整个、各"
        },
        "2": {
            "sn": "00428",
            "brief": "这些"
        },
        "3": {
            "sn": "06466",
            "brief": "制造、工作"
        },
        "4": {
            "sn": "00410",
            "brief": "上帝、神明、能力、力量"
        },
        "5": {
            "sn": "06471",
            "brief": "敲击、脚步、这一次、次数"
        },
        "6": {
            "sn": "07969",
            "brief": "数目的「三」"
        },
        "7": {
            "sn": "05973",
            "brief": "跟"
        },
        "8": {
            "sn": "01397",
            "brief": "勇士、人"
        }
    }
}