{
    "36": {
        "0": {
            "sn": "04310",
            "brief": "谁"
        },
        "literal": "谁能用智慧仔细数算云彩呢？谁能倾倒天的瓶呢？",
        "2": {
            "sn": "07834",
            "brief": "云"
        },
        "3": {
            "sn": "02451",
            "brief": "智慧"
        },
        "4": {
            "sn": "05035",
            "brief": "瓶罐、水壶、琴"
        },
        "5": {
            "sn": "08064",
            "brief": "天"
        },
        "6": {
            "sn": "04310",
            "brief": "谁"
        },
        "7": {
            "sn": "07901",
            "brief": "躺卧、同寝"
        },
        "1": {
            "sn": "05608",
            "brief": "1. 动词：述说、计算；2. 名词：文士、书记"
        }
    },
    "34": {
        "4": {
            "sn": "09001",
            "brief": "给、往、向、到、归属于"
        },
        "0": {
            "sn": "07971",
            "brief": "差遣、释放、送走、伸出、伸展"
        },
        "literal": "你能发出闪电，它们行去，它们对你说：我们在这里？",
        "1": {
            "sn": "01300",
            "brief": "闪电"
        },
        "2": {
            "sn": "01980",
            "brief": "去、来"
        },
        "3": {
            "sn": "00559",
            "brief": "说"
        },
        "5": {
            "sn": "02005",
            "brief": "若、看哪"
        }
    },
    "39": {
        "3": {
            "sn": "03427",
            "brief": "居住、坐、停留"
        },
        "4": {
            "sn": "05521",
            "brief": "遮蔽所、亭子、灌林丛、草棚"
        },
        "5": {
            "sn": "03926",
            "brief": "为、给、往、向、到、归属于"
        },
        "6": {
            "sn": "00695",
            "brief": "兽类的巢穴、埋伏等待"
        },
        "1": {
            "sn": "07817",
            "brief": "Qal 屈身、下拜，Hitpo‘lel 绝望"
        },
        "literal": "当它们蹲伏在它们的洞穴中，坐在隐密处埋伏。",
        "0": {
            "sn": "03588",
            "brief": "因为、不必翻译"
        },
        "2": {
            "sn": "04585",
            "brief": "住处、洞穴、窝"
        }
    },
    "20": {
        "3": {
            "sn": "03205",
            "brief": "生出、出生"
        },
        "literal": "你总知道，因为那时你已出生，你日子的数目也多。",
        "1": {
            "sn": "03588",
            "brief": "因为、不必翻译"
        },
        "2": {
            "sn": "00227",
            "brief": "那时"
        },
        "0": {
            "sn": "03045",
            "brief": "Qal 知道、认识、辨别、经历，Hif‘il 使知道、宣告"
        },
        "4": {
            "sn": "04557",
            "brief": "数目"
        },
        "5": {
            "sn": "03117",
            "brief": "日子、时候"
        },
        "6": {
            "sn": "07227",
            "brief": "I. 形容词：大量的、许多的、充足的，II. 名词：统帅、首领。"
        }
    },
    "14": {
        "0": {
            "sn": "04513",
            "brief": "拒绝、抑制、撤退、收回、缩回"
        },
        "5": {
            "sn": "07665",
            "brief": "Qal 拆毁、折断、打碎，Nif‘al 遭破坏、被折断，Hif‘il 使生产"
        },
        "literal": "它们的亮光不照恶人；强横的膀臂也必被折断。",
        "1": {
            "sn": "07563",
            "brief": "邪恶的"
        },
        "2": {
            "sn": "00216",
            "brief": "光"
        },
        "3": {
            "sn": "02220",
            "brief": "膀臂、肩膀、力量"
        },
        "4": {
            "sn": "07311",
            "brief": "高举、抬高"
        }
    },
    "12": {
        "5": {
            "sn": "04480",
            "brief": "从、出"
        },
        "0": {
            "sn": "00270",
            "brief": "抓牢、握住、紧抓住"
        },
        "literal": "叫这光紧抓在地的边际，恶人从其中被摇出来吗？",
        "1": {
            "sn": "03671",
            "brief": "翅膀、边际"
        },
        "2": {
            "sn": "00776",
            "brief": "地、邦国、疆界"
        },
        "3": {
            "sn": "05287",
            "brief": "摇、摇空"
        },
        "4": {
            "sn": "07563",
            "brief": "邪恶的"
        }
    },
    "13": {
        "5": {
            "sn": "03830",
            "brief": "衣服"
        },
        "literal": "它(指：地面)改变如泥上印印，它们(指：万物)出现如衣服一样。",
        "1": {
            "sn": "02563",
            "brief": "1.陶土、黏土、泥土；2.度量衡单位，约等于六十加仑(300公升)。"
        },
        "2": {
            "sn": "02368",
            "brief": "带印的戒指、印章、图章"
        },
        "4": {
            "sn": "03644",
            "brief": "像"
        },
        "0": {
            "sn": "02015",
            "brief": "转变、推翻、倾覆"
        },
        "3": {
            "sn": "03320",
            "brief": "站立、处于"
        }
    },
    "21": {
        "1": {
            "sn": "00413",
            "brief": "向、往"
        },
        "2": {
            "sn": "00214",
            "brief": "财宝、仓库"
        },
        "5": {
            "sn": "01259",
            "brief": "冰雹"
        },
        "6": {
            "sn": "07200",
            "brief": "Qal 看见、看顾、察觉，Nif‘al 显现，Hif‘il 显明"
        },
        "literal": "你曾进入雪库，或见过雹仓吗？",
        "0": {
            "sn": "00935",
            "brief": "来、进入、临到、发生"
        },
        "3": {
            "sn": "07950",
            "brief": "雪"
        },
        "4": {
            "sn": "00214",
            "brief": "财宝、仓库"
        }
    },
    "24": {
        "0": {
            "sn": "04310",
            "brief": "谁"
        },
        "2": {
            "sn": "07858",
            "brief": "洪水"
        },
        "literal": "谁为洪水分道？谁为雷电开路？",
        "3": {
            "sn": "08585",
            "brief": "医治、水沟、水道、沟渠"
        },
        "4": {
            "sn": "01870",
            "brief": "道路、行为、方向、方法"
        },
        "5": {
            "sn": "02385",
            "brief": "闪电"
        },
        "6": {
            "sn": "06963",
            "brief": "声音"
        },
        "1": {
            "sn": "06385",
            "brief": "分开、分裂"
        }
    },
    "32": {
        "3": {
            "sn": "00518",
            "brief": "如果"
        },
        "literal": "你知道天的定例吗？你设立他的权柄在地上吗？",
        "1": {
            "sn": "02708",
            "brief": "律例"
        },
        "0": {
            "sn": "03045",
            "brief": "Qal 知道、认识、辨别、经历，Hif‘il 使知道、宣告"
        },
        "2": {
            "sn": "08064",
            "brief": "天"
        },
        "4": {
            "sn": "07760",
            "brief": "使、置、放"
        },
        "5": {
            "sn": "04896",
            "brief": "管辖、权柄"
        },
        "6": {
            "sn": "00776",
            "brief": "地、邦国、疆界"
        }
    },
    "4": {
        "literal": "你若晓得就说，是谁定它(指：地)的尺度？是谁把准绳拉在其上？",
        "0": {
            "sn": "04310",
            "brief": "谁"
        },
        "1": {
            "sn": "07760",
            "brief": "使、置、放"
        },
        "2": {
            "sn": "04461",
            "brief": "度量"
        },
        "3": {
            "sn": "03588",
            "brief": "因为、不必翻译"
        },
        "5": {
            "sn": "00176",
            "brief": "或"
        },
        "6": {
            "sn": "04310",
            "brief": "谁"
        },
        "8": {
            "sn": "05921",
            "brief": "在…上面"
        },
        "9": {
            "sn": "06957",
            "brief": "准绳、绳子"
        },
        "4": {
            "sn": "03045",
            "brief": "Qal 知道、认识、辨别、经历，Hif‘il 使知道、宣告"
        },
        "7": {
            "sn": "05186",
            "brief": "Qal 伸出、铺张、伸展、延长，Hif‘il 屈枉、转弯、 丢一边"
        }
    },
    "23": {
        "literal": "光亮从何路分开？东风从何路分散遍地？",
        "0": {
            "sn": "00335",
            "brief": "哪里"
        },
        "1": {
            "sn": "02088",
            "brief": "这个"
        },
        "2": {
            "sn": "01870",
            "brief": "道路、行为、方向、方法"
        },
        "3": {
            "sn": "02505",
            "brief": "分配、掠夺"
        },
        "4": {
            "sn": "00216",
            "brief": "光"
        },
        "6": {
            "sn": "06921",
            "brief": "东风、东边"
        },
        "7": {
            "sn": "05921",
            "brief": "在…上面"
        },
        "8": {
            "sn": "00776",
            "brief": "地、邦国、疆界"
        },
        "5": {
            "sn": "06327",
            "brief": "撒种、分散"
        }
    },
    "11": {
        "3": {
            "sn": "03045",
            "brief": "Qal 知道、认识、辨别、经历，Hif‘il 使知道、宣告"
        },
        "1": {
            "sn": "06680",
            "brief": "Pi‘el 命令、吩咐"
        },
        "literal": "自你的日子以来，你曾命定早晨，你使黎明知道它的位置，",
        "0": {
            "sn": "03117",
            "brief": "日子、时候"
        },
        "2": {
            "sn": "01242",
            "brief": "早晨"
        },
        "4": {
            "sn": "07837",
            "brief": "黎明"
        },
        "5": {
            "sn": "04725",
            "brief": "地方"
        }
    },
    "0": {
        "0": {
            "sn": "06030",
            "brief": "I. 回答、作证；II. 忙；III. 使受苦、 使低微；IV. 唱歌 (I, IV 的 SN 为 6030. II, III 的 SN 为 6031)"
        },
        "2": {
            "sn": "00853",
            "brief": "不必翻译"
        },
        "3": {
            "sn": "00347",
            "brief": "约伯"
        },
        "4": {
            "sn": "04480",
            "brief": "从、出"
        },
        "literal": "雅威从旋风中回答约伯，说：",
        "1": {
            "sn": "03068",
            "brief": "上帝的名字「雅威」，犹太人尊称为「上主」"
        },
        "5": {
            "sn": "05591",
            "brief": "暴风雨、旋风"
        },
        "6": {
            "sn": "00559",
            "brief": "说"
        }
    },
    "6": {
        "4": {
            "sn": "07321",
            "brief": "Hif‘il 喊叫、呼号"
        },
        "literal": "那时，晨星一同歌唱；上帝的众子也都欢呼。",
        "0": {
            "sn": "07442",
            "brief": "欢呼、呼喊、歌唱"
        },
        "1": {
            "sn": "03162",
            "brief": "一起"
        },
        "2": {
            "sn": "03556",
            "brief": "星星"
        },
        "3": {
            "sn": "01242",
            "brief": "早晨"
        },
        "5": {
            "sn": "03605",
            "brief": "全部、整个、各"
        },
        "6": {
            "sn": "01121",
            "brief": "儿子、孙子、后裔、成员"
        },
        "7": {
            "sn": "00430",
            "brief": "上帝、神、神明"
        }
    },
    "10": {
        "5": {
            "sn": "03254",
            "brief": "再一次、增添"
        },
        "literal": "我说：你只可到这里，不可越过；你狂傲的浪要到此止住。",
        "0": {
            "sn": "00559",
            "brief": "说"
        },
        "1": {
            "sn": "05704",
            "brief": "直到、甚至"
        },
        "2": {
            "sn": "06311",
            "brief": "这里"
        },
        "3": {
            "sn": "00935",
            "brief": "来、进入、临到、发生"
        },
        "4": {
            "sn": "03808",
            "brief": "不"
        },
        "6": {
            "sn": "06311",
            "brief": "这里"
        },
        "7": {
            "sn": "07896",
            "brief": "置、放、定"
        },
        "8": {
            "sn": "01347",
            "brief": "骄傲、尊贵"
        },
        "9": {
            "sn": "01530",
            "brief": "堆、波浪"
        }
    },
    "26": {
        "0": {
            "sn": "07646",
            "brief": "腻、满足、饱足"
        },
        "3": {
            "sn": "06779",
            "brief": "发芽"
        },
        "literal": "使荒废凄凉之地得以丰足，青草得以发生？",
        "1": {
            "sn": "07722",
            "brief": "灾祸、毁灭"
        },
        "2": {
            "sn": "04875",
            "brief": "荒芜，废墟"
        },
        "4": {
            "sn": "04161",
            "brief": "出、泉源"
        },
        "5": {
            "sn": "01877",
            "brief": "青菜、嫩草"
        }
    },
    "2": {
        "5": {
            "sn": "03045",
            "brief": "Qal 知道、认识、辨别、经历，Hif‘il 使知道、宣告"
        },
        "literal": "你要如勇士束你的腰；我问你，你可以指示我。",
        "0": {
            "sn": "00247",
            "brief": "束腰"
        },
        "1": {
            "sn": "04994",
            "brief": "作为鼓励语的一部份"
        },
        "2": {
            "sn": "01397",
            "brief": "勇士、人"
        },
        "3": {
            "sn": "02504",
            "brief": "腰"
        },
        "4": {
            "sn": "07592",
            "brief": "问、求"
        }
    },
    "16": {
        "6": {
            "sn": "07200",
            "brief": "Qal 看见、看顾、察觉，Nif‘al 显现，Hif‘il 显明"
        },
        "literal": "死亡的门曾向你显露吗？死荫的门你曾见过吗？",
        "0": {
            "sn": "01540",
            "brief": "显露、揭开、移除、迁移"
        },
        "1": {
            "sn": "09001",
            "brief": "给、往、向、到、归属于"
        },
        "2": {
            "sn": "08179",
            "brief": "门"
        },
        "3": {
            "sn": "04194",
            "brief": "死亡"
        },
        "4": {
            "sn": "08179",
            "brief": "门"
        },
        "5": {
            "sn": "06757",
            "brief": "死荫"
        }
    },
    "5": {
        "1": {
            "sn": "04100",
            "brief": "什么、怎么"
        },
        "literal": "它(指：地)的根基安置在何处？它(指：地)的角石是谁安放的？",
        "0": {
            "sn": "05921",
            "brief": "在…上面"
        },
        "2": {
            "sn": "00134",
            "brief": "底部、柱脚、托座"
        },
        "4": {
            "sn": "00176",
            "brief": "或"
        },
        "5": {
            "sn": "04310",
            "brief": "谁"
        },
        "7": {
            "sn": "00068",
            "brief": "石头、法码、宝石"
        },
        "8": {
            "sn": "06438",
            "brief": "角落、房角石"
        },
        "3": {
            "sn": "02883",
            "brief": "下沉、沉浸"
        },
        "6": {
            "sn": "03384",
            "brief": "Qal 射、抛掷，Hif‘il 教导、射、抛掷"
        }
    },
    "1": {
        "2": {
            "sn": "02821",
            "brief": "变暗"
        },
        "literal": "谁用…言语使我的旨意暗昧不明，(…中填入下行)无知的",
        "0": {
            "sn": "04310",
            "brief": "谁"
        },
        "1": {
            "sn": "02088",
            "brief": "这个"
        },
        "3": {
            "sn": "06098",
            "brief": "筹算、谘商、劝告"
        },
        "4": {
            "sn": "04405",
            "brief": "言语"
        },
        "5": {
            "sn": "01097",
            "brief": "没有"
        },
        "6": {
            "sn": "01847",
            "brief": "知识"
        }
    },
    "3": {
        "4": {
            "sn": "05046",
            "brief": "Hif‘il 告诉、宣布、声明、通知"
        },
        "6": {
            "sn": "03045",
            "brief": "Qal 知道、认识、辨别、经历，Hif‘il 使知道、宣告"
        },
        "literal": "我立大地根基的时候，你在哪里呢？你若拥有聪明，只管说吧！",
        "0": {
            "sn": "00375",
            "brief": "哪里"
        },
        "1": {
            "sn": "01961",
            "brief": "是、成为、临到"
        },
        "2": {
            "sn": "03245",
            "brief": "立根基"
        },
        "3": {
            "sn": "00776",
            "brief": "地、邦国、疆界"
        },
        "5": {
            "sn": "00518",
            "brief": "如果"
        },
        "7": {
            "sn": "00998",
            "brief": "了解、悟性、明哲、聪明"
        }
    },
    "7": {
        "0": {
            "sn": "05526",
            "brief": "遮盖、编织、围篱、阻塞"
        },
        "literal": "谁用门将海关闭呢？当它(指：海)冲出，从胎胞出来，",
        "1": {
            "sn": "01817",
            "brief": "门户、城门"
        },
        "2": {
            "sn": "03220",
            "brief": "海、西方"
        },
        "3": {
            "sn": "01518",
            "brief": "生出、带来"
        },
        "4": {
            "sn": "07358",
            "brief": "子宫"
        },
        "5": {
            "sn": "03318",
            "brief": "出去"
        }
    },
    "9": {
        "literal": "我为它定我的界限，我又安门和闩，",
        "1": {
            "sn": "05921",
            "brief": "在…上面"
        },
        "2": {
            "sn": "02706",
            "brief": "律例、法令、条例、限度"
        },
        "3": {
            "sn": "07760",
            "brief": "使、置、放"
        },
        "4": {
            "sn": "01280",
            "brief": "闩、栏"
        },
        "5": {
            "sn": "01817",
            "brief": "门户、城门"
        },
        "0": {
            "sn": "07665",
            "brief": "Qal 拆毁、折断、打碎，Nif‘al 遭破坏、被折断，Hif‘il 使生产"
        }
    },
    "27": {
        "6": {
            "sn": "00096",
            "brief": "水珠、收聚"
        },
        "5": {
            "sn": "03205",
            "brief": "生出、出生"
        },
        "literal": "雨有父吗？露水珠是谁生的呢？",
        "0": {
            "sn": "03426",
            "brief": "存在、有、是"
        },
        "1": {
            "sn": "04306",
            "brief": "雨"
        },
        "2": {
            "sn": "00001",
            "brief": "父亲、祖先"
        },
        "3": {
            "sn": "00176",
            "brief": "或"
        },
        "4": {
            "sn": "04310",
            "brief": "谁"
        },
        "7": {
            "sn": "02919",
            "brief": "露水"
        }
    },
    "28": {
        "literal": "冰出于谁的胎？天上的霜，是谁生了它(指：霜)的呢？",
        "0": {
            "sn": "00990",
            "brief": "子宫，腹部"
        },
        "1": {
            "sn": "04310",
            "brief": "谁"
        },
        "2": {
            "sn": "03318",
            "brief": "出去"
        },
        "3": {
            "sn": "07140",
            "brief": "冰"
        },
        "4": {
            "sn": "03713",
            "brief": "碗、盆、霜"
        },
        "5": {
            "sn": "08064",
            "brief": "天"
        },
        "6": {
            "sn": "04310",
            "brief": "谁"
        },
        "7": {
            "sn": "03205",
            "brief": "生出、出生"
        }
    },
    "29": {
        "literal": "诸水变硬如石头；深渊之面凝结成冰。",
        "0": {
            "sn": "00068",
            "brief": "石头、法码、宝石"
        },
        "1": {
            "sn": "04325",
            "brief": "水"
        },
        "2": {
            "sn": "02244",
            "brief": "隐藏、撤退"
        },
        "5": {
            "sn": "03920",
            "brief": "攻取、俘虏、捕获、抓住"
        },
        "3": {
            "sn": "06440",
            "brief": "脸"
        },
        "4": {
            "sn": "08415",
            "brief": "深渊、大洋、海、地下水的深处"
        }
    },
    "35": {
        "literal": "谁将智慧放在怀中？谁将聪明赐于心内？",
        "0": {
            "sn": "04310",
            "brief": "谁"
        },
        "1": {
            "sn": "07896",
            "brief": "置、放、定"
        },
        "2": {
            "sn": "02910",
            "brief": "内里、隐避处"
        },
        "3": {
            "sn": "02451",
            "brief": "智慧"
        },
        "4": {
            "sn": "00176",
            "brief": "或"
        },
        "5": {
            "sn": "04310",
            "brief": "谁"
        },
        "6": {
            "sn": "05414",
            "brief": "赐、给"
        },
        "7": {
            "sn": "07907",
            "brief": "心思"
        },
        "8": {
            "sn": "00998",
            "brief": "了解、悟性、明哲、聪明"
        }
    },
    "38": {
        "5": {
            "sn": "04390",
            "brief": "充满"
        },
        "literal": "你能为狮子猎取食物，你能满足少壮狮子的肚腹吗？",
        "0": {
            "sn": "06679",
            "brief": "猎捕、打猎"
        },
        "1": {
            "sn": "03833",
            "brief": "狮子"
        },
        "2": {
            "sn": "02964",
            "brief": "食物、被捕食的动物"
        },
        "3": {
            "sn": "02416",
            "brief": "生命"
        },
        "4": {
            "sn": "03715",
            "brief": "村庄、少壮狮子"
        }
    },
    "22": {
        "literal": "这(指：雪雹)乃是我为降灾的时候，…所保留的。(…中填入下行)并打仗和争战的日子",
        "0": {
            "sn": "00834",
            "brief": "不必翻译"
        },
        "1": {
            "sn": "02820",
            "brief": "抑制、阻止"
        },
        "2": {
            "sn": "06256",
            "brief": "那时、时候"
        },
        "3": {
            "sn": "06862",
            "brief": "I. 狭窄的；II. 患难、困境；III. 敌人"
        },
        "4": {
            "sn": "03117",
            "brief": "日子、时候"
        },
        "5": {
            "sn": "07128",
            "brief": "打仗"
        },
        "6": {
            "sn": "04421",
            "brief": "战争"
        }
    },
    "18": {
        "literal": "哪里是往光明的居所的路？黑暗的本位在于何处？",
        "0": {
            "sn": "00335",
            "brief": "哪里"
        },
        "1": {
            "sn": "02088",
            "brief": "这个"
        },
        "2": {
            "sn": "01870",
            "brief": "道路、行为、方向、方法"
        },
        "3": {
            "sn": "07931",
            "brief": "居住"
        },
        "4": {
            "sn": "00216",
            "brief": "光"
        },
        "5": {
            "sn": "02822",
            "brief": "黑暗"
        },
        "6": {
            "sn": "00335",
            "brief": "哪里"
        },
        "7": {
            "sn": "02088",
            "brief": "这个"
        },
        "8": {
            "sn": "04725",
            "brief": "地方"
        }
    },
    "30": {
        "0": {
            "sn": "07194",
            "brief": "连络、阴谋背叛、结盟、绑"
        },
        "6": {
            "sn": "06605",
            "brief": "打开、松开、雕刻"
        },
        "literal": "你能系住昴星的结吗？或是能解开参星的带吗？",
        "1": {
            "sn": "04575",
            "brief": "桎梏、系捆"
        },
        "2": {
            "sn": "03598",
            "brief": "昴星"
        },
        "3": {
            "sn": "00176",
            "brief": "或"
        },
        "4": {
            "sn": "04189",
            "brief": "绳索"
        },
        "5": {
            "sn": "03685",
            "brief": "星座、猎户座"
        }
    },
    "37": {
        "4": {
            "sn": "01692",
            "brief": "紧紧跟随、黏住"
        },
        "literal": "尘土聚集成团，土块被紧紧结连，",
        "0": {
            "sn": "03332",
            "brief": "倒、浇灌"
        },
        "1": {
            "sn": "06083",
            "brief": "土、尘土"
        },
        "2": {
            "sn": "04165",
            "brief": "铸造物"
        },
        "3": {
            "sn": "07263",
            "brief": "一块(泥土)"
        }
    },
    "25": {
        "0": {
            "sn": "04305",
            "brief": "下雨"
        },
        "3": {
            "sn": "03808",
            "brief": "不"
        },
        "6": {
            "sn": "03808",
            "brief": "不"
        },
        "literal": "降雨在无人之地、无人在其中的旷野？",
        "1": {
            "sn": "05921",
            "brief": "在…上面"
        },
        "2": {
            "sn": "00776",
            "brief": "地、邦国、疆界"
        },
        "4": {
            "sn": "00376",
            "brief": "各人、人、男人、丈夫"
        },
        "5": {
            "sn": "04057",
            "brief": "旷野"
        },
        "7": {
            "sn": "00120",
            "brief": "人"
        },
        "8": {
            "sn": "09002",
            "brief": "在、用、藉着、与、敌对"
        }
    },
    "17": {
        "literal": "地的广大你能明透吗？你若全知道，只管说吧！",
        "0": {
            "sn": "00995",
            "brief": "分辨、了解、明白"
        },
        "1": {
            "sn": "05704",
            "brief": "直到、甚至"
        },
        "2": {
            "sn": "07338",
            "brief": "宽度、宽广阔张"
        },
        "3": {
            "sn": "00776",
            "brief": "地、邦国、疆界"
        },
        "5": {
            "sn": "00518",
            "brief": "如果"
        },
        "7": {
            "sn": "03605",
            "brief": "全部、整个、各"
        },
        "4": {
            "sn": "05046",
            "brief": "Hif‘il 告诉、宣布、声明、通知"
        },
        "6": {
            "sn": "03045",
            "brief": "Qal 知道、认识、辨别、经历，Hif‘il 使知道、宣告"
        }
    },
    "33": {
        "5": {
            "sn": "03680",
            "brief": "遮盖、隐藏"
        },
        "0": {
            "sn": "07311",
            "brief": "高举、抬高"
        },
        "literal": "你能向云彩扬起声来，使倾盆的雨遮盖你吗？",
        "1": {
            "sn": "05645",
            "brief": "黑暗、密云"
        },
        "2": {
            "sn": "06963",
            "brief": "声音"
        },
        "3": {
            "sn": "08229",
            "brief": "丰富、成群"
        },
        "4": {
            "sn": "04325",
            "brief": "水"
        }
    },
    "15": {
        "6": {
            "sn": "01980",
            "brief": "去、来"
        },
        "literal": "你曾进到海源，或在深渊的隐密处行走吗？",
        "0": {
            "sn": "00935",
            "brief": "来、进入、临到、发生"
        },
        "1": {
            "sn": "05704",
            "brief": "直到、甚至"
        },
        "2": {
            "sn": "05033",
            "brief": "泉水、泉源"
        },
        "3": {
            "sn": "03220",
            "brief": "海、西方"
        },
        "4": {
            "sn": "02714",
            "brief": "侦测、调查"
        },
        "5": {
            "sn": "08415",
            "brief": "深渊、大洋、海、地下水的深处"
        }
    },
    "19": {
        "literal": "你能带到它的边境，能看明其室之路吗？",
        "0": {
            "sn": "03588",
            "brief": "因为、不必翻译"
        },
        "1": {
            "sn": "03947",
            "brief": "取、娶、拿"
        },
        "2": {
            "sn": "00413",
            "brief": "向、往"
        },
        "3": {
            "sn": "01366",
            "brief": "边境、边界"
        },
        "4": {
            "sn": "03588",
            "brief": "因为、不必翻译"
        },
        "5": {
            "sn": "00995",
            "brief": "分辨、了解、明白"
        },
        "6": {
            "sn": "05410",
            "brief": "路径"
        },
        "7": {
            "sn": "01004",
            "brief": "家、房子、殿"
        }
    },
    "8": {
        "1": {
            "sn": "06051",
            "brief": "云"
        },
        "literal": "是我用云彩当它(指：海)的衣服，幽暗当包裹它的布，",
        "0": {
            "sn": "07760",
            "brief": "使、置、放"
        },
        "2": {
            "sn": "03830",
            "brief": "衣服"
        },
        "3": {
            "sn": "06205",
            "brief": "幽暗、密云"
        },
        "4": {
            "sn": "02854",
            "brief": "包裹肚子的布巾"
        }
    },
    "31": {
        "0": {
            "sn": "03318",
            "brief": "出去"
        },
        "literal": "你能按时领出十二宫吗？你能引导北斗和随它的众星吗？",
        "1": {
            "sn": "04216",
            "brief": "黄道十二宫"
        },
        "2": {
            "sn": "06256",
            "brief": "时刻"
        },
        "3": {
            "sn": "05906",
            "brief": "大熊座，北斗七星"
        },
        "4": {
            "sn": "05921",
            "brief": "在…上面"
        },
        "5": {
            "sn": "01121",
            "brief": "儿子、孙子、后裔、成员"
        },
        "6": {
            "sn": "05148",
            "brief": "引导"
        }
    },
    "40": {
        "8": {
            "sn": "07768",
            "brief": "呼喊、呼求"
        },
        "1": {
            "sn": "03559",
            "brief": "Hif‘il 预备、建立、坚立"
        },
        "literal": "谁为乌鸦预备它的食物呢？它的雏鸟向上帝呼求，它们因无食物飞来飞去。",
        "0": {
            "sn": "04310",
            "brief": "谁"
        },
        "2": {
            "sn": "06158",
            "brief": "乌鸦"
        },
        "3": {
            "sn": "06718",
            "brief": "猎物、食物"
        },
        "4": {
            "sn": "03588",
            "brief": "因为、不必翻译"
        },
        "5": {
            "sn": "03206",
            "brief": "儿童、少年人"
        },
        "6": {
            "sn": "00413",
            "brief": "向、往"
        },
        "7": {
            "sn": "00410",
            "brief": "上帝、神明、能力、力量"
        },
        "9": {
            "sn": "08582",
            "brief": "徘徊、走错路、走偏"
        },
        "10": {
            "sn": "01097",
            "brief": "没有"
        },
        "11": {
            "sn": "00400",
            "brief": "食物"
        }
    }
}