{
    "2": {
        "0": {
            "sn": "03651",
            "brief": "副词：因此、如此、这样；形容词：对、真的、公平、诚实"
        },
        "8": {
            "sn": "09001",
            "brief": "给、往、向、到、归属于"
        },
        "3": {
            "sn": "03391",
            "brief": "月亮，月份"
        },
        "7": {
            "sn": "04487",
            "brief": "计算、想、分配、指定、预备"
        },
        "1": {
            "sn": "05157",
            "brief": "Qal 继承、获得，Pi‘el 分配财产"
        },
        "literal": "我也照样有过虚空的好几个月，患难的夜晚为我而定。",
        "2": {
            "sn": "09001",
            "brief": "给、往、向、到、归属于"
        },
        "4": {
            "sn": "07723",
            "brief": "虚假、虚空"
        },
        "5": {
            "sn": "03915",
            "brief": "夜晚"
        },
        "6": {
            "sn": "05999",
            "brief": "患难，劳苦"
        }
    },
    "6": {
        "2": {
            "sn": "07307",
            "brief": "灵、风、气息"
        },
        "3": {
            "sn": "02416",
            "brief": "生命"
        },
        "6": {
            "sn": "05869",
            "brief": "眼睛"
        },
        "4": {
            "sn": "03808",
            "brief": "不"
        },
        "8": {
            "sn": "02896",
            "brief": "名词：良善、美好、福乐；形容词：良善的、美好的"
        },
        "5": {
            "sn": "07725",
            "brief": "Qal 回复、回转、重复，Po‘lel 带回、复兴、更新，Hif‘il 回报、报告、带回"
        },
        "7": {
            "sn": "07200",
            "brief": "Qal 看见、看顾、察觉，Nif‘al 显现，Hif‘il 显明"
        },
        "literal": "求你想念，我的生命不过是一口气；我的眼睛必不再看见福乐。",
        "0": {
            "sn": "02142",
            "brief": "提说、纪念、回想"
        },
        "1": {
            "sn": "03588",
            "brief": "因为、不必翻译"
        }
    },
    "14": {
        "literal": "甚至我宁肯噎死，宁肯死亡，胜似留我这一身的骨头。",
        "0": {
            "sn": "00977",
            "brief": "选择、拣选、挑选"
        },
        "1": {
            "sn": "04267",
            "brief": "掐死，窒息而死"
        },
        "2": {
            "sn": "05315",
            "brief": "生命、人"
        },
        "3": {
            "sn": "04194",
            "brief": "死亡"
        },
        "4": {
            "sn": "06106",
            "brief": "本体、精髓、骨头"
        }
    },
    "19": {
        "literal": "我犯了罪，于你何妨？鉴察人的主啊，为何以我当你的箭靶子，使我成为自己的重担？",
        "1": {
            "sn": "04100",
            "brief": "什么"
        },
        "2": {
            "sn": "06466",
            "brief": "工作"
        },
        "3": {
            "sn": "09001",
            "brief": "给、往、向、到、归属于"
        },
        "4": {
            "sn": "05341",
            "brief": "谨守、遵守、保护、封锁"
        },
        "5": {
            "sn": "00120",
            "brief": "人"
        },
        "7": {
            "sn": "07760",
            "brief": "置、放"
        },
        "0": {
            "sn": "02398",
            "brief": "Qal 犯罪；Pi‘el 献赎罪祭、得洁净；Hif‘il 导致犯罪；Hitpa‘el 迷失、洁净自己"
        },
        "6": {
            "sn": "04100",
            "brief": "什么"
        },
        "8": {
            "sn": "04645",
            "brief": "被击打的东西，记号，目标，攻击的对象"
        },
        "9": {
            "sn": "09001",
            "brief": "给、往、向、到、归属于"
        },
        "10": {
            "sn": "01961",
            "brief": "成为、是、临到"
        },
        "11": {
            "sn": "05921",
            "brief": "在…上面"
        },
        "12": {
            "sn": "04853",
            "brief": "I. 利慕伊勒王的国度；II. 重担、负担、贡物；III. 默示、神谕"
        }
    },
    "1": {
        "0": {
            "sn": "05650",
            "brief": "仆人、奴隶"
        },
        "literal": "像奴仆切慕黑影，像雇工人盼望工价；",
        "4": {
            "sn": "06960",
            "brief": "等待，盼望"
        },
        "1": {
            "sn": "07602",
            "brief": "践踏、蹂躏、切望、呼吸急促"
        },
        "2": {
            "sn": "06738",
            "brief": "影子"
        },
        "3": {
            "sn": "07916",
            "brief": "受雇的"
        },
        "5": {
            "sn": "06467",
            "brief": "工作"
        }
    },
    "4": {
        "0": {
            "sn": "03847",
            "brief": "穿上"
        },
        "literal": "我的肉体穿上虫子和尘土；我的皮肤破裂了又流血。",
        "1": {
            "sn": "01320",
            "brief": "肉、身体"
        },
        "2": {
            "sn": "07415",
            "brief": "虫、蛆"
        },
        "3": {
            "sn": "01487",
            "brief": "泥土，肿块"
        },
        "4": {
            "sn": "06083",
            "brief": "尘土"
        },
        "5": {
            "sn": "05785",
            "brief": "皮"
        },
        "6": {
            "sn": "07280",
            "brief": "安顿、休息、搅动、激动"
        },
        "7": {
            "sn": "03988",
            "brief": "I. 藐视、拒绝、厌弃、撤回；II. Nif‘al 流动"
        }
    },
    "13": {
        "0": {
            "sn": "02865",
            "brief": "惊惶、惊慌、沮丧、心烦意乱"
        },
        "3": {
            "sn": "01204",
            "brief": "威吓、恐怖、惊吓"
        },
        "literal": "你就用梦惊骇我，用异象恐吓我，",
        "1": {
            "sn": "02472",
            "brief": "梦"
        },
        "2": {
            "sn": "02384",
            "brief": "异象"
        }
    },
    "7": {
        "3": {
            "sn": "07200",
            "brief": "Qal 看见、看顾、察觉，Nif‘al 显现，Hif‘il 显明"
        },
        "literal": "观看我的人，他的眼必不再见我；你的眼目要看我，我却不在了。",
        "1": {
            "sn": "07789",
            "brief": "看、观察"
        },
        "2": {
            "sn": "05869",
            "brief": "眼睛"
        },
        "4": {
            "sn": "05869",
            "brief": "眼睛"
        },
        "5": {
            "sn": "09002",
            "brief": "在、用、藉着、与、敌对"
        },
        "6": {
            "sn": "00369",
            "brief": "不存在、没有"
        },
        "0": {
            "sn": "03808",
            "brief": "不"
        }
    },
    "17": {
        "3": {
            "sn": "00974",
            "brief": "试验"
        },
        "0": {
            "sn": "06485",
            "brief": "访问、眷顾、惩罚、派定、计算、缺少"
        },
        "1": {
            "sn": "01242",
            "brief": "早晨"
        },
        "2": {
            "sn": "07281",
            "brief": "一时、瞬时"
        },
        "literal": "每早鉴察他，时刻试验他？"
    },
    "16": {
        "0": {
            "sn": "04100",
            "brief": "什么"
        },
        "1": {
            "sn": "00582",
            "brief": "人"
        },
        "2": {
            "sn": "03588",
            "brief": "因为、不必翻译"
        },
        "3": {
            "sn": "01431",
            "brief": "长大、变大"
        },
        "4": {
            "sn": "03588",
            "brief": "因为、不必翻译"
        },
        "5": {
            "sn": "07896",
            "brief": "置、放、定"
        },
        "6": {
            "sn": "00413",
            "brief": "向、往"
        },
        "7": {
            "sn": "03820",
            "brief": "心"
        },
        "literal": "人算甚么，你竟看他为大，将他放在心上？"
    },
    "20": {
        "0": {
            "sn": "04100",
            "brief": "什么"
        },
        "11": {
            "sn": "07836",
            "brief": "寻求"
        },
        "literal": "你为何不赦免我的过犯，除掉我的罪孽？我现今要躺卧在尘土中；你要殷勤地寻找我，我却不在了。",
        "2": {
            "sn": "05375",
            "brief": "高举、举起、背负、承担"
        },
        "3": {
            "sn": "06588",
            "brief": "背叛、过犯"
        },
        "5": {
            "sn": "00853",
            "brief": "不必翻译"
        },
        "6": {
            "sn": "05771",
            "brief": "罪孽"
        },
        "7": {
            "sn": "03588",
            "brief": "因为、不必翻译"
        },
        "8": {
            "sn": "06258",
            "brief": "现在"
        },
        "9": {
            "sn": "06083",
            "brief": "尘土"
        },
        "10": {
            "sn": "07901",
            "brief": "躺卧、同寝"
        },
        "12": {
            "sn": "00369",
            "brief": "不存在、没有"
        },
        "13": {
            "sn": "09015",
            "brief": "开的意思"
        },
        "1": {
            "sn": "03808",
            "brief": "不"
        },
        "4": {
            "sn": "05674",
            "brief": "经过、穿越、涨溢、离开、拿走、违犯、废除"
        }
    },
    "18": {
        "literal": "你到何时才转眼不看我，不顾我，直到我咽下唾沫呢？",
        "0": {
            "sn": "04100",
            "brief": "什么"
        },
        "1": {
            "sn": "03808",
            "brief": "不"
        },
        "2": {
            "sn": "08159",
            "brief": "仰望、注视、注重"
        },
        "3": {
            "sn": "04480",
            "brief": "从、出、离"
        },
        "4": {
            "sn": "03808",
            "brief": "不"
        },
        "5": {
            "sn": "07503",
            "brief": "Qal 落、沉、掉、放松、变弱，Hif‘il 安静、听任、放弃、让他走"
        },
        "6": {
            "sn": "05704",
            "brief": "直到"
        },
        "7": {
            "sn": "01104",
            "brief": "毁坏、吞吃"
        },
        "8": {
            "sn": "07536",
            "brief": "唾沫"
        }
    },
    "3": {
        "5": {
            "sn": "04059",
            "brief": "Piel 伸展延长，持续"
        },
        "literal": "我躺卧的时候便说：我何时起来呢？黑夜不断延长；我尽是翻来覆去，直到天亮。",
        "0": {
            "sn": "00518",
            "brief": "如果"
        },
        "1": {
            "sn": "07901",
            "brief": "躺卧、同寝"
        },
        "2": {
            "sn": "00559",
            "brief": "说"
        },
        "3": {
            "sn": "04970",
            "brief": "何时"
        },
        "4": {
            "sn": "06965",
            "brief": "起来、设立、坚立"
        },
        "6": {
            "sn": "06153",
            "brief": "晚上"
        },
        "7": {
            "sn": "07646",
            "brief": "满足、饱足"
        },
        "8": {
            "sn": "05076",
            "brief": "翻来覆去 (睡不着觉)"
        },
        "9": {
            "sn": "05704",
            "brief": "直到"
        },
        "10": {
            "sn": "05399",
            "brief": "薄暮、微明"
        }
    },
    "5": {
        "0": {
            "sn": "03117",
            "brief": "日子、时候"
        },
        "2": {
            "sn": "04480",
            "brief": "从、出、离"
        },
        "3": {
            "sn": "00708",
            "brief": "织布机、梭"
        },
        "5": {
            "sn": "00657",
            "brief": "终结、结束"
        },
        "6": {
            "sn": "08615",
            "brief": "希望、期望"
        },
        "4": {
            "sn": "03615",
            "brief": "Qal 完成、结束、停止，Pi‘el 完成、毁坏、根除"
        },
        "1": {
            "sn": "07043",
            "brief": "Qal 轻，Pi‘el 咒骂、诅咒，Pu‘al 被咒骂、被诅咒，Nif‘al 看为轻、轻视，Hif‘il 减轻、轻视"
        },
        "literal": "我的日子比梭更快，都消耗在无指望之中。"
    },
    "8": {
        "0": {
            "sn": "03615",
            "brief": "Qal 完成、结束、停止，Pi‘el 完成、毁坏、根除"
        },
        "literal": "云彩消散而过；照样，人下阴间也不再上来。",
        "1": {
            "sn": "06051",
            "brief": "云"
        },
        "2": {
            "sn": "01980",
            "brief": "去、来"
        },
        "3": {
            "sn": "03651",
            "brief": "副词：因此、如此、这样；形容词：对、真的、公平、诚实"
        },
        "6": {
            "sn": "03808",
            "brief": "不"
        },
        "4": {
            "sn": "03381",
            "brief": "降临、下去"
        },
        "5": {
            "sn": "07585",
            "brief": "阴间"
        },
        "7": {
            "sn": "05927",
            "brief": "上去、升高、生长、献上"
        }
    },
    "10": {
        "2": {
            "sn": "03808",
            "brief": "不"
        },
        "5": {
            "sn": "01696",
            "brief": "Pi‘el 讲、说、指挥"
        },
        "literal": "我不禁止我口；在我灵的愁苦中，我要发出言语；在我心的苦恼中，我要吐露哀情。",
        "0": {
            "sn": "01571",
            "brief": "甚至、也"
        },
        "1": {
            "sn": "00589",
            "brief": "我"
        },
        "3": {
            "sn": "02820",
            "brief": "限制、抑制、阻止"
        },
        "4": {
            "sn": "06310",
            "brief": "口、命令、末端、沿岸、比例"
        },
        "6": {
            "sn": "06862",
            "brief": "I. 狭窄的；II. 患难、困境；III. 敌人"
        },
        "7": {
            "sn": "07307",
            "brief": "灵、风、气息"
        },
        "8": {
            "sn": "07878",
            "brief": "思想、默想、抱怨"
        },
        "9": {
            "sn": "04751",
            "brief": "苦的"
        },
        "10": {
            "sn": "05315",
            "brief": "生命、人"
        }
    },
    "15": {
        "literal": "我厌弃性命，不愿永活。你任凭我吧，因我的日子都是虚空。",
        "2": {
            "sn": "05769",
            "brief": "永远"
        },
        "4": {
            "sn": "02308",
            "brief": "停止"
        },
        "5": {
            "sn": "04480",
            "brief": "从、出、离"
        },
        "6": {
            "sn": "03588",
            "brief": "因为、不必翻译"
        },
        "7": {
            "sn": "01892",
            "brief": "蒸气、气息、空虚"
        },
        "8": {
            "sn": "03117",
            "brief": "日子、时候"
        },
        "1": {
            "sn": "03808",
            "brief": "不"
        },
        "0": {
            "sn": "03988",
            "brief": "I. 藐视、拒绝、厌弃、撤回；II. Nif‘al 流动"
        },
        "3": {
            "sn": "02421",
            "brief": "Qal 活、存活，Pi‘el 生长、复苏、保存生命，Hif‘il 使存活、复活"
        }
    },
    "12": {
        "2": {
            "sn": "05162",
            "brief": "怜恤、安慰"
        },
        "literal": "若说：我的床必安慰我，我的榻必减轻我的苦情，",
        "0": {
            "sn": "03588",
            "brief": "因为、不必翻译"
        },
        "1": {
            "sn": "00559",
            "brief": "说"
        },
        "3": {
            "sn": "06210",
            "brief": "床"
        },
        "4": {
            "sn": "05375",
            "brief": "高举、举起、背负、承担"
        },
        "5": {
            "sn": "07879",
            "brief": "沈思、苦恼"
        },
        "6": {
            "sn": "04904",
            "brief": "躺下、床、卧室"
        }
    },
    "0": {
        "literal": "人在地上岂不是争战吗？他的日子不像雇工人的日子吗？",
        "0": {
            "sn": "03808",
            "brief": "不"
        },
        "1": {
            "sn": "06635",
            "brief": "军队、战争、服役"
        },
        "2": {
            "sn": "00582",
            "brief": "人"
        },
        "3": {
            "sn": "05921",
            "brief": "在…上面"
        },
        "4": {
            "sn": "00776",
            "brief": "地、邦国、疆界"
        },
        "5": {
            "sn": "03117",
            "brief": "日子、时候"
        },
        "6": {
            "sn": "07916",
            "brief": "受雇的"
        },
        "7": {
            "sn": "03117",
            "brief": "日子、时候"
        }
    },
    "9": {
        "literal": "他不再回自己的家；故土也不再认识他。",
        "3": {
            "sn": "01004",
            "brief": "家、房子、殿"
        },
        "7": {
            "sn": "04725",
            "brief": "地方"
        },
        "0": {
            "sn": "03808",
            "brief": "不"
        },
        "4": {
            "sn": "03808",
            "brief": "不"
        },
        "5": {
            "sn": "05234",
            "brief": "认识、承认"
        },
        "1": {
            "sn": "07725",
            "brief": "Qal 回复、回转、重复，Po‘lel 带回、复兴、更新，Hif‘il 回报、报告、带回"
        },
        "2": {
            "sn": "05750",
            "brief": "再、仍然、持续"
        },
        "6": {
            "sn": "05750",
            "brief": "再、仍然、持续"
        }
    },
    "11": {
        "literal": "我岂是海洋，或是海怪，你竟防守我呢？",
        "0": {
            "sn": "03220",
            "brief": "海、西方"
        },
        "1": {
            "sn": "00589",
            "brief": "我"
        },
        "2": {
            "sn": "00518",
            "brief": "如果"
        },
        "3": {
            "sn": "08577",
            "brief": "海怪、龙、毒蛇"
        },
        "4": {
            "sn": "03588",
            "brief": "因为、不必翻译"
        },
        "5": {
            "sn": "07760",
            "brief": "置、放"
        },
        "6": {
            "sn": "05921",
            "brief": "在…上面"
        },
        "7": {
            "sn": "04929",
            "brief": "保护"
        }
    }
}