{
    "4": {
        "2": {
            "sn": "03808",
            "brief": "不"
        },
        "literal": "因此，当审判的时候恶人必站立不住；罪人在义人的会中也是(如此)。",
        "0": {
            "sn": "05921",
            "brief": "在…上面"
        },
        "1": {
            "sn": "03651",
            "brief": "副词：因此、如此、这样；形容词：对、真的、公平、诚实"
        },
        "3": {
            "sn": "06965",
            "brief": "起来、设立、坚立"
        },
        "4": {
            "sn": "07563",
            "brief": "恶的"
        },
        "5": {
            "sn": "04941",
            "brief": "正义、公平、审判、律例、规矩"
        },
        "6": {
            "sn": "02400",
            "brief": "犯罪的"
        },
        "7": {
            "sn": "05712",
            "brief": "会众"
        },
        "8": {
            "sn": "06662",
            "brief": "公义的"
        }
    },
    "3": {
        "0": {
            "sn": "03808",
            "brief": "不"
        },
        "literal": "恶人并不是这样，而像糠秕被风吹散。",
        "1": {
            "sn": "03651",
            "brief": "副词：因此、如此、这样；形容词：对、真的、公平、诚实"
        },
        "2": {
            "sn": "07563",
            "brief": "恶的"
        },
        "3": {
            "sn": "03588",
            "brief": "因为、不必翻译"
        },
        "4": {
            "sn": "00518",
            "brief": "如果"
        },
        "5": {
            "sn": "04671",
            "brief": "糠秕"
        },
        "6": {
            "sn": "00834",
            "brief": "不必翻译"
        },
        "7": {
            "sn": "05086",
            "brief": "吹走、驱赶"
        },
        "8": {
            "sn": "07307",
            "brief": "风、心、灵、气息"
        }
    },
    "0": {
        "3": {
            "sn": "03808",
            "brief": "不"
        },
        "literal": "不从恶人的计谋，…这人便为有福！(…处填入下二行及下节)不站罪人的道路，不坐亵慢人的座位，",
        "0": {
            "sn": "00835",
            "brief": "幸福、快乐"
        },
        "1": {
            "sn": "00376",
            "brief": "各人、人、男人、丈夫"
        },
        "2": {
            "sn": "00834",
            "brief": "不必翻译"
        },
        "4": {
            "sn": "01980",
            "brief": "去"
        },
        "5": {
            "sn": "06098",
            "brief": "筹算、谘商、劝告"
        },
        "6": {
            "sn": "07563",
            "brief": "恶的"
        },
        "7": {
            "sn": "01870",
            "brief": "道路、行为、方向、方法"
        },
        "8": {
            "sn": "02400",
            "brief": "犯罪的"
        },
        "10": {
            "sn": "05975",
            "brief": "Qal 站立、侍立、停留，Hif‘il 设立、使坚定"
        },
        "9": {
            "sn": "03808",
            "brief": "不"
        },
        "11": {
            "sn": "04186",
            "brief": "住处、座位"
        },
        "12": {
            "sn": "03887",
            "brief": "轻蔑、嘲讽、傲慢"
        },
        "13": {
            "sn": "03808",
            "brief": "不"
        },
        "14": {
            "sn": "03427",
            "brief": "居住、坐、停留"
        }
    },
    "2": {
        "0": {
            "sn": "01961",
            "brief": "成为、是、临到"
        },
        "1": {
            "sn": "06086",
            "brief": "树、柴"
        },
        "2": {
            "sn": "08362",
            "brief": "栽种"
        },
        "3": {
            "sn": "05921",
            "brief": "在…上面"
        },
        "4": {
            "sn": "06388",
            "brief": "渠道、运河、河"
        },
        "5": {
            "sn": "04325",
            "brief": "水"
        },
        "6": {
            "sn": "00834",
            "brief": "不必翻译"
        },
        "7": {
            "sn": "06529",
            "brief": "果实、子孙"
        },
        "8": {
            "sn": "05414",
            "brief": "赐、给"
        },
        "9": {
            "sn": "06256",
            "brief": "时候"
        },
        "10": {
            "sn": "05929",
            "brief": "叶子"
        },
        "11": {
            "sn": "03808",
            "brief": "不"
        },
        "12": {
            "sn": "05034",
            "brief": "I. 下沉、凋谢；II. 无知、愚妄 "
        },
        "13": {
            "sn": "03605",
            "brief": "全部、整个、各"
        },
        "14": {
            "sn": "00834",
            "brief": "不必翻译"
        },
        "15": {
            "sn": "06213",
            "brief": "做"
        },
        "16": {
            "sn": "06743",
            "brief": "兴盛、成功、亨通"
        },
        "literal": "他要像一棵树被栽在溪水旁，按自己的时候结它的果子，叶子也不枯干。凡他所做的尽都顺利。"
    },
    "5": {
        "literal": "因为雅威知道义人的道路；恶人的道路却必灭亡。",
        "0": {
            "sn": "03588",
            "brief": "因为、不必翻译"
        },
        "2": {
            "sn": "03068",
            "brief": "上帝的名字「雅威」，犹太人尊称为「上主」"
        },
        "3": {
            "sn": "01870",
            "brief": "道路、行为、方向、方法"
        },
        "4": {
            "sn": "06662",
            "brief": "公义的"
        },
        "5": {
            "sn": "01870",
            "brief": "道路、行为、方向、方法"
        },
        "6": {
            "sn": "07563",
            "brief": "恶的"
        },
        "7": {
            "sn": "00006",
            "brief": "灭亡"
        },
        "1": {
            "sn": "03045",
            "brief": "Qal 知道、认识、辨别、经历，Hif‘il 使知道、宣告"
        }
    },
    "1": {
        "literal": "(本节放在上节…处)惟喜爱雅威的律法，他的律法，他昼夜诵念，",
        "0": {
            "sn": "03588",
            "brief": "因为、不必翻译"
        },
        "1": {
            "sn": "00518",
            "brief": "如果"
        },
        "2": {
            "sn": "08451",
            "brief": "教诲、教导"
        },
        "3": {
            "sn": "03068",
            "brief": "上帝的名字「雅威」，犹太人尊称为「上主」"
        },
        "4": {
            "sn": "02656",
            "brief": "喜悦、喜欢"
        },
        "5": {
            "sn": "08451",
            "brief": "教诲、教导"
        },
        "6": {
            "sn": "01897",
            "brief": "默想、图谋、咆哮"
        },
        "7": {
            "sn": "03119",
            "brief": "白天"
        },
        "8": {
            "sn": "03915",
            "brief": "夜晚"
        }
    }
}