{
    "13": {
        "4": {
            "sn": "02406",
            "brief": "小麦"
        },
        "5": {
            "sn": "07646",
            "brief": "满足、饱足"
        },
        "3": {
            "sn": "02459",
            "brief": "脂油、上选"
        },
        "literal": "他使你境内平安，用上好的麦子使你满足。",
        "0": {
            "sn": "07760",
            "brief": "置、放"
        },
        "1": {
            "sn": "01366",
            "brief": "边界、领土"
        },
        "2": {
            "sn": "07965",
            "brief": "平安、完全、全部"
        }
    },
    "1": {
        "4": {
            "sn": "03478",
            "brief": "以色列"
        },
        "5": {
            "sn": "03664",
            "brief": "聚集、包起来"
        },
        "literal": "雅威建造耶路撒冷，聚集以色列中被赶散的人。",
        "0": {
            "sn": "01129",
            "brief": "建造"
        },
        "1": {
            "sn": "03389",
            "brief": "耶路撒冷"
        },
        "2": {
            "sn": "03068",
            "brief": "上帝的名字「雅威」，犹太人尊称为「上主」"
        },
        "3": {
            "sn": "01760",
            "brief": "赶散、驱赶"
        }
    },
    "3": {
        "literal": "他数点星宿的数目，一一称它的名。",
        "0": {
            "sn": "04487",
            "brief": "计算、想、分配、指定、预备"
        },
        "1": {
            "sn": "04557",
            "brief": "数目"
        },
        "2": {
            "sn": "03556",
            "brief": "星星、天象"
        },
        "3": {
            "sn": "03605",
            "brief": "全部、整个、各"
        },
        "4": {
            "sn": "08034",
            "brief": "名字"
        },
        "5": {
            "sn": "07121",
            "brief": "喊叫、召集、称呼、求告、朗读"
        }
    },
    "4": {
        "literal": "我们的主为大，大有能力；他的智慧无法测度。",
        "0": {
            "sn": "01419",
            "brief": "大的、伟大的"
        },
        "1": {
            "sn": "00113",
            "brief": "主人"
        },
        "2": {
            "sn": "07227",
            "brief": "I. 形容词：大量的、许多的、充足的，II. 名词：统帅、首领。"
        },
        "3": {
            "sn": "03581",
            "brief": "力量"
        },
        "4": {
            "sn": "08394",
            "brief": "聪明、理解、洞察力"
        },
        "5": {
            "sn": "00369",
            "brief": "不存在、没有"
        },
        "6": {
            "sn": "04557",
            "brief": "数目"
        }
    },
    "5": {
        "literal": "雅威扶持卑微的人，将恶人倾覆于地。",
        "1": {
            "sn": "06035",
            "brief": "困苦的、卑微的"
        },
        "2": {
            "sn": "03068",
            "brief": "上帝的名字「雅威」，犹太人尊称为「上主」"
        },
        "4": {
            "sn": "07563",
            "brief": "邪恶的"
        },
        "5": {
            "sn": "05704",
            "brief": "直到"
        },
        "6": {
            "sn": "00776",
            "brief": "地、邦国、疆界"
        },
        "3": {
            "sn": "08213",
            "brief": "自卑"
        },
        "0": {
            "sn": "05749",
            "brief": "重建、作见证、训诫、围绕"
        }
    },
    "8": {
        "literal": "他赐食物给走兽和啼叫的小乌鸦。",
        "0": {
            "sn": "05414",
            "brief": "赐、给"
        },
        "1": {
            "sn": "00929",
            "brief": "牲畜"
        },
        "2": {
            "sn": "03899",
            "brief": "饼、面包、食物"
        },
        "3": {
            "sn": "01121",
            "brief": "儿子、孙子、后裔、成员"
        },
        "4": {
            "sn": "06158",
            "brief": "乌鸦"
        },
        "5": {
            "sn": "00834",
            "brief": "不必翻译"
        },
        "6": {
            "sn": "07121",
            "brief": "喊叫、召集、称呼、求告、朗读"
        }
    },
    "9": {
        "literal": "他不喜悦马的力(大)，不喜爱人的腿(快)。",
        "1": {
            "sn": "01369",
            "brief": "力量"
        },
        "2": {
            "sn": "05483",
            "brief": "马"
        },
        "3": {
            "sn": "02654",
            "brief": "喜悦、喜欢"
        },
        "0": {
            "sn": "03808",
            "brief": "不"
        },
        "4": {
            "sn": "03808",
            "brief": "不"
        },
        "5": {
            "sn": "07785",
            "brief": "腿、小腿、大腿"
        },
        "6": {
            "sn": "00376",
            "brief": "各人、人、男人、丈夫"
        },
        "7": {
            "sn": "07521",
            "brief": "喜悦"
        }
    },
    "14": {
        "3": {
            "sn": "05704",
            "brief": "直到"
        },
        "literal": "他向大地发出言语，他的话速速颁行。",
        "0": {
            "sn": "07971",
            "brief": "差遣、释放、送走、伸出、伸展"
        },
        "1": {
            "sn": "00565",
            "brief": "言语、言论"
        },
        "2": {
            "sn": "00776",
            "brief": "地、邦国、疆界"
        },
        "4": {
            "sn": "04120",
            "brief": "急忙、迅速、立即"
        },
        "5": {
            "sn": "07323",
            "brief": "奔跑"
        },
        "6": {
            "sn": "01697",
            "brief": "话语、事情"
        }
    },
    "15": {
        "0": {
            "sn": "05414",
            "brief": "赐、给"
        },
        "1": {
            "sn": "07950",
            "brief": "雪"
        },
        "2": {
            "sn": "06785",
            "brief": "羊毛"
        },
        "3": {
            "sn": "03713",
            "brief": "霜"
        },
        "4": {
            "sn": "00665",
            "brief": "炉灰"
        },
        "5": {
            "sn": "06340",
            "brief": "分散"
        },
        "literal": "他降雪如羊毛，撒霜如炉灰。"
    },
    "19": {
        "6": {
            "sn": "01077",
            "brief": "不"
        },
        "7": {
            "sn": "03045",
            "brief": "Qal 知道、认识、辨别、经历，Hif‘il 使知道、宣告"
        },
        "8": {
            "sn": "01984",
            "brief": "Qal 照亮，Pi‘el 赞美，Pu‘al 被赞美、值得赞美，Hif‘il 发光、照亮、赞美，Hitpa‘el 夸耀、行动形同疯子，Po'el 愚妄、癫狂，Po'al 猖狂，Hitpo‘lel 行为如疯子一般"
        },
        "literal": "别国他都没有这样对待过；至于他的典章，他们从来都不知道。你们要赞美雅威！",
        "1": {
            "sn": "06213",
            "brief": "做"
        },
        "0": {
            "sn": "03808",
            "brief": "不"
        },
        "2": {
            "sn": "03651",
            "brief": "副词：因此、如此、这样；形容词：对、真的、公平、诚实"
        },
        "3": {
            "sn": "03605",
            "brief": "全部、整个、各"
        },
        "4": {
            "sn": "01471",
            "brief": "国家、人民"
        },
        "5": {
            "sn": "04941",
            "brief": "正义、公平、审判、律例、规矩"
        },
        "9": {
            "sn": "03050",
            "brief": "上帝的名字「雅威」的短型式。"
        }
    },
    "0": {
        "4": {
            "sn": "02167",
            "brief": "歌颂、唱歌"
        },
        "0": {
            "sn": "01984",
            "brief": "Qal 照亮，Pi‘el 赞美，Pu‘al 被赞美、值得赞美，Hif‘il 发光、照亮、赞美，Hitpa‘el 夸耀、行动形同疯子，Po'el 愚妄、癫狂，Po'al 猖狂，Hitpo‘lel 行为如疯子一般"
        },
        "literal": "你们要赞美雅威！因歌颂我们的上帝是美善的；赞美他是美好的，是合宜的。",
        "1": {
            "sn": "03050",
            "brief": "上帝的名字「雅威」的短型式。"
        },
        "2": {
            "sn": "03588",
            "brief": "因为、不必翻译"
        },
        "5": {
            "sn": "00430",
            "brief": "上帝、神、神明"
        },
        "6": {
            "sn": "03588",
            "brief": "因为、不必翻译"
        },
        "7": {
            "sn": "05273",
            "brief": "甜美的、愉快的、美丽的"
        },
        "8": {
            "sn": "05000",
            "brief": "合宜的、秀丽的、美丽的"
        },
        "9": {
            "sn": "08416",
            "brief": "赞美"
        },
        "3": {
            "sn": "02896",
            "brief": "名词：良善、美好、福乐；形容词：良善的、美好的"
        }
    },
    "6": {
        "3": {
            "sn": "02167",
            "brief": "歌颂、唱歌"
        },
        "literal": "你们要以感谢向雅威歌唱，用琴向我们的上帝歌颂。",
        "0": {
            "sn": "06030",
            "brief": "I. 回答、作证；II. 忙；III. 使受苦、 使低微；IV. 唱歌 (I, IV 的 SN 为 6030. II, III 的 SN 为 6031)"
        },
        "1": {
            "sn": "03068",
            "brief": "上帝的名字「雅威」，犹太人尊称为「上主」"
        },
        "2": {
            "sn": "08426",
            "brief": "感谢、赞美"
        },
        "4": {
            "sn": "00430",
            "brief": "上帝、神、神明"
        },
        "5": {
            "sn": "03658",
            "brief": "琴、竖琴"
        }
    },
    "10": {
        "5": {
            "sn": "03176",
            "brief": "仰望、等候"
        },
        "literal": "雅威喜爱敬畏他和盼望他慈爱的人。",
        "0": {
            "sn": "07521",
            "brief": "喜悦"
        },
        "1": {
            "sn": "03068",
            "brief": "上帝的名字「雅威」，犹太人尊称为「上主」"
        },
        "2": {
            "sn": "00853",
            "brief": "不必翻译"
        },
        "4": {
            "sn": "00853",
            "brief": "不必翻译"
        },
        "6": {
            "sn": "02617",
            "brief": "慈爱、忠诚"
        },
        "3": {
            "sn": "03372",
            "brief": "Qal 害怕，Nif‘al 令人畏惧"
        }
    },
    "7": {
        "6": {
            "sn": "06779",
            "brief": "冒出、长出"
        },
        "literal": "他用密云遮天，为地预备雨水，使草生长在山上。",
        "1": {
            "sn": "08064",
            "brief": "天"
        },
        "2": {
            "sn": "05645",
            "brief": "黑暗、密云"
        },
        "4": {
            "sn": "00776",
            "brief": "地、邦国、疆界"
        },
        "5": {
            "sn": "04306",
            "brief": "雨"
        },
        "7": {
            "sn": "02022",
            "brief": "山"
        },
        "8": {
            "sn": "02682",
            "brief": "青草"
        },
        "0": {
            "sn": "03680",
            "brief": "遮盖、隐藏"
        },
        "3": {
            "sn": "03559",
            "brief": "Hif‘il 预备、建立、坚立"
        }
    },
    "12": {
        "literal": "因为他坚固了你的门闩，赐福给你中间的儿女。",
        "1": {
            "sn": "02388",
            "brief": "加强、支持、抓住、系紧、强壮、勇敢"
        },
        "4": {
            "sn": "01288",
            "brief": "Qal 下跪、赐福，Pi‘el 赐福"
        },
        "0": {
            "sn": "03588",
            "brief": "因为、不必翻译"
        },
        "2": {
            "sn": "01280",
            "brief": "闩、栏"
        },
        "3": {
            "sn": "08179",
            "brief": "门"
        },
        "5": {
            "sn": "01121",
            "brief": "儿子、孙子、后裔、成员"
        },
        "6": {
            "sn": "07130",
            "brief": "里面、在中间"
        }
    },
    "2": {
        "literal": "他医好伤心的人，包扎他们的伤处。",
        "0": {
            "sn": "07495",
            "brief": "医治"
        },
        "3": {
            "sn": "02280",
            "brief": "捆绑、包扎"
        },
        "2": {
            "sn": "03820",
            "brief": "心"
        },
        "4": {
            "sn": "06094",
            "brief": "痛苦"
        },
        "1": {
            "sn": "07665",
            "brief": "Qal 拆毁、折断、打碎，Nif‘al 遭破坏、被折断，Hif‘il 使生产"
        }
    },
    "16": {
        "0": {
            "sn": "07993",
            "brief": "Hif‘il 抛弃、抛出、赶出、掷"
        },
        "6": {
            "sn": "05975",
            "brief": "Qal 站立、侍立、停留，Hif‘il 设立、使坚定"
        },
        "literal": "他掷下冰雹如碎渣；在他的寒冷面前，谁能站立得住呢？",
        "1": {
            "sn": "07140",
            "brief": "冰"
        },
        "2": {
            "sn": "06595",
            "brief": "碎片"
        },
        "3": {
            "sn": "03942",
            "brief": "在…之前"
        },
        "4": {
            "sn": "07135",
            "brief": "凉快、寒冷"
        },
        "5": {
            "sn": "04310",
            "brief": "谁"
        }
    },
    "17": {
        "2": {
            "sn": "04529",
            "brief": "融化"
        },
        "3": {
            "sn": "05380",
            "brief": "吹"
        },
        "literal": "他一出令，这些就都融化；他使风刮起，水便流动。",
        "0": {
            "sn": "07971",
            "brief": "差遣、释放、送走、伸出、伸展"
        },
        "1": {
            "sn": "01697",
            "brief": "话语、事情"
        },
        "4": {
            "sn": "07307",
            "brief": "风、心、灵、气息"
        },
        "5": {
            "sn": "05140",
            "brief": "流、滴、涌流"
        },
        "6": {
            "sn": "04325",
            "brief": "水"
        }
    },
    "18": {
        "literal": "他将他的道指示雅各，将他的律例典章指示以色列。",
        "1": {
            "sn": "01697",
            "brief": "话语、事情"
        },
        "2": {
            "sn": "03290",
            "brief": "雅各"
        },
        "3": {
            "sn": "02706",
            "brief": "律例、法令、条例、限度"
        },
        "4": {
            "sn": "04941",
            "brief": "正义、公平、审判、律例、规矩"
        },
        "5": {
            "sn": "03478",
            "brief": "以色列"
        },
        "0": {
            "sn": "05046",
            "brief": "Hif‘il 告诉、宣布、声明、通知"
        }
    },
    "11": {
        "literal": "耶路撒冷啊，要颂赞雅威！锡安哪，要赞美你的上帝！",
        "0": {
            "sn": "07623",
            "brief": "I. 平静；II. 颂扬、赞美"
        },
        "4": {
            "sn": "01984",
            "brief": "Qal 照亮，Pi‘el 赞美，Pu‘al 被赞美、值得赞美，Hif‘il 发光、照亮、赞美，Hitpa‘el 夸耀、行动形同疯子，Po'el 愚妄、癫狂，Po'al 猖狂，Hitpo‘lel 行为如疯子一般"
        },
        "1": {
            "sn": "03389",
            "brief": "耶路撒冷"
        },
        "2": {
            "sn": "00853",
            "brief": "不必翻译"
        },
        "3": {
            "sn": "03068",
            "brief": "上帝的名字「雅威」，犹太人尊称为「上主」"
        },
        "5": {
            "sn": "00430",
            "brief": "上帝、神、神明"
        },
        "6": {
            "sn": "06726",
            "brief": "锡安"
        }
    }
}