{
    "4": {
        "1": {
            "sn": "09001",
            "brief": "给、往、向、到、归属于"
        },
        "literal": "祸哉！我寄居在米设，住在基达帐棚之中。",
        "0": {
            "sn": "00190",
            "brief": "祸哉"
        },
        "2": {
            "sn": "03588",
            "brief": "因为、不必翻译"
        },
        "4": {
            "sn": "04902",
            "brief": "米设"
        },
        "5": {
            "sn": "07931",
            "brief": "居住"
        },
        "6": {
            "sn": "05973",
            "brief": "跟"
        },
        "7": {
            "sn": "00168",
            "brief": "帐棚、帐蓬"
        },
        "8": {
            "sn": "06938",
            "brief": "基达"
        },
        "3": {
            "sn": "01481",
            "brief": "I. Qal 居住、寄居，Hitpo‘lel 聚集，II. 争论，III. 害怕"
        }
    },
    "0": {
        "7": {
            "sn": "06030",
            "brief": "I. 回答、作证；II. 忙；III. 使受苦、 使低微；IV. 唱歌 (I, IV 的 SN 为 6030. II, III 的 SN 为 6031)"
        },
        "6": {
            "sn": "07121",
            "brief": "喊叫、召集、称呼、求告、朗读"
        },
        "literal": "(上行(或作登阶，下同)之诗。)我在急难中求告雅威，他就应允我。",
        "0": {
            "sn": "07892",
            "brief": "歌"
        },
        "1": {
            "sn": "04609",
            "brief": "上去、阶梯"
        },
        "2": {
            "sn": "00413",
            "brief": "向、往"
        },
        "3": {
            "sn": "03068",
            "brief": "上帝的名字「雅威」，犹太人尊称为「上主」"
        },
        "4": {
            "sn": "06869",
            "brief": "灾难、患难、对手"
        },
        "5": {
            "sn": "09001",
            "brief": "给、往、向、到、归属于"
        }
    },
    "2": {
        "2": {
            "sn": "09001",
            "brief": "给、往、向、到、归属于"
        },
        "5": {
            "sn": "09001",
            "brief": "给、往、向、到、归属于"
        },
        "6": {
            "sn": "03956",
            "brief": "舌"
        },
        "4": {
            "sn": "03254",
            "brief": "再一次、增添"
        },
        "literal": "…要给你甚么呢？要拿甚么加给你呢？(…处填入下行)诡诈的舌头啊，",
        "0": {
            "sn": "04100",
            "brief": "什么"
        },
        "1": {
            "sn": "05414",
            "brief": "给"
        },
        "3": {
            "sn": "04100",
            "brief": "什么"
        },
        "7": {
            "sn": "07423",
            "brief": "诡诈、欺骗、松弛"
        }
    },
    "1": {
        "1": {
            "sn": "05337",
            "brief": "Nif‘al 获救，Pi‘el 拯救、夺取，Hif‘il 营救、抓走"
        },
        "literal": "雅威啊，求你救我脱离说谎的嘴唇和诡诈的舌头！",
        "0": {
            "sn": "03068",
            "brief": "上帝的名字「雅威」，犹太人尊称为「上主」"
        },
        "2": {
            "sn": "05315",
            "brief": "生命、人"
        },
        "4": {
            "sn": "08267",
            "brief": "虚假"
        },
        "5": {
            "sn": "03956",
            "brief": "舌"
        },
        "6": {
            "sn": "07423",
            "brief": "诡诈、欺骗、松弛"
        },
        "3": {
            "sn": "08193",
            "brief": "嘴唇、边缘、言语"
        }
    },
    "3": {
        "literal": "就是勇士的利箭和罗腾木(小树名，松类)的炭火。",
        "0": {
            "sn": "02671",
            "brief": "箭"
        },
        "2": {
            "sn": "08150",
            "brief": "快利"
        },
        "3": {
            "sn": "05973",
            "brief": "跟"
        },
        "4": {
            "sn": "01513",
            "brief": "炭"
        },
        "5": {
            "sn": "07574",
            "brief": "金雀花、罗腾"
        },
        "1": {
            "sn": "01368",
            "brief": "形容词：强壮的、有力的；名词：勇士"
        }
    },
    "5": {
        "literal": "我…许久同住。(…处填入下行)与那恨恶和睦的人",
        "0": {
            "sn": "07227",
            "brief": "I. 形容词：大量的、许多的、充足的，II. 名词：统帅、首领。"
        },
        "1": {
            "sn": "07931",
            "brief": "居住"
        },
        "2": {
            "sn": "09001",
            "brief": "给、往、向、到、归属于"
        },
        "3": {
            "sn": "05315",
            "brief": "生命、人"
        },
        "4": {
            "sn": "05973",
            "brief": "跟"
        },
        "5": {
            "sn": "08130",
            "brief": "恨"
        },
        "6": {
            "sn": "07965",
            "brief": "平安、完全、全部"
        }
    },
    "6": {
        "literal": "我愿和睦，但我一发言，他们就要争战。",
        "0": {
            "sn": "00589",
            "brief": "我"
        },
        "1": {
            "sn": "07965",
            "brief": "平安、完全、全部"
        },
        "2": {
            "sn": "03588",
            "brief": "因为、不必翻译"
        },
        "4": {
            "sn": "01992",
            "brief": "他们"
        },
        "5": {
            "sn": "04421",
            "brief": "战争"
        },
        "3": {
            "sn": "01696",
            "brief": "Pi‘el 讲、说、指挥"
        }
    }
}