{
    "7": {
        "1": {
            "sn": "05973",
            "brief": "跟"
        },
        "0": {
            "sn": "03427",
            "brief": "居住、坐、停留"
        },
        "literal": "使他们与贵族同坐，就是与本国的贵族同坐。",
        "2": {
            "sn": "05081",
            "brief": "形容词：乐意的、尊贵的、慷慨的；名词：贵族"
        },
        "3": {
            "sn": "05973",
            "brief": "跟"
        },
        "4": {
            "sn": "05081",
            "brief": "形容词：乐意的、尊贵的、慷慨的；名词：贵族"
        },
        "5": {
            "sn": "05971",
            "brief": "国家、百姓"
        }
    },
    "2": {
        "literal": "从日出之地到日落之处，雅威的名是应当赞美的！",
        "0": {
            "sn": "04217",
            "brief": "日出的方向、东方"
        },
        "1": {
            "sn": "08121",
            "brief": "太阳"
        },
        "2": {
            "sn": "05704",
            "brief": "直到"
        },
        "3": {
            "sn": "03996",
            "brief": "入口、日落地"
        },
        "5": {
            "sn": "08034",
            "brief": "名字"
        },
        "6": {
            "sn": "03068",
            "brief": "上帝的名字「雅威」，犹太人尊称为「上主」"
        },
        "4": {
            "sn": "01984",
            "brief": "Qal 照亮，Pi‘el 赞美，Pu‘al 被赞美、值得赞美，Hif‘il 发光、照亮、赞美，Hitpa‘el 夸耀、行动形同疯子，Po'el 愚妄、癫狂，Po'al 猖狂，Hitpo‘lel 行为如疯子一般"
        }
    },
    "3": {
        "0": {
            "sn": "07311",
            "brief": "高举、抬高"
        },
        "1": {
            "sn": "05921",
            "brief": "在…上面"
        },
        "2": {
            "sn": "03605",
            "brief": "全部、整个、各"
        },
        "3": {
            "sn": "01471",
            "brief": "国家、人民"
        },
        "4": {
            "sn": "03068",
            "brief": "上帝的名字「雅威」，犹太人尊称为「上主」"
        },
        "5": {
            "sn": "05921",
            "brief": "在…上面"
        },
        "6": {
            "sn": "08064",
            "brief": "天"
        },
        "7": {
            "sn": "03519",
            "brief": "荣耀"
        },
        "literal": "雅威超乎万国之上，他的荣耀高过诸天。"
    },
    "6": {
        "0": {
            "sn": "06965",
            "brief": "起来、设立、坚立"
        },
        "4": {
            "sn": "07311",
            "brief": "高举、抬高"
        },
        "literal": "他从灰尘里抬举贫寒人，从粪堆中提拔穷乏人，",
        "1": {
            "sn": "06083",
            "brief": "土、尘土"
        },
        "2": {
            "sn": "01800",
            "brief": "贫穷的、卑微的、弱的"
        },
        "3": {
            "sn": "00830",
            "brief": "垃圾堆"
        },
        "5": {
            "sn": "00034",
            "brief": "贫乏的、贫穷的"
        }
    },
    "1": {
        "literal": "雅威的名是应当称颂的，从今时直到永远！",
        "0": {
            "sn": "01961",
            "brief": "是、成为、临到"
        },
        "1": {
            "sn": "08034",
            "brief": "名字"
        },
        "2": {
            "sn": "03068",
            "brief": "上帝的名字「雅威」，犹太人尊称为「上主」"
        },
        "3": {
            "sn": "01288",
            "brief": "祝福"
        },
        "4": {
            "sn": "06258",
            "brief": "现在"
        },
        "5": {
            "sn": "05704",
            "brief": "直到"
        },
        "6": {
            "sn": "05769",
            "brief": "古老、永远、长久"
        }
    },
    "5": {
        "literal": "自己谦卑，观看天和地的事。",
        "2": {
            "sn": "08064",
            "brief": "天"
        },
        "3": {
            "sn": "00776",
            "brief": "地、邦国、疆界"
        },
        "0": {
            "sn": "08213",
            "brief": "自卑"
        },
        "1": {
            "sn": "07200",
            "brief": "Qal 看见、看顾、察觉，Nif‘al 显现，Hif‘il 显明"
        }
    },
    "8": {
        "literal": "他使不能生育的妇人安居家中，成了有许多子女的快乐母亲。你们要赞美雅威！",
        "1": {
            "sn": "06135",
            "brief": "不孕的"
        },
        "2": {
            "sn": "01004",
            "brief": "家、房子、殿"
        },
        "3": {
            "sn": "00517",
            "brief": "母亲"
        },
        "4": {
            "sn": "01121",
            "brief": "儿子、孙子、后裔、成员"
        },
        "5": {
            "sn": "08056",
            "brief": "喜乐的、高兴的"
        },
        "7": {
            "sn": "03050",
            "brief": "上帝的名字「雅威」的短型式。"
        },
        "0": {
            "sn": "03427",
            "brief": "居住、坐、停留"
        },
        "6": {
            "sn": "01984",
            "brief": "Qal 照亮，Pi‘el 赞美，Pu‘al 被赞美、值得赞美，Hif‘il 发光、照亮、赞美，Hitpa‘el 夸耀、行动形同疯子，Po'el 愚妄、癫狂，Po'al 猖狂，Hitpo‘lel 行为如疯子一般"
        }
    },
    "4": {
        "3": {
            "sn": "01361",
            "brief": "高、举高"
        },
        "literal": "谁像雅威―我们的上帝呢？他坐在至高之处，",
        "0": {
            "sn": "04310",
            "brief": "谁"
        },
        "1": {
            "sn": "03068",
            "brief": "上帝的名字「雅威」，犹太人尊称为「上主」"
        },
        "2": {
            "sn": "00430",
            "brief": "上帝、神、神明"
        },
        "4": {
            "sn": "03427",
            "brief": "居住、坐、停留"
        }
    },
    "0": {
        "literal": "你们要赞美雅威！雅威的仆人哪，你们要赞美，你们要赞美雅威的名！",
        "0": {
            "sn": "01984",
            "brief": "Qal 照亮，Pi‘el 赞美，Pu‘al 被赞美、值得赞美，Hif‘il 发光、照亮、赞美，Hitpa‘el 夸耀、行动形同疯子，Po'el 愚妄、癫狂，Po'al 猖狂，Hitpo‘lel 行为如疯子一般"
        },
        "1": {
            "sn": "03050",
            "brief": "上帝的名字「雅威」的短型式。"
        },
        "2": {
            "sn": "01984",
            "brief": "Qal 照亮，Pi‘el 赞美，Pu‘al 被赞美、值得赞美，Hif‘il 发光、照亮、赞美，Hitpa‘el 夸耀、行动形同疯子，Po'el 愚妄、癫狂，Po'al 猖狂，Hitpo‘lel 行为如疯子一般"
        },
        "3": {
            "sn": "05650",
            "brief": "仆人、奴隶"
        },
        "4": {
            "sn": "03068",
            "brief": "上帝的名字「雅威」，犹太人尊称为「上主」"
        },
        "5": {
            "sn": "01984",
            "brief": "Qal 照亮，Pi‘el 赞美，Pu‘al 被赞美、值得赞美，Hif‘il 发光、照亮、赞美，Hitpa‘el 夸耀、行动形同疯子，Po'el 愚妄、癫狂，Po'al 猖狂，Hitpo‘lel 行为如疯子一般"
        },
        "6": {
            "sn": "00853",
            "brief": "不必翻译"
        },
        "7": {
            "sn": "08034",
            "brief": "名字"
        },
        "8": {
            "sn": "03068",
            "brief": "上帝的名字「雅威」，犹太人尊称为「上主」"
        }
    }
}