{
    "5": {
        "7": {
            "sn": "09001",
            "brief": "给、往、向、到、归属于"
        },
        "5": {
            "sn": "05186",
            "brief": "Qal 伸出、铺张、伸展、延长，Hif‘il 屈枉、转弯、 丢一边"
        },
        "0": {
            "sn": "00589",
            "brief": "我"
        },
        "8": {
            "sn": "08085",
            "brief": "Qal 听、听从，Hif‘il 说明、使…听"
        },
        "literal": "上帝啊，我求告你，因为你必应允我；求你向我伸长你的耳朵，听我的言语。",
        "1": {
            "sn": "07121",
            "brief": "喊叫、召集、称呼、求告、朗读"
        },
        "2": {
            "sn": "03588",
            "brief": "因为、不必翻译"
        },
        "3": {
            "sn": "06030",
            "brief": "I. 回答、作证；II. 忙；III. 使受苦、 使低微；IV. 唱歌 (I, IV 的 SN 为 6030. II, III 的 SN 为 6031)"
        },
        "4": {
            "sn": "00410",
            "brief": "上帝、神明、能力、力量"
        },
        "6": {
            "sn": "00241",
            "brief": "耳朵"
        },
        "9": {
            "sn": "00565",
            "brief": "言语、言论"
        }
    },
    "0": {
        "9": {
            "sn": "03808",
            "brief": "不"
        },
        "5": {
            "sn": "07181",
            "brief": "留心听、注意听"
        },
        "literal": "大卫的祈祷。雅威啊，求你听闻公义，侧耳听我的呼求！求你留心听我这不出于诡诈嘴唇的祈祷！",
        "0": {
            "sn": "08605",
            "brief": "祷告"
        },
        "1": {
            "sn": "01732",
            "brief": "大卫"
        },
        "3": {
            "sn": "03068",
            "brief": "上帝的名字「雅威」，犹太人尊称为「上主」"
        },
        "4": {
            "sn": "06664",
            "brief": "公义"
        },
        "6": {
            "sn": "07440",
            "brief": "欢呼、喜乐"
        },
        "2": {
            "sn": "08085",
            "brief": "Qal 听、听从，Hif‘il 说明、使…听"
        },
        "8": {
            "sn": "08605",
            "brief": "祷告"
        },
        "10": {
            "sn": "08193",
            "brief": "嘴唇、边缘、言语"
        },
        "11": {
            "sn": "04820",
            "brief": "诡诈、欺骗"
        },
        "7": {
            "sn": "00238",
            "brief": "侧耳听"
        }
    },
    "7": {
        "6": {
            "sn": "05641",
            "brief": "Nif‘al 隐藏、躲藏"
        },
        "literal": "求你保护我，如同(保护)眼中的瞳仁，将我隐藏在你翅膀的荫下，",
        "0": {
            "sn": "08104",
            "brief": "遵守、保护、小心"
        },
        "1": {
            "sn": "00380",
            "brief": "眼睛的瞳仁"
        },
        "2": {
            "sn": "01323",
            "brief": "女儿、女子"
        },
        "3": {
            "sn": "05869",
            "brief": "眼睛"
        },
        "4": {
            "sn": "06738",
            "brief": "影子"
        },
        "5": {
            "sn": "03671",
            "brief": "翅膀"
        }
    },
    "3": {
        "literal": "论到人的行为，我藉着你嘴唇的言语自己谨守，不行残暴人的道路。",
        "0": {
            "sn": "06468",
            "brief": "报酬、薪资"
        },
        "1": {
            "sn": "00120",
            "brief": "人"
        },
        "2": {
            "sn": "01697",
            "brief": "话语、事情"
        },
        "3": {
            "sn": "08193",
            "brief": "嘴唇、边缘、言语"
        },
        "4": {
            "sn": "00589",
            "brief": "我"
        },
        "5": {
            "sn": "08104",
            "brief": "遵守、保护、小心"
        },
        "6": {
            "sn": "00734",
            "brief": "路、路径"
        },
        "7": {
            "sn": "06530",
            "brief": "使用暴力者，强盗"
        }
    },
    "12": {
        "5": {
            "sn": "06403",
            "brief": "逃脱、安然带走"
        },
        "literal": "雅威啊，求你兴起，前去迎敌，将他打倒！求你用你的刀，救护我命脱离恶人。",
        "0": {
            "sn": "06965",
            "brief": "起来、设立、坚立"
        },
        "1": {
            "sn": "03068",
            "brief": "上帝的名字「雅威」，犹太人尊称为「上主」"
        },
        "3": {
            "sn": "06440",
            "brief": "脸"
        },
        "6": {
            "sn": "05315",
            "brief": "心灵、生命"
        },
        "7": {
            "sn": "07563",
            "brief": "邪恶的"
        },
        "8": {
            "sn": "02719",
            "brief": "刀、刀剑"
        },
        "2": {
            "sn": "06923",
            "brief": "前往、遇见"
        },
        "4": {
            "sn": "03766",
            "brief": "屈身、叩拜、下跪"
        }
    },
    "6": {
        "2": {
            "sn": "03467",
            "brief": "拯救"
        },
        "literal": "求你显出你奇妙的慈爱，用你的右手拯救投奔者脱离起而攻击者。",
        "1": {
            "sn": "02617",
            "brief": "慈爱、忠诚"
        },
        "0": {
            "sn": "06395",
            "brief": "分别出来"
        },
        "3": {
            "sn": "02620",
            "brief": "投靠、信赖"
        },
        "5": {
            "sn": "03225",
            "brief": "右手、右边"
        },
        "4": {
            "sn": "06965",
            "brief": "起来、设立、坚立"
        }
    },
    "14": {
        "5": {
            "sn": "06974",
            "brief": "醒"
        },
        "literal": "至于我，我必在义中见你的面；我醒了的时候，得见(或译：着)你的形像就心满意足了。",
        "0": {
            "sn": "00589",
            "brief": "我"
        },
        "1": {
            "sn": "06664",
            "brief": "公义"
        },
        "2": {
            "sn": "02372",
            "brief": "看、注意、察觉、预言"
        },
        "3": {
            "sn": "06440",
            "brief": "脸"
        },
        "4": {
            "sn": "07646",
            "brief": "满足、饱足"
        },
        "6": {
            "sn": "08544",
            "brief": "形像"
        }
    },
    "8": {
        "6": {
            "sn": "05362",
            "brief": "I. Nif‘al 砍下，Pi‘el 击打；II. 循环、环绕、修整"
        },
        "literal": "使我脱离那欺压我的恶人，就是围困我要害我命的我的仇敌。",
        "0": {
            "sn": "06440",
            "brief": "脸"
        },
        "1": {
            "sn": "07563",
            "brief": "邪恶的"
        },
        "2": {
            "sn": "02098",
            "brief": "这个、那一个"
        },
        "3": {
            "sn": "07703",
            "brief": "荒场、荒废、毁坏"
        },
        "4": {
            "sn": "00341",
            "brief": "敌人、对头"
        },
        "5": {
            "sn": "05315",
            "brief": "心灵、生命"
        },
        "7": {
            "sn": "05921",
            "brief": "在…上面"
        }
    },
    "9": {
        "3": {
            "sn": "01696",
            "brief": "Pi‘el 讲、说、指挥"
        },
        "1": {
            "sn": "05462",
            "brief": "Qal 关闭、堵塞，Pi‘el 关闭、交付，Hif‘il 关闭、交付"
        },
        "0": {
            "sn": "02459",
            "brief": "脂油"
        },
        "literal": "他们的心被脂油包裹，他们的口说骄傲的话。",
        "2": {
            "sn": "06310",
            "brief": "口、命令、末端、沿岸、比例"
        },
        "4": {
            "sn": "01348",
            "brief": "骄傲、上升、庄严"
        }
    },
    "4": {
        "literal": "我的步伐踏定你的路径，我的脚未曾滑跌。",
        "0": {
            "sn": "08551",
            "brief": "抓紧、支持"
        },
        "1": {
            "sn": "00838",
            "brief": "步伐"
        },
        "2": {
            "sn": "04570",
            "brief": "路径、防御工事"
        },
        "3": {
            "sn": "01077",
            "brief": "不"
        },
        "4": {
            "sn": "04131",
            "brief": "摇动"
        },
        "5": {
            "sn": "06471",
            "brief": "敲击、脚步、这一次、次数"
        }
    },
    "10": {
        "5": {
            "sn": "05186",
            "brief": "Qal 伸出、铺张、伸展、延长，Hif‘il 屈枉、转弯、 丢一边"
        },
        "literal": "现在，他们围困我们的脚步；他们瞪着他们的眼睛，要(把我们)推倒在地。",
        "0": {
            "sn": "00838",
            "brief": "步伐"
        },
        "1": {
            "sn": "06258",
            "brief": "现在"
        },
        "2": {
            "sn": "05437",
            "brief": "环绕、游行、转"
        },
        "3": {
            "sn": "05869",
            "brief": "眼睛"
        },
        "4": {
            "sn": "07896",
            "brief": "置、放、定"
        },
        "6": {
            "sn": "00776",
            "brief": "地、邦国、疆界"
        }
    },
    "2": {
        "literal": "你已经试验我的心，你在夜间鉴察我。你熬炼我，却找不着甚么(错失)，我立志叫我口中没有过失。",
        "0": {
            "sn": "00974",
            "brief": "试验"
        },
        "1": {
            "sn": "03820",
            "brief": "心"
        },
        "2": {
            "sn": "06485",
            "brief": "访问、眷顾、惩罚、派定、计算、缺少"
        },
        "3": {
            "sn": "03915",
            "brief": "夜晚"
        },
        "4": {
            "sn": "06884",
            "brief": "熔解、精炼、试验"
        },
        "5": {
            "sn": "01077",
            "brief": "不"
        },
        "6": {
            "sn": "04672",
            "brief": "寻找、追上、获得、发现"
        },
        "7": {
            "sn": "02161",
            "brief": "意图、计划、目的"
        },
        "8": {
            "sn": "01077",
            "brief": "不"
        },
        "9": {
            "sn": "05674",
            "brief": "经过、穿越、涨溢、离开、拿走、违犯、废除"
        },
        "10": {
            "sn": "06310",
            "brief": "口、命令、末端、沿岸、比例"
        }
    },
    "1": {
        "literal": "愿(显)我(为义)的判语从你面前发出，愿你的眼睛观看公正。",
        "0": {
            "sn": "03942",
            "brief": "在…之前"
        },
        "1": {
            "sn": "04941",
            "brief": "正义、公平、审判、律例、规矩"
        },
        "2": {
            "sn": "03318",
            "brief": "出去"
        },
        "3": {
            "sn": "05869",
            "brief": "眼睛"
        },
        "4": {
            "sn": "02372",
            "brief": "看、注意、察觉、预言"
        },
        "5": {
            "sn": "04339",
            "brief": "平等、正直"
        }
    },
    "11": {
        "literal": "他像狮子急要抓食，又像少壮狮子蹲伏在暗处。",
        "0": {
            "sn": "01825",
            "brief": "相像"
        },
        "2": {
            "sn": "03700",
            "brief": "渴想、期待、希望"
        },
        "3": {
            "sn": "02963",
            "brief": "撕裂"
        },
        "4": {
            "sn": "03715",
            "brief": "少壮狮子"
        },
        "5": {
            "sn": "03427",
            "brief": "居住、坐、停留"
        },
        "6": {
            "sn": "04565",
            "brief": "隐密处"
        },
        "1": {
            "sn": "00738",
            "brief": "狮子"
        }
    },
    "13": {
        "8": {
            "sn": "04390",
            "brief": "充满"
        },
        "literal": "雅威啊，求你用你的手救我脱离世人，脱离那只在今生有福分的世人！你把你的财宝充满他们的肚腹，他们因有儿女就心满意足，将其余的财物留给他们的孩子。",
        "0": {
            "sn": "04962",
            "brief": "男人"
        },
        "1": {
            "sn": "03027",
            "brief": "手、边、力量、权势"
        },
        "2": {
            "sn": "03068",
            "brief": "上帝的名字「雅威」，犹太人尊称为「上主」"
        },
        "3": {
            "sn": "04962",
            "brief": "男人"
        },
        "4": {
            "sn": "02465",
            "brief": "年岁、一生一世"
        },
        "6": {
            "sn": "02416",
            "brief": "生命"
        },
        "7": {
            "sn": "06845",
            "brief": "隐藏"
        },
        "9": {
            "sn": "00990",
            "brief": "子宫、肚腹"
        },
        "10": {
            "sn": "07646",
            "brief": "满足、饱足"
        },
        "11": {
            "sn": "01121",
            "brief": "儿子、孙子、后裔、成员"
        },
        "13": {
            "sn": "03499",
            "brief": "I. 1. 名词：剩下，2. 副词：优秀、丰富，II. 绳、弦"
        },
        "12": {
            "sn": "03240",
            "brief": "安顿"
        },
        "5": {
            "sn": "02506",
            "brief": "分、部分"
        },
        "14": {
            "sn": "05768",
            "brief": "孩童、婴孩"
        }
    }
}