{
    "5": {
        "literal": "我的心等候主，胜于守夜的等候天亮；胜于守夜的等候天亮。",
        "1": {
            "sn": "00136",
            "brief": "主人"
        },
        "2": {
            "sn": "08104",
            "brief": "谨守、小心、观察"
        },
        "3": {
            "sn": "01242",
            "brief": "早晨"
        },
        "4": {
            "sn": "08104",
            "brief": "谨守、小心、观察"
        },
        "5": {
            "sn": "01242",
            "brief": "早晨"
        },
        "0": {
            "sn": "05315",
            "brief": "生命、人"
        }
    },
    "7": {
        "literal": "他必救赎以色列脱离他一切的罪孽。",
        "0": {
            "sn": "01931",
            "brief": "他、她"
        },
        "1": {
            "sn": "06299",
            "brief": "救赎"
        },
        "2": {
            "sn": "00853",
            "brief": "不必翻译"
        },
        "3": {
            "sn": "03478",
            "brief": "以色列"
        },
        "4": {
            "sn": "03605",
            "brief": "全部、整个、各"
        },
        "5": {
            "sn": "05771",
            "brief": "罪孽"
        }
    },
    "4": {
        "0": {
            "sn": "06960",
            "brief": "指望、等待"
        },
        "2": {
            "sn": "06960",
            "brief": "指望、等待"
        },
        "5": {
            "sn": "03176",
            "brief": "仰望、等候"
        },
        "literal": "我等候雅威，我的心等候；我也仰望他的话语。",
        "1": {
            "sn": "03068",
            "brief": "上帝的名字「雅威」，犹太人尊称为「上主」"
        },
        "3": {
            "sn": "05315",
            "brief": "生命、人"
        },
        "4": {
            "sn": "01697",
            "brief": "话语、事情"
        }
    },
    "3": {
        "literal": "但在你有赦免之恩，要叫你受人敬畏。",
        "0": {
            "sn": "03588",
            "brief": "因为、不必翻译"
        },
        "1": {
            "sn": "05973",
            "brief": "跟"
        },
        "2": {
            "sn": "05547",
            "brief": "饶恕"
        },
        "3": {
            "sn": "04616",
            "brief": "为了"
        },
        "4": {
            "sn": "03372",
            "brief": "Qal 害怕，Nif‘al 令人畏惧"
        }
    },
    "2": {
        "literal": "雅威啊，你若究察罪孽，主啊，谁能站得住呢？",
        "0": {
            "sn": "00518",
            "brief": "如果"
        },
        "1": {
            "sn": "05771",
            "brief": "罪孽"
        },
        "2": {
            "sn": "08104",
            "brief": "谨守、小心、观察"
        },
        "3": {
            "sn": "03050",
            "brief": "上帝的名字「雅威」的短型式。"
        },
        "4": {
            "sn": "00136",
            "brief": "主人"
        },
        "5": {
            "sn": "04310",
            "brief": "谁"
        },
        "6": {
            "sn": "05975",
            "brief": "Qal 站立、侍立、停留，Hif‘il 设立、使坚定"
        }
    },
    "6": {
        "literal": "以色列啊，你当仰望雅威！因雅威有慈爱，有丰盛的救恩。",
        "1": {
            "sn": "03478",
            "brief": "以色列"
        },
        "2": {
            "sn": "00413",
            "brief": "向、往"
        },
        "3": {
            "sn": "03068",
            "brief": "上帝的名字「雅威」，犹太人尊称为「上主」"
        },
        "4": {
            "sn": "03588",
            "brief": "因为、不必翻译"
        },
        "5": {
            "sn": "05973",
            "brief": "跟"
        },
        "6": {
            "sn": "03068",
            "brief": "上帝的名字「雅威」，犹太人尊称为「上主」"
        },
        "7": {
            "sn": "02617",
            "brief": "慈爱、忠诚"
        },
        "9": {
            "sn": "05973",
            "brief": "跟"
        },
        "10": {
            "sn": "06304",
            "brief": "救赎、赎价"
        },
        "0": {
            "sn": "03176",
            "brief": "仰望、等候"
        },
        "8": {
            "sn": "07235",
            "brief": "多、变多"
        }
    },
    "1": {
        "1": {
            "sn": "08085",
            "brief": "Qal 听、听从，Hif‘il 说明、使…听"
        },
        "literal": "主啊，求你听我的声音！愿你那留心听的耳朵临到我恳求的声音！",
        "0": {
            "sn": "00136",
            "brief": "主人"
        },
        "2": {
            "sn": "06963",
            "brief": "声音"
        },
        "3": {
            "sn": "01961",
            "brief": "是、成为、临到"
        },
        "4": {
            "sn": "00241",
            "brief": "耳朵"
        },
        "5": {
            "sn": "07183",
            "brief": "留心在听的"
        },
        "6": {
            "sn": "06963",
            "brief": "声音"
        },
        "7": {
            "sn": "08469",
            "brief": "恳求"
        }
    },
    "0": {
        "literal": "(上行之诗。)雅威啊，我从深处向你求告！",
        "0": {
            "sn": "07892",
            "brief": "唱歌"
        },
        "1": {
            "sn": "04609",
            "brief": "上去、阶梯"
        },
        "2": {
            "sn": "04615",
            "brief": "深处"
        },
        "3": {
            "sn": "07121",
            "brief": "喊叫、召集、称呼、求告、朗读"
        },
        "4": {
            "sn": "03068",
            "brief": "上帝的名字「雅威」，犹太人尊称为「上主」"
        }
    }
}