{
    "2": {
        "2": {
            "sn": "02040",
            "brief": "破坏、撕裂"
        },
        "literal": "根基若毁坏，义人还能做甚么呢？",
        "0": {
            "sn": "03588",
            "brief": "因为、不必翻译"
        },
        "1": {
            "sn": "08356",
            "brief": "支柱、根基"
        },
        "3": {
            "sn": "06662",
            "brief": "公义的"
        },
        "4": {
            "sn": "04100",
            "brief": "什么"
        },
        "5": {
            "sn": "06466",
            "brief": "制造、工作"
        }
    },
    "1": {
        "9": {
            "sn": "03384",
            "brief": "Qal 射、抛掷，Hif‘il 教导、射、抛掷"
        },
        "5": {
            "sn": "03559",
            "brief": "Hif‘il 预备、建立、坚立"
        },
        "0": {
            "sn": "03588",
            "brief": "因为、不必翻译"
        },
        "1": {
            "sn": "02009",
            "brief": "看哪"
        },
        "literal": "看哪，恶人弯弓，把他们的箭搭在弦上，要在暗中射那心里正直的人。",
        "2": {
            "sn": "07563",
            "brief": "恶的"
        },
        "3": {
            "sn": "01869",
            "brief": "踩踏、行进、引导、弯曲"
        },
        "4": {
            "sn": "07198",
            "brief": "弓"
        },
        "6": {
            "sn": "02671",
            "brief": "箭"
        },
        "7": {
            "sn": "05921",
            "brief": "在…上面"
        },
        "8": {
            "sn": "03499",
            "brief": "I. 1. 名词：剩下，2. 副词：优秀、丰富，II. 绳、弦"
        },
        "10": {
            "sn": "01119",
            "brief": "在、用、藉着"
        },
        "11": {
            "sn": "00652",
            "brief": "迷朦、黑暗"
        },
        "12": {
            "sn": "03477",
            "brief": "公义的、正直的"
        },
        "13": {
            "sn": "03820",
            "brief": "心"
        }
    },
    "6": {
        "0": {
            "sn": "03588",
            "brief": "因为、不必翻译"
        },
        "1": {
            "sn": "06662",
            "brief": "公义的"
        },
        "2": {
            "sn": "03068",
            "brief": "上帝的名字「雅威」，犹太人尊称为「上主」"
        },
        "3": {
            "sn": "06666",
            "brief": "公义"
        },
        "4": {
            "sn": "00157",
            "brief": "爱"
        },
        "5": {
            "sn": "03477",
            "brief": "公义的、正直的"
        },
        "6": {
            "sn": "02372",
            "brief": "看、注意、察觉、预言"
        },
        "7": {
            "sn": "06440",
            "brief": "脸面"
        },
        "literal": "因为雅威是公义的，他喜爱义行；正直人必得见他的面。"
    },
    "0": {
        "0": {
            "sn": "05329",
            "brief": "Qal 优于、聪明、长久，Pi‘el 做监督、做指挥"
        },
        "1": {
            "sn": "01732",
            "brief": "大卫"
        },
        "2": {
            "sn": "03068",
            "brief": "上帝的名字「雅威」，犹太人尊称为「上主」"
        },
        "3": {
            "sn": "02620",
            "brief": "投靠、信赖"
        },
        "4": {
            "sn": "00349",
            "brief": "如何、怎么、怎能"
        },
        "5": {
            "sn": "00559",
            "brief": "说"
        },
        "6": {
            "sn": "05315",
            "brief": "心灵、生命"
        },
        "7": {
            "sn": "05110",
            "brief": "表示哀悼、摇动、挥舞、怜恤"
        },
        "8": {
            "sn": "02022",
            "brief": "山"
        },
        "9": {
            "sn": "06833",
            "brief": "雀鸟、鸟"
        },
        "literal": "大卫的诗，交给诗班指挥。我投靠雅威；你们怎么对我说：鸟儿啊，飞往你们的山去吧？"
    },
    "5": {
        "literal": "他要向恶人密布网罗，有烈火、硫磺、热风，作他们杯中的分。",
        "1": {
            "sn": "05921",
            "brief": "在…上面"
        },
        "2": {
            "sn": "07563",
            "brief": "恶的"
        },
        "3": {
            "sn": "06341",
            "brief": "圈套、网罗"
        },
        "4": {
            "sn": "00784",
            "brief": "火"
        },
        "5": {
            "sn": "01614",
            "brief": "硫磺"
        },
        "6": {
            "sn": "07307",
            "brief": "灵、风、气息"
        },
        "7": {
            "sn": "02152",
            "brief": "灼热"
        },
        "8": {
            "sn": "04521",
            "brief": "份"
        },
        "9": {
            "sn": "03563",
            "brief": "杯"
        },
        "0": {
            "sn": "04305",
            "brief": "下雨"
        }
    },
    "4": {
        "literal": "雅威试验义人；惟有恶人和喜爱暴力的人，他心里恨恶。",
        "0": {
            "sn": "03068",
            "brief": "上帝的名字「雅威」，犹太人尊称为「上主」"
        },
        "1": {
            "sn": "06662",
            "brief": "公义的"
        },
        "2": {
            "sn": "00974",
            "brief": "试验"
        },
        "3": {
            "sn": "07563",
            "brief": "恶的"
        },
        "4": {
            "sn": "00157",
            "brief": "爱"
        },
        "5": {
            "sn": "02555",
            "brief": "暴力、残忍、不公"
        },
        "6": {
            "sn": "08130",
            "brief": "恨"
        },
        "7": {
            "sn": "05315",
            "brief": "心灵、生命"
        }
    },
    "3": {
        "literal": "雅威在他的圣殿里，雅威他的宝座在天上；他的眼睛察看，他的眼目察验世人。",
        "0": {
            "sn": "03068",
            "brief": "上帝的名字「雅威」，犹太人尊称为「上主」"
        },
        "1": {
            "sn": "01964",
            "brief": "圣殿、宫殿"
        },
        "2": {
            "sn": "06944",
            "brief": "圣所、圣物、神圣"
        },
        "3": {
            "sn": "03068",
            "brief": "上帝的名字「雅威」，犹太人尊称为「上主」"
        },
        "4": {
            "sn": "08064",
            "brief": "天"
        },
        "5": {
            "sn": "03678",
            "brief": "座位"
        },
        "6": {
            "sn": "05869",
            "brief": "眼睛"
        },
        "7": {
            "sn": "02372",
            "brief": "看、注意、察觉、预言"
        },
        "8": {
            "sn": "06079",
            "brief": "眼皮"
        },
        "9": {
            "sn": "00974",
            "brief": "试验"
        },
        "10": {
            "sn": "01121",
            "brief": "儿子、孙子、后裔、成员"
        },
        "11": {
            "sn": "00120",
            "brief": "人"
        }
    }
}