{
    "2": {
        "literal": "他不以舌头谗谤人，不恶待朋友，也不随伙毁谤邻里。",
        "0": {
            "sn": "03808",
            "brief": "不"
        },
        "4": {
            "sn": "03808",
            "brief": "不"
        },
        "9": {
            "sn": "03808",
            "brief": "不"
        },
        "1": {
            "sn": "07270",
            "brief": "Qal 行走，Tiphel 教导行走"
        },
        "2": {
            "sn": "05921",
            "brief": "在…上面"
        },
        "3": {
            "sn": "03956",
            "brief": "舌头"
        },
        "5": {
            "sn": "06213",
            "brief": "做"
        },
        "6": {
            "sn": "07453",
            "brief": "邻舍、朋友"
        },
        "7": {
            "sn": "07451",
            "brief": "患难、灾难、痛苦、不幸、邪恶"
        },
        "8": {
            "sn": "02781",
            "brief": "羞辱、责备"
        },
        "10": {
            "sn": "05375",
            "brief": "高举、举起、背负、承担"
        },
        "11": {
            "sn": "05921",
            "brief": "在…上面"
        },
        "12": {
            "sn": "07138",
            "brief": "近的"
        }
    },
    "3": {
        "2": {
            "sn": "03988",
            "brief": "I. 藐视、拒绝、厌弃、撤回；II. Nif‘al 流动"
        },
        "literal": "他眼中藐视匪类，却尊重那敬畏雅威的人。他发了誓，虽然自己吃亏也不更改。",
        "1": {
            "sn": "05869",
            "brief": "眼睛"
        },
        "9": {
            "sn": "03808",
            "brief": "不"
        },
        "8": {
            "sn": "07489",
            "brief": "I. 行恶 ；II. 破坏、打破"
        },
        "10": {
            "sn": "04171",
            "brief": "改变"
        },
        "6": {
            "sn": "03513",
            "brief": "Qal 是重的，Nif‘al 受尊重、得荣耀，Pi‘el 荣耀、加重、使迟钝，Hif‘il 加重"
        },
        "7": {
            "sn": "07650",
            "brief": "Qal Nif‘al 发誓，Hif‘il 使起誓、嘱咐"
        },
        "3": {
            "sn": "00853",
            "brief": "不必翻译"
        },
        "4": {
            "sn": "03373",
            "brief": "敬畏"
        },
        "5": {
            "sn": "03068",
            "brief": "上帝的名字「雅威」，犹太人尊称为「上主」"
        },
        "0": {
            "sn": "00959",
            "brief": "藐视"
        }
    },
    "1": {
        "3": {
            "sn": "06664",
            "brief": "公义"
        },
        "literal": "就是行为正直、做事公义、他的心里说实话的人。",
        "0": {
            "sn": "01980",
            "brief": "行走"
        },
        "1": {
            "sn": "08549",
            "brief": "完美的、完整的"
        },
        "2": {
            "sn": "06466",
            "brief": "实行、制造、工作"
        },
        "5": {
            "sn": "00571",
            "brief": "真实、诚信、诚实"
        },
        "6": {
            "sn": "03824",
            "brief": "心"
        },
        "4": {
            "sn": "01696",
            "brief": "Pi‘el 讲、说、指挥"
        }
    },
    "4": {
        "1": {
            "sn": "03808",
            "brief": "不"
        },
        "7": {
            "sn": "03808",
            "brief": "不"
        },
        "literal": "他不放债取利，不受贿赂以害无辜。行这些事的人必永不动摇。",
        "0": {
            "sn": "03701",
            "brief": "银子、钱"
        },
        "2": {
            "sn": "05414",
            "brief": "给"
        },
        "3": {
            "sn": "05392",
            "brief": "利息"
        },
        "4": {
            "sn": "07810",
            "brief": "贿赂、礼物"
        },
        "5": {
            "sn": "05921",
            "brief": "在…上面"
        },
        "6": {
            "sn": "05355",
            "brief": "无辜的"
        },
        "8": {
            "sn": "03947",
            "brief": "取、娶、拿"
        },
        "9": {
            "sn": "06213",
            "brief": "做"
        },
        "10": {
            "sn": "00428",
            "brief": "这些"
        },
        "12": {
            "sn": "04131",
            "brief": "推倒、滑落、摇动"
        },
        "13": {
            "sn": "05769",
            "brief": "古代、永远"
        },
        "11": {
            "sn": "03808",
            "brief": "不"
        }
    },
    "0": {
        "literal": "大卫的诗。雅威啊，谁能居于你的帐幕？谁能住在你的圣山？",
        "0": {
            "sn": "04210",
            "brief": "诗"
        },
        "1": {
            "sn": "01732",
            "brief": "大卫"
        },
        "2": {
            "sn": "03068",
            "brief": "上帝的名字「雅威」，犹太人尊称为「上主」"
        },
        "3": {
            "sn": "04310",
            "brief": "谁"
        },
        "5": {
            "sn": "00168",
            "brief": "帐棚、帐蓬"
        },
        "6": {
            "sn": "04310",
            "brief": "谁"
        },
        "7": {
            "sn": "07931",
            "brief": "居住"
        },
        "8": {
            "sn": "02022",
            "brief": "山"
        },
        "9": {
            "sn": "06944",
            "brief": "圣所、圣物、神圣"
        },
        "4": {
            "sn": "01481",
            "brief": "I. Qal 居住、寄居，Hitpo‘lel 聚集，II. 争论，III. 害怕"
        }
    }
}