{
    "3": {
        "0": {
            "sn": "07650",
            "brief": "Qal Nif‘al 发誓，Hif‘il 使起誓、嘱咐"
        },
        "3": {
            "sn": "05162",
            "brief": "Qal、Pi‘el 安慰、怜恤，Nif‘al 怜悯、反悔、遗憾、悲伤"
        },
        "2": {
            "sn": "03808",
            "brief": "不"
        },
        "literal": "雅威起了誓，绝不改变：你是…永远为祭司。(…处填入下行)照着麦基洗德的等次",
        "1": {
            "sn": "03068",
            "brief": "上帝的名字「雅威」，犹太人尊称为「上主」"
        },
        "4": {
            "sn": "00859",
            "brief": "你"
        },
        "5": {
            "sn": "03548",
            "brief": "祭司"
        },
        "6": {
            "sn": "05769",
            "brief": "古老、永远、长久"
        },
        "7": {
            "sn": "05921",
            "brief": "在…上面"
        },
        "8": {
            "sn": "01700",
            "brief": "原因、理由"
        },
        "9": {
            "sn": "04442",
            "brief": "麦基洗德"
        },
        "10": {
            "sn": "04442",
            "brief": "麦基洗德"
        }
    },
    "2": {
        "literal": "你在圣洁妆饰中掌权的日子，你的子民必甘心跟随；从晨曦乍现，你就有青春的朝气。",
        "0": {
            "sn": "05971",
            "brief": "百姓、国民"
        },
        "1": {
            "sn": "05071",
            "brief": "甘心、自由意志"
        },
        "3": {
            "sn": "02428",
            "brief": "军队、力量、财富、能力"
        },
        "4": {
            "sn": "01926",
            "brief": "荣光、威严、荣耀"
        },
        "5": {
            "sn": "06944",
            "brief": "圣所、圣物、神圣"
        },
        "6": {
            "sn": "07358",
            "brief": "子宫"
        },
        "7": {
            "sn": "04891",
            "brief": "黎明"
        },
        "8": {
            "sn": "09001",
            "brief": "给、往、向、到、归属于"
        },
        "9": {
            "sn": "02919",
            "brief": "露水"
        },
        "10": {
            "sn": "03208",
            "brief": "年少时期"
        },
        "2": {
            "sn": "03117",
            "brief": "日子、时候"
        }
    },
    "4": {
        "literal": "在你右边的主，当他发怒的日子，必打伤列王。",
        "0": {
            "sn": "00136",
            "brief": "主人"
        },
        "1": {
            "sn": "05921",
            "brief": "在…上面"
        },
        "2": {
            "sn": "03225",
            "brief": "右手边、右边"
        },
        "3": {
            "sn": "04272",
            "brief": "打伤"
        },
        "5": {
            "sn": "00639",
            "brief": "鼻子、怒气、脸"
        },
        "6": {
            "sn": "04428",
            "brief": "王、君王"
        },
        "4": {
            "sn": "03117",
            "brief": "日子、时候"
        }
    },
    "6": {
        "0": {
            "sn": "05158",
            "brief": "山谷、溪谷、河谷、河床"
        },
        "literal": "他要喝路旁的河水，因此他必抬起头来。",
        "1": {
            "sn": "01870",
            "brief": "道路、行为、方向、方法"
        },
        "2": {
            "sn": "08354",
            "brief": "喝"
        },
        "3": {
            "sn": "05921",
            "brief": "在…上面"
        },
        "4": {
            "sn": "03651",
            "brief": "副词：因此、如此、这样；形容词：对、真的、公平、诚实"
        },
        "6": {
            "sn": "07218",
            "brief": "头、起头、山顶、领袖"
        },
        "5": {
            "sn": "07311",
            "brief": "高举、抬高"
        }
    },
    "0": {
        "literal": "(大卫的诗。)这是雅威对我主所说的话：你坐在我的右边，等我使你仇敌作你的脚凳。",
        "0": {
            "sn": "01732",
            "brief": "大卫"
        },
        "1": {
            "sn": "04210",
            "brief": "诗"
        },
        "2": {
            "sn": "05002",
            "brief": "话语"
        },
        "3": {
            "sn": "03068",
            "brief": "上帝的名字「雅威」，犹太人尊称为「上主」"
        },
        "4": {
            "sn": "00113",
            "brief": "主人"
        },
        "5": {
            "sn": "03427",
            "brief": "居住、坐、停留"
        },
        "6": {
            "sn": "03225",
            "brief": "右手边、右边"
        },
        "7": {
            "sn": "05704",
            "brief": "直到"
        },
        "8": {
            "sn": "07896",
            "brief": "置、放、定"
        },
        "9": {
            "sn": "00341",
            "brief": "敌人、对头"
        },
        "10": {
            "sn": "01916",
            "brief": "脚凳"
        },
        "11": {
            "sn": "07272",
            "brief": "脚"
        }
    },
    "1": {
        "literal": "雅威必从锡安伸出你能力的权杖；你务要在你仇敌当中掌权。",
        "0": {
            "sn": "04294",
            "brief": "杖、支派、分支"
        },
        "1": {
            "sn": "05797",
            "brief": "能力、力量"
        },
        "2": {
            "sn": "07971",
            "brief": "差遣、释放、送走、伸出、伸展"
        },
        "3": {
            "sn": "03068",
            "brief": "上帝的名字「雅威」，犹太人尊称为「上主」"
        },
        "4": {
            "sn": "06726",
            "brief": "锡安"
        },
        "6": {
            "sn": "07130",
            "brief": "里面、在中间"
        },
        "7": {
            "sn": "00341",
            "brief": "敌人、对头"
        },
        "5": {
            "sn": "07287",
            "brief": "I. 管辖、治理；II. 刮出"
        }
    },
    "5": {
        "literal": "他要审判列邦，尸首就遍满各处；他要痛击多国的首领。",
        "0": {
            "sn": "01777",
            "brief": "辩护、报复、审判、竞争"
        },
        "1": {
            "sn": "01471",
            "brief": "国家、人民"
        },
        "2": {
            "sn": "04390",
            "brief": "充满"
        },
        "3": {
            "sn": "01472",
            "brief": "尸体"
        },
        "4": {
            "sn": "04272",
            "brief": "打伤"
        },
        "5": {
            "sn": "07218",
            "brief": "头、起头、山顶、领袖"
        },
        "6": {
            "sn": "05921",
            "brief": "在…上面"
        },
        "7": {
            "sn": "00776",
            "brief": "地、邦国、疆界"
        },
        "8": {
            "sn": "07227",
            "brief": "I. 形容词：大量的、许多的、充足的，II. 名词：统帅、首领。"
        }
    }
}