{
    "1": {
        "12": {
            "sn": "04118",
            "brief": "快速地"
        },
        "10": {
            "sn": "03117",
            "brief": "日子、时候"
        },
        "1": {
            "sn": "05641",
            "brief": "Nif‘al 隐藏、躲藏"
        },
        "literal": "(原文 102:3)在我急难的日子，求你不要向我掩你的面！在我呼求的日子，求你向我侧耳，快快应允我！",
        "0": {
            "sn": "00408",
            "brief": "不"
        },
        "2": {
            "sn": "06440",
            "brief": "脸、脸面"
        },
        "7": {
            "sn": "05186",
            "brief": "Qal 伸出、铺张、伸展、延长，Hif‘il 屈枉、转弯、 丢一边"
        },
        "3": {
            "sn": "04480",
            "brief": "从、出、离"
        },
        "4": {
            "sn": "03117",
            "brief": "日子、时候"
        },
        "5": {
            "sn": "06862",
            "brief": "I. 狭窄的；II. 患难、困境；III. 敌人"
        },
        "6": {
            "sn": "09001",
            "brief": "给、往、向、到、归属于"
        },
        "9": {
            "sn": "00241",
            "brief": "耳朵"
        },
        "11": {
            "sn": "07121",
            "brief": "喊叫、召集、称呼、求告、朗读"
        },
        "13": {
            "sn": "06030",
            "brief": "I. 回答、作证；II. 忙；III. 使受苦、 使低微；IV. 唱歌 (I, IV 的 SN 为 6030. II, III 的 SN 为 6031)"
        },
        "8": {
            "sn": "00413",
            "brief": "敌对、向、往"
        }
    },
    "2": {
        "7": {
            "sn": "02787",
            "brief": "燃烧、生气、枯干"
        },
        "3": {
            "sn": "03117",
            "brief": "日子、时候"
        },
        "literal": "(原文 102:4)因为我的年日如烟云消灭；我的骨头如火把烧着。",
        "0": {
            "sn": "03588",
            "brief": "因为、不必翻译"
        },
        "2": {
            "sn": "06227",
            "brief": "烟"
        },
        "4": {
            "sn": "06106",
            "brief": "本体、精髓、骨头"
        },
        "5": {
            "sn": "04168",
            "brief": "燃烧的一团、炉床"
        },
        "6": {
            "sn": "04168",
            "brief": "燃烧的一团、炉床"
        },
        "1": {
            "sn": "03615",
            "brief": "Qal 完成、结束、停止，Pi‘el 完成、毁坏、根除"
        }
    },
    "17": {
        "5": {
            "sn": "01254",
            "brief": "造"
        },
        "0": {
            "sn": "03789",
            "brief": "写"
        },
        "6": {
            "sn": "01984",
            "brief": "Qal 照亮，Pi‘el 赞美，Pu‘al 被赞美、值得赞美，Hif‘il 发光、照亮、赞美，Hitpa‘el 夸耀、行动形同疯子，Po'el 愚妄、癫狂，Po'al 猖狂，Hitpo‘lel 行为如疯子一般"
        },
        "literal": "(原文 102:19)这必为后代的人记下，将来受造的百姓要赞美雅威。",
        "1": {
            "sn": "02063",
            "brief": "这个"
        },
        "2": {
            "sn": "01755",
            "brief": "年代、世代、后代、居所"
        },
        "3": {
            "sn": "00314",
            "brief": "后面的、末后的"
        },
        "4": {
            "sn": "05971",
            "brief": "百姓、国民"
        },
        "7": {
            "sn": "03050",
            "brief": "上帝的名字「雅威」的短型式。"
        }
    },
    "7": {
        "5": {
            "sn": "09002",
            "brief": "在、用、藉着、与、敌对"
        },
        "4": {
            "sn": "01984",
            "brief": "Qal 照亮，Pi‘el 赞美，Pu‘al 被赞美、值得赞美，Hif‘il 发光、照亮、赞美，Hitpa‘el 夸耀、行动形同疯子，Po'el 愚妄、癫狂，Po'al 猖狂，Hitpo‘lel 行为如疯子一般"
        },
        "6": {
            "sn": "07650",
            "brief": "Qal Nif‘al 发誓，Hif‘il 使起誓、嘱咐"
        },
        "literal": "(原文 102:9)我的仇敌终日辱骂我，向我猖狂的人指着我赌咒。",
        "0": {
            "sn": "03605",
            "brief": "全部、整个、各"
        },
        "1": {
            "sn": "03117",
            "brief": "日子、时候"
        },
        "2": {
            "sn": "02778",
            "brief": "辱骂"
        },
        "3": {
            "sn": "00341",
            "brief": "敌人、对头"
        }
    },
    "8": {
        "literal": "(原文 102:10)我吃炉灰，如同吃饭；我所喝的有眼泪搀杂。",
        "0": {
            "sn": "03588",
            "brief": "因为、不必翻译"
        },
        "1": {
            "sn": "00665",
            "brief": "炉灰"
        },
        "2": {
            "sn": "03899",
            "brief": "饼、面包、食物"
        },
        "4": {
            "sn": "08249",
            "brief": "饮料"
        },
        "5": {
            "sn": "01065",
            "brief": "哭泣"
        },
        "6": {
            "sn": "04537",
            "brief": "混合"
        },
        "3": {
            "sn": "00398",
            "brief": "吃、吞吃"
        }
    },
    "9": {
        "1": {
            "sn": "02195",
            "brief": "恼恨、愤慨、生气"
        },
        "5": {
            "sn": "07993",
            "brief": "Hif‘il 抛弃、抛出、赶出、掷"
        },
        "literal": "(原文 102:11)这都因你的恼恨和忿怒；你把我举起，又把我摔下去。",
        "0": {
            "sn": "06440",
            "brief": "脸、脸面"
        },
        "2": {
            "sn": "07110",
            "brief": "忿恨"
        },
        "3": {
            "sn": "03588",
            "brief": "因为、不必翻译"
        },
        "4": {
            "sn": "05375",
            "brief": "高举、举起、背负、承担"
        }
    },
    "10": {
        "1": {
            "sn": "06738",
            "brief": "影子"
        },
        "3": {
            "sn": "00589",
            "brief": "我"
        },
        "4": {
            "sn": "06212",
            "brief": "绿色植物、青草"
        },
        "5": {
            "sn": "03001",
            "brief": "枯干"
        },
        "literal": "(原文 102:12)我的年日如日影偏斜，我也如草枯干。",
        "2": {
            "sn": "05186",
            "brief": "Qal 伸出、铺张、伸展、延长，Hif‘il 屈枉、转弯、 丢一边"
        },
        "0": {
            "sn": "03117",
            "brief": "日子、时候"
        }
    },
    "11": {
        "0": {
            "sn": "00859",
            "brief": "你"
        },
        "literal": "(原文 102:13)惟你―雅威必存到永远，你的名号也存到万代。",
        "1": {
            "sn": "03068",
            "brief": "上帝的名字「雅威」，犹太人尊称为「上主」"
        },
        "2": {
            "sn": "05769",
            "brief": "永远"
        },
        "3": {
            "sn": "03427",
            "brief": "居住、坐、停留"
        },
        "4": {
            "sn": "02143",
            "brief": "名号、纪念"
        },
        "5": {
            "sn": "01755",
            "brief": "年代、世代、后代、居所"
        },
        "6": {
            "sn": "01755",
            "brief": "年代、世代、后代、居所"
        }
    },
    "14": {
        "9": {
            "sn": "03519",
            "brief": "荣耀"
        },
        "0": {
            "sn": "03372",
            "brief": "Qal 害怕，Nif‘al 令人畏惧"
        },
        "literal": "(原文 102:16)列国要敬畏雅威的名，世上诸王都要敬畏你的荣耀。",
        "1": {
            "sn": "01471",
            "brief": "国家、人民"
        },
        "2": {
            "sn": "00853",
            "brief": "不必翻译"
        },
        "3": {
            "sn": "08034",
            "brief": "名字"
        },
        "4": {
            "sn": "03068",
            "brief": "上帝的名字「雅威」，犹太人尊称为「上主」"
        },
        "5": {
            "sn": "03605",
            "brief": "全部、整个、各"
        },
        "6": {
            "sn": "04428",
            "brief": "王、君王"
        },
        "7": {
            "sn": "00776",
            "brief": "地、邦国、疆界"
        },
        "8": {
            "sn": "00853",
            "brief": "不必翻译"
        }
    },
    "27": {
        "2": {
            "sn": "07931",
            "brief": "居住"
        },
        "literal": "(原文 102:29)你仆人的子孙要长存，他们的后裔要坚立在你面前。",
        "0": {
            "sn": "01121",
            "brief": "儿子、孙子、后裔、成员"
        },
        "5": {
            "sn": "03559",
            "brief": "Hif‘il 预备、建立、坚立"
        },
        "1": {
            "sn": "05650",
            "brief": "仆人、奴隶"
        },
        "3": {
            "sn": "02233",
            "brief": "后裔、子孙"
        },
        "4": {
            "sn": "03942",
            "brief": "在…之前"
        }
    },
    "18": {
        "literal": "(原文 102:20)因为他从至高的圣所垂看；雅威从天向地观看，",
        "0": {
            "sn": "03588",
            "brief": "因为、不必翻译"
        },
        "2": {
            "sn": "04791",
            "brief": "高处、上面"
        },
        "3": {
            "sn": "06944",
            "brief": "圣所、圣物、神圣"
        },
        "4": {
            "sn": "03068",
            "brief": "上帝的名字「雅威」，犹太人尊称为「上主」"
        },
        "5": {
            "sn": "08064",
            "brief": "天"
        },
        "7": {
            "sn": "00776",
            "brief": "地、邦国、疆界"
        },
        "8": {
            "sn": "05027",
            "brief": "仰望、注重、看"
        },
        "1": {
            "sn": "08259",
            "brief": "Nif‘al 眺望、往外看，Hif‘il 往下看"
        },
        "6": {
            "sn": "00413",
            "brief": "向、往"
        }
    },
    "22": {
        "4": {
            "sn": "03117",
            "brief": "日子、时候"
        },
        "0": {
            "sn": "06031",
            "brief": "I. 回答，II. 忙，III. 使受苦、使低微，IV. 唱歌 (I, IV 的 SN 为 6030. II, III 的 SN 为 6031)"
        },
        "3": {
            "sn": "07114",
            "brief": "收割、是短的、没耐心的"
        },
        "literal": "(原文 102:24)他使我的力量中道衰弱，使我的年日短少。",
        "1": {
            "sn": "01870",
            "brief": "道路、行为、方向、方法"
        },
        "2": {
            "sn": "03581",
            "brief": "能力、力量"
        }
    },
    "15": {
        "4": {
            "sn": "07200",
            "brief": "Qal 看见、看顾、察觉，Nif‘al 显现，Hif‘il 显明"
        },
        "literal": "(原文 102:17)因为雅威建造了锡安，在他的荣耀里显现。",
        "0": {
            "sn": "03588",
            "brief": "因为、不必翻译"
        },
        "1": {
            "sn": "01129",
            "brief": "建造"
        },
        "2": {
            "sn": "03068",
            "brief": "上帝的名字「雅威」，犹太人尊称为「上主」"
        },
        "3": {
            "sn": "06726",
            "brief": "锡安"
        },
        "5": {
            "sn": "03519",
            "brief": "荣耀"
        }
    },
    "5": {
        "0": {
            "sn": "01819",
            "brief": "Qal 相像、类似，Pi‘el 比较、思考"
        },
        "literal": "(原文 102:7)我如同旷野的鹈鹕，好像荒地的鴞鸟。",
        "1": {
            "sn": "06893",
            "brief": "鹈鹕"
        },
        "2": {
            "sn": "04057",
            "brief": "旷野"
        },
        "3": {
            "sn": "01961",
            "brief": "作、是、成为、临到"
        },
        "4": {
            "sn": "03563",
            "brief": "I. 阴性名词：杯；II. 阳性名词：猫头鹰的一种"
        },
        "5": {
            "sn": "02723",
            "brief": "荒废处"
        }
    },
    "26": {
        "literal": "(原文 102:28)你就是他，你的年数没有穷尽。",
        "0": {
            "sn": "00859",
            "brief": "你"
        },
        "3": {
            "sn": "03808",
            "brief": "不"
        },
        "1": {
            "sn": "01931",
            "brief": "他"
        },
        "2": {
            "sn": "08141",
            "brief": "年"
        },
        "4": {
            "sn": "08552",
            "brief": "完成、结束、消除"
        }
    },
    "3": {
        "literal": "(原文 102:5)我的心如草被踩碎而枯干，甚至我忘记吃饭。",
        "1": {
            "sn": "06212",
            "brief": "绿色植物、青草"
        },
        "2": {
            "sn": "03001",
            "brief": "枯干"
        },
        "3": {
            "sn": "03820",
            "brief": "心"
        },
        "4": {
            "sn": "03588",
            "brief": "因为、不必翻译"
        },
        "0": {
            "sn": "05221",
            "brief": "Hif‘il 击打、击杀"
        },
        "5": {
            "sn": "07911",
            "brief": "忘记"
        },
        "6": {
            "sn": "00398",
            "brief": "吃、吞吃"
        },
        "7": {
            "sn": "03899",
            "brief": "饼、面包、食物"
        }
    },
    "19": {
        "literal": "(原文 102:21)要垂听被囚之人的叹息，要释放将要死的人，",
        "1": {
            "sn": "00603",
            "brief": "哭泣"
        },
        "2": {
            "sn": "00615",
            "brief": "被掳的人、囚犯"
        },
        "4": {
            "sn": "01121",
            "brief": "儿子、孙子、后裔、成员"
        },
        "5": {
            "sn": "08546",
            "brief": "死亡"
        },
        "3": {
            "sn": "06605",
            "brief": "打开、松开、雕刻"
        },
        "0": {
            "sn": "08085",
            "brief": "Qal 听、听从，Hif‘il 说明、使…听"
        }
    },
    "4": {
        "literal": "(原文 102:6)因我唉哼的声音，我的肉紧贴骨头。",
        "0": {
            "sn": "06963",
            "brief": "声音"
        },
        "1": {
            "sn": "00585",
            "brief": "叹息"
        },
        "2": {
            "sn": "01692",
            "brief": "黏住"
        },
        "3": {
            "sn": "06106",
            "brief": "本体、精髓、骨头"
        },
        "4": {
            "sn": "01320",
            "brief": "肉、身体"
        }
    },
    "20": {
        "0": {
            "sn": "05608",
            "brief": "1. 动词：述说、计算；2. 名词：文士、书记"
        },
        "literal": "(原文 102:22)使人在锡安传扬雅威的名，在耶路撒冷传扬他的赞美(指赞美他的话)，",
        "1": {
            "sn": "06726",
            "brief": "锡安"
        },
        "2": {
            "sn": "08034",
            "brief": "名字"
        },
        "3": {
            "sn": "03068",
            "brief": "上帝的名字「雅威」，犹太人尊称为「上主」"
        },
        "4": {
            "sn": "08416",
            "brief": "赞美"
        },
        "5": {
            "sn": "03389",
            "brief": "耶路撒冷"
        }
    },
    "24": {
        "literal": "(原文 102:26)你起初立了地的根基，天也是你手所造的。",
        "0": {
            "sn": "06440",
            "brief": "脸、脸面"
        },
        "1": {
            "sn": "00776",
            "brief": "地、邦国、疆界"
        },
        "2": {
            "sn": "03245",
            "brief": "立地基"
        },
        "3": {
            "sn": "04639",
            "brief": "行为、工作"
        },
        "4": {
            "sn": "03027",
            "brief": "手、边、力量、权势"
        },
        "5": {
            "sn": "08064",
            "brief": "天"
        }
    },
    "21": {
        "literal": "(原文 102:23)就是在万民和列国聚会事奉雅威的时候。",
        "0": {
            "sn": "06908",
            "brief": "聚集"
        },
        "1": {
            "sn": "05971",
            "brief": "百姓、国民"
        },
        "2": {
            "sn": "03162",
            "brief": "一起"
        },
        "3": {
            "sn": "04467",
            "brief": "国度"
        },
        "4": {
            "sn": "05647",
            "brief": "工作、服事"
        },
        "5": {
            "sn": "00853",
            "brief": "不必翻译"
        },
        "6": {
            "sn": "03068",
            "brief": "上帝的名字「雅威」，犹太人尊称为「上主」"
        }
    },
    "16": {
        "literal": "(原文 102:18)他垂顾穷苦人的祷告，并不藐视他们的祈求。",
        "1": {
            "sn": "00413",
            "brief": "向、往"
        },
        "2": {
            "sn": "08605",
            "brief": "祷告"
        },
        "3": {
            "sn": "06199",
            "brief": "贫穷的"
        },
        "5": {
            "sn": "00959",
            "brief": "轻视"
        },
        "6": {
            "sn": "00853",
            "brief": "不必翻译"
        },
        "7": {
            "sn": "08605",
            "brief": "祷告"
        },
        "4": {
            "sn": "03808",
            "brief": "不"
        },
        "0": {
            "sn": "06437",
            "brief": "Qal 转离、走离、注视、照顾，Pi‘el 清除"
        }
    },
    "0": {
        "literal": "(原文 102:1)(困苦人发昏的时候，…的祷告。)(…处填入下行)在雅威面前倾吐他的苦情(原文 102:2)雅威啊，求你听我的祷告，愿我的呼求达到你面前！",
        "0": {
            "sn": "08605",
            "brief": "祷告"
        },
        "1": {
            "sn": "06041",
            "brief": "困苦的"
        },
        "2": {
            "sn": "03588",
            "brief": "因为、不必翻译"
        },
        "3": {
            "sn": "05848",
            "brief": "I. 转开；II. 覆盖；III. 发昏、虚弱"
        },
        "4": {
            "sn": "03942",
            "brief": "在…之前"
        },
        "5": {
            "sn": "03068",
            "brief": "上帝的名字「雅威」，犹太人尊称为「上主」"
        },
        "6": {
            "sn": "08210",
            "brief": "流、倒出"
        },
        "7": {
            "sn": "07879",
            "brief": "沈思、苦恼"
        },
        "8": {
            "sn": "03068",
            "brief": "上帝的名字「雅威」，犹太人尊称为「上主」"
        },
        "10": {
            "sn": "08605",
            "brief": "祷告"
        },
        "11": {
            "sn": "07775",
            "brief": "呼救"
        },
        "12": {
            "sn": "00413",
            "brief": "敌对、向、往"
        },
        "13": {
            "sn": "00935",
            "brief": "来、进入、临到、发生"
        },
        "9": {
            "sn": "08085",
            "brief": "Qal 听、听从，Hif‘il 说明、使…听"
        }
    },
    "12": {
        "literal": "(原文 102:14)你必起来怜悯锡安，因现在是怜恤她的时候，所定的日期已经到了。",
        "0": {
            "sn": "00859",
            "brief": "你"
        },
        "1": {
            "sn": "06965",
            "brief": "起来、设立、坚立"
        },
        "3": {
            "sn": "06726",
            "brief": "锡安"
        },
        "4": {
            "sn": "03588",
            "brief": "因为、不必翻译"
        },
        "5": {
            "sn": "06256",
            "brief": "时候"
        },
        "7": {
            "sn": "03588",
            "brief": "因为、不必翻译"
        },
        "8": {
            "sn": "00935",
            "brief": "来、进入、临到、发生"
        },
        "9": {
            "sn": "04150",
            "brief": "集会、节庆、定点、定时"
        },
        "2": {
            "sn": "07355",
            "brief": "怜悯、怜恤"
        },
        "6": {
            "sn": "02603",
            "brief": "恩待、怜悯，Hitpa‘el 求恩"
        }
    },
    "13": {
        "7": {
            "sn": "02603",
            "brief": "恩待、怜悯，Hitpa‘el 求恩"
        },
        "literal": "(原文 102:15)你的仆人原来喜悦她(指锡安)的石头，怜恤她的尘土。",
        "0": {
            "sn": "03588",
            "brief": "因为、不必翻译"
        },
        "1": {
            "sn": "07521",
            "brief": "喜悦"
        },
        "2": {
            "sn": "05650",
            "brief": "仆人、奴隶"
        },
        "3": {
            "sn": "00853",
            "brief": "不必翻译"
        },
        "4": {
            "sn": "00068",
            "brief": "石头、法码、宝石"
        },
        "5": {
            "sn": "00853",
            "brief": "不必翻译"
        },
        "6": {
            "sn": "06083",
            "brief": "灰尘"
        }
    },
    "25": {
        "literal": "(原文 102:27)它们(指天地)都要灭没，你却要长存；它们都要如外衣渐渐旧了。你要将它们如里衣更换，它们就改变了。",
        "0": {
            "sn": "01992",
            "brief": "他们"
        },
        "1": {
            "sn": "00006",
            "brief": "摧毁、灭亡"
        },
        "2": {
            "sn": "00859",
            "brief": "你"
        },
        "4": {
            "sn": "03605",
            "brief": "全部、整个、各"
        },
        "5": {
            "sn": "00899",
            "brief": "I. 诡诈，II. 衣服"
        },
        "3": {
            "sn": "05975",
            "brief": "Qal 站立、侍立、停留，Hif‘il 设立、使坚定"
        },
        "6": {
            "sn": "01086",
            "brief": "变旧"
        },
        "7": {
            "sn": "03830",
            "brief": "衣服"
        },
        "9": {
            "sn": "02498",
            "brief": "发芽、过去、消失"
        },
        "8": {
            "sn": "02498",
            "brief": "发芽、过去、消失"
        }
    },
    "6": {
        "literal": "(原文 102:8)我儆醒不睡，如同房顶上孤单的麻雀。",
        "0": {
            "sn": "08245",
            "brief": "留意、注意"
        },
        "1": {
            "sn": "01961",
            "brief": "作、是、成为、临到"
        },
        "2": {
            "sn": "06833",
            "brief": "雀鸟、鸟"
        },
        "3": {
            "sn": "00909",
            "brief": "撤退、分离"
        },
        "4": {
            "sn": "05921",
            "brief": "在…上面"
        },
        "5": {
            "sn": "01406",
            "brief": "屋顶"
        }
    },
    "23": {
        "literal": "(原文 102:25)我说：我的上帝啊，不要使我中年去世。你的年数世世无穷！",
        "0": {
            "sn": "00559",
            "brief": "说"
        },
        "1": {
            "sn": "00410",
            "brief": "上帝、神明、能力、力量"
        },
        "2": {
            "sn": "00408",
            "brief": "不"
        },
        "4": {
            "sn": "02677",
            "brief": "一半"
        },
        "5": {
            "sn": "03117",
            "brief": "日子、时候"
        },
        "6": {
            "sn": "01755",
            "brief": "年代、世代、后代、居所"
        },
        "7": {
            "sn": "01755",
            "brief": "年代、世代、后代、居所"
        },
        "8": {
            "sn": "08141",
            "brief": "年"
        },
        "3": {
            "sn": "05927",
            "brief": "上去、升高、生长、献上"
        }
    }
}