{
    "1": {
        "9": {
            "sn": "03651",
            "brief": "副词：因此、如此、这样；形容词：对、真的、公平、诚实"
        },
        "2": {
            "sn": "07925",
            "brief": "Hif‘il 早起"
        },
        "literal": "…本是枉然；(…处填入下二行)你们清晨早起，夜晚安歇，吃劳碌得来的饭，这样，他必把甜睡赏给他所亲爱的人。",
        "1": {
            "sn": "09001",
            "brief": "给、往、向、到、归属于"
        },
        "3": {
            "sn": "06965",
            "brief": "起来、设立、坚立"
        },
        "6": {
            "sn": "00398",
            "brief": "吃、吞吃"
        },
        "7": {
            "sn": "03899",
            "brief": "饼、面包、食物"
        },
        "8": {
            "sn": "06089",
            "brief": "I. 劳碌、痛苦；II. 容器"
        },
        "10": {
            "sn": "05414",
            "brief": "给"
        },
        "11": {
            "sn": "03039",
            "brief": "亲爱的"
        },
        "12": {
            "sn": "08142",
            "brief": "睡觉"
        },
        "4": {
            "sn": "00309",
            "brief": "延迟"
        },
        "0": {
            "sn": "07723",
            "brief": "空虚、虚浮、虚荣"
        },
        "5": {
            "sn": "03427",
            "brief": "居住、坐、停留"
        }
    },
    "3": {
        "5": {
            "sn": "05271",
            "brief": "幼年、年少时"
        },
        "1": {
            "sn": "03027",
            "brief": "手、边、力量、权势"
        },
        "literal": "…好像勇士手中的箭。(…处填入下行)年轻时(所生)的儿女",
        "0": {
            "sn": "02671",
            "brief": "箭"
        },
        "4": {
            "sn": "01121",
            "brief": "儿子、孙子、后裔、成员"
        },
        "3": {
            "sn": "03651",
            "brief": "副词：因此、如此、这样；形容词：对、真的、公平、诚实"
        },
        "2": {
            "sn": "01368",
            "brief": "形容词：强壮的、有力的；名词：勇士"
        }
    },
    "4": {
        "7": {
            "sn": "03808",
            "brief": "不"
        },
        "0": {
            "sn": "00835",
            "brief": "幸福、快乐"
        },
        "1": {
            "sn": "01397",
            "brief": "勇士、人"
        },
        "2": {
            "sn": "00834",
            "brief": "不必翻译"
        },
        "4": {
            "sn": "00853",
            "brief": "不必翻译"
        },
        "5": {
            "sn": "00827",
            "brief": "箭袋"
        },
        "6": {
            "sn": "04880",
            "brief": "从、出"
        },
        "8": {
            "sn": "00954",
            "brief": "羞愧"
        },
        "9": {
            "sn": "03588",
            "brief": "因为、不必翻译"
        },
        "11": {
            "sn": "00854",
            "brief": "与、跟"
        },
        "12": {
            "sn": "00341",
            "brief": "敌人、对头"
        },
        "13": {
            "sn": "08179",
            "brief": "门"
        },
        "3": {
            "sn": "04390",
            "brief": "充满"
        },
        "10": {
            "sn": "01696",
            "brief": "Pi‘el 讲、说、指挥"
        },
        "literal": "箭袋充满的人有福了！他们…必不至于羞愧。(…处填入下行)在城门口和仇敌说话的时候，"
    },
    "0": {
        "literal": "(所罗门上行之诗。)若不是雅威建造房屋，建造它的人就枉然劳力；若不是雅威看守城池，看守的人就枉然警醒。",
        "0": {
            "sn": "07892",
            "brief": "诗、歌"
        },
        "1": {
            "sn": "04609",
            "brief": "上去、阶梯"
        },
        "2": {
            "sn": "08010",
            "brief": "所罗门"
        },
        "3": {
            "sn": "00518",
            "brief": "如果"
        },
        "4": {
            "sn": "03068",
            "brief": "上帝的名字「雅威」，犹太人尊称为「上主」"
        },
        "6": {
            "sn": "01129",
            "brief": "建造"
        },
        "7": {
            "sn": "01004",
            "brief": "殿、房子、家"
        },
        "8": {
            "sn": "07723",
            "brief": "虚浮、空虚、虚荣"
        },
        "9": {
            "sn": "05998",
            "brief": "劳碌"
        },
        "11": {
            "sn": "09002",
            "brief": "在、用、藉着、与、敌对"
        },
        "13": {
            "sn": "03068",
            "brief": "上帝的名字「雅威」，犹太人尊称为「上主」"
        },
        "15": {
            "sn": "08104",
            "brief": "谨守、小心"
        },
        "16": {
            "sn": "05892",
            "brief": "城邑、城镇"
        },
        "5": {
            "sn": "03808",
            "brief": "不"
        },
        "14": {
            "sn": "03808",
            "brief": "不"
        },
        "17": {
            "sn": "07723",
            "brief": "虚浮、空虚、虚荣"
        },
        "18": {
            "sn": "08245",
            "brief": "留意、注意"
        },
        "19": {
            "sn": "08104",
            "brief": "谨守、小心"
        },
        "10": {
            "sn": "01129",
            "brief": "建造"
        },
        "12": {
            "sn": "00518",
            "brief": "如果"
        }
    },
    "2": {
        "6": {
            "sn": "00990",
            "brief": "子宫"
        },
        "literal": "儿女是雅威所赐的产业，所怀的胎是(他所给的)报酬。",
        "0": {
            "sn": "02009",
            "brief": "看哪"
        },
        "1": {
            "sn": "05159",
            "brief": "产业"
        },
        "2": {
            "sn": "03068",
            "brief": "上帝的名字「雅威」，犹太人尊称为「上主」"
        },
        "3": {
            "sn": "01121",
            "brief": "儿子、孙子、后裔、成员"
        },
        "4": {
            "sn": "07939",
            "brief": "报酬、薪资"
        },
        "5": {
            "sn": "06529",
            "brief": "果实、子孙"
        }
    }
}