{
    "4": {
        "literal": "(原文 13:6)但我倚靠你的慈爱，我的心因你的救恩快乐。",
        "0": {
            "sn": "00589",
            "brief": "我"
        },
        "1": {
            "sn": "02617",
            "brief": "慈爱、忠诚"
        },
        "2": {
            "sn": "00982",
            "brief": "倚靠"
        },
        "3": {
            "sn": "01523",
            "brief": "喜乐、高兴、战兢"
        },
        "4": {
            "sn": "03820",
            "brief": "心"
        },
        "5": {
            "sn": "03444",
            "brief": "救恩"
        }
    },
    "0": {
        "0": {
            "sn": "05329",
            "brief": "Qal 优于、聪明、长久，Pi‘el 做监督、做指挥"
        },
        "10": {
            "sn": "05641",
            "brief": "Nif‘al 隐藏、躲藏"
        },
        "literal": "(原文 13:1)大卫的诗，交给诗班指挥。(原文 13:2)雅威啊，你忘记我要到几时呢？要到永远吗？你掩你的面不顾我要到几时呢？",
        "1": {
            "sn": "04210",
            "brief": "诗"
        },
        "2": {
            "sn": "01732",
            "brief": "大卫"
        },
        "3": {
            "sn": "05704",
            "brief": "直到"
        },
        "4": {
            "sn": "00575",
            "brief": "哪里？何时？"
        },
        "5": {
            "sn": "03068",
            "brief": "上帝的名字「雅威」，犹太人尊称为「上主」"
        },
        "6": {
            "sn": "07911",
            "brief": "忘记"
        },
        "7": {
            "sn": "05331",
            "brief": "持续、永存、永远、显赫"
        },
        "8": {
            "sn": "05704",
            "brief": "直到"
        },
        "9": {
            "sn": "00575",
            "brief": "哪里？何时？"
        },
        "11": {
            "sn": "00853",
            "brief": "不必翻译"
        },
        "12": {
            "sn": "06440",
            "brief": "脸面"
        },
        "13": {
            "sn": "04480",
            "brief": "从、出、离"
        }
    },
    "2": {
        "0": {
            "sn": "05027",
            "brief": "仰望、注重、看"
        },
        "4": {
            "sn": "00215",
            "brief": "点燃、照亮"
        },
        "literal": "(原文 13:4)雅威―我的上帝啊，求你看顾，应允我！求你使我眼目光明，免得我沉睡至死；",
        "1": {
            "sn": "06030",
            "brief": "I. 回答、作证；II. 忙；III. 使受苦、 使低微；IV. 唱歌 (I, IV 的 SN 为 6030. II, III 的 SN 为 6031)"
        },
        "2": {
            "sn": "03068",
            "brief": "上帝的名字「雅威」，犹太人尊称为「上主」"
        },
        "3": {
            "sn": "00430",
            "brief": "上帝、神、神明"
        },
        "5": {
            "sn": "05869",
            "brief": "眼睛"
        },
        "6": {
            "sn": "06435",
            "brief": "免得、恐怕、为了不"
        },
        "7": {
            "sn": "03462",
            "brief": "睡觉"
        },
        "8": {
            "sn": "04194",
            "brief": "死亡"
        }
    },
    "3": {
        "literal": "(原文 13:5)免得我的仇敌说：我胜了他；(免得)我的敌人在我摇动的时候喜乐。",
        "0": {
            "sn": "06435",
            "brief": "免得、恐怕、为了不"
        },
        "1": {
            "sn": "00559",
            "brief": "说"
        },
        "2": {
            "sn": "00341",
            "brief": "敌人、对头"
        },
        "3": {
            "sn": "03201",
            "brief": "能够"
        },
        "4": {
            "sn": "06862",
            "brief": "I. 狭窄的；II. 患难、困境；III. 敌人"
        },
        "5": {
            "sn": "01523",
            "brief": "喜乐、高兴、战兢"
        },
        "6": {
            "sn": "03588",
            "brief": "因为、不必翻译"
        },
        "7": {
            "sn": "04131",
            "brief": "推倒、滑落、摇动"
        }
    },
    "5": {
        "literal": "(原文 13:6)我要向雅威歌唱，因他用厚恩待我。",
        "0": {
            "sn": "07891",
            "brief": "唱歌"
        },
        "1": {
            "sn": "03068",
            "brief": "上帝的名字「雅威」，犹太人尊称为「上主」"
        },
        "2": {
            "sn": "03588",
            "brief": "因为、不必翻译"
        },
        "3": {
            "sn": "01580",
            "brief": "断奶、补偿、处置"
        },
        "4": {
            "sn": "05921",
            "brief": "在…上面"
        }
    },
    "1": {
        "literal": "(原文 13:3)我心里筹算，…要到几时呢？(…处填入下行)我的心终日愁苦，我的仇敌升高压制我，要到几时呢？",
        "0": {
            "sn": "05704",
            "brief": "直到"
        },
        "1": {
            "sn": "00575",
            "brief": "哪里？何时？"
        },
        "2": {
            "sn": "07896",
            "brief": "置、放、定"
        },
        "3": {
            "sn": "06098",
            "brief": "筹算、谘商、劝告"
        },
        "4": {
            "sn": "05315",
            "brief": "心灵、生命"
        },
        "5": {
            "sn": "03015",
            "brief": "忧愁"
        },
        "6": {
            "sn": "03824",
            "brief": "心"
        },
        "7": {
            "sn": "03119",
            "brief": "白天"
        },
        "8": {
            "sn": "05704",
            "brief": "直到"
        },
        "9": {
            "sn": "00575",
            "brief": "哪里？何时？"
        },
        "10": {
            "sn": "07311",
            "brief": "高举、抬高"
        },
        "11": {
            "sn": "00341",
            "brief": "敌人、对头"
        },
        "12": {
            "sn": "05921",
            "brief": "在…上面"
        }
    }
}