{
    "1": {
        "0": {
            "sn": "05375",
            "brief": "高举、举起、背负、承担"
        },
        "3": {
            "sn": "01288",
            "brief": "祝福"
        },
        "literal": "你们当向圣所举手，称颂雅威！",
        "1": {
            "sn": "03027",
            "brief": "手、边、力量、权势"
        },
        "2": {
            "sn": "06944",
            "brief": "圣所、圣物、神圣"
        },
        "4": {
            "sn": "00853",
            "brief": "不必翻译"
        },
        "5": {
            "sn": "03068",
            "brief": "上帝的名字「雅威」，犹太人尊称为「上主」"
        }
    },
    "2": {
        "literal": "愿…雅威从锡安赐福给你！(…处填入下行)造天和地的",
        "0": {
            "sn": "01288",
            "brief": "祝福"
        },
        "1": {
            "sn": "03068",
            "brief": "上帝的名字「雅威」，犹太人尊称为「上主」"
        },
        "2": {
            "sn": "06726",
            "brief": "锡安"
        },
        "3": {
            "sn": "06213",
            "brief": "做"
        },
        "4": {
            "sn": "08064",
            "brief": "天"
        },
        "5": {
            "sn": "00776",
            "brief": "地、邦国、疆界"
        }
    },
    "0": {
        "3": {
            "sn": "01288",
            "brief": "祝福"
        },
        "literal": "(上行之诗。)雅威的众仆人，…啊，你们当称颂雅威！(…处填入下行)就是夜间站在雅威殿中的",
        "0": {
            "sn": "07892",
            "brief": "歌"
        },
        "1": {
            "sn": "04609",
            "brief": "上去、阶梯"
        },
        "2": {
            "sn": "02009",
            "brief": "看哪"
        },
        "4": {
            "sn": "00853",
            "brief": "不必翻译"
        },
        "5": {
            "sn": "03068",
            "brief": "上帝的名字「雅威」，犹太人尊称为「上主」"
        },
        "6": {
            "sn": "03605",
            "brief": "全部、整个、各"
        },
        "7": {
            "sn": "05650",
            "brief": "仆人、奴隶"
        },
        "8": {
            "sn": "03068",
            "brief": "上帝的名字「雅威」，犹太人尊称为「上主」"
        },
        "10": {
            "sn": "01004",
            "brief": "殿、房屋、家"
        },
        "11": {
            "sn": "03068",
            "brief": "上帝的名字「雅威」，犹太人尊称为「上主」"
        },
        "12": {
            "sn": "03915",
            "brief": "夜晚"
        },
        "9": {
            "sn": "05975",
            "brief": "Qal 站立、侍立、停留，Hif‘il 设立、使坚定"
        }
    }
}