{
    "3": {
        "5": {
            "sn": "05921",
            "brief": "在…上面"
        },
        "literal": "那时，波涛必漫过我们，河水必淹没我们，",
        "0": {
            "sn": "00233",
            "brief": "然后"
        },
        "1": {
            "sn": "04325",
            "brief": "水"
        },
        "2": {
            "sn": "07857",
            "brief": "涨溢、泛滥、吞没、洗"
        },
        "3": {
            "sn": "05158",
            "brief": "山谷、溪谷、河谷、河床"
        },
        "4": {
            "sn": "05674",
            "brief": "经过、穿越、涨溢、离开、拿走、违犯、废除"
        },
        "6": {
            "sn": "05315",
            "brief": "生命、人"
        }
    },
    "4": {
        "4": {
            "sn": "04325",
            "brief": "水"
        },
        "literal": "狂傲的水必淹没我们。",
        "0": {
            "sn": "00233",
            "brief": "然后"
        },
        "1": {
            "sn": "05674",
            "brief": "经过、穿越、涨溢、离开、拿走、违犯、废除"
        },
        "2": {
            "sn": "05921",
            "brief": "在…上面"
        },
        "3": {
            "sn": "05315",
            "brief": "生命、人"
        },
        "5": {
            "sn": "02121",
            "brief": "狂傲的"
        }
    },
    "6": {
        "2": {
            "sn": "04422",
            "brief": "Nif‘al, Hitpa‘el 溜出、逃出、被拯救，Pi‘el, Hif‘il 生下、拯救"
        },
        "6": {
            "sn": "07665",
            "brief": "Qal 拆毁、折断、打碎，Nif‘al 遭破坏、被折断，Hif‘il 使生产"
        },
        "8": {
            "sn": "04422",
            "brief": "Nif‘al, Hitpa‘el 溜出、逃出、被拯救，Pi‘el, Hif‘il 生下、拯救"
        },
        "literal": "我们好像雀鸟，从捕鸟人的网罗里逃脱；网罗破裂，我们就逃脱了。",
        "0": {
            "sn": "05315",
            "brief": "生命、人"
        },
        "1": {
            "sn": "06833",
            "brief": "雀鸟、鸟"
        },
        "3": {
            "sn": "06341",
            "brief": "圈套、网罗"
        },
        "4": {
            "sn": "03369",
            "brief": "陷入、引诱"
        },
        "5": {
            "sn": "06341",
            "brief": "圈套、网罗"
        },
        "7": {
            "sn": "00587",
            "brief": "我们"
        }
    },
    "7": {
        "literal": "我们的帮助是在于…雅威的名。(…处填入下行)造天和地之",
        "0": {
            "sn": "05828",
            "brief": "帮助"
        },
        "1": {
            "sn": "08034",
            "brief": "名字"
        },
        "2": {
            "sn": "03068",
            "brief": "上帝的名字「雅威」，犹太人尊称为「上主」"
        },
        "4": {
            "sn": "08064",
            "brief": "天"
        },
        "5": {
            "sn": "00776",
            "brief": "地、邦国、疆界"
        },
        "3": {
            "sn": "06213",
            "brief": "做"
        }
    },
    "0": {
        "literal": "(大卫上行之诗。)…若不是雅威帮助我们，(…处填入下行)说吧，以色列：",
        "0": {
            "sn": "07892",
            "brief": "诗、歌"
        },
        "1": {
            "sn": "04609",
            "brief": "上去、阶梯"
        },
        "2": {
            "sn": "01732",
            "brief": "大卫"
        },
        "3": {
            "sn": "03884",
            "brief": "除非"
        },
        "4": {
            "sn": "03068",
            "brief": "上帝的名字「雅威」，犹太人尊称为「上主」"
        },
        "5": {
            "sn": "01961",
            "brief": "成为、有、是、临到"
        },
        "6": {
            "sn": "09001",
            "brief": "给、往、向、到、归属于"
        },
        "7": {
            "sn": "00559",
            "brief": "说"
        },
        "8": {
            "sn": "04994",
            "brief": "作为鼓励语的一部份"
        },
        "9": {
            "sn": "03478",
            "brief": "以色列"
        }
    },
    "2": {
        "literal": "就…活活地把我们吞了。(…处填入下行)在他们向我们的怒气中，",
        "0": {
            "sn": "00233",
            "brief": "然后"
        },
        "1": {
            "sn": "02416",
            "brief": "活的"
        },
        "2": {
            "sn": "01104",
            "brief": "吞吃"
        },
        "3": {
            "sn": "02734",
            "brief": "发怒、燃烧"
        },
        "4": {
            "sn": "00639",
            "brief": "怒气、鼻子"
        },
        "5": {
            "sn": "09002",
            "brief": "在、用、藉着、与、敌对"
        }
    },
    "1": {
        "2": {
            "sn": "01961",
            "brief": "成为、有、是、临到"
        },
        "literal": "若不是雅威帮助我们，当人起来攻击我们的时候，",
        "0": {
            "sn": "03884",
            "brief": "除非"
        },
        "1": {
            "sn": "03068",
            "brief": "上帝的名字「雅威」，犹太人尊称为「上主」"
        },
        "3": {
            "sn": "09001",
            "brief": "给、往、向、到、归属于"
        },
        "4": {
            "sn": "06965",
            "brief": "起来、设立、坚立"
        },
        "5": {
            "sn": "05921",
            "brief": "在…上面"
        },
        "6": {
            "sn": "00120",
            "brief": "人"
        }
    },
    "5": {
        "2": {
            "sn": "03808",
            "brief": "不"
        },
        "0": {
            "sn": "01288",
            "brief": "Qal 下跪、赐福，Pi‘el 赐福"
        },
        "literal": "雅威是应当称颂的！他没有把我们当野食交给他们的牙齿(意思是吞吃)。",
        "1": {
            "sn": "03068",
            "brief": "上帝的名字「雅威」，犹太人尊称为「上主」"
        },
        "3": {
            "sn": "05414",
            "brief": "赐、给"
        },
        "4": {
            "sn": "02964",
            "brief": "食物、被捕食的动物"
        },
        "5": {
            "sn": "08127",
            "brief": "牙、象牙"
        }
    }
}