{
    "1": {
        "8": {
            "sn": "09001",
            "brief": "给、往、向、到、归属于"
        },
        "literal": "那作恶的，…前来吃我肉的时候，(…处填入下行)就是我的仇敌，他们就绊跌仆倒。",
        "0": {
            "sn": "07126",
            "brief": "临近、靠近"
        },
        "1": {
            "sn": "05921",
            "brief": "在…上面"
        },
        "3": {
            "sn": "00398",
            "brief": "吃、吞吃"
        },
        "4": {
            "sn": "00853",
            "brief": "不必翻译"
        },
        "5": {
            "sn": "01320",
            "brief": "肉、身体"
        },
        "6": {
            "sn": "06862",
            "brief": "I. 狭窄的；II. 患难、困境；III. 敌人"
        },
        "7": {
            "sn": "00341",
            "brief": "敌人、对头"
        },
        "2": {
            "sn": "07489",
            "brief": "I. 行恶 ；II. 破坏、打破"
        },
        "9": {
            "sn": "01992",
            "brief": "他们"
        },
        "10": {
            "sn": "03782",
            "brief": "跌倒"
        },
        "11": {
            "sn": "05307",
            "brief": "跌落、跌倒、使签落在..."
        }
    },
    "2": {
        "4": {
            "sn": "03808",
            "brief": "不"
        },
        "2": {
            "sn": "05921",
            "brief": "在…上面"
        },
        "literal": "虽有军兵安营攻击我，我的心也不害怕；虽然兴起刀兵攻击我，我必仍旧安稳。",
        "0": {
            "sn": "00518",
            "brief": "如果"
        },
        "1": {
            "sn": "02583",
            "brief": "安营、扎营"
        },
        "3": {
            "sn": "04264",
            "brief": "军旅、军营"
        },
        "5": {
            "sn": "03372",
            "brief": "Qal 害怕，Nif‘al 令人畏惧"
        },
        "6": {
            "sn": "03820",
            "brief": "心"
        },
        "7": {
            "sn": "00518",
            "brief": "如果"
        },
        "8": {
            "sn": "06965",
            "brief": "起来、设立、坚立"
        },
        "9": {
            "sn": "05921",
            "brief": "在…上面"
        },
        "10": {
            "sn": "04421",
            "brief": "战争"
        },
        "11": {
            "sn": "02063",
            "brief": "这个"
        },
        "12": {
            "sn": "00589",
            "brief": "我"
        },
        "13": {
            "sn": "00982",
            "brief": "倚靠、安稳"
        }
    },
    "12": {
        "2": {
            "sn": "07200",
            "brief": "Qal 看见、看顾、察觉，Nif‘al 显现，Hif‘il 显明"
        },
        "literal": "我若不信…得见雅威的恩惠，(就早已丧胆了。)(…处填入下行)在活人之地",
        "0": {
            "sn": "03884",
            "brief": "除非"
        },
        "3": {
            "sn": "02898",
            "brief": "美物"
        },
        "4": {
            "sn": "03068",
            "brief": "上帝的名字「雅威」，犹太人尊称为「上主」"
        },
        "5": {
            "sn": "00776",
            "brief": "地、邦国、疆界"
        },
        "6": {
            "sn": "02416",
            "brief": "生命、活人"
        },
        "1": {
            "sn": "00539",
            "brief": "Qal 坚定、支持，Nif‘al 确立、忠心、可靠的，Hif‘il 相信、确信"
        }
    },
    "13": {
        "0": {
            "sn": "06960",
            "brief": "指望、等待"
        },
        "6": {
            "sn": "06960",
            "brief": "指望、等待"
        },
        "literal": "要等候雅威！当壮胆，坚固你的心！要等候雅威！",
        "1": {
            "sn": "00413",
            "brief": "向、往"
        },
        "2": {
            "sn": "03068",
            "brief": "上帝的名字「雅威」，犹太人尊称为「上主」"
        },
        "3": {
            "sn": "02388",
            "brief": "加强、支持、抓住、系紧、强壮、勇敢"
        },
        "5": {
            "sn": "03820",
            "brief": "心"
        },
        "7": {
            "sn": "00413",
            "brief": "向、往"
        },
        "8": {
            "sn": "03068",
            "brief": "上帝的名字「雅威」，犹太人尊称为「上主」"
        },
        "4": {
            "sn": "00553",
            "brief": "Qal 是强壮的、勇敢的，Pi‘el 坚立、确立"
        }
    },
    "5": {
        "11": {
            "sn": "02167",
            "brief": "歌颂、唱歌"
        },
        "0": {
            "sn": "06258",
            "brief": "现在"
        },
        "literal": "现在我得以昂首，高过我四面的仇敌。我要在他的帐幕里欢然献祭，我要唱诗歌颂雅威。",
        "1": {
            "sn": "07311",
            "brief": "高举、抬高"
        },
        "2": {
            "sn": "07218",
            "brief": "头、起头、山顶、领袖"
        },
        "3": {
            "sn": "05921",
            "brief": "在…上面"
        },
        "4": {
            "sn": "00341",
            "brief": "敌人、对头"
        },
        "5": {
            "sn": "05439",
            "brief": "四围、环绕"
        },
        "6": {
            "sn": "02076",
            "brief": "屠宰、献祭"
        },
        "7": {
            "sn": "00168",
            "brief": "帐棚、帐蓬"
        },
        "8": {
            "sn": "02077",
            "brief": "祭、献祭"
        },
        "9": {
            "sn": "08643",
            "brief": "欢呼、战争的呼喊、警讯"
        },
        "10": {
            "sn": "07891",
            "brief": "唱歌"
        },
        "12": {
            "sn": "03068",
            "brief": "上帝的名字「雅威」，犹太人尊称为「上主」"
        }
    },
    "10": {
        "0": {
            "sn": "03384",
            "brief": "Qal 射、抛掷，Hif‘il 教导、射、抛掷"
        },
        "literal": "雅威啊，求你将你的道教导我，因我仇敌的缘故引导我走平坦的路。",
        "1": {
            "sn": "03068",
            "brief": "上帝的名字「雅威」，犹太人尊称为「上主」"
        },
        "3": {
            "sn": "05148",
            "brief": "引导"
        },
        "4": {
            "sn": "00734",
            "brief": "路、路径"
        },
        "5": {
            "sn": "04334",
            "brief": "平坦的地方"
        },
        "6": {
            "sn": "04616",
            "brief": "为了"
        },
        "7": {
            "sn": "08324",
            "brief": "敌人"
        },
        "2": {
            "sn": "01870",
            "brief": "道路、行为、方向、方法"
        }
    },
    "0": {
        "3": {
            "sn": "03468",
            "brief": "救恩、拯救、安全"
        },
        "5": {
            "sn": "03372",
            "brief": "Qal 害怕，Nif‘al 令人畏惧"
        },
        "literal": "大卫的诗。雅威是我的亮光，是我的拯救，我还怕谁呢？雅威是我生命的保障(或译：力量)，我还惧谁呢？",
        "0": {
            "sn": "01732",
            "brief": "大卫"
        },
        "1": {
            "sn": "03068",
            "brief": "上帝的名字「雅威」，犹太人尊称为「上主」"
        },
        "2": {
            "sn": "00216",
            "brief": "光明、光"
        },
        "4": {
            "sn": "04310",
            "brief": "谁"
        },
        "6": {
            "sn": "03068",
            "brief": "上帝的名字「雅威」，犹太人尊称为「上主」"
        },
        "7": {
            "sn": "04581",
            "brief": "保障、避难所"
        },
        "8": {
            "sn": "02416",
            "brief": "生命"
        },
        "9": {
            "sn": "04310",
            "brief": "谁"
        },
        "10": {
            "sn": "06342",
            "brief": "恐惧、害怕"
        }
    },
    "4": {
        "5": {
            "sn": "05641",
            "brief": "Nif‘al 隐藏、躲藏"
        },
        "literal": "因为我遭遇患难时，他必保守我在他的亭子里，把我藏在他帐幕的隐密处，将我高举在磐石上。",
        "0": {
            "sn": "03588",
            "brief": "因为、不必翻译"
        },
        "1": {
            "sn": "06845",
            "brief": "珍藏、隐藏、储存"
        },
        "2": {
            "sn": "05520",
            "brief": "丛林、兽穴、藏匿之处"
        },
        "3": {
            "sn": "03117",
            "brief": "日子、时候"
        },
        "4": {
            "sn": "07451",
            "brief": "邪恶、痛苦、不幸、灾难"
        },
        "6": {
            "sn": "05643",
            "brief": "隐密处"
        },
        "7": {
            "sn": "00168",
            "brief": "帐棚、帐蓬"
        },
        "8": {
            "sn": "06697",
            "brief": "磐石、岩石"
        },
        "9": {
            "sn": "07311",
            "brief": "高举、抬高"
        }
    },
    "8": {
        "1": {
            "sn": "05641",
            "brief": "Nif‘al 隐藏、躲藏"
        },
        "literal": "不要向我掩你的面，不要发怒赶逐你的仆人，你向来是帮助我的。…不要丢下我，也不要撇弃我。(…处填入下行)救我的上帝啊，",
        "0": {
            "sn": "00408",
            "brief": "不"
        },
        "15": {
            "sn": "03468",
            "brief": "救恩、拯救、安全"
        },
        "2": {
            "sn": "06440",
            "brief": "脸"
        },
        "3": {
            "sn": "04480",
            "brief": "从、出、离"
        },
        "4": {
            "sn": "00408",
            "brief": "不"
        },
        "6": {
            "sn": "00639",
            "brief": "怒气、鼻子"
        },
        "7": {
            "sn": "05650",
            "brief": "仆人、奴隶"
        },
        "8": {
            "sn": "05833",
            "brief": "救、帮助"
        },
        "9": {
            "sn": "01961",
            "brief": "是、成为、临到"
        },
        "10": {
            "sn": "00408",
            "brief": "不"
        },
        "11": {
            "sn": "05203",
            "brief": "离开、离弃"
        },
        "12": {
            "sn": "00408",
            "brief": "不"
        },
        "13": {
            "sn": "05800",
            "brief": "放手、离弃"
        },
        "14": {
            "sn": "00430",
            "brief": "上帝、神、神明"
        },
        "5": {
            "sn": "05186",
            "brief": "Qal 伸出、铺张、伸展、延长，Hif‘il 屈枉、转弯、 丢一边"
        }
    },
    "9": {
        "0": {
            "sn": "03588",
            "brief": "因为、不必翻译"
        },
        "5": {
            "sn": "00622",
            "brief": "聚集"
        },
        "literal": "我的父母撇弃我，雅威必收留我。",
        "1": {
            "sn": "00001",
            "brief": "父亲、祖先"
        },
        "2": {
            "sn": "00517",
            "brief": "母亲"
        },
        "3": {
            "sn": "05800",
            "brief": "放手、离弃"
        },
        "4": {
            "sn": "03068",
            "brief": "上帝的名字「雅威」，犹太人尊称为「上主」"
        }
    },
    "3": {
        "0": {
            "sn": "00259",
            "brief": "数目的「一」"
        },
        "1": {
            "sn": "07592",
            "brief": "问"
        },
        "2": {
            "sn": "00854",
            "brief": "与、跟"
        },
        "3": {
            "sn": "03068",
            "brief": "上帝的名字「雅威」，犹太人尊称为「上主」"
        },
        "4": {
            "sn": "00853",
            "brief": "不必翻译"
        },
        "11": {
            "sn": "02416",
            "brief": "生命"
        },
        "5": {
            "sn": "01245",
            "brief": "Pi‘el 寻找、渴求、想望、索求"
        },
        "literal": "有一件事，我曾求雅威，我仍要寻求它(指这件事，原文用阴性)：就是一生一世住在雅威的殿中，瞻仰他的荣美，在他的殿宇里求问。",
        "6": {
            "sn": "03427",
            "brief": "居住、坐、停留"
        },
        "7": {
            "sn": "01004",
            "brief": "殿、房屋、家"
        },
        "8": {
            "sn": "03068",
            "brief": "上帝的名字「雅威」，犹太人尊称为「上主」"
        },
        "9": {
            "sn": "03605",
            "brief": "全部、整个、各"
        },
        "10": {
            "sn": "03117",
            "brief": "日子、时候"
        },
        "12": {
            "sn": "02372",
            "brief": "看、注意、察觉、预言"
        },
        "13": {
            "sn": "05278",
            "brief": "愉快、美丽"
        },
        "14": {
            "sn": "03068",
            "brief": "上帝的名字「雅威」，犹太人尊称为「上主」"
        },
        "16": {
            "sn": "01964",
            "brief": "圣殿、宫殿"
        },
        "15": {
            "sn": "01239",
            "brief": "寻找"
        }
    },
    "7": {
        "0": {
            "sn": "09001",
            "brief": "给、往、向、到、归属于"
        },
        "1": {
            "sn": "00559",
            "brief": "说"
        },
        "2": {
            "sn": "03820",
            "brief": "心"
        },
        "3": {
            "sn": "01245",
            "brief": "Pi‘el 寻找、渴求、想望、索求"
        },
        "4": {
            "sn": "06440",
            "brief": "脸"
        },
        "5": {
            "sn": "00853",
            "brief": "不必翻译"
        },
        "6": {
            "sn": "06440",
            "brief": "脸"
        },
        "7": {
            "sn": "03068",
            "brief": "上帝的名字「雅威」，犹太人尊称为「上主」"
        },
        "8": {
            "sn": "01245",
            "brief": "Pi‘el 寻找、渴求、想望、索求"
        },
        "literal": "…那时我心向你说：(…处填入下行)(你说：)你们当寻求我的面；雅威啊，你的面我正要寻求。"
    },
    "11": {
        "literal": "求你不要照我敌人的心愿把我交付(他们)；因为妄作见证的和口吐凶言的，起来攻击我。",
        "0": {
            "sn": "00408",
            "brief": "不"
        },
        "1": {
            "sn": "05414",
            "brief": "给"
        },
        "2": {
            "sn": "05315",
            "brief": "心灵、生命"
        },
        "3": {
            "sn": "06862",
            "brief": "I. 狭窄的；II. 患难、困境；III. 敌人"
        },
        "4": {
            "sn": "03588",
            "brief": "因为、不必翻译"
        },
        "5": {
            "sn": "06965",
            "brief": "起来、设立、坚立"
        },
        "6": {
            "sn": "09002",
            "brief": "在、用、藉着、与、敌对"
        },
        "7": {
            "sn": "05707",
            "brief": "见证、证人"
        },
        "8": {
            "sn": "08267",
            "brief": "虚假"
        },
        "9": {
            "sn": "03307",
            "brief": "吐出"
        },
        "10": {
            "sn": "02555",
            "brief": "暴力、残忍、不公"
        }
    },
    "6": {
        "literal": "雅威啊，我呼吁的时候，求你垂听我的声音；并求你怜恤我，应允我。",
        "1": {
            "sn": "03068",
            "brief": "上帝的名字「雅威」，犹太人尊称为「上主」"
        },
        "2": {
            "sn": "06963",
            "brief": "声音"
        },
        "3": {
            "sn": "07121",
            "brief": "喊叫、召集、称呼、求告、朗读"
        },
        "5": {
            "sn": "06030",
            "brief": "I. 回答、作证；II. 忙；III. 使受苦、 使低微；IV. 唱歌 (I, IV 的 SN 为 6030. II, III 的 SN 为 6031)"
        },
        "0": {
            "sn": "08085",
            "brief": "Qal 听、听从，Hif‘il 说明、使…听"
        },
        "4": {
            "sn": "02603",
            "brief": "恩待、怜悯，Hitpa‘el 求恩"
        }
    }
}