{
    "6": {
        "3": {
            "sn": "09001",
            "brief": "给、往、向、到、归属于"
        },
        "2": {
            "sn": "03932",
            "brief": "嘲笑"
        },
        "4": {
            "sn": "06362",
            "brief": "分开、释放、除去"
        },
        "6": {
            "sn": "05128",
            "brief": "震动、摇动"
        },
        "1": {
            "sn": "07200",
            "brief": "Qal 看见、看顾、察觉，Nif‘al 显现，Hif‘il 显明"
        },
        "literal": "(原文 22:8)凡看见我的都嗤笑我；他们撇嘴摇头，(说：)",
        "0": {
            "sn": "03605",
            "brief": "全部、整个、各"
        },
        "5": {
            "sn": "08193",
            "brief": "嘴唇、边缘、言语"
        },
        "7": {
            "sn": "07218",
            "brief": "头、起头、山顶、领袖"
        }
    },
    "17": {
        "2": {
            "sn": "09001",
            "brief": "给、往、向、到、归属于"
        },
        "5": {
            "sn": "05307",
            "brief": "跌落、跌倒、使签落在..."
        },
        "literal": "(原文 22:19)他们分我的外衣，为我的衣服拈阄。",
        "1": {
            "sn": "00899",
            "brief": "I. 诡诈，II. 衣服"
        },
        "3": {
            "sn": "05921",
            "brief": "在…上面"
        },
        "4": {
            "sn": "03830",
            "brief": "衣服"
        },
        "6": {
            "sn": "01486",
            "brief": "份、签"
        },
        "0": {
            "sn": "02505",
            "brief": "I. 分割、分配 ，II. 平滑、谄媚"
        }
    },
    "1": {
        "8": {
            "sn": "09001",
            "brief": "给、往、向、到、归属于"
        },
        "6": {
            "sn": "03808",
            "brief": "不"
        },
        "literal": "(原文 22:3)我的上帝啊，我白日呼求，你不应允；夜间呼求，不得安宁。",
        "0": {
            "sn": "00430",
            "brief": "上帝、神、神明"
        },
        "1": {
            "sn": "07121",
            "brief": "喊叫、召集、称呼、求告、朗读"
        },
        "2": {
            "sn": "03119",
            "brief": "白天"
        },
        "4": {
            "sn": "06030",
            "brief": "I. 回答、作证；II. 忙；III. 使受苦、 使低微；IV. 唱歌 (I, IV 的 SN 为 6030. II, III 的 SN 为 6031)"
        },
        "5": {
            "sn": "03915",
            "brief": "夜晚"
        },
        "7": {
            "sn": "01747",
            "brief": "寂静、平静"
        },
        "3": {
            "sn": "03808",
            "brief": "不"
        }
    },
    "3": {
        "0": {
            "sn": "09002",
            "brief": "在、用、藉着、与、敌对"
        },
        "4": {
            "sn": "06403",
            "brief": "拯救、逃脱、安然带走"
        },
        "literal": "(原文 22:5)我们的祖先倚靠你；他们倚靠你，你便解救他们。",
        "1": {
            "sn": "00982",
            "brief": "倚靠"
        },
        "2": {
            "sn": "00001",
            "brief": "父亲、祖先"
        },
        "3": {
            "sn": "00982",
            "brief": "倚靠"
        }
    },
    "23": {
        "1": {
            "sn": "03808",
            "brief": "不"
        },
        "3": {
            "sn": "03808",
            "brief": "不"
        },
        "7": {
            "sn": "03808",
            "brief": "不"
        },
        "literal": "(原文 22:25)因为他没有藐视憎恶受苦之人的苦处，也没有向他遮掩他的面；他呼求他的时候，他就垂听。",
        "0": {
            "sn": "03588",
            "brief": "因为、不必翻译"
        },
        "2": {
            "sn": "00959",
            "brief": "藐视"
        },
        "5": {
            "sn": "06039",
            "brief": "受苦"
        },
        "6": {
            "sn": "06041",
            "brief": "谦卑的、困苦的"
        },
        "9": {
            "sn": "06440",
            "brief": "脸"
        },
        "8": {
            "sn": "05641",
            "brief": "Nif‘al 隐藏、躲藏"
        },
        "10": {
            "sn": "04480",
            "brief": "从、出、离"
        },
        "12": {
            "sn": "00413",
            "brief": "向、往"
        },
        "13": {
            "sn": "08085",
            "brief": "Qal 听、听从，Hif‘il 说明、使…听"
        },
        "4": {
            "sn": "08262",
            "brief": "憎恶"
        },
        "11": {
            "sn": "07768",
            "brief": "呼喊、呼求"
        }
    },
    "22": {
        "literal": "(原文 22:24)你们敬畏雅威的人要赞美他！雅各的后裔都要荣耀他！以色列的后裔都要惧怕他！",
        "0": {
            "sn": "03373",
            "brief": "敬畏"
        },
        "1": {
            "sn": "03068",
            "brief": "上帝的名字「雅威」，犹太人尊称为「上主」"
        },
        "3": {
            "sn": "03605",
            "brief": "全部、整个、各"
        },
        "4": {
            "sn": "02233",
            "brief": "种子、后裔、子孙"
        },
        "5": {
            "sn": "03290",
            "brief": "雅各"
        },
        "8": {
            "sn": "04480",
            "brief": "从、出、离"
        },
        "9": {
            "sn": "03605",
            "brief": "全部、整个、各"
        },
        "10": {
            "sn": "02233",
            "brief": "种子、后裔、子孙"
        },
        "11": {
            "sn": "03478",
            "brief": "以色列"
        },
        "7": {
            "sn": "01481",
            "brief": "I. Qal 居住、寄居，Hitpo‘lel 聚集，II. 争论，III. 害怕"
        },
        "2": {
            "sn": "01984",
            "brief": "Qal 照亮，Pi‘el 赞美，Pu‘al 被赞美、值得赞美，Hif‘il 发光、照亮、赞美，Hitpa‘el 夸耀、行动形同疯子，Po'el 愚妄、癫狂，Po'al 猖狂，Hitpo‘lel 行为如疯子一般"
        },
        "6": {
            "sn": "03513",
            "brief": "Qal 是重的，Nif‘al 受尊重、得荣耀，Pi‘el 荣耀、加重、使迟钝，Hif‘il 加重"
        }
    },
    "12": {
        "3": {
            "sn": "00738",
            "brief": "狮子"
        },
        "literal": "(原文 22:14)它们向我张口，好像抓撕吼叫的狮子。",
        "0": {
            "sn": "06475",
            "brief": "张开、分开"
        },
        "1": {
            "sn": "05921",
            "brief": "在…上面"
        },
        "2": {
            "sn": "06310",
            "brief": "口、命令、末端、沿岸、比例"
        },
        "4": {
            "sn": "02963",
            "brief": "撕裂"
        },
        "5": {
            "sn": "07580",
            "brief": "吼叫"
        }
    },
    "28": {
        "5": {
            "sn": "03942",
            "brief": "在…以前"
        },
        "9": {
            "sn": "06083",
            "brief": "土、尘土"
        },
        "1": {
            "sn": "09013",
            "brief": "跪拜、下拜"
        },
        "literal": "(原文 22:30)地上所有富足的人都必吃喝而敬拜，凡下到尘土中…都要在他面前下拜。(…处填入下行)―不能存活自己性命的人―",
        "0": {
            "sn": "00398",
            "brief": "吃、吞吃"
        },
        "2": {
            "sn": "03605",
            "brief": "全部、整个、各"
        },
        "3": {
            "sn": "01879",
            "brief": "肥美的"
        },
        "4": {
            "sn": "00776",
            "brief": "地、邦国、疆界"
        },
        "6": {
            "sn": "03766",
            "brief": "屈身、叩拜、下跪"
        },
        "7": {
            "sn": "03605",
            "brief": "全部、整个、各"
        },
        "8": {
            "sn": "03381",
            "brief": "降临、下去"
        },
        "10": {
            "sn": "05315",
            "brief": "心灵、生命"
        },
        "12": {
            "sn": "02421",
            "brief": "Qal 活、存活，Pi‘el 生长、复苏、保存生命，Hif‘il 使存活、复活"
        },
        "11": {
            "sn": "03808",
            "brief": "不"
        }
    },
    "0": {
        "0": {
            "sn": "05329",
            "brief": "Qal 优于、聪明、长久，Pi‘el 做监督、做指挥"
        },
        "literal": "(原文 22:1)大卫的诗，交给诗班指挥。调用朝鹿。(原文 22:2)我的上帝，我的上帝！为甚么离弃我？为甚么远离不救我，不听我唉哼的言语？",
        "1": {
            "sn": "05921",
            "brief": "在…上面"
        },
        "2": {
            "sn": "00365",
            "brief": "小鹿"
        },
        "3": {
            "sn": "07837",
            "brief": "黎明"
        },
        "4": {
            "sn": "04210",
            "brief": "诗"
        },
        "5": {
            "sn": "01732",
            "brief": "大卫"
        },
        "6": {
            "sn": "00410",
            "brief": "上帝、神明、能力、力量"
        },
        "7": {
            "sn": "00410",
            "brief": "上帝、神明、能力、力量"
        },
        "8": {
            "sn": "04100",
            "brief": "什么"
        },
        "9": {
            "sn": "05800",
            "brief": "离弃"
        },
        "10": {
            "sn": "07350",
            "brief": "远方的"
        },
        "11": {
            "sn": "03444",
            "brief": "救恩"
        },
        "12": {
            "sn": "01697",
            "brief": "话语、事情"
        },
        "13": {
            "sn": "07581",
            "brief": "痛苦的吼叫"
        }
    },
    "25": {
        "3": {
            "sn": "01984",
            "brief": "Qal 照亮，Pi‘el 赞美，Pu‘al 被赞美、值得赞美，Hif‘il 发光、照亮、赞美，Hitpa‘el 夸耀、行动形同疯子，Po'el 愚妄、癫狂，Po'al 猖狂，Hitpo‘lel 行为如疯子一般"
        },
        "literal": "(原文 22:27)愿困苦的人吃而且饱足，愿寻求雅威的人赞美他，愿你们的心永远活着！",
        "0": {
            "sn": "00398",
            "brief": "吃、吞吃"
        },
        "1": {
            "sn": "06035",
            "brief": "困苦的、卑微的"
        },
        "2": {
            "sn": "07646",
            "brief": "满足、饱足"
        },
        "4": {
            "sn": "03068",
            "brief": "上帝的名字「雅威」，犹太人尊称为「上主」"
        },
        "5": {
            "sn": "01875",
            "brief": "寻求、寻找"
        },
        "7": {
            "sn": "03824",
            "brief": "心"
        },
        "8": {
            "sn": "05703",
            "brief": "永远"
        },
        "6": {
            "sn": "02421",
            "brief": "Qal 活、存活，Pi‘el 生长、复苏、保存生命，Hif‘il 使存活、复活"
        }
    },
    "7": {
        "4": {
            "sn": "05337",
            "brief": "Nif‘al 获救，Pi‘el 拯救、夺取，Hif‘il 营救、抓走"
        },
        "literal": "(原文 22:9)把自己交托雅威吧！让雅威救他吧！雅威既喜悦他，让他搭救他吧！",
        "0": {
            "sn": "01556",
            "brief": "滚"
        },
        "1": {
            "sn": "00413",
            "brief": "向、往"
        },
        "2": {
            "sn": "03068",
            "brief": "上帝的名字「雅威」，犹太人尊称为「上主」"
        },
        "5": {
            "sn": "03588",
            "brief": "因为、不必翻译"
        },
        "6": {
            "sn": "02654",
            "brief": "喜悦、喜欢"
        },
        "7": {
            "sn": "09002",
            "brief": "在、用、藉着、与、敌对"
        },
        "3": {
            "sn": "06403",
            "brief": "拯救、逃脱、安然带走"
        }
    },
    "19": {
        "0": {
            "sn": "05337",
            "brief": "Nif‘al 获救，Pi‘el 拯救、夺取，Hif‘il 营救、抓走"
        },
        "literal": "(原文 22:21)求你救我的性命脱离刀剑，救我的生命(生命：原文是独一者)脱离犬类的手，",
        "1": {
            "sn": "02719",
            "brief": "刀、刀剑"
        },
        "2": {
            "sn": "05315",
            "brief": "心灵、生命"
        },
        "3": {
            "sn": "03027",
            "brief": "手、边、力量、权势"
        },
        "4": {
            "sn": "03611",
            "brief": "狗"
        },
        "5": {
            "sn": "03173",
            "brief": "孤单的、独一的"
        }
    },
    "26": {
        "7": {
            "sn": "09013",
            "brief": "跪拜、下拜"
        },
        "1": {
            "sn": "07725",
            "brief": "Qal 回复、回转、重复，Po‘lel 带回、复兴、更新，Hif‘il 回报、报告、带回"
        },
        "literal": "(原文 22:28)地的四极都要想念并归顺雅威，列邦的万族都要在你面前敬拜。",
        "0": {
            "sn": "02142",
            "brief": "提说、纪念、回想"
        },
        "2": {
            "sn": "00413",
            "brief": "向、往"
        },
        "3": {
            "sn": "03068",
            "brief": "上帝的名字「雅威」，犹太人尊称为「上主」"
        },
        "4": {
            "sn": "03605",
            "brief": "全部、整个、各"
        },
        "5": {
            "sn": "00657",
            "brief": "终结、结束"
        },
        "6": {
            "sn": "00776",
            "brief": "地、邦国、疆界"
        },
        "8": {
            "sn": "03942",
            "brief": "在…以前"
        },
        "9": {
            "sn": "03605",
            "brief": "全部、整个、各"
        },
        "10": {
            "sn": "04940",
            "brief": "家族、家庭"
        },
        "11": {
            "sn": "01471",
            "brief": "国家、人民"
        }
    },
    "15": {
        "0": {
            "sn": "03588",
            "brief": "因为、不必翻译"
        },
        "1": {
            "sn": "05437",
            "brief": "环绕、游行、转"
        },
        "2": {
            "sn": "03611",
            "brief": "狗"
        },
        "3": {
            "sn": "05712",
            "brief": "会众"
        },
        "4": {
            "sn": "07489",
            "brief": "I. 行恶 ；II. 破坏、打破"
        },
        "5": {
            "sn": "05362",
            "brief": "I. Nif‘al 砍下，Pi‘el 击打；II. 循环、环绕、修整"
        },
        "6": {
            "sn": "00738",
            "brief": "狮子"
        },
        "7": {
            "sn": "03027",
            "brief": "手、边、力量、权势"
        },
        "8": {
            "sn": "07272",
            "brief": "脚"
        },
        "literal": "(原文 22:17)犬类围着我，恶党环绕我；他们像狮子(抓)我的手和我的脚。"
    },
    "4": {
        "2": {
            "sn": "04422",
            "brief": "Nif‘al, Hitpa‘el 溜出、逃出、被拯救，Pi‘el, Hif‘il 生下、拯救"
        },
        "1": {
            "sn": "02199",
            "brief": "Qal 哀求、求告，Hif‘il 召集"
        },
        "literal": "(原文 22:6)他们哀求你，便蒙解救；他们倚靠你，就不羞愧。",
        "0": {
            "sn": "00413",
            "brief": "向、往"
        },
        "3": {
            "sn": "09002",
            "brief": "在、用、藉着、与、敌对"
        },
        "4": {
            "sn": "00982",
            "brief": "倚靠"
        },
        "6": {
            "sn": "00954",
            "brief": "羞愧"
        },
        "5": {
            "sn": "03808",
            "brief": "不"
        }
    },
    "5": {
        "literal": "(原文 22:7)但我是虫，不是人，是(众)人的羞辱，为百姓所藐视。",
        "0": {
            "sn": "00595",
            "brief": "我"
        },
        "1": {
            "sn": "08438",
            "brief": "红色的东西、虫"
        },
        "3": {
            "sn": "00376",
            "brief": "各人、人、男人、丈夫"
        },
        "4": {
            "sn": "02781",
            "brief": "羞辱、责备"
        },
        "5": {
            "sn": "00120",
            "brief": "人"
        },
        "6": {
            "sn": "00959",
            "brief": "藐视"
        },
        "7": {
            "sn": "05971",
            "brief": "百姓、国民"
        },
        "2": {
            "sn": "03808",
            "brief": "不"
        }
    },
    "11": {
        "literal": "(原文 22:13)有许多公牛围绕我，巴珊大力的公牛包围我。",
        "0": {
            "sn": "05437",
            "brief": "环绕、游行、转"
        },
        "1": {
            "sn": "06499",
            "brief": "小公牛"
        },
        "2": {
            "sn": "07227",
            "brief": "I. 形容词：大量的、许多的、充足的，II. 名词：统帅、首领。"
        },
        "3": {
            "sn": "00047",
            "brief": "顽固的、强有力的"
        },
        "4": {
            "sn": "01316",
            "brief": "巴珊"
        },
        "5": {
            "sn": "03803",
            "brief": "包围"
        }
    },
    "2": {
        "literal": "(原文 22:4)但你是圣洁的，你用以色列的赞美为宝座(或译：居所)。",
        "0": {
            "sn": "00859",
            "brief": "你"
        },
        "1": {
            "sn": "06918",
            "brief": "圣的、神圣的"
        },
        "2": {
            "sn": "03427",
            "brief": "居住、坐、停留"
        },
        "3": {
            "sn": "08416",
            "brief": "赞美"
        },
        "4": {
            "sn": "03478",
            "brief": "以色列"
        }
    },
    "14": {
        "0": {
            "sn": "03001",
            "brief": "枯干"
        },
        "literal": "(原文 22:16)我的精力枯干，如同瓦片，我的舌头贴在我的牙床上。你将我安置在死地的尘土中。",
        "1": {
            "sn": "02789",
            "brief": "瓦器、陶器"
        },
        "2": {
            "sn": "03581",
            "brief": "能力、力量"
        },
        "3": {
            "sn": "03956",
            "brief": "语言、舌头"
        },
        "5": {
            "sn": "04455",
            "brief": "I. 掳物，II. 颚"
        },
        "6": {
            "sn": "06083",
            "brief": "土、尘土"
        },
        "7": {
            "sn": "04194",
            "brief": "死亡"
        },
        "8": {
            "sn": "08239",
            "brief": "安置、放、指派"
        },
        "4": {
            "sn": "01692",
            "brief": "黏住"
        }
    },
    "16": {
        "literal": "(原文 22:18)我的骨头，我都能数过；他们注视我、望着我。",
        "1": {
            "sn": "03605",
            "brief": "全部、整个、各"
        },
        "2": {
            "sn": "06106",
            "brief": "本体、精髓、骨头"
        },
        "3": {
            "sn": "01992",
            "brief": "他们"
        },
        "6": {
            "sn": "09002",
            "brief": "在、用、藉着、与、敌对"
        },
        "0": {
            "sn": "05608",
            "brief": "1. 动词：述说、计算；2. 名词：文士、书记"
        },
        "4": {
            "sn": "05027",
            "brief": "仰望、注重、看"
        },
        "5": {
            "sn": "07200",
            "brief": "Qal 看见、看顾、察觉，Nif‘al 显现，Hif‘il 显明"
        }
    },
    "10": {
        "literal": "(原文 22:12)求你不要远离我！因为急难临近，却没有帮助者。",
        "0": {
            "sn": "00408",
            "brief": "不"
        },
        "1": {
            "sn": "07368",
            "brief": "远离"
        },
        "2": {
            "sn": "04480",
            "brief": "从、出、离"
        },
        "3": {
            "sn": "03588",
            "brief": "因为、不必翻译"
        },
        "4": {
            "sn": "06869",
            "brief": "灾难、患难"
        },
        "5": {
            "sn": "07138",
            "brief": "临近的、靠近的"
        },
        "6": {
            "sn": "03588",
            "brief": "因为、不必翻译"
        },
        "7": {
            "sn": "00369",
            "brief": "不存在、没有"
        },
        "8": {
            "sn": "05826",
            "brief": "帮助"
        }
    },
    "21": {
        "literal": "(原文 22:23)我要将你的名传给我的弟兄，我要在聚会中赞美你。",
        "1": {
            "sn": "08034",
            "brief": "名字"
        },
        "2": {
            "sn": "00251",
            "brief": "兄弟"
        },
        "3": {
            "sn": "08432",
            "brief": "在中间"
        },
        "4": {
            "sn": "06951",
            "brief": "集会"
        },
        "0": {
            "sn": "05608",
            "brief": "1. 动词：述说、计算；2. 名词：文士、书记"
        },
        "5": {
            "sn": "01984",
            "brief": "Qal 照亮，Pi‘el 赞美，Pu‘al 被赞美、值得赞美，Hif‘il 发光、照亮、赞美，Hitpa‘el 夸耀、行动形同疯子，Po'el 愚妄、癫狂，Po'al 猖狂，Hitpo‘lel 行为如疯子一般"
        }
    },
    "24": {
        "5": {
            "sn": "07999",
            "brief": "Qal 平安，Pi‘el 补偿、完成，Hif‘il 完成、了结"
        },
        "literal": "(原文 22:26)我在大会中的赞美从你而来，我要在敬畏他的人面前还我的愿。",
        "0": {
            "sn": "00854",
            "brief": "与、跟"
        },
        "1": {
            "sn": "08416",
            "brief": "赞美"
        },
        "2": {
            "sn": "06951",
            "brief": "集会"
        },
        "3": {
            "sn": "07227",
            "brief": "I. 形容词：大量的、许多的、充足的，II. 名词：统帅、首领。"
        },
        "4": {
            "sn": "05088",
            "brief": "许愿"
        },
        "6": {
            "sn": "05048",
            "brief": "在…面前"
        },
        "7": {
            "sn": "03373",
            "brief": "敬畏"
        }
    },
    "27": {
        "literal": "(原文 22:29)因为国权属乎雅威，他管理万国。",
        "0": {
            "sn": "03588",
            "brief": "因为、不必翻译"
        },
        "1": {
            "sn": "03068",
            "brief": "上帝的名字「雅威」，犹太人尊称为「上主」"
        },
        "2": {
            "sn": "04410",
            "brief": "王室、王朝"
        },
        "3": {
            "sn": "04910",
            "brief": "掌权、治理"
        },
        "4": {
            "sn": "01471",
            "brief": "国家、人民"
        }
    },
    "30": {
        "literal": "(原文 22:32)他们必来把他的公义传给将要生的民，(言明)这事是他所行的。",
        "0": {
            "sn": "00935",
            "brief": "来、进入、临到、发生"
        },
        "2": {
            "sn": "06666",
            "brief": "公义"
        },
        "3": {
            "sn": "05971",
            "brief": "百姓、国民"
        },
        "4": {
            "sn": "03205",
            "brief": "生出、出生"
        },
        "5": {
            "sn": "03588",
            "brief": "因为、不必翻译"
        },
        "6": {
            "sn": "06213",
            "brief": "做"
        },
        "1": {
            "sn": "05046",
            "brief": "Hif‘il 告诉、宣布、声明、通知"
        }
    },
    "18": {
        "literal": "(原文 22:20)雅威啊，求你不要远离我！拯救我的啊，求你快来做我的帮助！",
        "0": {
            "sn": "00859",
            "brief": "你"
        },
        "1": {
            "sn": "03068",
            "brief": "上帝的名字「雅威」，犹太人尊称为「上主」"
        },
        "2": {
            "sn": "00408",
            "brief": "不"
        },
        "3": {
            "sn": "07368",
            "brief": "远离"
        },
        "4": {
            "sn": "00360",
            "brief": "力量、我的救助"
        },
        "5": {
            "sn": "05833",
            "brief": "救、帮助"
        },
        "6": {
            "sn": "02363",
            "brief": "I. 急忙，II. 享乐"
        }
    },
    "8": {
        "literal": "(原文 22:10)但你是叫我出母腹的；我在我母亲的怀里，你就使我有倚靠的心。",
        "0": {
            "sn": "03588",
            "brief": "因为、不必翻译"
        },
        "1": {
            "sn": "00859",
            "brief": "你"
        },
        "2": {
            "sn": "01518",
            "brief": "生出、带来"
        },
        "3": {
            "sn": "00990",
            "brief": "子宫"
        },
        "5": {
            "sn": "05921",
            "brief": "在…上面"
        },
        "6": {
            "sn": "07699",
            "brief": "胸"
        },
        "7": {
            "sn": "00517",
            "brief": "母亲"
        },
        "4": {
            "sn": "00982",
            "brief": "倚靠"
        }
    },
    "13": {
        "literal": "(原文 22:15)我如水被倒出来，我一切的骨头都脱了节，我的心在我里面如蜡融化。",
        "0": {
            "sn": "04325",
            "brief": "水"
        },
        "1": {
            "sn": "08210",
            "brief": "倒出"
        },
        "3": {
            "sn": "03605",
            "brief": "全部、整个、各"
        },
        "4": {
            "sn": "06106",
            "brief": "本体、精髓、骨头"
        },
        "5": {
            "sn": "01961",
            "brief": "作、是、成为、临到"
        },
        "6": {
            "sn": "03820",
            "brief": "心"
        },
        "7": {
            "sn": "01749",
            "brief": "蜡"
        },
        "8": {
            "sn": "04549",
            "brief": "融解、溶解、熔化"
        },
        "2": {
            "sn": "06504",
            "brief": "隔开"
        },
        "9": {
            "sn": "08432",
            "brief": "在中间"
        },
        "10": {
            "sn": "04578",
            "brief": "内脏、心肠"
        }
    },
    "9": {
        "literal": "(原文 22:11)我一出生，就被交给你；一出我母亲的胎，你就是我的上帝。",
        "0": {
            "sn": "05921",
            "brief": "在…上面"
        },
        "2": {
            "sn": "07358",
            "brief": "子宫"
        },
        "3": {
            "sn": "00990",
            "brief": "子宫"
        },
        "4": {
            "sn": "00517",
            "brief": "母亲"
        },
        "5": {
            "sn": "00410",
            "brief": "上帝、神明、能力、力量"
        },
        "6": {
            "sn": "00859",
            "brief": "你"
        },
        "1": {
            "sn": "07993",
            "brief": "Hif‘il 抛弃、抛出、赶出、掷"
        }
    },
    "29": {
        "literal": "(原文 22:31)必有后裔事奉他，主必被传扬给后代。",
        "0": {
            "sn": "02233",
            "brief": "种子、后裔、子孙"
        },
        "1": {
            "sn": "05647",
            "brief": "耕作、事奉"
        },
        "2": {
            "sn": "05608",
            "brief": "1. 动词：述说、计算；2. 名词：文士、书记"
        },
        "3": {
            "sn": "00136",
            "brief": "主、主人"
        },
        "4": {
            "sn": "01755",
            "brief": "年代、世代、后代、居所"
        }
    },
    "20": {
        "literal": "(原文 22:22)求你救我脱离狮子的口；你已经应允我脱离野牛的角。",
        "0": {
            "sn": "03467",
            "brief": "拯救"
        },
        "1": {
            "sn": "06310",
            "brief": "口、命令、末端、沿岸、比例"
        },
        "2": {
            "sn": "00738",
            "brief": "狮子"
        },
        "3": {
            "sn": "07161",
            "brief": "角"
        },
        "4": {
            "sn": "07214",
            "brief": "野牛"
        },
        "5": {
            "sn": "06030",
            "brief": "I. 回答、作证；II. 忙；III. 使受苦、 使低微；IV. 唱歌 (I, IV 的 SN 为 6030. II, III 的 SN 为 6031)"
        }
    }
}