{
    "3": {
        "8": {
            "sn": "09001",
            "brief": "给、往、向、到、归属于"
        },
        "11": {
            "sn": "09001",
            "brief": "给、往、向、到、归属于"
        },
        "literal": "求你按着他们所做的，并他们所行的恶待他们。求你照着他们手所做的待他们，将他们的报应归给他们。",
        "0": {
            "sn": "05414",
            "brief": "给"
        },
        "1": {
            "sn": "09001",
            "brief": "给、往、向、到、归属于"
        },
        "2": {
            "sn": "06467",
            "brief": "作为、工作"
        },
        "3": {
            "sn": "07455",
            "brief": "恶、邪恶"
        },
        "4": {
            "sn": "04611",
            "brief": "作为、工作"
        },
        "5": {
            "sn": "04639",
            "brief": "行为、工作"
        },
        "6": {
            "sn": "03027",
            "brief": "手、边、力量、权势"
        },
        "7": {
            "sn": "05414",
            "brief": "给"
        },
        "10": {
            "sn": "01576",
            "brief": "报应、报赏"
        },
        "9": {
            "sn": "07725",
            "brief": "Qal 回复、回转、重复，Po‘lel 带回、复兴、更新，Hif‘il 回报、报告、带回"
        }
    },
    "7": {
        "2": {
            "sn": "09001",
            "brief": "给、往、向、到、归属于"
        },
        "1": {
            "sn": "05797",
            "brief": "能力、力量"
        },
        "literal": "雅威是他们(指百姓)的力量，他又是他受膏者得救的保障。",
        "0": {
            "sn": "03068",
            "brief": "上帝的名字「雅威」，犹太人尊称为「上主」"
        },
        "3": {
            "sn": "04581",
            "brief": "保障、避难所"
        },
        "4": {
            "sn": "03444",
            "brief": "救恩"
        },
        "5": {
            "sn": "04899",
            "brief": "受膏者"
        },
        "6": {
            "sn": "01931",
            "brief": "他"
        }
    },
    "4": {
        "10": {
            "sn": "03808",
            "brief": "不"
        },
        "literal": "他们既然不留心雅威所行的和他手所做的，他就必毁坏他们，不建立他们。",
        "0": {
            "sn": "03588",
            "brief": "因为、不必翻译"
        },
        "2": {
            "sn": "00995",
            "brief": "聪明、明辨"
        },
        "3": {
            "sn": "00413",
            "brief": "向、往"
        },
        "4": {
            "sn": "06468",
            "brief": "报酬、薪资"
        },
        "5": {
            "sn": "03068",
            "brief": "上帝的名字「雅威」，犹太人尊称为「上主」"
        },
        "6": {
            "sn": "00413",
            "brief": "向、往"
        },
        "7": {
            "sn": "04639",
            "brief": "行为、工作"
        },
        "8": {
            "sn": "03027",
            "brief": "手、边、力量、权势"
        },
        "9": {
            "sn": "02040",
            "brief": "破坏、撕裂"
        },
        "11": {
            "sn": "01129",
            "brief": "建造"
        },
        "1": {
            "sn": "03808",
            "brief": "不"
        }
    },
    "2": {
        "literal": "不要把我和恶人并作孽的，…一同除掉；(…处填入下行)就是跟自己的邻舍说和平的话，他们心里却是奸恶的人，",
        "0": {
            "sn": "00408",
            "brief": "不"
        },
        "7": {
            "sn": "01696",
            "brief": "Pi‘el 讲、说、指挥"
        },
        "1": {
            "sn": "04900",
            "brief": "拖拉"
        },
        "2": {
            "sn": "05973",
            "brief": "跟"
        },
        "3": {
            "sn": "07563",
            "brief": "邪恶的"
        },
        "4": {
            "sn": "05973",
            "brief": "跟"
        },
        "5": {
            "sn": "06466",
            "brief": "工作"
        },
        "6": {
            "sn": "00205",
            "brief": "行恶、邪恶、患难"
        },
        "8": {
            "sn": "07965",
            "brief": "平安、完全、全部"
        },
        "9": {
            "sn": "05973",
            "brief": "跟"
        },
        "10": {
            "sn": "07453",
            "brief": "邻舍、朋友"
        },
        "11": {
            "sn": "07451",
            "brief": "患难、灾难、痛苦、不幸、邪恶"
        },
        "12": {
            "sn": "03824",
            "brief": "心"
        }
    },
    "8": {
        "7": {
            "sn": "05375",
            "brief": "高举、举起、背负、承担"
        },
        "0": {
            "sn": "03467",
            "brief": "拯救"
        },
        "literal": "求你拯救你的百姓，赐福给你的产业，求你牧养他们，扶持他们，直到永远。",
        "1": {
            "sn": "00853",
            "brief": "不必翻译"
        },
        "2": {
            "sn": "05971",
            "brief": "百姓、国民"
        },
        "4": {
            "sn": "00853",
            "brief": "不必翻译"
        },
        "5": {
            "sn": "05159",
            "brief": "产业"
        },
        "6": {
            "sn": "07462",
            "brief": "I. 吃草、放牧、喂养；II. 结交、与...作伴"
        },
        "3": {
            "sn": "01288",
            "brief": "祝福、赞美"
        },
        "8": {
            "sn": "05704",
            "brief": "直到"
        },
        "9": {
            "sn": "05769",
            "brief": "永远"
        }
    },
    "1": {
        "3": {
            "sn": "07768",
            "brief": "呼喊、呼求"
        },
        "1": {
            "sn": "06963",
            "brief": "声音"
        },
        "literal": "…求你垂听我恳求的声音！(…处填入下二行)我呼求你，向你至圣所举我手的时候，",
        "2": {
            "sn": "08469",
            "brief": "恳求"
        },
        "0": {
            "sn": "08085",
            "brief": "Qal 听、听从，Hif‘il 说明、使…听"
        },
        "4": {
            "sn": "00413",
            "brief": "向、往"
        },
        "5": {
            "sn": "05375",
            "brief": "高举、举起、背负、承担"
        },
        "6": {
            "sn": "03027",
            "brief": "手、边、力量、权势"
        },
        "7": {
            "sn": "00413",
            "brief": "向、往"
        },
        "8": {
            "sn": "01687",
            "brief": "至圣所"
        },
        "9": {
            "sn": "06944",
            "brief": "圣所、圣物、神圣"
        }
    },
    "6": {
        "10": {
            "sn": "03034",
            "brief": "Qal 射，Pi‘el 投掷，Hif‘il 称谢、赞美，Hitpa‘el 认罪、感恩"
        },
        "literal": "雅威是我的力量，是我的盾牌；我的心倚靠他就得帮助。我的心欢乐，我要用诗歌颂赞他。",
        "0": {
            "sn": "03068",
            "brief": "上帝的名字「雅威」，犹太人尊称为「上主」"
        },
        "1": {
            "sn": "05797",
            "brief": "能力、力量"
        },
        "2": {
            "sn": "04043",
            "brief": "盾牌"
        },
        "3": {
            "sn": "09002",
            "brief": "在、用、藉着、与、敌对"
        },
        "4": {
            "sn": "00982",
            "brief": "倚靠"
        },
        "5": {
            "sn": "03820",
            "brief": "心"
        },
        "6": {
            "sn": "05826",
            "brief": "帮助"
        },
        "7": {
            "sn": "05937",
            "brief": "欢乐、狂喜"
        },
        "8": {
            "sn": "03820",
            "brief": "心"
        },
        "9": {
            "sn": "07892",
            "brief": "歌、诗歌"
        }
    },
    "5": {
        "literal": "雅威是应当称颂的，因为他听了我恳求的声音。",
        "0": {
            "sn": "01288",
            "brief": "祝福、赞美"
        },
        "1": {
            "sn": "03068",
            "brief": "上帝的名字「雅威」，犹太人尊称为「上主」"
        },
        "2": {
            "sn": "03588",
            "brief": "因为、不必翻译"
        },
        "4": {
            "sn": "06963",
            "brief": "声音"
        },
        "5": {
            "sn": "08469",
            "brief": "恳求"
        },
        "3": {
            "sn": "08085",
            "brief": "Qal 听、听从，Hif‘il 说明、使…听"
        }
    },
    "0": {
        "literal": "大卫的诗。雅威啊，我要求告你！我的磐石啊，求你不要向我缄默！免得你向我闭口，我就如下入地府的人一样。",
        "0": {
            "sn": "01732",
            "brief": "大卫"
        },
        "1": {
            "sn": "00413",
            "brief": "向、往"
        },
        "2": {
            "sn": "03068",
            "brief": "上帝的名字「雅威」，犹太人尊称为「上主」"
        },
        "3": {
            "sn": "07121",
            "brief": "喊叫、召集、称呼、求告、朗读"
        },
        "5": {
            "sn": "00408",
            "brief": "不"
        },
        "6": {
            "sn": "02790",
            "brief": "耕种、切割、设计、沉默"
        },
        "7": {
            "sn": "04480",
            "brief": "从、出、离"
        },
        "8": {
            "sn": "06435",
            "brief": "免得、恐怕、为了不"
        },
        "9": {
            "sn": "02814",
            "brief": "沉默"
        },
        "10": {
            "sn": "04480",
            "brief": "从、出、离"
        },
        "12": {
            "sn": "05973",
            "brief": "跟"
        },
        "13": {
            "sn": "03381",
            "brief": "降临、下去"
        },
        "14": {
            "sn": "00953",
            "brief": "井、坑"
        },
        "11": {
            "sn": "04911",
            "brief": "Qal 像，Hif‘il 比较"
        },
        "4": {
            "sn": "06697",
            "brief": "磐石、岩石"
        }
    }
}