{
    "0": {
        "7": {
            "sn": "09002",
            "brief": "在、用、藉着、与、敌对"
        },
        "literal": "大卫的诗。地和其中所充满的，…都属雅威。(…处填入下行)世界和住在其间的，",
        "0": {
            "sn": "01732",
            "brief": "大卫"
        },
        "1": {
            "sn": "04210",
            "brief": "诗"
        },
        "2": {
            "sn": "03068",
            "brief": "上帝的名字「雅威」，犹太人尊称为「上主」"
        },
        "3": {
            "sn": "00776",
            "brief": "地、邦国、疆界"
        },
        "4": {
            "sn": "04393",
            "brief": "全长、遍满、充满"
        },
        "5": {
            "sn": "08398",
            "brief": "世界"
        },
        "6": {
            "sn": "03427",
            "brief": "居住、坐、停留"
        }
    },
    "6": {
        "0": {
            "sn": "05375",
            "brief": "高举、举起、背负、承担"
        },
        "3": {
            "sn": "05375",
            "brief": "高举、举起、背负、承担"
        },
        "literal": "众城门哪，要抬起你们的头来！永久的门户啊，你们要被举起！那荣耀的王将要进来！",
        "1": {
            "sn": "08179",
            "brief": "城门、门"
        },
        "2": {
            "sn": "07218",
            "brief": "头、起头、山顶、领袖"
        },
        "4": {
            "sn": "06607",
            "brief": "通道、入口"
        },
        "5": {
            "sn": "05769",
            "brief": "永远"
        },
        "6": {
            "sn": "00935",
            "brief": "来、进入、临到、发生"
        },
        "7": {
            "sn": "04428",
            "brief": "王"
        },
        "8": {
            "sn": "03519",
            "brief": "荣耀"
        }
    },
    "3": {
        "5": {
            "sn": "03808",
            "brief": "不"
        },
        "6": {
            "sn": "05375",
            "brief": "高举、举起、背负、承担"
        },
        "literal": "就是手洁心清、不指着我滥起誓、起誓不怀诡诈的人。",
        "0": {
            "sn": "05355",
            "brief": "无辜的"
        },
        "1": {
            "sn": "03709",
            "brief": "手掌、脚掌、脚底"
        },
        "2": {
            "sn": "01249",
            "brief": "纯粹的、衷心的"
        },
        "3": {
            "sn": "03824",
            "brief": "心"
        },
        "4": {
            "sn": "00834",
            "brief": "不必翻译"
        },
        "7": {
            "sn": "07723",
            "brief": "虚假、虚空"
        },
        "8": {
            "sn": "05315",
            "brief": "心灵、生命"
        },
        "11": {
            "sn": "04820",
            "brief": "诡诈、欺骗"
        },
        "10": {
            "sn": "07650",
            "brief": "Qal Nif‘al 发誓，Hif‘il 使起誓、嘱咐"
        },
        "9": {
            "sn": "03808",
            "brief": "不"
        }
    },
    "1": {
        "literal": "他把它(指地，原文用阴性)建立在海上，把它安定在大水之上。",
        "7": {
            "sn": "03559",
            "brief": "Hif‘il 预备、建立、坚立"
        },
        "0": {
            "sn": "03588",
            "brief": "因为、不必翻译"
        },
        "1": {
            "sn": "01931",
            "brief": "他"
        },
        "2": {
            "sn": "05921",
            "brief": "在…上面"
        },
        "3": {
            "sn": "03220",
            "brief": "海"
        },
        "4": {
            "sn": "03245",
            "brief": "立根基"
        },
        "5": {
            "sn": "05921",
            "brief": "在…上面"
        },
        "6": {
            "sn": "05104",
            "brief": "河流"
        }
    },
    "8": {
        "1": {
            "sn": "08179",
            "brief": "城门、门"
        },
        "0": {
            "sn": "05375",
            "brief": "高举、举起、背负、承担"
        },
        "3": {
            "sn": "05375",
            "brief": "高举、举起、背负、承担"
        },
        "literal": "众城门哪，要抬起你们的头来！永久的门户啊，要举高(它们)！那荣耀的王将要进来！",
        "2": {
            "sn": "07218",
            "brief": "头、起头、山顶、领袖"
        },
        "4": {
            "sn": "06607",
            "brief": "通道、入口"
        },
        "5": {
            "sn": "05769",
            "brief": "永远"
        },
        "6": {
            "sn": "00935",
            "brief": "来、进入、临到、发生"
        },
        "7": {
            "sn": "04428",
            "brief": "王"
        },
        "8": {
            "sn": "03519",
            "brief": "荣耀"
        }
    },
    "2": {
        "literal": "谁能登雅威的山？谁能站在他的圣所？",
        "0": {
            "sn": "04310",
            "brief": "谁"
        },
        "1": {
            "sn": "05927",
            "brief": "上去、升高、生长、献上"
        },
        "2": {
            "sn": "02022",
            "brief": "山"
        },
        "3": {
            "sn": "03068",
            "brief": "上帝的名字「雅威」，犹太人尊称为「上主」"
        },
        "4": {
            "sn": "04310",
            "brief": "谁"
        },
        "5": {
            "sn": "06965",
            "brief": "起来、设立、坚立"
        },
        "6": {
            "sn": "04725",
            "brief": "地方"
        },
        "7": {
            "sn": "06944",
            "brief": "圣所、圣物、神圣"
        }
    },
    "7": {
        "literal": "这荣耀的王是谁呢？就是有力有能的雅威，在战场上有能的雅威！",
        "0": {
            "sn": "04310",
            "brief": "谁"
        },
        "1": {
            "sn": "02088",
            "brief": "这个"
        },
        "2": {
            "sn": "04428",
            "brief": "王"
        },
        "3": {
            "sn": "03519",
            "brief": "荣耀"
        },
        "4": {
            "sn": "03068",
            "brief": "上帝的名字「雅威」，犹太人尊称为「上主」"
        },
        "5": {
            "sn": "05808",
            "brief": "强有力的"
        },
        "6": {
            "sn": "01368",
            "brief": "形容词：强壮的、有力的；名词：勇士"
        },
        "7": {
            "sn": "03068",
            "brief": "上帝的名字「雅威」，犹太人尊称为「上主」"
        },
        "8": {
            "sn": "01368",
            "brief": "形容词：强壮的、有力的；名词：勇士"
        },
        "9": {
            "sn": "04421",
            "brief": "战争"
        }
    },
    "9": {
        "literal": "这荣耀的王是谁呢？万军之雅威，他是荣耀的王！(细拉)",
        "0": {
            "sn": "04310",
            "brief": "谁"
        },
        "1": {
            "sn": "01931",
            "brief": "他"
        },
        "2": {
            "sn": "02088",
            "brief": "这个"
        },
        "3": {
            "sn": "04428",
            "brief": "王"
        },
        "4": {
            "sn": "03519",
            "brief": "荣耀"
        },
        "5": {
            "sn": "03068",
            "brief": "上帝的名字「雅威」，犹太人尊称为「上主」"
        },
        "6": {
            "sn": "06635",
            "brief": "军队、战争、服役"
        },
        "7": {
            "sn": "01931",
            "brief": "他"
        },
        "8": {
            "sn": "04428",
            "brief": "王"
        },
        "9": {
            "sn": "03519",
            "brief": "荣耀"
        },
        "10": {
            "sn": "05542",
            "brief": "举高、乐曲中的休止符，音译「细拉」"
        }
    },
    "5": {
        "3": {
            "sn": "01245",
            "brief": "Pi‘el 寻找、渴求、想望、索求"
        },
        "literal": "这是寻求他(指雅威)的族类，是寻求你面的雅各。(细拉)",
        "0": {
            "sn": "02088",
            "brief": "这个"
        },
        "1": {
            "sn": "01755",
            "brief": "年代、世代、后代、居所"
        },
        "2": {
            "sn": "01875",
            "brief": "寻求、寻找"
        },
        "4": {
            "sn": "06440",
            "brief": "脸"
        },
        "5": {
            "sn": "03290",
            "brief": "雅各"
        },
        "6": {
            "sn": "05542",
            "brief": "举高、乐曲中的休止符，音译「细拉」"
        }
    },
    "4": {
        "literal": "他必蒙雅威赐福，又蒙救他的上帝使他成义。",
        "0": {
            "sn": "05375",
            "brief": "高举、举起、背负、承担"
        },
        "1": {
            "sn": "01293",
            "brief": "祝福、和平之约"
        },
        "2": {
            "sn": "00854",
            "brief": "与、跟"
        },
        "3": {
            "sn": "03068",
            "brief": "上帝的名字「雅威」，犹太人尊称为「上主」"
        },
        "4": {
            "sn": "06666",
            "brief": "公义"
        },
        "5": {
            "sn": "00430",
            "brief": "上帝、神、神明"
        },
        "6": {
            "sn": "03468",
            "brief": "救恩、拯救、安全"
        }
    }
}