{
    "11": {
        "7": {
            "sn": "00977",
            "brief": "选择、拣选、挑选"
        },
        "literal": "谁敬畏雅威，他(指雅威)必教导他当选择的道路。",
        "0": {
            "sn": "04310",
            "brief": "谁"
        },
        "1": {
            "sn": "02088",
            "brief": "这个"
        },
        "2": {
            "sn": "00376",
            "brief": "各人、人、男人、丈夫"
        },
        "3": {
            "sn": "03373",
            "brief": "敬畏"
        },
        "4": {
            "sn": "03068",
            "brief": "上帝的名字「雅威」，犹太人尊称为「上主」"
        },
        "6": {
            "sn": "01870",
            "brief": "道路、行为、方向、方法"
        },
        "5": {
            "sn": "03384",
            "brief": "Qal 射、抛掷，Hif‘il 教导、射、抛掷"
        }
    },
    "1": {
        "8": {
            "sn": "09001",
            "brief": "给、往、向、到、归属于"
        },
        "1": {
            "sn": "09002",
            "brief": "在、用、藉着、与、敌对"
        },
        "literal": "我的上帝啊，我素来倚靠你；求你不要叫我羞愧，愿我的仇敌不向我夸胜。",
        "0": {
            "sn": "00430",
            "brief": "上帝、神、神明"
        },
        "2": {
            "sn": "00982",
            "brief": "倚靠"
        },
        "3": {
            "sn": "00408",
            "brief": "不"
        },
        "4": {
            "sn": "00954",
            "brief": "羞愧"
        },
        "5": {
            "sn": "00408",
            "brief": "不"
        },
        "6": {
            "sn": "05970",
            "brief": "欢欣"
        },
        "7": {
            "sn": "00341",
            "brief": "敌人、对头"
        }
    },
    "3": {
        "literal": "雅威啊，求祢将祢的道指示我，将祢的路指教我！",
        "0": {
            "sn": "01870",
            "brief": "道路、行为、方向、方法"
        },
        "1": {
            "sn": "03068",
            "brief": "上帝的名字「雅威」，犹太人尊称为「上主」"
        },
        "3": {
            "sn": "00734",
            "brief": "路、路径"
        },
        "2": {
            "sn": "03045",
            "brief": "Qal 知道、认识、辨别、经历，Hif‘il 使知道、宣告"
        },
        "4": {
            "sn": "03925",
            "brief": "Qal 学，Pi‘el 教"
        }
    },
    "2": {
        "0": {
            "sn": "01571",
            "brief": "也"
        },
        "literal": "凡等候你的必不羞愧，惟有那无故行奸诈的必要羞愧。",
        "1": {
            "sn": "03605",
            "brief": "全部、整个、各"
        },
        "2": {
            "sn": "06960",
            "brief": "指望、等待"
        },
        "4": {
            "sn": "00954",
            "brief": "羞愧"
        },
        "5": {
            "sn": "00954",
            "brief": "羞愧"
        },
        "6": {
            "sn": "00898",
            "brief": "行诡诈"
        },
        "7": {
            "sn": "07387",
            "brief": "徒然、空虚"
        },
        "3": {
            "sn": "03808",
            "brief": "不"
        }
    },
    "15": {
        "3": {
            "sn": "03588",
            "brief": "因为、不必翻译"
        },
        "4": {
            "sn": "03173",
            "brief": "孤单的、独一的"
        },
        "5": {
            "sn": "06041",
            "brief": "谦卑的、困苦的"
        },
        "6": {
            "sn": "00589",
            "brief": "我"
        },
        "2": {
            "sn": "02603",
            "brief": "恩待、怜悯，Hitpa‘el 求恩"
        },
        "literal": "求你转向我，怜恤我，因为我孤独困苦。",
        "0": {
            "sn": "06437",
            "brief": "转向、转离、走离"
        },
        "1": {
            "sn": "00413",
            "brief": "向、往"
        }
    },
    "4": {
        "8": {
            "sn": "06960",
            "brief": "指望、等待"
        },
        "literal": "求你以你的真理引导我，指教我，因为你是救我的上帝。我终日等候你。",
        "0": {
            "sn": "01869",
            "brief": "踩踏、行进、引导、弯曲"
        },
        "1": {
            "sn": "00571",
            "brief": "真理、诚信、真实、诚实"
        },
        "3": {
            "sn": "03588",
            "brief": "因为、不必翻译"
        },
        "4": {
            "sn": "00859",
            "brief": "你"
        },
        "5": {
            "sn": "00430",
            "brief": "上帝、神、神明"
        },
        "7": {
            "sn": "00853",
            "brief": "不必翻译"
        },
        "9": {
            "sn": "03605",
            "brief": "全部、整个、各"
        },
        "10": {
            "sn": "03117",
            "brief": "日子、时候"
        },
        "6": {
            "sn": "03468",
            "brief": "救恩、拯救、安全"
        },
        "2": {
            "sn": "03925",
            "brief": "Qal 学，Pi‘el 教"
        }
    },
    "12": {
        "2": {
            "sn": "03885",
            "brief": "I. 居住、休息、过夜；II. Nif‘al 发牢骚、抱怨"
        },
        "literal": "他要安然居住，他的后裔必承受地土。",
        "0": {
            "sn": "05315",
            "brief": "心灵、生命"
        },
        "3": {
            "sn": "02233",
            "brief": "种子、后裔、子孙"
        },
        "4": {
            "sn": "03423",
            "brief": "夺取、获得、赶出、破坏、继承"
        },
        "5": {
            "sn": "00776",
            "brief": "地、邦国、疆界"
        },
        "1": {
            "sn": "02896",
            "brief": "名词：良善、美好、福乐；形容词：良善的、美好的"
        }
    },
    "7": {
        "5": {
            "sn": "03384",
            "brief": "Qal 射、抛掷，Hif‘il 教导、射、抛掷"
        },
        "literal": "雅威是良善的，正直的，所以他必教导罪人走正路。",
        "1": {
            "sn": "03477",
            "brief": "公义的、正直的"
        },
        "2": {
            "sn": "03068",
            "brief": "上帝的名字「雅威」，犹太人尊称为「上主」"
        },
        "3": {
            "sn": "05921",
            "brief": "在…上面"
        },
        "4": {
            "sn": "03651",
            "brief": "副词：因此、如此、这样；形容词：对、真的、公平、诚实"
        },
        "0": {
            "sn": "02896",
            "brief": "名词：良善、美好、福乐；形容词：良善的、美好的"
        },
        "6": {
            "sn": "02400",
            "brief": "犯罪的"
        },
        "7": {
            "sn": "01870",
            "brief": "道路、行为、方向、方法"
        }
    },
    "9": {
        "0": {
            "sn": "03605",
            "brief": "全部、整个、各"
        },
        "1": {
            "sn": "00734",
            "brief": "路、路径、方式"
        },
        "2": {
            "sn": "03068",
            "brief": "上帝的名字「雅威」，犹太人尊称为「上主」"
        },
        "3": {
            "sn": "02617",
            "brief": "慈爱、忠诚"
        },
        "4": {
            "sn": "00571",
            "brief": "真理、诚信、真实、诚实"
        },
        "5": {
            "sn": "05341",
            "brief": "谨守、遵守、保护、封锁"
        },
        "6": {
            "sn": "01285",
            "brief": "约"
        },
        "7": {
            "sn": "05713",
            "brief": "见证"
        },
        "literal": "…雅威(对待他们)的方式是慈爱和信实。(…处填入下行)对遵守他的约和他法度的人，"
    },
    "17": {
        "3": {
            "sn": "05375",
            "brief": "高举、举起、背负、承担"
        },
        "literal": "求你看顾我的困苦，我的艰难，求你赦免我一切的罪。",
        "1": {
            "sn": "06040",
            "brief": "苦难、困苦、穷乏"
        },
        "2": {
            "sn": "05999",
            "brief": "劳碌、工作"
        },
        "4": {
            "sn": "03605",
            "brief": "全部、整个、各"
        },
        "5": {
            "sn": "02403",
            "brief": "罪、赎罪祭、除罪、罪罚"
        },
        "0": {
            "sn": "07200",
            "brief": "Qal 看见、看顾、察觉，Nif‘al 显现，Hif‘il 显明"
        }
    },
    "10": {
        "literal": "雅威啊，求你因你的名赦免我的罪，因为它(指我的罪)重大。",
        "0": {
            "sn": "04616",
            "brief": "为了"
        },
        "1": {
            "sn": "08034",
            "brief": "名字"
        },
        "2": {
            "sn": "03068",
            "brief": "上帝的名字「雅威」，犹太人尊称为「上主」"
        },
        "3": {
            "sn": "05545",
            "brief": "赦免"
        },
        "4": {
            "sn": "05771",
            "brief": "罪孽"
        },
        "5": {
            "sn": "03588",
            "brief": "因为、不必翻译"
        },
        "6": {
            "sn": "07227",
            "brief": "I. 形容词：大量的、许多的、充足的，II. 名词：统帅、首领。"
        },
        "7": {
            "sn": "01931",
            "brief": "他"
        }
    },
    "13": {
        "literal": "雅威的亲密归与他的敬畏(指敬畏他的人)，要将自己的约指示他们。",
        "0": {
            "sn": "05475",
            "brief": "亲密的谈话、谘商、大会"
        },
        "1": {
            "sn": "03068",
            "brief": "上帝的名字「雅威」，犹太人尊称为「上主」"
        },
        "2": {
            "sn": "03373",
            "brief": "敬畏"
        },
        "3": {
            "sn": "01285",
            "brief": "约"
        },
        "4": {
            "sn": "03045",
            "brief": "Qal 知道、认识、辨别、经历，Hif‘il 使知道、宣告"
        }
    },
    "18": {
        "literal": "求你察看我的仇敌，因为他们人多，并且以不公平的恨来恨我。",
        "1": {
            "sn": "00341",
            "brief": "敌人、对头"
        },
        "2": {
            "sn": "03588",
            "brief": "因为、不必翻译"
        },
        "3": {
            "sn": "07231",
            "brief": "变多、增多"
        },
        "4": {
            "sn": "08130",
            "brief": "恨"
        },
        "5": {
            "sn": "02555",
            "brief": "暴力、残忍、不公"
        },
        "6": {
            "sn": "08135",
            "brief": "恨"
        },
        "0": {
            "sn": "07200",
            "brief": "Qal 看见、看顾、察觉，Nif‘al 显现，Hif‘il 显明"
        }
    },
    "8": {
        "0": {
            "sn": "01869",
            "brief": "踩踏、行进、引导、弯曲"
        },
        "3": {
            "sn": "03925",
            "brief": "Qal 学，Pi‘el 教"
        },
        "literal": "他要按公平引领谦卑人，将他的道指教谦卑人。",
        "1": {
            "sn": "06035",
            "brief": "困苦的、卑微的"
        },
        "2": {
            "sn": "04941",
            "brief": "正义、公平、审判、律例、规矩"
        },
        "4": {
            "sn": "06035",
            "brief": "困苦的、卑微的"
        },
        "5": {
            "sn": "01870",
            "brief": "道路、行为、方向、方法"
        }
    },
    "19": {
        "literal": "求你保护我的性命，搭救我，使我不致羞愧，因为我投靠你。",
        "0": {
            "sn": "08104",
            "brief": "遵守、保护、小心"
        },
        "1": {
            "sn": "05315",
            "brief": "心灵、生命"
        },
        "3": {
            "sn": "00408",
            "brief": "不"
        },
        "4": {
            "sn": "00954",
            "brief": "羞愧"
        },
        "5": {
            "sn": "03588",
            "brief": "因为、不必翻译"
        },
        "6": {
            "sn": "02620",
            "brief": "投靠、信赖"
        },
        "7": {
            "sn": "09002",
            "brief": "在、用、藉着、与、敌对"
        },
        "2": {
            "sn": "05337",
            "brief": "Nif‘al 获救，Pi‘el 拯救、夺取，Hif‘il 营救、抓走"
        }
    },
    "20": {
        "4": {
            "sn": "06960",
            "brief": "指望、等待"
        },
        "literal": "愿纯全、正直保守我，因为我等候你。",
        "0": {
            "sn": "08537",
            "brief": "完整、完全"
        },
        "1": {
            "sn": "03476",
            "brief": "正直"
        },
        "2": {
            "sn": "05341",
            "brief": "谨守、遵守、保护、封锁"
        },
        "3": {
            "sn": "03588",
            "brief": "因为、不必翻译"
        }
    },
    "0": {
        "literal": "大卫的诗。雅威啊，我的心仰望你。",
        "0": {
            "sn": "01732",
            "brief": "大卫"
        },
        "1": {
            "sn": "00413",
            "brief": "向、往"
        },
        "2": {
            "sn": "03068",
            "brief": "上帝的名字「雅威」，犹太人尊称为「上主」"
        },
        "3": {
            "sn": "05315",
            "brief": "心灵、生命"
        },
        "4": {
            "sn": "05375",
            "brief": "高举、举起、背负、承担"
        }
    },
    "5": {
        "literal": "雅威啊，求你记念你的怜悯和慈爱，因为那些是亘古以来所常有的。",
        "0": {
            "sn": "02142",
            "brief": "提说、纪念、回想"
        },
        "1": {
            "sn": "07356",
            "brief": "单数：子宫，复数：怜悯"
        },
        "2": {
            "sn": "03068",
            "brief": "上帝的名字「雅威」，犹太人尊称为「上主」"
        },
        "3": {
            "sn": "02617",
            "brief": "良善、慈爱、忠诚"
        },
        "4": {
            "sn": "03588",
            "brief": "因为、不必翻译"
        },
        "5": {
            "sn": "05769",
            "brief": "古老、永远、长久"
        },
        "6": {
            "sn": "01992",
            "brief": "他们、它们"
        }
    },
    "16": {
        "2": {
            "sn": "07337",
            "brief": "变大、变宽"
        },
        "literal": "我心里的愁苦甚多，求你带领我脱离我的祸患。",
        "0": {
            "sn": "06869",
            "brief": "困境、烦恼、灾难、患难"
        },
        "1": {
            "sn": "03824",
            "brief": "心"
        },
        "3": {
            "sn": "04691",
            "brief": "患难"
        },
        "4": {
            "sn": "03318",
            "brief": "出去"
        }
    },
    "14": {
        "literal": "我的眼目时常仰望雅威，因为他必将我的脚从网里拉出来。",
        "0": {
            "sn": "05869",
            "brief": "眼睛"
        },
        "1": {
            "sn": "08548",
            "brief": "经常、一直、连续"
        },
        "2": {
            "sn": "00413",
            "brief": "向、往"
        },
        "3": {
            "sn": "03068",
            "brief": "上帝的名字「雅威」，犹太人尊称为「上主」"
        },
        "4": {
            "sn": "03588",
            "brief": "因为、不必翻译"
        },
        "5": {
            "sn": "01931",
            "brief": "他"
        },
        "7": {
            "sn": "07568",
            "brief": "网"
        },
        "8": {
            "sn": "07272",
            "brief": "脚"
        },
        "6": {
            "sn": "03318",
            "brief": "出去"
        }
    },
    "6": {
        "literal": "求你不要记念我幼年的罪愆和我的过犯；雅威啊，求你因你的恩惠，按你的慈爱记念我。",
        "0": {
            "sn": "02403",
            "brief": "罪、赎罪祭、除罪、罪罚"
        },
        "1": {
            "sn": "05271",
            "brief": "幼年、年少时"
        },
        "2": {
            "sn": "06588",
            "brief": "背叛、过犯"
        },
        "3": {
            "sn": "00408",
            "brief": "不"
        },
        "4": {
            "sn": "02142",
            "brief": "提说、纪念、回想"
        },
        "5": {
            "sn": "02617",
            "brief": "慈爱、忠诚"
        },
        "6": {
            "sn": "02142",
            "brief": "提说、纪念、回想"
        },
        "7": {
            "sn": "09001",
            "brief": "给、往、向、到、归属于"
        },
        "8": {
            "sn": "00859",
            "brief": "你"
        },
        "9": {
            "sn": "04616",
            "brief": "为了"
        },
        "10": {
            "sn": "02898",
            "brief": "美物、良善"
        },
        "11": {
            "sn": "03068",
            "brief": "上帝的名字「雅威」，犹太人尊称为「上主」"
        }
    },
    "21": {
        "3": {
            "sn": "03478",
            "brief": "以色列"
        },
        "literal": "上帝啊，求你救赎以色列脱离他一切的愁苦。",
        "0": {
            "sn": "06299",
            "brief": "救赎"
        },
        "1": {
            "sn": "00430",
            "brief": "上帝、神、神明"
        },
        "2": {
            "sn": "00853",
            "brief": "不必翻译"
        },
        "4": {
            "sn": "03605",
            "brief": "全部、整个、各"
        },
        "5": {
            "sn": "06869",
            "brief": "困境、烦恼、灾难、患难"
        }
    }
}