{
    "2": {
        "5": {
            "sn": "09001",
            "brief": "给、往、向、到、归属于"
        },
        "2": {
            "sn": "06395",
            "brief": "分别出来"
        },
        "literal": "(原文 4:4)你们要知道，雅威已经分别虔诚人归他自己；我求告雅威的时候，他必听我。",
        "1": {
            "sn": "03588",
            "brief": "因为、不必翻译"
        },
        "3": {
            "sn": "03068",
            "brief": "上帝的名字「雅威」，犹太人尊称为「上主」"
        },
        "4": {
            "sn": "02623",
            "brief": "虔诚的"
        },
        "6": {
            "sn": "03068",
            "brief": "上帝的名字「雅威」，犹太人尊称为「上主」"
        },
        "8": {
            "sn": "07121",
            "brief": "喊叫、召集、称呼、求告、朗读"
        },
        "9": {
            "sn": "00413",
            "brief": "向、往"
        },
        "0": {
            "sn": "03045",
            "brief": "Qal 知道、认识、辨别、经历，Hif‘il 使知道、宣告"
        },
        "7": {
            "sn": "08085",
            "brief": "Qal 听、听从，Hif‘il 说明、使…听"
        }
    },
    "0": {
        "10": {
            "sn": "09001",
            "brief": "给、往、向、到、归属于"
        },
        "9": {
            "sn": "07337",
            "brief": "扩张、变宽"
        },
        "literal": "(原文 4:1)大卫的诗，交给诗班指挥。用丝弦的乐器。(原文 4:2)…我呼求的时候，求你应允我！(…处填入下行)显我为义的上帝啊，我在狭窄(意思是困境)中，你曾使我宽广；现在求你怜恤我，听我的祷告！",
        "1": {
            "sn": "05058",
            "brief": "弦乐的歌"
        },
        "2": {
            "sn": "04210",
            "brief": "诗"
        },
        "3": {
            "sn": "01732",
            "brief": "大卫"
        },
        "4": {
            "sn": "07121",
            "brief": "喊叫、召集、称呼、求告、朗读"
        },
        "5": {
            "sn": "06030",
            "brief": "I. 回答、作证；II. 忙；III. 使受苦、 使低微；IV. 唱歌 (I, IV 的 SN 为 6030. II, III 的 SN 为 6031)"
        },
        "6": {
            "sn": "00430",
            "brief": "上帝、神、神明"
        },
        "7": {
            "sn": "06664",
            "brief": "公义"
        },
        "8": {
            "sn": "06862",
            "brief": "I. 狭窄的；II. 患难、困境；III. 敌人"
        },
        "0": {
            "sn": "05329",
            "brief": "Qal 优于、聪明、长久，Pi‘el 做监督、做指挥"
        },
        "13": {
            "sn": "08605",
            "brief": "祷告"
        },
        "12": {
            "sn": "08085",
            "brief": "Qal 听、听从，Hif‘il 说明、使…听"
        },
        "11": {
            "sn": "02603",
            "brief": "恩待、怜悯，Hitpa‘el 求恩"
        }
    },
    "3": {
        "2": {
            "sn": "02398",
            "brief": "Qal 犯罪；Pi‘el 献赎罪祭、得洁净；Hif‘il 导致犯罪；Hitpa‘el 迷失、洁净自己"
        },
        "literal": "(原文 4:5)你们应当颤抖，不可犯罪；在你们床上的时候，要在心里说话(意思是思想)，并要肃静。(细拉)",
        "0": {
            "sn": "07264",
            "brief": "激动、颤抖、摇动"
        },
        "1": {
            "sn": "00408",
            "brief": "不"
        },
        "3": {
            "sn": "00559",
            "brief": "说"
        },
        "4": {
            "sn": "03824",
            "brief": "心"
        },
        "5": {
            "sn": "05921",
            "brief": "在…上面"
        },
        "6": {
            "sn": "04904",
            "brief": "床、卧室、躺下"
        },
        "7": {
            "sn": "01826",
            "brief": "静默"
        },
        "8": {
            "sn": "05542",
            "brief": "举高、乐曲中的休止符，音译「细拉」"
        }
    },
    "5": {
        "3": {
            "sn": "07200",
            "brief": "Qal 看见、看顾、察觉，Nif‘al 显现，Hif‘il 显明"
        },
        "literal": "(原文 4:7)有许多人说：谁能指示我们甚么好处？雅威啊，求你以你脸上的光，照在我们身上。",
        "0": {
            "sn": "07227",
            "brief": "I. 形容词：大量的、许多的、充足的，II. 名词：统帅、首领。"
        },
        "1": {
            "sn": "00559",
            "brief": "说"
        },
        "2": {
            "sn": "04310",
            "brief": "谁"
        },
        "5": {
            "sn": "05375",
            "brief": "高举、举起、背负、承担"
        },
        "6": {
            "sn": "05921",
            "brief": "在…上面"
        },
        "7": {
            "sn": "00216",
            "brief": "光明、光"
        },
        "8": {
            "sn": "06440",
            "brief": "脸面"
        },
        "4": {
            "sn": "02896",
            "brief": "名词：良善、美好、福乐；形容词：良善的、美好的"
        },
        "9": {
            "sn": "03068",
            "brief": "上帝的名字「雅威」，犹太人尊称为「上主」"
        }
    },
    "6": {
        "0": {
            "sn": "05414",
            "brief": "给"
        },
        "1": {
            "sn": "08057",
            "brief": "喜乐"
        },
        "2": {
            "sn": "03820",
            "brief": "心"
        },
        "3": {
            "sn": "06256",
            "brief": "时间"
        },
        "4": {
            "sn": "01715",
            "brief": "五榖"
        },
        "5": {
            "sn": "08492",
            "brief": "新酒"
        },
        "6": {
            "sn": "07231",
            "brief": "变多、增多"
        },
        "literal": "(原文 4:8)…你把喜乐放在我的心里。(…处填入下行)当他们的五谷和他们的新酒增添的时候"
    },
    "4": {
        "literal": "(原文 4:6)当献上公义的祭，又当倚靠雅威。",
        "0": {
            "sn": "02076",
            "brief": "屠宰、献祭"
        },
        "1": {
            "sn": "02077",
            "brief": "祭、献祭"
        },
        "2": {
            "sn": "06664",
            "brief": "公义"
        },
        "3": {
            "sn": "00982",
            "brief": "倚靠"
        },
        "4": {
            "sn": "00413",
            "brief": "向、往"
        },
        "5": {
            "sn": "03068",
            "brief": "上帝的名字「雅威」，犹太人尊称为「上主」"
        }
    },
    "7": {
        "9": {
            "sn": "03427",
            "brief": "居住、坐、停留"
        },
        "literal": "(原文 4:9)我必安然躺下又睡觉，因为独有你―雅威使我安然居住。",
        "0": {
            "sn": "07965",
            "brief": "平安、完全、全部"
        },
        "1": {
            "sn": "03162",
            "brief": "一起"
        },
        "2": {
            "sn": "07901",
            "brief": "躺卧、同寝"
        },
        "3": {
            "sn": "03462",
            "brief": "睡觉"
        },
        "4": {
            "sn": "03588",
            "brief": "因为、不必翻译"
        },
        "5": {
            "sn": "00859",
            "brief": "你"
        },
        "6": {
            "sn": "03068",
            "brief": "上帝的名字「雅威」，犹太人尊称为「上主」"
        },
        "7": {
            "sn": "00910",
            "brief": "独自、隔离"
        },
        "8": {
            "sn": "00983",
            "brief": "安然、平安"
        }
    },
    "1": {
        "literal": "(原文 4:3)众人哪，你们将我的尊荣变为羞辱要到几时呢？你们喜爱虚妄，寻找虚假，(要到几时呢？)（细拉）",
        "0": {
            "sn": "01121",
            "brief": "儿子、孙子、后裔、成员"
        },
        "1": {
            "sn": "00376",
            "brief": "各人、人、男人、丈夫"
        },
        "2": {
            "sn": "05704",
            "brief": "直到"
        },
        "3": {
            "sn": "04100",
            "brief": "什么"
        },
        "4": {
            "sn": "03519",
            "brief": "荣光、尊荣、贵重"
        },
        "5": {
            "sn": "03639",
            "brief": "羞愧、惭愧"
        },
        "6": {
            "sn": "00157",
            "brief": "爱"
        },
        "7": {
            "sn": "07385",
            "brief": "虚空"
        },
        "9": {
            "sn": "03577",
            "brief": "谎言"
        },
        "10": {
            "sn": "05542",
            "brief": "举高、乐曲中的休止符，音译「细拉」"
        },
        "8": {
            "sn": "01245",
            "brief": "Pi‘el 寻找、渴求、想望、索求"
        }
    }
}