{
    "10": {
        "3": {
            "sn": "09001",
            "brief": "给、往、向、到、归属于"
        },
        "2": {
            "sn": "08085",
            "brief": "Qal 听、听从，Hif‘il 说明、使…听"
        },
        "6": {
            "sn": "03925",
            "brief": "Qal 学，Pi‘el 教"
        },
        "literal": "(原文 34:12)孩子们哪，你们当来听我的话！我要将对雅威的敬畏教导你们。",
        "0": {
            "sn": "01980",
            "brief": "行走"
        },
        "1": {
            "sn": "01121",
            "brief": "儿子、孙子、后裔、成员"
        },
        "4": {
            "sn": "03374",
            "brief": "敬畏、害怕"
        },
        "5": {
            "sn": "03068",
            "brief": "上帝的名字「雅威」，犹太人尊称为「上主」"
        }
    },
    "21": {
        "8": {
            "sn": "09002",
            "brief": "在、用、藉着、与、敌对"
        },
        "literal": "(原文 34:23)雅威救赎他仆人的生命，凡投靠他的，必不致定罪。",
        "0": {
            "sn": "06299",
            "brief": "救赎"
        },
        "1": {
            "sn": "03068",
            "brief": "上帝的名字「雅威」，犹太人尊称为「上主」"
        },
        "2": {
            "sn": "05315",
            "brief": "生命、人"
        },
        "3": {
            "sn": "05650",
            "brief": "仆人、奴隶"
        },
        "5": {
            "sn": "00816",
            "brief": "视为有罪、犯罪"
        },
        "6": {
            "sn": "03605",
            "brief": "所有、全部、整个、各"
        },
        "7": {
            "sn": "02620",
            "brief": "投靠、信赖"
        },
        "4": {
            "sn": "03808",
            "brief": "不"
        }
    },
    "2": {
        "literal": "(原文 34:4)你们要和我一同尊雅威为大，让我们一同高举他的名。",
        "0": {
            "sn": "01431",
            "brief": "长大、变大"
        },
        "1": {
            "sn": "03068",
            "brief": "上帝的名字「雅威」，犹太人尊称为「上主」"
        },
        "2": {
            "sn": "00854",
            "brief": "与、跟"
        },
        "4": {
            "sn": "08034",
            "brief": "名字"
        },
        "5": {
            "sn": "03162",
            "brief": "一起"
        },
        "3": {
            "sn": "07311",
            "brief": "高举、抬高"
        }
    },
    "12": {
        "0": {
            "sn": "05341",
            "brief": "谨守、遵守、保护、封锁"
        },
        "literal": "(原文 34:14)你要保守你的舌头不出恶言，你的嘴唇不说诡诈的话。",
        "1": {
            "sn": "03956",
            "brief": "语言、舌头"
        },
        "2": {
            "sn": "07451",
            "brief": "邪恶、灾祸、患难"
        },
        "3": {
            "sn": "08193",
            "brief": "嘴唇、边缘、言语"
        },
        "5": {
            "sn": "04820",
            "brief": "诡诈、欺骗"
        },
        "4": {
            "sn": "01696",
            "brief": "Pi‘el 讲、说、指挥"
        }
    },
    "16": {
        "literal": "(原文 34:18)他们(指义人)呼求，雅威听见了，便救他们脱离他们一切的患难。",
        "1": {
            "sn": "03068",
            "brief": "上帝的名字「雅威」，犹太人尊称为「上主」"
        },
        "3": {
            "sn": "03605",
            "brief": "所有、全部、整个、各"
        },
        "4": {
            "sn": "06869",
            "brief": "灾难、患难"
        },
        "2": {
            "sn": "08085",
            "brief": "Qal 听、听从，Hif‘il 说明、使…听"
        },
        "5": {
            "sn": "05337",
            "brief": "Nif‘al 获救，Pi‘el 拯救、夺取，Hif‘il 营救、抓走"
        },
        "0": {
            "sn": "06817",
            "brief": "Qal 呼喊、哀求；Pi‘el 大声呼喊；Nif‘al 被召唤、聚集；Hif‘il 召集"
        }
    },
    "0": {
        "6": {
            "sn": "01644",
            "brief": "驱赶、翻腾"
        },
        "8": {
            "sn": "01288",
            "brief": "祝福、赞美"
        },
        "literal": "(原文 34:1)大卫的诗，是在亚比米勒面前装疯，被赶出去的时候所作。(原文 34:2)我要时时称颂雅威，他的赞美必常在我口中。",
        "0": {
            "sn": "01732",
            "brief": "大卫"
        },
        "2": {
            "sn": "00853",
            "brief": "不必翻译"
        },
        "3": {
            "sn": "02940",
            "brief": "诏令、尝、判断"
        },
        "4": {
            "sn": "03942",
            "brief": "在…之前"
        },
        "5": {
            "sn": "00040",
            "brief": "亚比米勒"
        },
        "7": {
            "sn": "01980",
            "brief": "行走"
        },
        "9": {
            "sn": "00853",
            "brief": "不必翻译"
        },
        "10": {
            "sn": "03068",
            "brief": "上帝的名字「雅威」，犹太人尊称为「上主」"
        },
        "11": {
            "sn": "03605",
            "brief": "全部、整个、各"
        },
        "12": {
            "sn": "06256",
            "brief": "时候"
        },
        "13": {
            "sn": "08548",
            "brief": "经常、一直、连续"
        },
        "14": {
            "sn": "08416",
            "brief": "赞美"
        },
        "15": {
            "sn": "06310",
            "brief": "口、命令、末端、沿岸、比例"
        },
        "1": {
            "sn": "08138",
            "brief": "改变、重复、乔装"
        }
    },
    "13": {
        "4": {
            "sn": "01245",
            "brief": "Pi‘el 寻找、渴求、想望、索求"
        },
        "literal": "(原文 34:15)要离恶行善，寻求和平，并追求它。",
        "0": {
            "sn": "05493",
            "brief": "转离、除去"
        },
        "1": {
            "sn": "07451",
            "brief": "邪恶、灾祸、患难"
        },
        "2": {
            "sn": "06213",
            "brief": "做"
        },
        "5": {
            "sn": "07965",
            "brief": "平安、完全、全部"
        },
        "6": {
            "sn": "07291",
            "brief": "追求、追"
        },
        "3": {
            "sn": "02896",
            "brief": "名词：良善、美好、福乐；形容词：良善的、美好的"
        }
    },
    "3": {
        "6": {
            "sn": "05337",
            "brief": "Nif‘al 获救，Pi‘el 拯救、夺取，Hif‘il 营救、抓走"
        },
        "literal": "(原文 34:5)我曾寻求雅威，他就应允我，救我脱离了我一切的恐惧。",
        "0": {
            "sn": "01875",
            "brief": "寻求、寻找"
        },
        "1": {
            "sn": "00853",
            "brief": "不必翻译"
        },
        "2": {
            "sn": "03068",
            "brief": "上帝的名字「雅威」，犹太人尊称为「上主」"
        },
        "3": {
            "sn": "06030",
            "brief": "I. 回答、作证；II. 忙；III. 使受苦、 使低微；IV. 唱歌 (I, IV 的 SN 为 6030. II, III 的 SN 为 6031)"
        },
        "4": {
            "sn": "03605",
            "brief": "全部、整个、各"
        },
        "5": {
            "sn": "04034",
            "brief": "害怕"
        }
    },
    "17": {
        "2": {
            "sn": "07665",
            "brief": "Qal 拆毁、折断、打碎，Nif‘al 遭破坏、被折断，Hif‘il 使生产"
        },
        "7": {
            "sn": "03467",
            "brief": "拯救"
        },
        "literal": "(原文 34:19)雅威靠近心破碎的人，拯救灵性痛悔的人。",
        "0": {
            "sn": "07138",
            "brief": "临近的、靠近的"
        },
        "1": {
            "sn": "03068",
            "brief": "上帝的名字「雅威」，犹太人尊称为「上主」"
        },
        "3": {
            "sn": "03820",
            "brief": "心"
        },
        "4": {
            "sn": "00853",
            "brief": "不必翻译"
        },
        "5": {
            "sn": "01793",
            "brief": "悔罪的"
        },
        "6": {
            "sn": "07307",
            "brief": "灵、风、气息"
        }
    },
    "19": {
        "6": {
            "sn": "07665",
            "brief": "Qal 拆毁、折断、打碎，Nif‘al 遭破坏、被折断，Hif‘il 使生产"
        },
        "literal": "(原文 34:21)又保全他全身的骨头，连一根也不折断。",
        "0": {
            "sn": "08104",
            "brief": "遵守、保护、小心"
        },
        "1": {
            "sn": "03605",
            "brief": "所有、全部、整个、各"
        },
        "2": {
            "sn": "06106",
            "brief": "本体、精髓、骨头"
        },
        "3": {
            "sn": "00259",
            "brief": "数目的「一」"
        },
        "4": {
            "sn": "02007",
            "brief": "她们"
        },
        "5": {
            "sn": "03808",
            "brief": "不"
        }
    },
    "7": {
        "1": {
            "sn": "07200",
            "brief": "Qal 看见、看顾、察觉，Nif‘al 显现，Hif‘il 显明"
        },
        "literal": "(原文 34:9)你们要品尝，就知道雅威是美善的；投靠他的人有福了！",
        "0": {
            "sn": "02938",
            "brief": "尝"
        },
        "2": {
            "sn": "03588",
            "brief": "因为、不必翻译"
        },
        "4": {
            "sn": "03068",
            "brief": "上帝的名字「雅威」，犹太人尊称为「上主」"
        },
        "5": {
            "sn": "00835",
            "brief": "幸福、快乐"
        },
        "6": {
            "sn": "01397",
            "brief": "勇士、人"
        },
        "7": {
            "sn": "02620",
            "brief": "投靠、信赖"
        },
        "8": {
            "sn": "09002",
            "brief": "在、用、藉着、与、敌对"
        },
        "3": {
            "sn": "02896",
            "brief": "名词：良善、美好、福乐；形容词：良善的、美好的"
        }
    },
    "5": {
        "7": {
            "sn": "03467",
            "brief": "拯救"
        },
        "4": {
            "sn": "08085",
            "brief": "Qal 听、听从，Hif‘il 说明、使…听"
        },
        "literal": "(原文 34:7)这困苦人呼求，雅威便垂听，救他脱离他一切的患难。",
        "0": {
            "sn": "02088",
            "brief": "这个"
        },
        "1": {
            "sn": "06041",
            "brief": "困苦的"
        },
        "2": {
            "sn": "07121",
            "brief": "喊叫、召集、称呼、求告、朗读"
        },
        "3": {
            "sn": "03068",
            "brief": "上帝的名字「雅威」，犹太人尊称为「上主」"
        },
        "5": {
            "sn": "03605",
            "brief": "所有、全部、整个、各"
        },
        "6": {
            "sn": "06869",
            "brief": "灾难、患难"
        }
    },
    "1": {
        "literal": "(原文 34:3)我的心因雅威而感到骄傲，谦卑的人听见就要喜乐。",
        "0": {
            "sn": "03068",
            "brief": "上帝的名字「雅威」，犹太人尊称为「上主」"
        },
        "3": {
            "sn": "08085",
            "brief": "Qal 听、听从，Hif‘il 说明、使…听"
        },
        "2": {
            "sn": "05315",
            "brief": "心灵、生命"
        },
        "4": {
            "sn": "06035",
            "brief": "困苦的、卑微的"
        },
        "5": {
            "sn": "08055",
            "brief": "喜悦、快乐"
        },
        "1": {
            "sn": "01984",
            "brief": "Qal 照亮，Pi‘el 赞美，Pu‘al 被赞美、值得赞美，Hif‘il 发光、照亮、赞美，Hitpa‘el 夸耀、行动形同疯子，Po'el 愚妄、癫狂，Po'al 猖狂，Hitpo‘lel 行为如疯子一般"
        }
    },
    "4": {
        "0": {
            "sn": "05027",
            "brief": "Qal 看，Hif‘il 仰望、看、注意"
        },
        "literal": "(原文 34:6)他们仰望他，就有光荣；他们的脸必不蒙羞。",
        "1": {
            "sn": "00413",
            "brief": "对、向、往"
        },
        "2": {
            "sn": "05102",
            "brief": "发光、照亮、流向"
        },
        "3": {
            "sn": "06440",
            "brief": "脸"
        },
        "4": {
            "sn": "00408",
            "brief": "不"
        },
        "5": {
            "sn": "02659",
            "brief": "羞愧"
        }
    },
    "6": {
        "literal": "(原文 34:8)雅威的使者在敬畏他的人四围安营，要搭救他们。",
        "0": {
            "sn": "02583",
            "brief": "安营、扎营"
        },
        "1": {
            "sn": "04397",
            "brief": "使者"
        },
        "2": {
            "sn": "03068",
            "brief": "上帝的名字「雅威」，犹太人尊称为「上主」"
        },
        "3": {
            "sn": "05439",
            "brief": "四围、环绕"
        },
        "4": {
            "sn": "03373",
            "brief": "敬畏"
        },
        "5": {
            "sn": "02502",
            "brief": "Qal 脱下、配备，Hif‘il 使强壮"
        }
    },
    "14": {
        "5": {
            "sn": "00413",
            "brief": "对、向、往"
        },
        "literal": "(原文 34:16)雅威的眼目向着(指看顾)义人，他的耳朵向着(指听)他们的呼求。",
        "0": {
            "sn": "05869",
            "brief": "眼睛"
        },
        "1": {
            "sn": "03068",
            "brief": "上帝的名字「雅威」，犹太人尊称为「上主」"
        },
        "2": {
            "sn": "00413",
            "brief": "对、向、往"
        },
        "3": {
            "sn": "06662",
            "brief": "公义的"
        },
        "4": {
            "sn": "00241",
            "brief": "耳朵"
        },
        "6": {
            "sn": "07775",
            "brief": "呼救"
        }
    },
    "15": {
        "literal": "(原文 34:17)雅威的脸敌对行恶的人，要从世上除灭他们的名号。",
        "0": {
            "sn": "06440",
            "brief": "脸"
        },
        "1": {
            "sn": "03068",
            "brief": "上帝的名字「雅威」，犹太人尊称为「上主」"
        },
        "2": {
            "sn": "06213",
            "brief": "做"
        },
        "3": {
            "sn": "07451",
            "brief": "邪恶、灾祸、患难"
        },
        "5": {
            "sn": "00776",
            "brief": "地、邦国、疆界"
        },
        "6": {
            "sn": "02143",
            "brief": "名号、纪念"
        },
        "4": {
            "sn": "03772",
            "brief": "立约、剪除、切开、砍下"
        }
    },
    "18": {
        "literal": "(原文 34:20)义人的苦难很多，但雅威救他脱离这一切，",
        "0": {
            "sn": "07227",
            "brief": "I. 形容词：大量的、许多的、充足的，II. 名词：统帅、首领。"
        },
        "1": {
            "sn": "07451",
            "brief": "邪恶、祸患"
        },
        "2": {
            "sn": "06662",
            "brief": "公义的"
        },
        "3": {
            "sn": "03605",
            "brief": "所有、全部、整个、各"
        },
        "5": {
            "sn": "03068",
            "brief": "上帝的名字「雅威」，犹太人尊称为「上主」"
        },
        "4": {
            "sn": "05337",
            "brief": "Nif‘al 获救，Pi‘el 拯救、夺取，Hif‘il 营救、抓走"
        }
    },
    "20": {
        "literal": "(原文 34:22)恶必害死恶人；恨恶义人的有罪。",
        "1": {
            "sn": "07563",
            "brief": "恶的"
        },
        "2": {
            "sn": "07451",
            "brief": "邪恶、灾祸"
        },
        "3": {
            "sn": "08130",
            "brief": "恨"
        },
        "4": {
            "sn": "06662",
            "brief": "公义的"
        },
        "5": {
            "sn": "00816",
            "brief": "视为有罪、犯罪"
        },
        "0": {
            "sn": "04191",
            "brief": "死"
        }
    },
    "9": {
        "literal": "(原文 34:11)少壮狮子还缺食忍饿，但寻求雅威的甚么好处都不缺。",
        "0": {
            "sn": "03715",
            "brief": "少壮狮子"
        },
        "1": {
            "sn": "07326",
            "brief": "贫穷、缺乏"
        },
        "2": {
            "sn": "07456",
            "brief": "饥饿"
        },
        "3": {
            "sn": "01875",
            "brief": "寻求、寻找"
        },
        "4": {
            "sn": "03068",
            "brief": "上帝的名字「雅威」，犹太人尊称为「上主」"
        },
        "6": {
            "sn": "02637",
            "brief": "缺乏、缺少"
        },
        "7": {
            "sn": "03605",
            "brief": "所有、全部、整个、各"
        },
        "5": {
            "sn": "03808",
            "brief": "不"
        },
        "8": {
            "sn": "02896",
            "brief": "名词：良善、美好、福乐；形容词：良善的、美好的"
        }
    },
    "8": {
        "literal": "(原文 34:10)雅威的圣民哪，你们当敬畏他，因敬畏他的一无所缺。",
        "1": {
            "sn": "00853",
            "brief": "不必翻译"
        },
        "2": {
            "sn": "03068",
            "brief": "上帝的名字「雅威」，犹太人尊称为「上主」"
        },
        "3": {
            "sn": "06918",
            "brief": "圣的、神圣的"
        },
        "4": {
            "sn": "03588",
            "brief": "因为、不必翻译"
        },
        "5": {
            "sn": "00369",
            "brief": "不存在、没有"
        },
        "6": {
            "sn": "04270",
            "brief": "缺乏"
        },
        "7": {
            "sn": "03373",
            "brief": "敬畏"
        },
        "0": {
            "sn": "03372",
            "brief": "Qal 害怕，Nif‘al 令人畏惧"
        }
    },
    "11": {
        "literal": "(原文 34:13)有何人喜好存活，爱慕长寿，得享美福？",
        "0": {
            "sn": "04310",
            "brief": "谁"
        },
        "1": {
            "sn": "00376",
            "brief": "各人、人、男人、丈夫"
        },
        "2": {
            "sn": "02655",
            "brief": "喜悦"
        },
        "3": {
            "sn": "02416",
            "brief": "生命"
        },
        "4": {
            "sn": "00157",
            "brief": "爱"
        },
        "5": {
            "sn": "03117",
            "brief": "日子、时候"
        },
        "6": {
            "sn": "07200",
            "brief": "Qal 看见、看顾、察觉，Nif‘al 显现，Hif‘il 显明"
        },
        "7": {
            "sn": "02896",
            "brief": "名词：良善、美好、福乐；形容词：良善的、美好的"
        }
    }
}