{
    "2": {
        "literal": "(原文 44:4)因为他们不是靠自己的刀剑得地土，他们的膀臂也不会使他们得胜，而是靠你的右手、你的膀臂，和你脸上的亮光，因为你喜悦他们。",
        "0": {
            "sn": "03588",
            "brief": "因为、不必翻译"
        },
        "2": {
            "sn": "02719",
            "brief": "刀、刀剑"
        },
        "3": {
            "sn": "03423",
            "brief": "夺取、获得、赶出、破坏、继承"
        },
        "4": {
            "sn": "00776",
            "brief": "地、邦国、疆界"
        },
        "1": {
            "sn": "03808",
            "brief": "不"
        },
        "5": {
            "sn": "02220",
            "brief": "膀臂、肩膀"
        },
        "8": {
            "sn": "09001",
            "brief": "给、往、向、到、归属于"
        },
        "9": {
            "sn": "03588",
            "brief": "因为、不必翻译"
        },
        "10": {
            "sn": "03225",
            "brief": "右手、右边"
        },
        "11": {
            "sn": "02220",
            "brief": "膀臂、肩膀"
        },
        "12": {
            "sn": "00216",
            "brief": "光"
        },
        "13": {
            "sn": "06440",
            "brief": "脸"
        },
        "14": {
            "sn": "03588",
            "brief": "因为、不必翻译"
        },
        "15": {
            "sn": "07521",
            "brief": "喜悦"
        },
        "6": {
            "sn": "03808",
            "brief": "不"
        },
        "7": {
            "sn": "03467",
            "brief": "拯救、得胜"
        }
    },
    "8": {
        "literal": "(原文 44:10)但如今你丢弃了我们，使我们受辱，不和我们的军兵同去。",
        "1": {
            "sn": "02186",
            "brief": "抛弃、拒绝"
        },
        "3": {
            "sn": "03808",
            "brief": "不"
        },
        "4": {
            "sn": "03318",
            "brief": "出去"
        },
        "0": {
            "sn": "00637",
            "brief": "的确、也"
        },
        "2": {
            "sn": "03637",
            "brief": "羞辱、凌辱"
        },
        "5": {
            "sn": "06635",
            "brief": "军队、战争、服役"
        }
    },
    "10": {
        "literal": "(原文 44:12)你使我们如羊作为食物，使我们四散在列国之中。",
        "0": {
            "sn": "05414",
            "brief": "给"
        },
        "1": {
            "sn": "06629",
            "brief": "羊"
        },
        "2": {
            "sn": "03978",
            "brief": "食物"
        },
        "3": {
            "sn": "01471",
            "brief": "国家、国民"
        },
        "4": {
            "sn": "02219",
            "brief": "簸谷、分散"
        }
    },
    "0": {
        "9": {
            "sn": "09001",
            "brief": "给、往、向、到、归属于"
        },
        "8": {
            "sn": "05608",
            "brief": "1. 动词：述说、计算；2. 名词：文士、书记"
        },
        "literal": "(原文 44:1)可拉后裔的训诲诗，交给诗班指挥。(原文 44:2)上帝啊，…我们亲耳听见了，我们的列祖曾对我们述说过。(…处填入下行)你在古时，在他们(指列祖)的日子所行的事，",
        "1": {
            "sn": "01121",
            "brief": "儿子、孙子、后裔、成员"
        },
        "2": {
            "sn": "07141",
            "brief": "可拉"
        },
        "3": {
            "sn": "04905",
            "brief": "诗"
        },
        "4": {
            "sn": "00430",
            "brief": "上帝、神、神明"
        },
        "5": {
            "sn": "00241",
            "brief": "耳朵"
        },
        "7": {
            "sn": "00001",
            "brief": "父亲、祖先"
        },
        "6": {
            "sn": "08085",
            "brief": "Qal 听、听从，Hif‘il 说明、使…听"
        },
        "10": {
            "sn": "06467",
            "brief": "工作"
        },
        "11": {
            "sn": "06466",
            "brief": "做"
        },
        "12": {
            "sn": "03117",
            "brief": "日子、时候"
        },
        "13": {
            "sn": "03117",
            "brief": "日子、时候"
        },
        "14": {
            "sn": "06924",
            "brief": "古老、东方"
        },
        "0": {
            "sn": "05329",
            "brief": "Qal 优于、聪明、长久，Pi‘el 做监督、做指挥"
        }
    },
    "23": {
        "literal": "(原文 44:25)你为何掩你的面，忘记我们的苦难和我们(所受)的欺压？",
        "1": {
            "sn": "06440",
            "brief": "脸"
        },
        "3": {
            "sn": "07911",
            "brief": "忘记"
        },
        "4": {
            "sn": "06040",
            "brief": "苦难、困苦、穷乏"
        },
        "5": {
            "sn": "03906",
            "brief": "困苦、欺压"
        },
        "2": {
            "sn": "05641",
            "brief": "Nif‘al 隐藏、躲藏"
        },
        "0": {
            "sn": "04100",
            "brief": "什么"
        }
    },
    "21": {
        "4": {
            "sn": "03117",
            "brief": "日子、时候"
        },
        "6": {
            "sn": "06629",
            "brief": "羊"
        },
        "7": {
            "sn": "02878",
            "brief": "屠宰的肉"
        },
        "5": {
            "sn": "02803",
            "brief": "视为、思想、计划、数算"
        },
        "literal": "(原文 44:23)我们为你的缘故终日被杀，人看我们如将宰的羊。",
        "0": {
            "sn": "03588",
            "brief": "因为、不必翻译"
        },
        "1": {
            "sn": "05921",
            "brief": "在…上面"
        },
        "3": {
            "sn": "03605",
            "brief": "全部、整个、各"
        },
        "2": {
            "sn": "02026",
            "brief": "杀戮"
        }
    },
    "9": {
        "3": {
            "sn": "06862",
            "brief": "I. 狭窄的；II. 患难、困境；III. 敌人"
        },
        "literal": "(原文 44:11)你使我们从敌人那里转身退后，那恨我们的人随他们的意抢夺。",
        "2": {
            "sn": "04480",
            "brief": "从"
        },
        "5": {
            "sn": "08154",
            "brief": "抢夺、掠夺"
        },
        "6": {
            "sn": "09001",
            "brief": "给、往、向、到、归属于"
        },
        "4": {
            "sn": "08130",
            "brief": "恨"
        },
        "0": {
            "sn": "07725",
            "brief": "Qal 回复、回转、重复，Po‘lel 带回、复兴、更新，Hif‘il 回报、报告、带回"
        },
        "1": {
            "sn": "00268",
            "brief": "后面、后来"
        }
    },
    "1": {
        "0": {
            "sn": "00859",
            "brief": "你"
        },
        "1": {
            "sn": "03027",
            "brief": "手、边、力量、权势"
        },
        "2": {
            "sn": "01471",
            "brief": "国家、国民"
        },
        "4": {
            "sn": "05193",
            "brief": "栽种"
        },
        "3": {
            "sn": "03423",
            "brief": "夺取、获得、赶出、破坏、继承"
        },
        "5": {
            "sn": "07489",
            "brief": "I. 行恶 ；II. 破坏、打破"
        },
        "7": {
            "sn": "07971",
            "brief": "差遣、释放、送走、伸出、伸展"
        },
        "literal": "(原文 44:3)你曾用手赶出外邦人，却栽培了他们(指列祖)；你苦待列邦，却叫他们(指列祖)发达。",
        "6": {
            "sn": "03816",
            "brief": "邦国、人民"
        }
    },
    "4": {
        "1": {
            "sn": "06862",
            "brief": "I. 狭窄的；II. 患难、困境；III. 敌人"
        },
        "literal": "(原文 44:6)靠你，我们要推倒我们的敌人，靠你的名，我们要践踏那兴起攻击我们的人。",
        "0": {
            "sn": "09002",
            "brief": "在、用、藉着、与、敌对"
        },
        "3": {
            "sn": "08034",
            "brief": "名字"
        },
        "4": {
            "sn": "00947",
            "brief": "践踏"
        },
        "5": {
            "sn": "06965",
            "brief": "起来、设立、坚立"
        },
        "2": {
            "sn": "05055",
            "brief": "推、用角抵撞"
        }
    },
    "6": {
        "literal": "(原文 44:8)惟你救了我们脱离我们的敌人，使恨我们的人羞愧。",
        "0": {
            "sn": "03588",
            "brief": "因为、不必翻译"
        },
        "2": {
            "sn": "06862",
            "brief": "I. 狭窄的；II. 患难、困境；III. 敌人"
        },
        "1": {
            "sn": "03467",
            "brief": "拯救"
        },
        "4": {
            "sn": "00954",
            "brief": "羞愧"
        },
        "3": {
            "sn": "08130",
            "brief": "恨"
        }
    },
    "12": {
        "0": {
            "sn": "07760",
            "brief": "放、置"
        },
        "1": {
            "sn": "02781",
            "brief": "羞辱、责备"
        },
        "2": {
            "sn": "07934",
            "brief": "居民、邻居"
        },
        "3": {
            "sn": "03933",
            "brief": "嘲笑"
        },
        "4": {
            "sn": "07047",
            "brief": "讥笑"
        },
        "5": {
            "sn": "05439",
            "brief": "四围、环绕"
        },
        "literal": "(原文 44:14)你使我们受我们邻国的羞辱，被我们四周围的人嗤笑讥刺。"
    },
    "13": {
        "4": {
            "sn": "07218",
            "brief": "头、起头、山顶、领袖"
        },
        "literal": "(原文 44:15)你使我们在列国中成了笑谈，在万民中使人摇头。",
        "0": {
            "sn": "07760",
            "brief": "放、置"
        },
        "1": {
            "sn": "04912",
            "brief": "箴言、笑柄"
        },
        "2": {
            "sn": "01471",
            "brief": "国家、国民"
        },
        "3": {
            "sn": "04493",
            "brief": "摇动、摆动"
        },
        "5": {
            "sn": "01077",
            "brief": "不"
        },
        "6": {
            "sn": "00523",
            "brief": "支派、百姓"
        }
    },
    "14": {
        "0": {
            "sn": "03605",
            "brief": "全部、整个、各"
        },
        "2": {
            "sn": "03639",
            "brief": "羞愧、惭愧"
        },
        "3": {
            "sn": "05048",
            "brief": "在…面前"
        },
        "4": {
            "sn": "01322",
            "brief": "羞愧"
        },
        "5": {
            "sn": "06440",
            "brief": "脸"
        },
        "6": {
            "sn": "03680",
            "brief": "遮盖、隐藏"
        },
        "literal": "(原文 44:16)我的凌辱终日在我面前，我脸上的羞愧将我遮蔽，",
        "1": {
            "sn": "03117",
            "brief": "日子、时候"
        }
    },
    "15": {
        "literal": "(原文 44:17)都因那辱骂者和毁谤者的声音，又因仇敌和报仇者的缘故。",
        "5": {
            "sn": "05358",
            "brief": "报仇"
        },
        "0": {
            "sn": "06963",
            "brief": "声音"
        },
        "3": {
            "sn": "06440",
            "brief": "脸"
        },
        "4": {
            "sn": "00341",
            "brief": "敌人、对头"
        },
        "1": {
            "sn": "02778",
            "brief": "辱骂"
        },
        "2": {
            "sn": "01442",
            "brief": "辱骂、亵渎"
        }
    },
    "5": {
        "0": {
            "sn": "03588",
            "brief": "因为、不必翻译"
        },
        "1": {
            "sn": "03808",
            "brief": "不"
        },
        "5": {
            "sn": "03808",
            "brief": "不"
        },
        "6": {
            "sn": "03467",
            "brief": "拯救、战胜"
        },
        "literal": "(原文 44:7)因为我必不靠我的弓，我的刀也不能使我得胜。",
        "2": {
            "sn": "07198",
            "brief": "弓"
        },
        "3": {
            "sn": "00982",
            "brief": "倚赖、信靠"
        },
        "4": {
            "sn": "02719",
            "brief": "刀、刀剑"
        }
    },
    "20": {
        "6": {
            "sn": "03045",
            "brief": "Qal 知道、认识、辨别、经历，Hif‘il 使知道、宣告"
        },
        "0": {
            "sn": "03808",
            "brief": "不"
        },
        "literal": "(原文 44:22)上帝岂不鉴察这事吗？因为他晓得(人)心里的隐秘。",
        "1": {
            "sn": "00430",
            "brief": "上帝、神、神明"
        },
        "2": {
            "sn": "02713",
            "brief": "寻求、考查"
        },
        "3": {
            "sn": "02063",
            "brief": "这个"
        },
        "4": {
            "sn": "03588",
            "brief": "因为、不必翻译"
        },
        "5": {
            "sn": "01931",
            "brief": "他"
        },
        "7": {
            "sn": "08587",
            "brief": "隐藏的事"
        },
        "8": {
            "sn": "03820",
            "brief": "心"
        }
    },
    "17": {
        "4": {
            "sn": "05186",
            "brief": "Qal 伸出、铺张、伸展、延长，Hif‘il 屈枉、转弯、 丢一边"
        },
        "literal": "(原文 44:19)我们的心没有退后，我们的步伐也没有偏离你的路。",
        "1": {
            "sn": "05472",
            "brief": "移动、退后"
        },
        "2": {
            "sn": "00268",
            "brief": "后面、后来"
        },
        "3": {
            "sn": "03820",
            "brief": "心"
        },
        "5": {
            "sn": "00838",
            "brief": "步伐"
        },
        "6": {
            "sn": "04480",
            "brief": "从、出、离"
        },
        "7": {
            "sn": "00734",
            "brief": "路、路径"
        },
        "0": {
            "sn": "03808",
            "brief": "不"
        }
    },
    "11": {
        "literal": "(原文 44:13)你以不值钱之价卖了你的子民，你并未从他们的售价增添什么(资财)。",
        "2": {
            "sn": "03808",
            "brief": "不"
        },
        "0": {
            "sn": "04376",
            "brief": "卖"
        },
        "1": {
            "sn": "05971",
            "brief": "百姓、国民"
        },
        "3": {
            "sn": "01952",
            "brief": "财富、物质"
        },
        "4": {
            "sn": "03808",
            "brief": "不"
        },
        "5": {
            "sn": "07235",
            "brief": "多、变多"
        },
        "6": {
            "sn": "04242",
            "brief": "价钱、雇价"
        }
    },
    "7": {
        "1": {
            "sn": "01984",
            "brief": "Qal 照亮，Pi‘el 赞美，Pu‘al 被赞美、值得赞美，Hif‘il 发光、照亮、赞美，Hitpa‘el 夸耀、行动形同疯子，Po'el 愚妄、癫狂，Po'al 猖狂，Hitpo‘lel 行为如疯子一般"
        },
        "literal": "(原文 44:9)我们终日因上帝而夸耀，我们要永远称谢你的名。(细拉)",
        "0": {
            "sn": "00430",
            "brief": "上帝、神、神明"
        },
        "2": {
            "sn": "03605",
            "brief": "全部、整个、各"
        },
        "3": {
            "sn": "03117",
            "brief": "日子、时候"
        },
        "4": {
            "sn": "08034",
            "brief": "名字"
        },
        "5": {
            "sn": "05769",
            "brief": "古老、永远、长久"
        },
        "7": {
            "sn": "05542",
            "brief": "举高、乐曲中的休止符，音译「细拉」"
        },
        "6": {
            "sn": "03034",
            "brief": "Qal 射，Pi‘el 投掷，Hif‘il 称谢、赞美，Hitpa‘el 认罪、感恩"
        }
    },
    "24": {
        "literal": "(原文 44:26)我们的性命伏于尘土，我们的肚腹紧贴地面。",
        "0": {
            "sn": "03588",
            "brief": "因为、不必翻译"
        },
        "1": {
            "sn": "07743",
            "brief": "下沉"
        },
        "2": {
            "sn": "06083",
            "brief": "尘土"
        },
        "3": {
            "sn": "05315",
            "brief": "生命、人"
        },
        "4": {
            "sn": "01692",
            "brief": "黏住"
        },
        "5": {
            "sn": "00776",
            "brief": "地、邦国、疆界"
        },
        "6": {
            "sn": "00990",
            "brief": "子宫、肚腹"
        }
    },
    "25": {
        "literal": "(原文 44:27)求你兴起，做我们的帮助！因你的慈爱救赎我们！",
        "0": {
            "sn": "06965",
            "brief": "起来、设立、坚立"
        },
        "1": {
            "sn": "05833",
            "brief": "救、帮助"
        },
        "2": {
            "sn": "09001",
            "brief": "给、往、向、到、归属于"
        },
        "3": {
            "sn": "06299",
            "brief": "救赎"
        },
        "4": {
            "sn": "04616",
            "brief": "为了"
        },
        "5": {
            "sn": "02617",
            "brief": "慈爱、忠诚"
        }
    },
    "22": {
        "literal": "(原文 44:24)主啊，求你睡醒，为何尽睡呢？求你醒起，不要永远丢弃(我们)！",
        "0": {
            "sn": "05782",
            "brief": "举起、醒起、激起"
        },
        "1": {
            "sn": "04100",
            "brief": "什么"
        },
        "2": {
            "sn": "03462",
            "brief": "睡觉"
        },
        "3": {
            "sn": "00136",
            "brief": "主、主人"
        },
        "5": {
            "sn": "00408",
            "brief": "不"
        },
        "6": {
            "sn": "02186",
            "brief": "抛弃、拒绝"
        },
        "7": {
            "sn": "05331",
            "brief": "力量、永远、持续、永存、显赫"
        },
        "4": {
            "sn": "06974",
            "brief": "醒"
        }
    },
    "19": {
        "1": {
            "sn": "07911",
            "brief": "忘记"
        },
        "2": {
            "sn": "08034",
            "brief": "名字"
        },
        "0": {
            "sn": "00518",
            "brief": "如果"
        },
        "literal": "(原文 44:21)倘若我们忘了上帝的名，或向外邦神明展开双手，",
        "3": {
            "sn": "00430",
            "brief": "上帝、神、神明"
        },
        "4": {
            "sn": "06566",
            "brief": "展开"
        },
        "5": {
            "sn": "03709",
            "brief": "手掌、脚掌、脚底"
        },
        "6": {
            "sn": "00410",
            "brief": "上帝、神明、能力、力量"
        },
        "7": {
            "sn": "02114",
            "brief": "做外国人、做陌生人"
        }
    },
    "16": {
        "6": {
            "sn": "08266",
            "brief": "诈欺"
        },
        "3": {
            "sn": "03808",
            "brief": "不"
        },
        "5": {
            "sn": "03808",
            "brief": "不"
        },
        "literal": "(原文 44:18)这都临到我们身上，我们却没有忘记你，也没有违背你的约，",
        "0": {
            "sn": "03605",
            "brief": "全部、整个、各"
        },
        "1": {
            "sn": "02063",
            "brief": "这个"
        },
        "2": {
            "sn": "00935",
            "brief": "来、进入、临到、发生"
        },
        "4": {
            "sn": "07911",
            "brief": "忘记"
        },
        "7": {
            "sn": "01285",
            "brief": "约"
        }
    },
    "18": {
        "1": {
            "sn": "01794",
            "brief": "压碎、破碎"
        },
        "4": {
            "sn": "03680",
            "brief": "遮盖、隐藏"
        },
        "literal": "(原文 44:20)你在野狗(出没)之处压伤我们，用死荫遮蔽我们。",
        "0": {
            "sn": "03588",
            "brief": "因为、不必翻译"
        },
        "2": {
            "sn": "04725",
            "brief": "地方"
        },
        "3": {
            "sn": "08565",
            "brief": "野狗、胡狼"
        },
        "5": {
            "sn": "05921",
            "brief": "在…上面"
        },
        "6": {
            "sn": "06757",
            "brief": "死荫"
        }
    },
    "3": {
        "literal": "(原文 44:5)上帝啊，你是我的王，求你出令使雅各得胜。",
        "0": {
            "sn": "00859",
            "brief": "你"
        },
        "1": {
            "sn": "01931",
            "brief": "他"
        },
        "2": {
            "sn": "04428",
            "brief": "王"
        },
        "3": {
            "sn": "00430",
            "brief": "上帝、神、神明"
        },
        "5": {
            "sn": "03444",
            "brief": "救恩"
        },
        "6": {
            "sn": "03290",
            "brief": "雅各"
        },
        "4": {
            "sn": "06680",
            "brief": "Pi‘el 命令、吩咐"
        }
    }
}