{
    "9": {
        "1": {
            "sn": "09001",
            "brief": "给、往、向、到、归属于"
        },
        "literal": "因为，林中的百兽是我的，千山上的牲畜(也是我的)。",
        "0": {
            "sn": "03588",
            "brief": "因为、不必翻译"
        },
        "2": {
            "sn": "03605",
            "brief": "全部、整个、各"
        },
        "3": {
            "sn": "02416",
            "brief": "动物、活物"
        },
        "4": {
            "sn": "03293",
            "brief": "森林"
        },
        "5": {
            "sn": "00929",
            "brief": "野兽"
        },
        "6": {
            "sn": "02042",
            "brief": "山"
        },
        "7": {
            "sn": "00505",
            "brief": "许多、数目的「一千」"
        }
    },
    "2": {
        "8": {
            "sn": "08175",
            "brief": "起风暴、打颤、惧怕、毛发直竖"
        },
        "literal": "我们的上帝要来，绝不闭口；有烈火在他面前吞灭，有暴风在他四围大刮。",
        "0": {
            "sn": "00935",
            "brief": "来、进入、临到、发生"
        },
        "1": {
            "sn": "00430",
            "brief": "上帝、神明、神"
        },
        "2": {
            "sn": "00408",
            "brief": "不"
        },
        "3": {
            "sn": "02790",
            "brief": "耕种、切割、设计、沉默"
        },
        "4": {
            "sn": "00784",
            "brief": "火"
        },
        "5": {
            "sn": "03942",
            "brief": "在…前面"
        },
        "6": {
            "sn": "00398",
            "brief": "吃、吞吃"
        },
        "7": {
            "sn": "05439",
            "brief": "四围、环绕"
        },
        "9": {
            "sn": "03966",
            "brief": "极其、非常"
        }
    },
    "20": {
        "literal": "你行了这些事，我闭口不言，你想我恰和你一样；其实我要责备你，(将这些事)摆在你眼前。",
        "0": {
            "sn": "00428",
            "brief": "这些"
        },
        "1": {
            "sn": "06213",
            "brief": "做"
        },
        "4": {
            "sn": "01961",
            "brief": "是、成为、临到"
        },
        "5": {
            "sn": "01961",
            "brief": "是、成为、临到"
        },
        "6": {
            "sn": "03644",
            "brief": "像"
        },
        "8": {
            "sn": "06186",
            "brief": "摆设、安排、预备"
        },
        "9": {
            "sn": "05869",
            "brief": "眼睛"
        },
        "2": {
            "sn": "02790",
            "brief": "耕种、切割、设计、沉默"
        },
        "7": {
            "sn": "03198",
            "brief": "断定是非、判断、证明"
        },
        "3": {
            "sn": "01819",
            "brief": "Qal 相像、类似，Pi‘el 比较、思考"
        }
    },
    "8": {
        "0": {
            "sn": "03808",
            "brief": "不"
        },
        "1": {
            "sn": "03947",
            "brief": "取、娶、拿"
        },
        "2": {
            "sn": "01004",
            "brief": "殿、房屋"
        },
        "4": {
            "sn": "04356",
            "brief": "羊圈"
        },
        "5": {
            "sn": "06260",
            "brief": "首领、公羊"
        },
        "literal": "我不从你家中取公牛，也不从你圈内取公山羊；",
        "3": {
            "sn": "06499",
            "brief": "小公牛"
        }
    },
    "12": {
        "0": {
            "sn": "00398",
            "brief": "吃、吞吃"
        },
        "1": {
            "sn": "01320",
            "brief": "肉、身体"
        },
        "2": {
            "sn": "00047",
            "brief": "顽固的、强有力的"
        },
        "3": {
            "sn": "01818",
            "brief": "血"
        },
        "4": {
            "sn": "06260",
            "brief": "首领、公羊"
        },
        "5": {
            "sn": "08354",
            "brief": "喝"
        },
        "literal": "我岂吃雄壮者(指公牛)的肉呢？我(岂)喝山羊的血呢？"
    },
    "4": {
        "5": {
            "sn": "05921",
            "brief": "在…上面"
        },
        "literal": "(说：)招聚我的圣民，…到我这里来。(…处填入下行)就是那些用祭物来立我的约的人，",
        "0": {
            "sn": "00622",
            "brief": "聚集"
        },
        "1": {
            "sn": "09001",
            "brief": "给、往、向、到、归属于"
        },
        "2": {
            "sn": "02623",
            "brief": "忠诚的、仁慈的、虔诚的"
        },
        "3": {
            "sn": "03772",
            "brief": "立约、剪除、切开、砍下"
        },
        "4": {
            "sn": "01285",
            "brief": "约"
        },
        "6": {
            "sn": "02077",
            "brief": "祭物"
        }
    },
    "0": {
        "5": {
            "sn": "01696",
            "brief": "Pi‘el 讲、说、指挥"
        },
        "literal": "亚萨的诗。大能者上帝―雅威已经发言招呼天下，从日出之地到日落之处。",
        "0": {
            "sn": "04210",
            "brief": "诗"
        },
        "1": {
            "sn": "00623",
            "brief": "亚萨"
        },
        "2": {
            "sn": "00410",
            "brief": "上帝、神明、能力、力量、大能者"
        },
        "3": {
            "sn": "00430",
            "brief": "上帝、神明、神"
        },
        "4": {
            "sn": "03068",
            "brief": "上帝的名字「雅威」，犹太人尊称为「上主」"
        },
        "6": {
            "sn": "07121",
            "brief": "喊叫、召集、称呼、求告、朗读"
        },
        "7": {
            "sn": "00776",
            "brief": "地、邦国、疆界"
        },
        "8": {
            "sn": "04217",
            "brief": "日出的方向、东方"
        },
        "9": {
            "sn": "08121",
            "brief": "太阳"
        },
        "10": {
            "sn": "05704",
            "brief": "直到"
        },
        "11": {
            "sn": "03996",
            "brief": "入口、日落地"
        }
    },
    "1": {
        "4": {
            "sn": "03313",
            "brief": "发光"
        },
        "literal": "从全然美丽的锡安，上帝已经发光了。",
        "0": {
            "sn": "06726",
            "brief": "锡安"
        },
        "1": {
            "sn": "04359",
            "brief": "完全、完美"
        },
        "2": {
            "sn": "03308",
            "brief": "美丽"
        },
        "3": {
            "sn": "00430",
            "brief": "上帝、神明、神"
        }
    },
    "22": {
        "2": {
            "sn": "03513",
            "brief": "Qal 是重的，Nif‘al 受尊重、得荣耀，Pi‘el 荣耀、加重、使迟钝，Hif‘il 加重"
        },
        "literal": "凡以感谢献上为祭的便是荣耀我；那立定道路的，我必使他得着上帝的救恩。",
        "0": {
            "sn": "02076",
            "brief": "屠宰、献祭"
        },
        "1": {
            "sn": "08426",
            "brief": "感谢、赞美"
        },
        "3": {
            "sn": "07760",
            "brief": "置、放"
        },
        "4": {
            "sn": "01870",
            "brief": "道路、行为、方向、方法"
        },
        "7": {
            "sn": "00430",
            "brief": "上帝、神、神明"
        },
        "6": {
            "sn": "03468",
            "brief": "救恩、拯救、安全"
        },
        "5": {
            "sn": "07200",
            "brief": "Qal 看见、看顾、察觉，Nif‘al 显现，Hif‘il 显明"
        }
    },
    "10": {
        "0": {
            "sn": "03045",
            "brief": "Qal 知道、认识、辨别、经历，Hif‘il 使知道、宣告"
        },
        "literal": "山中的飞鸟，我都知道，田野的走兽也(都属我)。",
        "1": {
            "sn": "03605",
            "brief": "全部、整个、各"
        },
        "2": {
            "sn": "05775",
            "brief": "鸟"
        },
        "3": {
            "sn": "02022",
            "brief": "山"
        },
        "4": {
            "sn": "02123",
            "brief": "丰富、动物"
        },
        "5": {
            "sn": "07704",
            "brief": "田地"
        },
        "6": {
            "sn": "05978",
            "brief": "跟"
        }
    },
    "3": {
        "literal": "他招呼上天下地，为要审判他的民，",
        "0": {
            "sn": "07121",
            "brief": "喊叫、召集、称呼、求告、朗读"
        },
        "1": {
            "sn": "00413",
            "brief": "向、往"
        },
        "2": {
            "sn": "08064",
            "brief": "天"
        },
        "3": {
            "sn": "05920",
            "brief": "高处"
        },
        "4": {
            "sn": "00413",
            "brief": "向、往"
        },
        "5": {
            "sn": "00776",
            "brief": "地、邦国、疆界"
        },
        "6": {
            "sn": "01777",
            "brief": "辩护、报复、审判、竞争"
        },
        "7": {
            "sn": "05971",
            "brief": "百姓、国民"
        }
    },
    "16": {
        "3": {
            "sn": "07993",
            "brief": "Hif‘il 抛弃、抛出、赶出、掷"
        },
        "literal": "你恨恶管教，将我的言语丢在你的背后。",
        "0": {
            "sn": "00859",
            "brief": "你"
        },
        "1": {
            "sn": "08130",
            "brief": "恨"
        },
        "2": {
            "sn": "04148",
            "brief": "训诲、管教、教导"
        },
        "4": {
            "sn": "01697",
            "brief": "话语、事情"
        },
        "5": {
            "sn": "00310",
            "brief": "后面、跟着"
        }
    },
    "7": {
        "0": {
            "sn": "03808",
            "brief": "不"
        },
        "literal": "我并不因你的祭物责备你；你的燔祭常在我面前。",
        "1": {
            "sn": "05921",
            "brief": "在…上面"
        },
        "2": {
            "sn": "02077",
            "brief": "祭物"
        },
        "4": {
            "sn": "05930",
            "brief": "燔祭、阶梯"
        },
        "5": {
            "sn": "05048",
            "brief": "在…面前"
        },
        "6": {
            "sn": "08548",
            "brief": "经常、一直、连续"
        },
        "3": {
            "sn": "03198",
            "brief": "责备、判断、证明"
        }
    },
    "14": {
        "literal": "并要在患难之日求告我；我必搭救你，你也要荣耀我。",
        "0": {
            "sn": "07121",
            "brief": "喊叫、召集、称呼、求告、朗读"
        },
        "1": {
            "sn": "03117",
            "brief": "日子、时候"
        },
        "2": {
            "sn": "06869",
            "brief": "灾难、患难"
        },
        "3": {
            "sn": "02502",
            "brief": "Qal 脱下、配备，Hif‘il 使强壮"
        },
        "4": {
            "sn": "03513",
            "brief": "Qal 是重的，Nif‘al 受尊重、得荣耀，Pi‘el 荣耀、加重、使迟钝，Hif‘il 加重"
        }
    },
    "17": {
        "6": {
            "sn": "05003",
            "brief": "行奸淫"
        },
        "literal": "你见了盗贼就乐意与他同伙，行奸淫的人有你的一分。",
        "7": {
            "sn": "02506",
            "brief": "分、部分"
        },
        "0": {
            "sn": "00518",
            "brief": "如果"
        },
        "2": {
            "sn": "01590",
            "brief": "盗贼、小偷"
        },
        "3": {
            "sn": "07521",
            "brief": "喜爱、喜悦"
        },
        "4": {
            "sn": "05973",
            "brief": "跟"
        },
        "5": {
            "sn": "05973",
            "brief": "跟"
        },
        "1": {
            "sn": "07200",
            "brief": "Qal 看见、看顾、察觉，Nif‘al 显现，Hif‘il 显明"
        }
    },
    "18": {
        "literal": "你的口任说邪恶，你的舌编造谎言。",
        "0": {
            "sn": "06310",
            "brief": "口、命令、末端、沿岸、比例"
        },
        "1": {
            "sn": "07971",
            "brief": "差遣、释放、送走、伸出、伸展"
        },
        "2": {
            "sn": "07451",
            "brief": "邪恶、灾祸"
        },
        "3": {
            "sn": "03956",
            "brief": "舌头"
        },
        "5": {
            "sn": "04820",
            "brief": "诡诈、欺骗"
        },
        "4": {
            "sn": "06775",
            "brief": "绑在一起、连合"
        }
    },
    "19": {
        "2": {
            "sn": "01696",
            "brief": "Pi‘el 讲、说、指挥"
        },
        "literal": "你坐着毁谤你的兄弟，谗毁你亲母的儿子。",
        "0": {
            "sn": "03427",
            "brief": "居住、坐、停留"
        },
        "1": {
            "sn": "00251",
            "brief": "兄弟"
        },
        "3": {
            "sn": "01121",
            "brief": "儿子、孙子、后裔、成员"
        },
        "4": {
            "sn": "00517",
            "brief": "母亲"
        },
        "5": {
            "sn": "05414",
            "brief": "给"
        },
        "6": {
            "sn": "01848",
            "brief": "错失"
        }
    },
    "11": {
        "literal": "我若是饥饿，不用告诉你，因为世界和其中所充满的都是我的。",
        "0": {
            "sn": "00518",
            "brief": "如果"
        },
        "1": {
            "sn": "07456",
            "brief": "饥饿"
        },
        "3": {
            "sn": "00559",
            "brief": "说"
        },
        "4": {
            "sn": "09001",
            "brief": "给、往、向、到、归属于"
        },
        "5": {
            "sn": "03588",
            "brief": "因为、不必翻译"
        },
        "6": {
            "sn": "09001",
            "brief": "给、往、向、到、归属于"
        },
        "7": {
            "sn": "08398",
            "brief": "世界"
        },
        "8": {
            "sn": "04393",
            "brief": "全长、遍满、充满"
        },
        "2": {
            "sn": "03808",
            "brief": "不"
        }
    },
    "5": {
        "literal": "诸天必表明他的公义，因为上帝他是施行审判的。(细拉)",
        "1": {
            "sn": "08064",
            "brief": "天"
        },
        "2": {
            "sn": "06664",
            "brief": "公义"
        },
        "3": {
            "sn": "03588",
            "brief": "因为、不必翻译"
        },
        "4": {
            "sn": "00430",
            "brief": "上帝、神、神明"
        },
        "5": {
            "sn": "08199",
            "brief": "审判、辩白、处罚"
        },
        "6": {
            "sn": "01931",
            "brief": "他"
        },
        "7": {
            "sn": "05542",
            "brief": "举高、乐曲中的休止符，音译「细拉」"
        },
        "0": {
            "sn": "05046",
            "brief": "Hif‘il 告诉、宣布、声明、通知"
        }
    },
    "13": {
        "literal": "你们要以感谢为祭献给上帝，又要向至高者还你的愿，",
        "0": {
            "sn": "02076",
            "brief": "屠宰、献祭"
        },
        "1": {
            "sn": "00430",
            "brief": "上帝、神、神明"
        },
        "2": {
            "sn": "08426",
            "brief": "感谢、赞美"
        },
        "4": {
            "sn": "05945",
            "brief": "1. 名词：至高者、至高处，2. 形容词：高的、上面的"
        },
        "5": {
            "sn": "05088",
            "brief": "许愿"
        },
        "3": {
            "sn": "07999",
            "brief": "Qal 平安，Pi‘el 还愿、完成"
        }
    },
    "21": {
        "literal": "你们忘记上帝的，要思想这事，免得我撕碎，无人搭救。",
        "0": {
            "sn": "00995",
            "brief": "明白、分辨、了解"
        },
        "1": {
            "sn": "04994",
            "brief": "作为鼓励语的一部份"
        },
        "2": {
            "sn": "02063",
            "brief": "这个"
        },
        "3": {
            "sn": "07911",
            "brief": "忘记"
        },
        "4": {
            "sn": "00433",
            "brief": "上帝、神、神明"
        },
        "5": {
            "sn": "06435",
            "brief": "免得、恐怕、为了不"
        },
        "6": {
            "sn": "02963",
            "brief": "撕裂"
        },
        "7": {
            "sn": "00369",
            "brief": "不存在、没有"
        },
        "8": {
            "sn": "05337",
            "brief": "Nif‘al 获救，Pi‘el 拯救、夺取，Hif‘il 营救、抓走"
        }
    },
    "6": {
        "4": {
            "sn": "05749",
            "brief": "重建、作见证"
        },
        "2": {
            "sn": "01696",
            "brief": "Pi‘el 讲、说、指挥"
        },
        "literal": "我的子民哪，你们当听，我要说话！以色列啊，我要审问你；我是上帝，是你的上帝！",
        "1": {
            "sn": "05971",
            "brief": "百姓、国民"
        },
        "3": {
            "sn": "03478",
            "brief": "以色列"
        },
        "5": {
            "sn": "09002",
            "brief": "在、用、藉着、与、敌对"
        },
        "6": {
            "sn": "00430",
            "brief": "上帝、神、神明"
        },
        "7": {
            "sn": "00430",
            "brief": "上帝、神、神明"
        },
        "8": {
            "sn": "00595",
            "brief": "我"
        },
        "0": {
            "sn": "08085",
            "brief": "Qal 听、听从，Hif‘il 说明、使…听"
        }
    },
    "15": {
        "5": {
            "sn": "05608",
            "brief": "1. 动词：述说、计算；2. 名词：文士、书记"
        },
        "literal": "但上帝对恶人说：你怎敢传说我的律例，在你的口中提到我的约呢？",
        "0": {
            "sn": "07563",
            "brief": "邪恶的"
        },
        "1": {
            "sn": "00559",
            "brief": "说"
        },
        "2": {
            "sn": "00430",
            "brief": "上帝、神、神明"
        },
        "3": {
            "sn": "04100",
            "brief": "什么"
        },
        "4": {
            "sn": "09001",
            "brief": "给、往、向、到、归属于"
        },
        "6": {
            "sn": "02706",
            "brief": "律例、法令、条例、限度"
        },
        "7": {
            "sn": "05375",
            "brief": "高举、举起、背负、承担"
        },
        "8": {
            "sn": "01285",
            "brief": "约"
        },
        "9": {
            "sn": "05921",
            "brief": "在…上面"
        },
        "10": {
            "sn": "06310",
            "brief": "口、命令、末端、沿岸、比例"
        }
    }
}