{
    "7": {
        "7": {
            "sn": "05892",
            "brief": "城邑、城镇"
        },
        "3": {
            "sn": "07200",
            "brief": "Qal 看见、看顾、察觉，Nif‘al 显现，Hif‘il 显明"
        },
        "10": {
            "sn": "03559",
            "brief": "Hif‘il 预备、建立、坚立"
        },
        "literal": "(原文 48:9)我们…所看见的，正如我们所听见的。(…处填入下行)在万军之雅威的城中―就是我们上帝的城中―上帝必坚立她(指这城)，直到永远。(细拉)",
        "0": {
            "sn": "00834",
            "brief": "不必翻译"
        },
        "2": {
            "sn": "03651",
            "brief": "副词：因此、如此、这样；形容词：对、真的、公平、诚实"
        },
        "1": {
            "sn": "08085",
            "brief": "Qal 听、听从，Hif‘il 说明、使…听"
        },
        "4": {
            "sn": "05892",
            "brief": "城邑、城镇"
        },
        "5": {
            "sn": "03068",
            "brief": "上帝的名字「雅威」，犹太人尊称为「上主」"
        },
        "6": {
            "sn": "06635",
            "brief": "军队、战争、服役"
        },
        "8": {
            "sn": "00430",
            "brief": "上帝、神、神明"
        },
        "9": {
            "sn": "00430",
            "brief": "上帝、神、神明"
        },
        "11": {
            "sn": "05704",
            "brief": "直到"
        },
        "12": {
            "sn": "05769",
            "brief": "永远"
        },
        "13": {
            "sn": "05542",
            "brief": "举高、乐曲中的休止符，音译「细拉」"
        }
    },
    "3": {
        "literal": "(原文 48:5)看哪，众王会合，一同经过。",
        "0": {
            "sn": "03588",
            "brief": "因为、不必翻译"
        },
        "1": {
            "sn": "02009",
            "brief": "看哪"
        },
        "2": {
            "sn": "04428",
            "brief": "君王、国王"
        },
        "3": {
            "sn": "03259",
            "brief": "Qal 固定、相聚、相会，Nif‘al 相会"
        },
        "4": {
            "sn": "05674",
            "brief": "经过、穿越、涨溢、离开、拿走、违犯、废除"
        },
        "5": {
            "sn": "03162",
            "brief": "一起"
        }
    },
    "12": {
        "3": {
            "sn": "06448",
            "brief": "在…之间经过"
        },
        "6": {
            "sn": "05608",
            "brief": "1. 动词：述说、计算；2. 名词：文士、书记"
        },
        "literal": "(原文 48:14)把你们的心放在她护城的外墙，察看她的宫殿，为要传给后代。",
        "0": {
            "sn": "07896",
            "brief": "置、放、定"
        },
        "1": {
            "sn": "03820",
            "brief": "心"
        },
        "2": {
            "sn": "02426",
            "brief": "堡垒"
        },
        "4": {
            "sn": "00759",
            "brief": "豪宅、宫殿"
        },
        "5": {
            "sn": "04616",
            "brief": "为了"
        },
        "7": {
            "sn": "01755",
            "brief": "年代、世代、后代、居所"
        },
        "8": {
            "sn": "00314",
            "brief": "末后的"
        }
    },
    "6": {
        "2": {
            "sn": "07665",
            "brief": "Qal 拆毁、折断、打碎，Nif‘al 遭破坏、被折断，Hif‘il 使生产"
        },
        "literal": "(原文 48:8)上帝啊，你用东风打破他施的船只。",
        "0": {
            "sn": "07307",
            "brief": "灵、气、风"
        },
        "1": {
            "sn": "06921",
            "brief": "东风、东边"
        },
        "3": {
            "sn": "00591",
            "brief": "船"
        },
        "4": {
            "sn": "08659",
            "brief": "他施"
        }
    },
    "4": {
        "1": {
            "sn": "07200",
            "brief": "Qal 看见、看顾、察觉，Nif‘al 显现，Hif‘il 显明"
        },
        "literal": "(原文 48:6)他们看见这样，就惊奇，丧胆，急忙逃跑。",
        "0": {
            "sn": "01992",
            "brief": "他们"
        },
        "2": {
            "sn": "03651",
            "brief": "副词：因此、如此、这样；形容词：对、真的、公平、诚实"
        },
        "3": {
            "sn": "08539",
            "brief": "惊奇"
        },
        "4": {
            "sn": "00926",
            "brief": "惊惶、扰乱"
        },
        "5": {
            "sn": "02648",
            "brief": "匆忙、逃跑"
        }
    },
    "10": {
        "literal": "(原文 48:12)…锡安山应当欢喜，(…处填入末行)犹大的城邑(原文是众女子犹大)应当快乐。因你的判断，",
        "0": {
            "sn": "08055",
            "brief": "喜悦、快乐"
        },
        "1": {
            "sn": "02022",
            "brief": "山"
        },
        "2": {
            "sn": "06726",
            "brief": "锡安"
        },
        "3": {
            "sn": "01523",
            "brief": "喜乐、高兴、战兢"
        },
        "4": {
            "sn": "01323",
            "brief": "女子、女儿"
        },
        "5": {
            "sn": "03063",
            "brief": "犹大"
        },
        "6": {
            "sn": "04616",
            "brief": "为了"
        },
        "7": {
            "sn": "04941",
            "brief": "正义、公平、审判、律例、规矩"
        }
    },
    "11": {
        "literal": "(原文 48:13)你们当周游锡安，四围环绕她，数点她的城楼，",
        "0": {
            "sn": "05437",
            "brief": "环绕、游行、转"
        },
        "1": {
            "sn": "06726",
            "brief": "锡安"
        },
        "2": {
            "sn": "05362",
            "brief": "I. Nif‘al 砍下，Pi‘el 击打；II. 循环、环绕、修整"
        },
        "3": {
            "sn": "05608",
            "brief": "1. 动词：述说、计算；2. 名词：文士、书记"
        },
        "4": {
            "sn": "04026",
            "brief": "塔、台"
        }
    },
    "1": {
        "literal": "(原文 48:3)高而华美，为全地所喜悦。(放最下面)锡安山，就是居于北面大君王的城，",
        "0": {
            "sn": "03303",
            "brief": "美丽的、漂亮的"
        },
        "1": {
            "sn": "05131",
            "brief": "高处"
        },
        "2": {
            "sn": "04885",
            "brief": "欢乐、狂喜"
        },
        "3": {
            "sn": "03605",
            "brief": "全部、整个、各"
        },
        "4": {
            "sn": "00776",
            "brief": "地、邦国、疆界"
        },
        "5": {
            "sn": "02022",
            "brief": "山"
        },
        "6": {
            "sn": "06726",
            "brief": "锡安"
        },
        "7": {
            "sn": "03411",
            "brief": "边、末端、尽头"
        },
        "8": {
            "sn": "06828",
            "brief": "北方"
        },
        "9": {
            "sn": "07151",
            "brief": "城镇"
        },
        "10": {
            "sn": "04428",
            "brief": "君王、国王"
        },
        "11": {
            "sn": "07227",
            "brief": "I. 形容词：大量的、许多的、充足的，II. 名词：统帅、首领。"
        }
    },
    "5": {
        "literal": "(原文 48:7)战兢在那里抓住他们，疼痛抓住他们，好像临产的妇人一样。",
        "0": {
            "sn": "07461",
            "brief": "战兢"
        },
        "1": {
            "sn": "00270",
            "brief": "抓住"
        },
        "2": {
            "sn": "08033",
            "brief": "那里"
        },
        "3": {
            "sn": "02427",
            "brief": "疼痛"
        },
        "4": {
            "sn": "03205",
            "brief": "生出、出生"
        }
    },
    "2": {
        "literal": "(原文 48:4)上帝在其(指锡安城)宫殿中，他自显为避难所。",
        "0": {
            "sn": "00430",
            "brief": "上帝、神明、神"
        },
        "1": {
            "sn": "00759",
            "brief": "豪宅、宫殿"
        },
        "3": {
            "sn": "04869",
            "brief": "高处、避难所"
        },
        "2": {
            "sn": "03045",
            "brief": "Qal 知道、认识、辨别、经历，Hif‘il 使知道、宣告"
        }
    },
    "0": {
        "literal": "(原文 48:1)可拉后裔的诗歌。(原文 48:2)雅威本为大！…该受大赞美。(…处填入下行)在我们上帝的城中，在他的圣山上，",
        "0": {
            "sn": "07892",
            "brief": "歌"
        },
        "1": {
            "sn": "04210",
            "brief": "诗"
        },
        "2": {
            "sn": "01121",
            "brief": "儿子、孙子、后裔、成员"
        },
        "3": {
            "sn": "07141",
            "brief": "可拉"
        },
        "4": {
            "sn": "01419",
            "brief": "大的、伟大的"
        },
        "5": {
            "sn": "03068",
            "brief": "上帝的名字「雅威」，犹太人尊称为「上主」"
        },
        "7": {
            "sn": "03966",
            "brief": "极其、非常"
        },
        "8": {
            "sn": "05892",
            "brief": "城邑、城镇"
        },
        "9": {
            "sn": "00430",
            "brief": "上帝、神明、神"
        },
        "10": {
            "sn": "02022",
            "brief": "山"
        },
        "11": {
            "sn": "06944",
            "brief": "圣所、圣物、神圣"
        },
        "6": {
            "sn": "01984",
            "brief": "Qal 照亮，Pi‘el 赞美，Pu‘al 被赞美、值得赞美，Hif‘il 发光、照亮、赞美，Hitpa‘el 夸耀、行动形同疯子，Po'el 愚妄、癫狂，Po'al 猖狂，Hitpo‘lel 行为如疯子一般"
        }
    },
    "13": {
        "7": {
            "sn": "05090",
            "brief": "掳去、驱赶、引导"
        },
        "literal": "(原文 48:15)因为这上帝永永远远为我们的上帝；他必引导我们，直到死时。",
        "0": {
            "sn": "03588",
            "brief": "因为、不必翻译"
        },
        "1": {
            "sn": "02088",
            "brief": "这个"
        },
        "2": {
            "sn": "00430",
            "brief": "上帝、神、神明"
        },
        "3": {
            "sn": "00430",
            "brief": "上帝、神、神明"
        },
        "4": {
            "sn": "05769",
            "brief": "永远"
        },
        "5": {
            "sn": "05703",
            "brief": "永远、继续存在"
        },
        "6": {
            "sn": "01931",
            "brief": "他"
        },
        "8": {
            "sn": "05921",
            "brief": "在…上面"
        },
        "9": {
            "sn": "04192",
            "brief": "死亡"
        }
    },
    "8": {
        "0": {
            "sn": "01819",
            "brief": "Qal 相像、类似，Pi‘el 比较、思考"
        },
        "literal": "(原文 48:10)上帝啊，我们在你的殿中想念你的慈爱。",
        "1": {
            "sn": "00430",
            "brief": "上帝、神、神明"
        },
        "2": {
            "sn": "02617",
            "brief": "良善、慈爱、忠诚"
        },
        "3": {
            "sn": "07130",
            "brief": "里面、在中间"
        },
        "4": {
            "sn": "01964",
            "brief": "圣殿、宫殿"
        }
    },
    "9": {
        "literal": "上帝啊，你(受)的赞美正与你的名相称，直到地极！你的右手满了公义。",
        "0": {
            "sn": "08034",
            "brief": "名、名字"
        },
        "1": {
            "sn": "00430",
            "brief": "上帝、神、神明"
        },
        "2": {
            "sn": "03651",
            "brief": "副词：因此、如此、这样；形容词：对、真的、公平、诚实"
        },
        "3": {
            "sn": "08416",
            "brief": "赞美"
        },
        "4": {
            "sn": "05921",
            "brief": "在…上面"
        },
        "5": {
            "sn": "07099",
            "brief": "边界、极处"
        },
        "6": {
            "sn": "00776",
            "brief": "地、邦国、疆界"
        },
        "7": {
            "sn": "06664",
            "brief": "公义"
        },
        "8": {
            "sn": "04390",
            "brief": "充满"
        },
        "9": {
            "sn": "03225",
            "brief": "右手、右边、南方"
        }
    }
}