{
    "8": {
        "10": {
            "sn": "09001",
            "brief": "给、往、向、到、归属于"
        },
        "8": {
            "sn": "03588",
            "brief": "因为、不必翻译"
        },
        "7": {
            "sn": "03045",
            "brief": "Qal 知道、认识、辨别、经历，Hif‘il 使知道、宣告"
        },
        "literal": "(原文 56:10)我呼求的时候，我的仇敌都要转身退后。上帝帮助我，这是我所知道的。",
        "0": {
            "sn": "00227",
            "brief": "那时"
        },
        "2": {
            "sn": "00341",
            "brief": "敌人、对头"
        },
        "3": {
            "sn": "00268",
            "brief": "后面、后来"
        },
        "4": {
            "sn": "03117",
            "brief": "日子、时候"
        },
        "5": {
            "sn": "07121",
            "brief": "喊叫、召集、称呼、求告、朗读"
        },
        "6": {
            "sn": "02088",
            "brief": "这个"
        },
        "9": {
            "sn": "00430",
            "brief": "上帝、神、神明"
        },
        "1": {
            "sn": "07725",
            "brief": "Qal 回复、回转、重复，Po‘lel 带回、复兴、更新，Hif‘il 回报、报告、带回"
        }
    },
    "1": {
        "7": {
            "sn": "09001",
            "brief": "给、往、向、到、归属于"
        },
        "6": {
            "sn": "03898",
            "brief": "I. Qal 攻击、打仗，Nif‘al 参战、攻打；II 吃"
        },
        "literal": "(原文 56:3)我的仇敌终日践踏我，因逞骄傲攻击我的人甚多。",
        "0": {
            "sn": "07602",
            "brief": "践踏、蹂躏、切望、呼吸急促"
        },
        "1": {
            "sn": "08324",
            "brief": "敌人"
        },
        "2": {
            "sn": "03605",
            "brief": "凡、全部、整个、各"
        },
        "4": {
            "sn": "03588",
            "brief": "因为、不必翻译"
        },
        "5": {
            "sn": "07227",
            "brief": "I. 形容词：大量的、许多的、充足的，II. 名词：统帅、首领。"
        },
        "8": {
            "sn": "04791",
            "brief": "高处"
        },
        "3": {
            "sn": "03117",
            "brief": "日子、时候"
        }
    },
    "3": {
        "literal": "(原文 56:5)我倚靠上帝，我要赞美他的话语；我倚靠上帝，必不惧怕。血气之辈能把我怎么样呢？",
        "0": {
            "sn": "00430",
            "brief": "上帝、神、神明"
        },
        "2": {
            "sn": "01697",
            "brief": "话语、事情"
        },
        "3": {
            "sn": "00430",
            "brief": "上帝、神、神明"
        },
        "4": {
            "sn": "00982",
            "brief": "倚赖、信靠"
        },
        "7": {
            "sn": "04100",
            "brief": "什么"
        },
        "8": {
            "sn": "06213",
            "brief": "做"
        },
        "9": {
            "sn": "01320",
            "brief": "肉、身体"
        },
        "10": {
            "sn": "09001",
            "brief": "给、往、向、到、归属于"
        },
        "5": {
            "sn": "03808",
            "brief": "不"
        },
        "6": {
            "sn": "03372",
            "brief": "Qal 害怕，Nif‘al 令人畏惧"
        },
        "1": {
            "sn": "01984",
            "brief": "Qal 照亮，Pi‘el 赞美，Pu‘al 被赞美、值得赞美，Hif‘il 发光、照亮、赞美，Hitpa‘el 夸耀、行动形同疯子，Po'el 愚妄、癫狂，Po'al 猖狂，Hitpo‘lel 行为如疯子一般"
        }
    },
    "9": {
        "literal": "(原文 56:11)我倚靠上帝，我要赞美(他的)话语；我倚靠雅威，我要赞美(他的)话语。",
        "0": {
            "sn": "00430",
            "brief": "上帝、神、神明"
        },
        "2": {
            "sn": "01697",
            "brief": "话语、事情"
        },
        "3": {
            "sn": "03068",
            "brief": "上帝的名字「雅威」，犹太人尊称为「上主」"
        },
        "5": {
            "sn": "01697",
            "brief": "话语、事情"
        },
        "1": {
            "sn": "01984",
            "brief": "Qal 照亮，Pi‘el 赞美，Pu‘al 被赞美、值得赞美，Hif‘il 发光、照亮、赞美，Hitpa‘el 夸耀、行动形同疯子，Po'el 愚妄、癫狂，Po'al 猖狂，Hitpo‘lel 行为如疯子一般"
        },
        "4": {
            "sn": "01984",
            "brief": "Qal 照亮，Pi‘el 赞美，Pu‘al 被赞美、值得赞美，Hif‘il 发光、照亮、赞美，Hitpa‘el 夸耀、行动形同疯子，Po'el 愚妄、癫狂，Po'al 猖狂，Hitpo‘lel 行为如疯子一般"
        }
    },
    "10": {
        "0": {
            "sn": "00430",
            "brief": "上帝、神、神明"
        },
        "1": {
            "sn": "00982",
            "brief": "倚赖、信靠"
        },
        "4": {
            "sn": "04100",
            "brief": "什么"
        },
        "5": {
            "sn": "06213",
            "brief": "做"
        },
        "6": {
            "sn": "00120",
            "brief": "人"
        },
        "7": {
            "sn": "09001",
            "brief": "给、往、向、到、归属于"
        },
        "2": {
            "sn": "03808",
            "brief": "不"
        },
        "3": {
            "sn": "03372",
            "brief": "Qal 害怕，Nif‘al 令人畏惧"
        },
        "literal": "(原文 56:12)我倚靠上帝，必不惧怕。人能把我怎么样呢？"
    },
    "11": {
        "3": {
            "sn": "07999",
            "brief": "Qal 平安，Pi‘el 还愿、完成"
        },
        "literal": "(原文 56:13)上帝啊，我向你所许的愿在我身上，我要以感谢回报你；",
        "0": {
            "sn": "05921",
            "brief": "在…上面"
        },
        "1": {
            "sn": "00430",
            "brief": "上帝、神、神明"
        },
        "2": {
            "sn": "05088",
            "brief": "许愿"
        },
        "4": {
            "sn": "08426",
            "brief": "感谢、赞美"
        },
        "5": {
            "sn": "09001",
            "brief": "给、往、向、到、归属于"
        }
    },
    "2": {
        "1": {
            "sn": "03372",
            "brief": "Qal 害怕，Nif‘al 令人畏惧"
        },
        "literal": "(原文 56:4)我惧怕的时候要倚靠你。",
        "2": {
            "sn": "00589",
            "brief": "我"
        },
        "3": {
            "sn": "00413",
            "brief": "向、往"
        },
        "4": {
            "sn": "00982",
            "brief": "倚赖、信靠"
        },
        "0": {
            "sn": "03117",
            "brief": "日子、时候"
        }
    },
    "5": {
        "2": {
            "sn": "01992",
            "brief": "他们"
        },
        "6": {
            "sn": "06960",
            "brief": "盼望、等待"
        },
        "0": {
            "sn": "01481",
            "brief": "I. Qal 居住、寄居，Hitpo‘lel 聚集，II. 争论，III. 害怕"
        },
        "literal": "(原文 56:7)他们聚集，埋伏，窥探我的脚踪，等候要害我的命。",
        "1": {
            "sn": "06845",
            "brief": "隐藏"
        },
        "3": {
            "sn": "06119",
            "brief": "脚跟、脚踪"
        },
        "4": {
            "sn": "08104",
            "brief": "谨守、小心"
        },
        "5": {
            "sn": "00834",
            "brief": "不必翻译"
        },
        "7": {
            "sn": "05315",
            "brief": "生命、人"
        }
    },
    "7": {
        "literal": "(原文 56:9)你数算我的流离；求你把我的眼泪装在你的皮袋里。这(一切)不都(记)在你册子上吗？",
        "0": {
            "sn": "05112",
            "brief": "流浪"
        },
        "1": {
            "sn": "05608",
            "brief": "1. 动词：述说、计算；2. 名词：文士、书记"
        },
        "2": {
            "sn": "00859",
            "brief": "你"
        },
        "3": {
            "sn": "07760",
            "brief": "置、放"
        },
        "4": {
            "sn": "01832",
            "brief": "眼泪"
        },
        "5": {
            "sn": "04997",
            "brief": "皮袋"
        },
        "7": {
            "sn": "05612",
            "brief": "着作、书卷"
        },
        "6": {
            "sn": "03808",
            "brief": "不"
        }
    },
    "4": {
        "3": {
            "sn": "06087",
            "brief": "I. 受伤；II. 塑形"
        },
        "literal": "(原文 56:6)他们终日歪曲我的话；他们一切的心思都是要害我。",
        "0": {
            "sn": "03605",
            "brief": "所有、全部、整个、各"
        },
        "1": {
            "sn": "03117",
            "brief": "日子、时候"
        },
        "2": {
            "sn": "01697",
            "brief": "话语、事情"
        },
        "4": {
            "sn": "05921",
            "brief": "在…上面"
        },
        "5": {
            "sn": "03605",
            "brief": "所有、全部、整个、各"
        },
        "6": {
            "sn": "04284",
            "brief": "意念、思想、设计"
        },
        "7": {
            "sn": "07451",
            "brief": "邪恶、灾祸"
        }
    },
    "12": {
        "9": {
            "sn": "00430",
            "brief": "上帝、神、神明"
        },
        "4": {
            "sn": "03808",
            "brief": "不"
        },
        "1": {
            "sn": "05337",
            "brief": "Nif‘al 获救，Pi‘el 拯救、夺取，Hif‘il 营救、抓走"
        },
        "7": {
            "sn": "01980",
            "brief": "来、去"
        },
        "literal": "(原文 56:14)因为你救我的命脱离死亡。你岂不是(保护)我的脚不跌倒、使我在生命光中行在上帝面前吗？",
        "0": {
            "sn": "03588",
            "brief": "因为、不必翻译"
        },
        "2": {
            "sn": "05315",
            "brief": "心、人、胃口"
        },
        "3": {
            "sn": "04194",
            "brief": "死亡"
        },
        "5": {
            "sn": "07272",
            "brief": "脚"
        },
        "6": {
            "sn": "01762",
            "brief": "跌倒"
        },
        "8": {
            "sn": "03942",
            "brief": "在…前面"
        },
        "10": {
            "sn": "00216",
            "brief": "光"
        },
        "11": {
            "sn": "02416",
            "brief": "生命"
        }
    },
    "6": {
        "5": {
            "sn": "05971",
            "brief": "百姓、国民"
        },
        "2": {
            "sn": "06403",
            "brief": "逃脱、安然带走"
        },
        "literal": "(原文 56:8)他们岂能因罪孽逃脱吗？上帝啊，求你在怒中使万民败落！",
        "0": {
            "sn": "05921",
            "brief": "在…上面"
        },
        "1": {
            "sn": "00205",
            "brief": "行恶、邪恶、患难"
        },
        "3": {
            "sn": "09001",
            "brief": "给、往、向、到、归属于"
        },
        "4": {
            "sn": "00639",
            "brief": "怒气、鼻子"
        },
        "7": {
            "sn": "00430",
            "brief": "上帝、神、神明"
        },
        "6": {
            "sn": "03381",
            "brief": "降临、下去"
        }
    },
    "0": {
        "0": {
            "sn": "05329",
            "brief": "Qal 优于、聪明、长久，Pi‘el 做监督、做指挥"
        },
        "literal": "(原文 56:1)大卫的金诗，交给诗班指挥，调用远方无声鸽；是在非利士人在迦特拿住他时所作。(原文 56:2)上帝啊，求你怜悯我，因为人践踏我，终日攻击欺压我。",
        "1": {
            "sn": "05921",
            "brief": "在…上面"
        },
        "2": {
            "sn": "03128",
            "brief": "远方无声鸽"
        },
        "3": {
            "sn": "03128",
            "brief": "远方无声鸽"
        },
        "4": {
            "sn": "03128",
            "brief": "远方无声鸽"
        },
        "5": {
            "sn": "01732",
            "brief": "大卫"
        },
        "6": {
            "sn": "04387",
            "brief": "诗篇标题的专门术语"
        },
        "7": {
            "sn": "00270",
            "brief": "抓住"
        },
        "8": {
            "sn": "00853",
            "brief": "不必翻译"
        },
        "9": {
            "sn": "06430",
            "brief": "非利士人"
        },
        "10": {
            "sn": "01661",
            "brief": "迦特"
        },
        "12": {
            "sn": "00430",
            "brief": "上帝、神、神明"
        },
        "13": {
            "sn": "03588",
            "brief": "因为、不必翻译"
        },
        "14": {
            "sn": "07602",
            "brief": "践踏、蹂躏、切望、呼吸急促"
        },
        "15": {
            "sn": "00582",
            "brief": "人"
        },
        "16": {
            "sn": "03605",
            "brief": "凡、全部、整个、各"
        },
        "17": {
            "sn": "03117",
            "brief": "日子、时候"
        },
        "19": {
            "sn": "03905",
            "brief": "欺压"
        },
        "18": {
            "sn": "03898",
            "brief": "I. Qal 攻击、打仗，Nif‘al 参战、攻打；II 吃"
        },
        "11": {
            "sn": "02603",
            "brief": "恩待、怜悯，Hitpa‘el 求恩"
        }
    }
}