{
    "4": {
        "5": {
            "sn": "08193",
            "brief": "嘴唇、边缘、言语"
        },
        "literal": "(原文 63:6)…我的心就像饱足了骨髓肥油，(…处填入下节)我的口要以欢乐的嘴唇赞美你。",
        "0": {
            "sn": "03644",
            "brief": "像"
        },
        "2": {
            "sn": "01880",
            "brief": "肥油、福气"
        },
        "3": {
            "sn": "07646",
            "brief": "满足、饱足"
        },
        "4": {
            "sn": "05315",
            "brief": "心、人、胃口"
        },
        "6": {
            "sn": "07445",
            "brief": "欢呼"
        },
        "8": {
            "sn": "06310",
            "brief": "口、命令、末端、沿岸、比例"
        },
        "1": {
            "sn": "02459",
            "brief": "脂油"
        },
        "7": {
            "sn": "01984",
            "brief": "Qal 照亮，Pi‘el 赞美，Pu‘al 被赞美、值得赞美，Hif‘il 发光、照亮、赞美，Hitpa‘el 夸耀、行动形同疯子，Po'el 愚妄、癫狂，Po'al 猖狂，Hitpo‘lel 行为如疯子一般"
        }
    },
    "8": {
        "0": {
            "sn": "01992",
            "brief": "他们"
        },
        "1": {
            "sn": "07722",
            "brief": "灾祸、毁灭"
        },
        "3": {
            "sn": "05315",
            "brief": "心、人、胃口"
        },
        "4": {
            "sn": "00935",
            "brief": "来、进入、临到、发生"
        },
        "5": {
            "sn": "08482",
            "brief": "低的"
        },
        "6": {
            "sn": "00776",
            "brief": "地、邦国、疆界"
        },
        "2": {
            "sn": "01245",
            "brief": "Pi‘el 寻找、渴求、想望、索求"
        },
        "literal": "(原文 63:10)那些寻索要灭我命的人必往地底下去；"
    },
    "0": {
        "10": {
            "sn": "09001",
            "brief": "给、往、向、到、归属于"
        },
        "13": {
            "sn": "09001",
            "brief": "给、往、向、到、归属于"
        },
        "0": {
            "sn": "04210",
            "brief": "诗"
        },
        "literal": "(原文 63:1)大卫的诗，是他在犹大旷野时(所作)。(原文 63:2)上帝啊，你是我的上帝，我要切切地寻求你；…我的心灵，我的肉身，都切慕你。(…处填入下行)在干旱疲乏无水之地，",
        "1": {
            "sn": "01732",
            "brief": "大卫"
        },
        "2": {
            "sn": "01961",
            "brief": "是、成为、临到"
        },
        "3": {
            "sn": "04057",
            "brief": "旷野"
        },
        "4": {
            "sn": "03063",
            "brief": "犹大"
        },
        "5": {
            "sn": "00430",
            "brief": "上帝、神、神明"
        },
        "6": {
            "sn": "00410",
            "brief": "上帝、神明、能力、力量"
        },
        "7": {
            "sn": "00859",
            "brief": "你"
        },
        "9": {
            "sn": "06770",
            "brief": "渴"
        },
        "11": {
            "sn": "05315",
            "brief": "心、人、胃口"
        },
        "12": {
            "sn": "03642",
            "brief": "期待"
        },
        "8": {
            "sn": "07836",
            "brief": "寻求"
        },
        "14": {
            "sn": "01320",
            "brief": "肉、身体"
        },
        "15": {
            "sn": "00776",
            "brief": "地、邦国、疆界"
        },
        "16": {
            "sn": "06723",
            "brief": "干燥"
        },
        "17": {
            "sn": "05889",
            "brief": "头晕、疲倦、耗尽"
        },
        "18": {
            "sn": "01097",
            "brief": "不、败坏"
        },
        "19": {
            "sn": "04325",
            "brief": "水"
        }
    },
    "3": {
        "4": {
            "sn": "05375",
            "brief": "高举、举起、背负、承担"
        },
        "literal": "我还活的时候要这样称颂你，我要奉你的名举起我的双手。",
        "2": {
            "sn": "02416",
            "brief": "生命"
        },
        "3": {
            "sn": "08034",
            "brief": "名字"
        },
        "5": {
            "sn": "03709",
            "brief": "手、手掌"
        },
        "1": {
            "sn": "01288",
            "brief": "祝福"
        },
        "0": {
            "sn": "03651",
            "brief": "副词：因此、如此、这样；形容词：对、真的、公平、诚实"
        }
    },
    "7": {
        "0": {
            "sn": "01692",
            "brief": "黏住"
        },
        "1": {
            "sn": "05315",
            "brief": "心、人、胃口"
        },
        "2": {
            "sn": "00310",
            "brief": "后面、跟着"
        },
        "3": {
            "sn": "09002",
            "brief": "在、用、藉着、与、敌对"
        },
        "4": {
            "sn": "08551",
            "brief": "抓紧、支持"
        },
        "5": {
            "sn": "03225",
            "brief": "右手、右边、南方"
        },
        "literal": "(原文 63:9)我的心紧紧跟随你，你的右手扶持我。"
    },
    "1": {
        "3": {
            "sn": "07200",
            "brief": "Qal 看见、看顾、察觉，Nif‘al 显现，Hif‘il 显明"
        },
        "literal": "(原文 63:3)我在圣所中曾如此瞻仰你，为要见你的能力和你的荣耀。",
        "0": {
            "sn": "03651",
            "brief": "副词：因此、如此、这样；形容词：对、真的、公平、诚实"
        },
        "1": {
            "sn": "06944",
            "brief": "圣所、圣物、神圣"
        },
        "2": {
            "sn": "02372",
            "brief": "看见"
        },
        "4": {
            "sn": "05797",
            "brief": "能力、力量"
        },
        "5": {
            "sn": "03519",
            "brief": "荣耀"
        }
    },
    "6": {
        "literal": "(原文 63:8)因为你是我的帮助，我就在你翅膀的荫下欢呼。",
        "0": {
            "sn": "03588",
            "brief": "因为、不必翻译"
        },
        "1": {
            "sn": "01961",
            "brief": "是、成为、临到"
        },
        "2": {
            "sn": "05833",
            "brief": "救、帮助"
        },
        "3": {
            "sn": "09001",
            "brief": "给、往、向、到、归属于"
        },
        "4": {
            "sn": "06738",
            "brief": "影子"
        },
        "5": {
            "sn": "03671",
            "brief": "翅膀"
        },
        "6": {
            "sn": "07442",
            "brief": "欢呼、胜过"
        }
    },
    "2": {
        "1": {
            "sn": "02896",
            "brief": "名词：良善、美好、福乐；形容词：良善的、美好的"
        },
        "5": {
            "sn": "07623",
            "brief": "I. 平静；II. 颂扬、赞美"
        },
        "literal": "(原文 63:4)因你的慈爱比生命更好，我的嘴唇要颂赞你。",
        "0": {
            "sn": "03588",
            "brief": "因为、不必翻译"
        },
        "2": {
            "sn": "02617",
            "brief": "良善、慈爱、忠诚"
        },
        "3": {
            "sn": "02416",
            "brief": "生命"
        },
        "4": {
            "sn": "08193",
            "brief": "嘴唇、边缘、言语"
        }
    },
    "5": {
        "literal": "(原文 63:7)(本节放上节前面)我在我的床上记念你，在夜更的时候我思想你；",
        "0": {
            "sn": "00518",
            "brief": "如果"
        },
        "1": {
            "sn": "02142",
            "brief": "提说、纪念、回想"
        },
        "2": {
            "sn": "05921",
            "brief": "在…上面"
        },
        "3": {
            "sn": "03326",
            "brief": "床"
        },
        "4": {
            "sn": "00821",
            "brief": "夜更"
        },
        "5": {
            "sn": "01897",
            "brief": "图谋、低语、沈思、咆哮"
        },
        "6": {
            "sn": "09002",
            "brief": "在、用、藉着、与、敌对"
        }
    },
    "10": {
        "literal": "(原文 63:12)但是王必因上帝欢喜；凡指着他发誓的都要夸耀，因为说谎之人的口必被塞住。",
        "0": {
            "sn": "04428",
            "brief": "君王、国王"
        },
        "1": {
            "sn": "08055",
            "brief": "喜悦、快乐"
        },
        "2": {
            "sn": "00430",
            "brief": "上帝、神、神明"
        },
        "4": {
            "sn": "03605",
            "brief": "全部、整个、各"
        },
        "6": {
            "sn": "09002",
            "brief": "在、用、藉着、与、敌对"
        },
        "7": {
            "sn": "03588",
            "brief": "因为、不必翻译"
        },
        "8": {
            "sn": "05534",
            "brief": "关闭"
        },
        "9": {
            "sn": "06310",
            "brief": "口、命令、末端、沿岸、比例"
        },
        "11": {
            "sn": "08267",
            "brief": "虚假"
        },
        "10": {
            "sn": "01696",
            "brief": "Pi‘el 讲、说、指挥"
        },
        "5": {
            "sn": "07650",
            "brief": "Qal Nif‘al 发誓，Hif‘il 使起誓、嘱咐"
        },
        "3": {
            "sn": "01984",
            "brief": "Qal 照亮，Pi‘el 赞美，Pu‘al 被赞美、值得赞美，Hif‘il 发光、照亮、赞美，Hitpa‘el 夸耀、行动形同疯子，Po'el 愚妄、癫狂，Po'al 猖狂，Hitpo‘lel 行为如疯子一般"
        }
    },
    "9": {
        "literal": "(原文 63:11)他们必使他倒在刀剑的手(指权势)下，成为豺狼的分(指食物)。",
        "0": {
            "sn": "05064",
            "brief": "流出、倒出、倒下"
        },
        "1": {
            "sn": "05921",
            "brief": "在…上面"
        },
        "2": {
            "sn": "03027",
            "brief": "手、边、力量、权势"
        },
        "3": {
            "sn": "02719",
            "brief": "刀、刀剑"
        },
        "4": {
            "sn": "04521",
            "brief": "份"
        },
        "5": {
            "sn": "07776",
            "brief": "狐狸、豺狼(一种野生狗)"
        },
        "6": {
            "sn": "01961",
            "brief": "是、成为、临到"
        }
    }
}