{
    "1": {
        "literal": "(原文 7:3)恐怕他们像狮子撕裂我，甚至撕碎，无人搭救。",
        "0": {
            "sn": "06435",
            "brief": "免得、恐怕、为了不"
        },
        "1": {
            "sn": "02963",
            "brief": "撕裂"
        },
        "3": {
            "sn": "05315",
            "brief": "生命、人"
        },
        "4": {
            "sn": "06561",
            "brief": "拯救、抓走、撕开"
        },
        "5": {
            "sn": "00369",
            "brief": "不存在、没有"
        },
        "2": {
            "sn": "00738",
            "brief": "狮子"
        },
        "6": {
            "sn": "05337",
            "brief": "Nif‘al 获救，Pi‘el 拯救、夺取，Hif‘il 营救、抓走"
        }
    },
    "11": {
        "0": {
            "sn": "00518",
            "brief": "如果"
        },
        "1": {
            "sn": "03808",
            "brief": "不"
        },
        "2": {
            "sn": "07725",
            "brief": "Qal 回复、回转、重复，Po‘lel 带回、复兴、更新，Hif‘il 回报、报告、带回"
        },
        "7": {
            "sn": "03559",
            "brief": "Hif‘il 预备、建立、坚立"
        },
        "literal": "(原文 7:13)若有人不回头，他的刀必磨快，弓必上弦，预备妥当了。",
        "3": {
            "sn": "02719",
            "brief": "刀、刀剑"
        },
        "4": {
            "sn": "03913",
            "brief": "使锐利、不停地敲击、磨快"
        },
        "5": {
            "sn": "07198",
            "brief": "弓"
        },
        "6": {
            "sn": "01869",
            "brief": "踩踏、行进、引导、弯曲"
        }
    },
    "5": {
        "9": {
            "sn": "06680",
            "brief": "Pi‘el 命令、吩咐"
        },
        "literal": "(原文 7:7)雅威啊，求你在怒中起来，挺身而立，抵挡我敌人的暴怒！求你为我兴起！你已经出令施行审判。",
        "0": {
            "sn": "06965",
            "brief": "起来、设立、坚立"
        },
        "1": {
            "sn": "03068",
            "brief": "上帝的名字「雅威」，犹太人尊称为「上主」"
        },
        "2": {
            "sn": "00639",
            "brief": "怒气、鼻子"
        },
        "3": {
            "sn": "05375",
            "brief": "高举、举起、背负、承担"
        },
        "4": {
            "sn": "05678",
            "brief": "忿怒"
        },
        "5": {
            "sn": "06887",
            "brief": "卷起、绑、狭窄、扰害、关起来"
        },
        "6": {
            "sn": "05782",
            "brief": "举起、醒起、激起"
        },
        "7": {
            "sn": "00413",
            "brief": "向、往"
        },
        "8": {
            "sn": "04941",
            "brief": "正义、公平、审判、律例、规矩"
        }
    },
    "13": {
        "1": {
            "sn": "02254",
            "brief": "I. Qal 绑、典当，Pi‘el 分娩阵痛；II. Pi‘el 毁坏、破坏"
        },
        "0": {
            "sn": "02009",
            "brief": "看哪"
        },
        "literal": "(原文 7:15)看哪，他(指恶人)为奸恶经历产痛，怀毒害，生虚假。",
        "2": {
            "sn": "00205",
            "brief": "行恶、邪恶、患难"
        },
        "3": {
            "sn": "02029",
            "brief": "怀孕"
        },
        "4": {
            "sn": "05999",
            "brief": "劳碌、工作、危害"
        },
        "5": {
            "sn": "03205",
            "brief": "生出、出生"
        },
        "6": {
            "sn": "08267",
            "brief": "虚假"
        }
    },
    "16": {
        "0": {
            "sn": "03034",
            "brief": "Qal 射，Pi‘el 投掷，Hif‘il 称谢、赞美，Hitpa‘el 认罪、感恩"
        },
        "literal": "(原文 7:18)我要照着他的公义称谢雅威，歌颂雅威―至高者的名。",
        "1": {
            "sn": "03068",
            "brief": "上帝的名字「雅威」，犹太人尊称为「上主」"
        },
        "2": {
            "sn": "06664",
            "brief": "公义"
        },
        "4": {
            "sn": "08034",
            "brief": "名字"
        },
        "5": {
            "sn": "03068",
            "brief": "上帝的名字「雅威」，犹太人尊称为「上主」"
        },
        "6": {
            "sn": "05945",
            "brief": "上面的"
        },
        "3": {
            "sn": "02167",
            "brief": "歌颂、唱歌"
        }
    },
    "15": {
        "0": {
            "sn": "07725",
            "brief": "Qal 回复、回转、重复，Po‘lel 带回、复兴、更新，Hif‘il 回报、报告、带回"
        },
        "literal": "(原文 7:17)他的毒害必回到自己头上，他的残暴必落到自己的头顶上。",
        "1": {
            "sn": "05999",
            "brief": "劳碌、工作"
        },
        "2": {
            "sn": "07218",
            "brief": "头、起头、山顶、领袖"
        },
        "3": {
            "sn": "05921",
            "brief": "在…上面"
        },
        "4": {
            "sn": "06936",
            "brief": "头顶、头"
        },
        "5": {
            "sn": "02555",
            "brief": "暴力、残忍、不公"
        },
        "6": {
            "sn": "03381",
            "brief": "降临、下去"
        }
    },
    "0": {
        "0": {
            "sn": "07692",
            "brief": "某类歌曲"
        },
        "1": {
            "sn": "01732",
            "brief": "大卫"
        },
        "2": {
            "sn": "00834",
            "brief": "不必翻译"
        },
        "3": {
            "sn": "07891",
            "brief": "唱歌"
        },
        "4": {
            "sn": "03068",
            "brief": "上帝的名字「雅威」，犹太人尊称为「上主」"
        },
        "5": {
            "sn": "05921",
            "brief": "在…上面"
        },
        "6": {
            "sn": "01697",
            "brief": "话语、事情"
        },
        "7": {
            "sn": "03568",
            "brief": "古实"
        },
        "8": {
            "sn": "01121",
            "brief": "儿子、孙子、后裔、成员"
        },
        "9": {
            "sn": "01145",
            "brief": "便雅悯人"
        },
        "10": {
            "sn": "03068",
            "brief": "上帝的名字「雅威」，犹太人尊称为「上主」"
        },
        "11": {
            "sn": "00430",
            "brief": "上帝、神、神明"
        },
        "12": {
            "sn": "09002",
            "brief": "在、用、藉着、与、敌对"
        },
        "13": {
            "sn": "02620",
            "brief": "投靠、信赖"
        },
        "14": {
            "sn": "03467",
            "brief": "拯救"
        },
        "15": {
            "sn": "03605",
            "brief": "全部、整个、各"
        },
        "16": {
            "sn": "07291",
            "brief": "追求、追"
        },
        "17": {
            "sn": "05337",
            "brief": "Nif‘al 获救，Pi‘el 拯救、夺取，Hif‘il 营救、抓走"
        },
        "literal": "(原文 7:1)大卫…向雅威唱的流离歌。(…处填入下行)指着便雅悯人古实的话，(原文 7:2)雅威―我的上帝啊，我投靠你！求你救我脱离一切追赶我的人，将我救拔出来！"
    },
    "8": {
        "0": {
            "sn": "01584",
            "brief": "结束"
        },
        "1": {
            "sn": "04994",
            "brief": "作为鼓励语的一部份"
        },
        "2": {
            "sn": "07451",
            "brief": "灾难、邪恶"
        },
        "3": {
            "sn": "07563",
            "brief": "邪恶的"
        },
        "5": {
            "sn": "06662",
            "brief": "公义的"
        },
        "6": {
            "sn": "00974",
            "brief": "试验"
        },
        "7": {
            "sn": "03826",
            "brief": "心"
        },
        "8": {
            "sn": "03629",
            "brief": "肾脏"
        },
        "9": {
            "sn": "00430",
            "brief": "上帝、神、神明"
        },
        "10": {
            "sn": "06662",
            "brief": "公义的"
        },
        "4": {
            "sn": "03559",
            "brief": "Hif‘il 预备、建立、坚立"
        },
        "literal": "(原文 7:10)愿恶人的恶断绝！愿你坚立义人！因为公义的上帝察验人的心肠肺腑。"
    },
    "6": {
        "0": {
            "sn": "05712",
            "brief": "会众"
        },
        "1": {
            "sn": "03816",
            "brief": "邦国、人民"
        },
        "2": {
            "sn": "05437",
            "brief": "环绕、游行、转"
        },
        "3": {
            "sn": "05921",
            "brief": "在…上面"
        },
        "4": {
            "sn": "04791",
            "brief": "高处"
        },
        "5": {
            "sn": "07725",
            "brief": "Qal 回复、回转、重复，Po‘lel 带回、复兴、更新，Hif‘il 回报、报告、带回"
        },
        "literal": "(原文 7:8)愿众民的会环绕你！愿你居高位统治它(原文用阴性，指众民的会)！"
    },
    "14": {
        "3": {
            "sn": "05307",
            "brief": "跌落、跌倒、使签落在..."
        },
        "literal": "(原文 7:16)他掘了坑，又挖深了，竟掉在自己所挖的坑里。",
        "0": {
            "sn": "00953",
            "brief": "井、坑"
        },
        "1": {
            "sn": "03738",
            "brief": "挖掘"
        },
        "2": {
            "sn": "02658",
            "brief": "挖"
        },
        "4": {
            "sn": "07845",
            "brief": "坑、阴间"
        },
        "5": {
            "sn": "06466",
            "brief": "制造、工作"
        }
    },
    "3": {
        "literal": "(原文 7:5)我若以恶报那与我和好的人―连那无故与我为敌的，我也救了他―",
        "0": {
            "sn": "00518",
            "brief": "如果"
        },
        "1": {
            "sn": "01580",
            "brief": "断奶、补偿、处置"
        },
        "2": {
            "sn": "07999",
            "brief": "和好、缔结和平之约、使和平"
        },
        "3": {
            "sn": "07451",
            "brief": "灾难、邪恶"
        },
        "5": {
            "sn": "06887",
            "brief": "卷起、绑、狭窄、扰害、关起来"
        },
        "6": {
            "sn": "07387",
            "brief": "徒然、空虚"
        },
        "4": {
            "sn": "02502",
            "brief": "Qal 脱下、配备，Hif‘il 使强壮"
        }
    },
    "12": {
        "1": {
            "sn": "03559",
            "brief": "Hif‘il 预备、建立、坚立"
        },
        "literal": "(原文 7:14)他也预备了杀人的兵器，他所射的是火箭。",
        "0": {
            "sn": "09001",
            "brief": "给、往、向、到、归属于"
        },
        "2": {
            "sn": "03627",
            "brief": "器皿、器械、器具"
        },
        "3": {
            "sn": "04194",
            "brief": "死亡"
        },
        "4": {
            "sn": "02671",
            "brief": "箭"
        },
        "5": {
            "sn": "01814",
            "brief": "烧、狂热追求"
        },
        "6": {
            "sn": "06466",
            "brief": "制造、工作"
        }
    },
    "7": {
        "literal": "(原文 7:9)雅威向众民施行审判；雅威啊，求你按我的公义和我心中的纯正判断我。",
        "0": {
            "sn": "03068",
            "brief": "上帝的名字「雅威」，犹太人尊称为「上主」"
        },
        "1": {
            "sn": "01777",
            "brief": "辩护、报复、审判、竞争"
        },
        "2": {
            "sn": "05971",
            "brief": "百姓、国民"
        },
        "3": {
            "sn": "08199",
            "brief": "审判、辩白、处罚"
        },
        "4": {
            "sn": "03068",
            "brief": "上帝的名字「雅威」，犹太人尊称为「上主」"
        },
        "5": {
            "sn": "06664",
            "brief": "公义"
        },
        "6": {
            "sn": "08537",
            "brief": "完整、完全"
        },
        "7": {
            "sn": "05921",
            "brief": "在…上面"
        }
    },
    "4": {
        "literal": "(原文 7:6)就任凭仇敌追赶我，直到追上，将我的性命踏在地上，使我的荣耀归于灰尘。(细拉)",
        "0": {
            "sn": "07291",
            "brief": "追求、追"
        },
        "1": {
            "sn": "00341",
            "brief": "敌人、对头"
        },
        "2": {
            "sn": "05315",
            "brief": "生命、人"
        },
        "4": {
            "sn": "07429",
            "brief": "踹、踩踏"
        },
        "5": {
            "sn": "00776",
            "brief": "地、邦国、疆界"
        },
        "6": {
            "sn": "02416",
            "brief": "生命"
        },
        "7": {
            "sn": "03519",
            "brief": "荣光、尊荣、贵重"
        },
        "8": {
            "sn": "06083",
            "brief": "土、尘土"
        },
        "10": {
            "sn": "05542",
            "brief": "举高、乐曲中的休止符，音译「细拉」"
        },
        "3": {
            "sn": "05381",
            "brief": "Hif‘il 追上、得到、及于、抓住"
        },
        "9": {
            "sn": "07931",
            "brief": "居住"
        }
    },
    "10": {
        "literal": "(原文 7:12)上帝是公义的审判者，又是天天向恶人发怒的上帝。",
        "0": {
            "sn": "00430",
            "brief": "上帝、神、神明"
        },
        "1": {
            "sn": "08199",
            "brief": "审判、辩白、处罚"
        },
        "2": {
            "sn": "06662",
            "brief": "公义的"
        },
        "3": {
            "sn": "00410",
            "brief": "上帝、神明、能力、力量"
        },
        "4": {
            "sn": "02194",
            "brief": "生气、愤慨"
        },
        "5": {
            "sn": "03605",
            "brief": "全部、整个、各"
        },
        "6": {
            "sn": "03117",
            "brief": "日子、时候"
        }
    },
    "9": {
        "literal": "(原文 7:11)上帝是我的盾牌；他拯救心里正直的人。",
        "0": {
            "sn": "04043",
            "brief": "盾牌"
        },
        "1": {
            "sn": "05921",
            "brief": "在…上面"
        },
        "2": {
            "sn": "00430",
            "brief": "上帝、神、神明"
        },
        "4": {
            "sn": "03477",
            "brief": "公义的、正直的"
        },
        "5": {
            "sn": "03820",
            "brief": "心"
        },
        "3": {
            "sn": "03467",
            "brief": "拯救"
        }
    },
    "2": {
        "literal": "(原文 7:4)雅威―我的上帝啊，我若行了这事，若有罪孽在我手里，",
        "0": {
            "sn": "03068",
            "brief": "上帝的名字「雅威」，犹太人尊称为「上主」"
        },
        "1": {
            "sn": "00430",
            "brief": "上帝、神、神明"
        },
        "2": {
            "sn": "00518",
            "brief": "如果"
        },
        "3": {
            "sn": "06213",
            "brief": "做"
        },
        "4": {
            "sn": "02063",
            "brief": "这个"
        },
        "5": {
            "sn": "00518",
            "brief": "如果"
        },
        "6": {
            "sn": "03426",
            "brief": "存在、有、是"
        },
        "7": {
            "sn": "05766",
            "brief": "不公义"
        },
        "8": {
            "sn": "03709",
            "brief": "手掌、脚掌、脚底"
        }
    }
}