{
    "16": {
        "0": {
            "sn": "00413",
            "brief": "向、往"
        },
        "1": {
            "sn": "06310",
            "brief": "口、命令、末端、沿岸、比例"
        },
        "2": {
            "sn": "07121",
            "brief": "喊叫、召集、称呼、求告、朗读"
        },
        "4": {
            "sn": "08478",
            "brief": "1. 名词：位置、地方；2. 介系词：在…之下；3. 介系词：代替、因为"
        },
        "5": {
            "sn": "03956",
            "brief": "舌头"
        },
        "3": {
            "sn": "07311",
            "brief": "高举、赞美"
        },
        "literal": "我曾用我的口向他求告，他也在我的舌头之下被高举。"
    },
    "3": {
        "2": {
            "sn": "09013",
            "brief": "跪拜、下拜"
        },
        "5": {
            "sn": "09001",
            "brief": "给、往、向、到、归属于"
        },
        "6": {
            "sn": "02167",
            "brief": "歌颂、唱歌"
        },
        "literal": "全地要敬拜你，歌颂你，要歌颂你的名。(细拉)",
        "0": {
            "sn": "03605",
            "brief": "全部、整个、各"
        },
        "1": {
            "sn": "00776",
            "brief": "地、邦国、疆界"
        },
        "3": {
            "sn": "09001",
            "brief": "给、往、向、到、归属于"
        },
        "7": {
            "sn": "08034",
            "brief": "名字"
        },
        "8": {
            "sn": "05542",
            "brief": "举高、乐曲中的休止符，音译「细拉」"
        },
        "4": {
            "sn": "02167",
            "brief": "歌颂、唱歌"
        }
    },
    "5": {
        "8": {
            "sn": "09002",
            "brief": "在、用、藉着、与、敌对"
        },
        "literal": "他使海转变成干地，他们(指众民)步行过河；我们在那里要因他欢喜。",
        "0": {
            "sn": "02015",
            "brief": "推翻、倾覆、转变"
        },
        "1": {
            "sn": "03220",
            "brief": "海、西方"
        },
        "2": {
            "sn": "03004",
            "brief": "干旱之地"
        },
        "3": {
            "sn": "05104",
            "brief": "河流"
        },
        "4": {
            "sn": "05674",
            "brief": "经过、穿越、涨溢、离开、拿走、违犯、废除"
        },
        "5": {
            "sn": "07272",
            "brief": "脚"
        },
        "6": {
            "sn": "08033",
            "brief": "那里"
        },
        "7": {
            "sn": "08055",
            "brief": "喜悦、快乐"
        }
    },
    "1": {
        "1": {
            "sn": "03519",
            "brief": "荣耀"
        },
        "2": {
            "sn": "08034",
            "brief": "名字"
        },
        "literal": "当歌颂他名的荣耀！使他的赞美大有荣耀！",
        "3": {
            "sn": "07760",
            "brief": "置、放"
        },
        "4": {
            "sn": "03519",
            "brief": "荣耀"
        },
        "5": {
            "sn": "08416",
            "brief": "赞美"
        },
        "0": {
            "sn": "02167",
            "brief": "歌颂、唱歌"
        }
    },
    "11": {
        "2": {
            "sn": "07218",
            "brief": "头、起头、山顶、领袖"
        },
        "3": {
            "sn": "00935",
            "brief": "来、进入、临到、发生"
        },
        "4": {
            "sn": "00784",
            "brief": "火"
        },
        "literal": "你使人骑在我们头上；我们经过水火，你却领我们到丰富之地。",
        "1": {
            "sn": "00582",
            "brief": "人"
        },
        "5": {
            "sn": "04325",
            "brief": "水"
        },
        "7": {
            "sn": "07310",
            "brief": "满足、饱和"
        },
        "0": {
            "sn": "07392",
            "brief": "骑"
        },
        "6": {
            "sn": "03318",
            "brief": "出去"
        }
    },
    "7": {
        "0": {
            "sn": "01288",
            "brief": "祝福"
        },
        "literal": "万民哪，你们当称颂我们的上帝，使人得听赞美他的声音。",
        "1": {
            "sn": "05971",
            "brief": "百姓、国民"
        },
        "2": {
            "sn": "00430",
            "brief": "上帝、神、神明"
        },
        "4": {
            "sn": "06963",
            "brief": "声音"
        },
        "5": {
            "sn": "08416",
            "brief": "赞美"
        },
        "3": {
            "sn": "08085",
            "brief": "Qal 听、听从，Hif‘il 说明、使…听"
        }
    },
    "0": {
        "0": {
            "sn": "05329",
            "brief": "Qal 优于、聪明、长久，Pi‘el 做监督、做指挥"
        },
        "literal": "一篇诗歌，交给诗班指挥。全地啊，你们都当向上帝欢呼！",
        "1": {
            "sn": "07892",
            "brief": "唱歌"
        },
        "2": {
            "sn": "04210",
            "brief": "诗"
        },
        "4": {
            "sn": "00430",
            "brief": "上帝、神、神明"
        },
        "5": {
            "sn": "03605",
            "brief": "全部、整个、各"
        },
        "3": {
            "sn": "07321",
            "brief": "Hif‘il 喊叫、呼号"
        },
        "6": {
            "sn": "00776",
            "brief": "地、邦国、疆界"
        }
    },
    "15": {
        "1": {
            "sn": "08085",
            "brief": "Qal 听、听从，Hif‘il 说明、使…听"
        },
        "2": {
            "sn": "05608",
            "brief": "1. 动词：述说、计算；2. 名词：文士、书记"
        },
        "literal": "凡敬畏上帝的人，你们都来听！我要述说他为我所行的事。",
        "0": {
            "sn": "01980",
            "brief": "来、去"
        },
        "3": {
            "sn": "03605",
            "brief": "全部、整个、各"
        },
        "4": {
            "sn": "03373",
            "brief": "敬畏"
        },
        "5": {
            "sn": "00430",
            "brief": "上帝、神、神明"
        },
        "6": {
            "sn": "00834",
            "brief": "不必翻译"
        },
        "7": {
            "sn": "06213",
            "brief": "做"
        },
        "8": {
            "sn": "05315",
            "brief": "生命、人"
        }
    },
    "8": {
        "3": {
            "sn": "03808",
            "brief": "不"
        },
        "literal": "他使我们的性命存活，不叫我们的脚摇动。",
        "0": {
            "sn": "07760",
            "brief": "置、放"
        },
        "1": {
            "sn": "05315",
            "brief": "生命、人"
        },
        "2": {
            "sn": "02416",
            "brief": "生命"
        },
        "4": {
            "sn": "05414",
            "brief": "赐、给"
        },
        "5": {
            "sn": "04132",
            "brief": "摇动、滑动"
        },
        "6": {
            "sn": "07272",
            "brief": "脚"
        }
    },
    "6": {
        "literal": "他用他的权能永远治理；他的眼睛鉴察列邦，悖逆的人不可高抬自己。(细拉)",
        "0": {
            "sn": "04910",
            "brief": "掌权、治理"
        },
        "1": {
            "sn": "01369",
            "brief": "能力、勇力"
        },
        "2": {
            "sn": "05769",
            "brief": "永远"
        },
        "3": {
            "sn": "05869",
            "brief": "眼睛"
        },
        "4": {
            "sn": "01471",
            "brief": "国家、人民"
        },
        "5": {
            "sn": "06822",
            "brief": "侦查、守望、看守"
        },
        "6": {
            "sn": "05637",
            "brief": "背逆、背叛"
        },
        "7": {
            "sn": "00408",
            "brief": "不"
        },
        "8": {
            "sn": "07311",
            "brief": "高举、抬高"
        },
        "9": {
            "sn": "09001",
            "brief": "给、往、向、到、归属于"
        },
        "10": {
            "sn": "05542",
            "brief": "举高、乐曲中的休止符，音译「细拉」"
        }
    },
    "10": {
        "literal": "你使我们进入网罗，把重担放在我们的腰间。",
        "0": {
            "sn": "00935",
            "brief": "来、进入、临到、发生"
        },
        "1": {
            "sn": "04686",
            "brief": "I. 网罗，II. 要塞、堡垒"
        },
        "2": {
            "sn": "07760",
            "brief": "置、放"
        },
        "3": {
            "sn": "04157",
            "brief": "苦恼、压力"
        },
        "4": {
            "sn": "04975",
            "brief": "腰"
        }
    },
    "12": {
        "3": {
            "sn": "07999",
            "brief": "Qal 平安，Pi‘el 还愿、完成"
        },
        "literal": "我要带着燔祭进你的殿，向你还我的愿，",
        "0": {
            "sn": "00935",
            "brief": "来、进入、临到、发生"
        },
        "1": {
            "sn": "01004",
            "brief": "仓库、殿、家、房屋"
        },
        "2": {
            "sn": "05930",
            "brief": "燔祭、阶梯"
        },
        "4": {
            "sn": "09001",
            "brief": "给、往、向、到、归属于"
        },
        "5": {
            "sn": "05088",
            "brief": "许愿"
        }
    },
    "13": {
        "literal": "就是…我嘴唇所发的、我口中所许的。(…处填入下行)在我急难中",
        "0": {
            "sn": "00834",
            "brief": "不必翻译"
        },
        "1": {
            "sn": "06475",
            "brief": "张开、分开"
        },
        "2": {
            "sn": "08193",
            "brief": "嘴唇、边缘、言语"
        },
        "3": {
            "sn": "01696",
            "brief": "Pi‘el 讲、说、指挥"
        },
        "4": {
            "sn": "06310",
            "brief": "口、命令、末端、沿岸、比例"
        },
        "5": {
            "sn": "06862",
            "brief": "I. 狭窄的；II. 患难、困境；III. 敌人"
        },
        "6": {
            "sn": "09001",
            "brief": "给、往、向、到、归属于"
        }
    },
    "14": {
        "literal": "我要把肥畜的燔祭…献给你，(…处填入下行)和公羊的香祭把公牛和公山羊献上。(细拉)",
        "0": {
            "sn": "05930",
            "brief": "燔祭、阶梯"
        },
        "1": {
            "sn": "04220",
            "brief": "肥、丰肥者"
        },
        "2": {
            "sn": "05927",
            "brief": "上去、升高、生长、献上"
        },
        "3": {
            "sn": "09001",
            "brief": "给、往、向、到、归属于"
        },
        "4": {
            "sn": "05973",
            "brief": "跟"
        },
        "5": {
            "sn": "07004",
            "brief": "香品、香味、烟"
        },
        "6": {
            "sn": "00352",
            "brief": "公羊、高大的树、门框、柱子、强壮的人"
        },
        "7": {
            "sn": "06213",
            "brief": "做"
        },
        "8": {
            "sn": "01241",
            "brief": "牛"
        },
        "9": {
            "sn": "05973",
            "brief": "跟"
        },
        "10": {
            "sn": "06260",
            "brief": "首领、公羊"
        },
        "11": {
            "sn": "05542",
            "brief": "举高、乐曲中的休止符，音译「细拉」"
        }
    },
    "17": {
        "literal": "我的心如果注重罪孽，主必不听。",
        "0": {
            "sn": "00205",
            "brief": "行恶、邪恶、患难"
        },
        "1": {
            "sn": "00518",
            "brief": "如果"
        },
        "3": {
            "sn": "03820",
            "brief": "心"
        },
        "6": {
            "sn": "00136",
            "brief": "主人"
        },
        "4": {
            "sn": "03808",
            "brief": "不"
        },
        "5": {
            "sn": "08085",
            "brief": "Qal 听、听从，Hif‘il 说明、使…听"
        },
        "2": {
            "sn": "07200",
            "brief": "Qal 看见、看顾、察觉，Nif‘al 显现，Hif‘il 显明"
        }
    },
    "4": {
        "literal": "你们来看上帝所行的，他向世人所做之事是可畏的。",
        "0": {
            "sn": "01980",
            "brief": "来、去"
        },
        "2": {
            "sn": "04659",
            "brief": "作为"
        },
        "3": {
            "sn": "00430",
            "brief": "上帝、神、神明"
        },
        "5": {
            "sn": "05949",
            "brief": "所行的、作为"
        },
        "6": {
            "sn": "05921",
            "brief": "在…上面"
        },
        "7": {
            "sn": "01121",
            "brief": "儿子、孙子、后裔、成员"
        },
        "8": {
            "sn": "00120",
            "brief": "人"
        },
        "4": {
            "sn": "03372",
            "brief": "Qal 害怕，Nif‘al 令人畏惧"
        },
        "1": {
            "sn": "07200",
            "brief": "Qal 看见、看顾、察觉，Nif‘al 显现，Hif‘il 显明"
        }
    },
    "19": {
        "3": {
            "sn": "03808",
            "brief": "不"
        },
        "4": {
            "sn": "05493",
            "brief": "转离、除去"
        },
        "literal": "上帝是应当称颂的！他并没有推却我的祷告，也没有叫他的慈爱离开我。",
        "0": {
            "sn": "01288",
            "brief": "祝福"
        },
        "1": {
            "sn": "00430",
            "brief": "上帝、神、神明"
        },
        "2": {
            "sn": "00834",
            "brief": "不必翻译"
        },
        "5": {
            "sn": "08605",
            "brief": "祷告"
        },
        "6": {
            "sn": "02617",
            "brief": "良善、慈爱、忠诚"
        },
        "7": {
            "sn": "00854",
            "brief": "与、跟"
        }
    },
    "18": {
        "3": {
            "sn": "07181",
            "brief": "留心听、注意听"
        },
        "1": {
            "sn": "08085",
            "brief": "Qal 听、听从，Hif‘il 说明、使…听"
        },
        "literal": "但上帝实在听见了，他留心听了我祷告的声音。",
        "0": {
            "sn": "00403",
            "brief": "的确、真的"
        },
        "2": {
            "sn": "00430",
            "brief": "上帝、神、神明"
        },
        "4": {
            "sn": "06963",
            "brief": "声音"
        },
        "5": {
            "sn": "08605",
            "brief": "祷告"
        }
    },
    "2": {
        "literal": "当对上帝说：你的作为何等可畏！因你的大能，仇敌要投降你。",
        "0": {
            "sn": "00559",
            "brief": "说"
        },
        "1": {
            "sn": "00430",
            "brief": "上帝、神、神明"
        },
        "2": {
            "sn": "04100",
            "brief": "什么"
        },
        "4": {
            "sn": "04639",
            "brief": "行为、工作"
        },
        "5": {
            "sn": "07230",
            "brief": "多"
        },
        "6": {
            "sn": "05797",
            "brief": "能力、力量"
        },
        "8": {
            "sn": "09001",
            "brief": "给、往、向、到、归属于"
        },
        "9": {
            "sn": "00341",
            "brief": "敌人、对头"
        },
        "7": {
            "sn": "03584",
            "brief": "Qal 不够、否认、欺骗，Pi‘el 欺骗、虚伪、畏缩"
        },
        "3": {
            "sn": "03372",
            "brief": "Qal 害怕，Nif‘al 令人畏惧"
        }
    },
    "9": {
        "literal": "上帝啊，你曾试验我们，你熬炼我们，如熬炼银子一样。",
        "0": {
            "sn": "03588",
            "brief": "因为、不必翻译"
        },
        "1": {
            "sn": "00974",
            "brief": "试验"
        },
        "2": {
            "sn": "00430",
            "brief": "上帝、神、神明"
        },
        "3": {
            "sn": "06884",
            "brief": "熔解、精炼、试验"
        },
        "4": {
            "sn": "06884",
            "brief": "熔解、精炼、试验"
        },
        "5": {
            "sn": "03701",
            "brief": "银子、钱"
        }
    }
}