{
    "21": {
        "8": {
            "sn": "09001",
            "brief": "给、往、向、到、归属于"
        },
        "2": {
            "sn": "03034",
            "brief": "Qal 射，Pi‘el 投掷，Hif‘il 称谢、赞美，Hitpa‘el 认罪、感恩"
        },
        "literal": "我的上帝啊，我要鼓瑟颂赞你，颂赞你的信实！以色列的圣者啊，我要弹琴歌颂你！",
        "0": {
            "sn": "01571",
            "brief": "甚至、也"
        },
        "1": {
            "sn": "00589",
            "brief": "我"
        },
        "3": {
            "sn": "03627",
            "brief": "器皿、器械、器具、乐器"
        },
        "4": {
            "sn": "05035",
            "brief": "竖琴、琵琶、吉他、乐器、瓦器"
        },
        "5": {
            "sn": "00571",
            "brief": "真理、诚信、真实、诚实"
        },
        "6": {
            "sn": "00430",
            "brief": "上帝、神、神明"
        },
        "7": {
            "sn": "02167",
            "brief": "歌颂、唱歌"
        },
        "9": {
            "sn": "03658",
            "brief": "琴、竖琴"
        },
        "10": {
            "sn": "06918",
            "brief": "圣的、神圣的"
        },
        "11": {
            "sn": "03478",
            "brief": "以色列"
        }
    },
    "13": {
        "0": {
            "sn": "00589",
            "brief": "我"
        },
        "1": {
            "sn": "08548",
            "brief": "经常、一直、连续"
        },
        "4": {
            "sn": "05921",
            "brief": "在…上面"
        },
        "5": {
            "sn": "03605",
            "brief": "全部、整个、各"
        },
        "6": {
            "sn": "08416",
            "brief": "赞美"
        },
        "2": {
            "sn": "03176",
            "brief": "仰望、等候"
        },
        "3": {
            "sn": "03254",
            "brief": "再一次、增添"
        },
        "literal": "我却要常常仰望，并要加添对你的赞美。"
    },
    "20": {
        "literal": "你必使我越发昌大，你必转来安慰我。",
        "1": {
            "sn": "01420",
            "brief": "伟大"
        },
        "2": {
            "sn": "05437",
            "brief": "环绕、游行、转"
        },
        "3": {
            "sn": "05162",
            "brief": "怜恤、安慰"
        },
        "0": {
            "sn": "07235",
            "brief": "多、变多"
        }
    },
    "22": {
        "4": {
            "sn": "09001",
            "brief": "给、往、向、到、归属于"
        },
        "5": {
            "sn": "05315",
            "brief": "生命、人"
        },
        "literal": "…我的嘴唇必欢呼；(…处填入下行)我歌颂你的时候，我的性命，就是你所救赎的，也要欢呼。",
        "2": {
            "sn": "03588",
            "brief": "因为、不必翻译"
        },
        "6": {
            "sn": "00834",
            "brief": "不必翻译"
        },
        "7": {
            "sn": "06299",
            "brief": "救赎"
        },
        "0": {
            "sn": "07442",
            "brief": "歌唱、呼喊、欢呼"
        },
        "3": {
            "sn": "02167",
            "brief": "歌颂、唱歌"
        },
        "1": {
            "sn": "08193",
            "brief": "嘴唇、边缘、言语"
        }
    },
    "23": {
        "3": {
            "sn": "03117",
            "brief": "日子、时候"
        },
        "literal": "我的舌头也必终日讲论你的公义，因为那些企求我灾祸的人已经蒙羞受辱了。",
        "0": {
            "sn": "01571",
            "brief": "甚至、也"
        },
        "1": {
            "sn": "03956",
            "brief": "舌头"
        },
        "2": {
            "sn": "03605",
            "brief": "全部、整个、各"
        },
        "4": {
            "sn": "01897",
            "brief": "图谋、低语、沈思、咆哮"
        },
        "5": {
            "sn": "06666",
            "brief": "公义"
        },
        "6": {
            "sn": "03588",
            "brief": "因为、不必翻译"
        },
        "7": {
            "sn": "00954",
            "brief": "羞愧"
        },
        "8": {
            "sn": "03588",
            "brief": "因为、不必翻译"
        },
        "9": {
            "sn": "02659",
            "brief": "羞愧"
        },
        "11": {
            "sn": "07451",
            "brief": "邪恶、灾难"
        },
        "10": {
            "sn": "01245",
            "brief": "Pi‘el 寻找、渴求、想望、索求"
        }
    },
    "18": {
        "0": {
            "sn": "06666",
            "brief": "公义"
        },
        "1": {
            "sn": "00430",
            "brief": "上帝、神、神明"
        },
        "2": {
            "sn": "05704",
            "brief": "直到"
        },
        "3": {
            "sn": "04791",
            "brief": "高处"
        },
        "4": {
            "sn": "00834",
            "brief": "不必翻译"
        },
        "5": {
            "sn": "06213",
            "brief": "做"
        },
        "6": {
            "sn": "01419",
            "brief": "大的、伟大的"
        },
        "7": {
            "sn": "00430",
            "brief": "上帝、神、神明"
        },
        "8": {
            "sn": "04310",
            "brief": "谁"
        },
        "9": {
            "sn": "03644",
            "brief": "像"
        },
        "literal": "上帝啊，你的公义甚高；行过大事的上帝啊，谁能像你！"
    },
    "4": {
        "literal": "主上帝啊，你是我的盼望；从我年幼，你就是我的倚靠。",
        "0": {
            "sn": "03588",
            "brief": "因为、不必翻译"
        },
        "1": {
            "sn": "00859",
            "brief": "你"
        },
        "2": {
            "sn": "08615",
            "brief": "希望、期望"
        },
        "3": {
            "sn": "00136",
            "brief": "主人"
        },
        "4": {
            "sn": "03069",
            "brief": "上帝的名字「雅威」，犹太人尊称为「上主」"
        },
        "5": {
            "sn": "04009",
            "brief": "安稳、信赖、避难"
        },
        "6": {
            "sn": "05271",
            "brief": "幼年、年少时"
        }
    },
    "2": {
        "literal": "求祢作我栖身的磐石，使我可以常来(投靠)；祢已经吩咐要救我，因为祢是我的岩石，我的山寨。",
        "0": {
            "sn": "01961",
            "brief": "是、成为、临到"
        },
        "1": {
            "sn": "09001",
            "brief": "给、往、向、到、归属于"
        },
        "3": {
            "sn": "04583",
            "brief": "栖身处"
        },
        "4": {
            "sn": "00935",
            "brief": "来、进入、临到、发生"
        },
        "5": {
            "sn": "08548",
            "brief": "经常、一直、连续"
        },
        "6": {
            "sn": "06680",
            "brief": "Pi‘el 命令、吩咐"
        },
        "7": {
            "sn": "03467",
            "brief": "拯救"
        },
        "8": {
            "sn": "03588",
            "brief": "因为、不必翻译"
        },
        "9": {
            "sn": "05553",
            "brief": "险崖、峭壁、磐石"
        },
        "10": {
            "sn": "04686",
            "brief": "I. 网罗，II. 要塞、堡垒"
        },
        "11": {
            "sn": "00859",
            "brief": "你"
        },
        "2": {
            "sn": "06697",
            "brief": "磐石、岩石"
        }
    },
    "5": {
        "literal": "我从出母胎就被你扶持，使我离开母腹的是你。我的赞美要常常归给你！",
        "7": {
            "sn": "09002",
            "brief": "在、用、藉着、与、敌对"
        },
        "8": {
            "sn": "08416",
            "brief": "赞美"
        },
        "1": {
            "sn": "05564",
            "brief": "支持、支撑、承担"
        },
        "2": {
            "sn": "00990",
            "brief": "子宫"
        },
        "3": {
            "sn": "04578",
            "brief": "肚腹、肠子"
        },
        "4": {
            "sn": "00517",
            "brief": "母亲"
        },
        "5": {
            "sn": "00859",
            "brief": "你"
        },
        "6": {
            "sn": "01491",
            "brief": "去除、切断"
        },
        "0": {
            "sn": "05921",
            "brief": "在…上面"
        },
        "9": {
            "sn": "08548",
            "brief": "经常、一直、连续"
        }
    },
    "6": {
        "literal": "对许多人而言，我是奇怪的，但你是我坚固的避难所。",
        "0": {
            "sn": "04159",
            "brief": "奇迹"
        },
        "1": {
            "sn": "01961",
            "brief": "是、成为、临到"
        },
        "2": {
            "sn": "07227",
            "brief": "I. 形容词：大量的、许多的、充足的，II. 名词：统帅、首领。"
        },
        "3": {
            "sn": "00859",
            "brief": "你"
        },
        "4": {
            "sn": "04268",
            "brief": "避难所"
        },
        "5": {
            "sn": "05797",
            "brief": "能力、力量"
        }
    },
    "7": {
        "literal": "你的赞美，…终日必充满我的口。(…处填入下行)你的荣耀",
        "0": {
            "sn": "04390",
            "brief": "充满"
        },
        "1": {
            "sn": "06310",
            "brief": "口、命令、末端、沿岸、比例"
        },
        "2": {
            "sn": "08416",
            "brief": "赞美"
        },
        "3": {
            "sn": "03605",
            "brief": "全部、整个、各"
        },
        "4": {
            "sn": "03117",
            "brief": "日子、时候"
        },
        "5": {
            "sn": "08597",
            "brief": "茂盛、尊荣、华美"
        }
    },
    "8": {
        "literal": "我年老的时候，求你不要丢弃我！我力气衰竭时，求你不要离弃我！",
        "0": {
            "sn": "00408",
            "brief": "不"
        },
        "2": {
            "sn": "06256",
            "brief": "时间"
        },
        "3": {
            "sn": "02209",
            "brief": "年老时"
        },
        "5": {
            "sn": "03581",
            "brief": "力量"
        },
        "6": {
            "sn": "00408",
            "brief": "不"
        },
        "7": {
            "sn": "05800",
            "brief": "离弃、遗弃"
        },
        "4": {
            "sn": "03615",
            "brief": "Qal 完成、结束、停止，Pi‘el 完成、毁坏、根除"
        },
        "1": {
            "sn": "07993",
            "brief": "Hif‘il 抛弃、抛出、赶出、掷"
        }
    },
    "9": {
        "literal": "我的仇敌议论我，那些窥探要害我命的一同商议，",
        "0": {
            "sn": "03588",
            "brief": "因为、不必翻译"
        },
        "1": {
            "sn": "00559",
            "brief": "说"
        },
        "2": {
            "sn": "00341",
            "brief": "敌人、对头"
        },
        "3": {
            "sn": "09001",
            "brief": "给、往、向、到、归属于"
        },
        "4": {
            "sn": "08104",
            "brief": "谨守、小心、伺机"
        },
        "5": {
            "sn": "05315",
            "brief": "生命、人"
        },
        "6": {
            "sn": "03289",
            "brief": "定意、谘询、劝告"
        },
        "7": {
            "sn": "03162",
            "brief": "一起"
        }
    },
    "12": {
        "2": {
            "sn": "07853",
            "brief": "作对"
        },
        "3": {
            "sn": "05315",
            "brief": "生命、人"
        },
        "4": {
            "sn": "05844",
            "brief": "盖、包"
        },
        "5": {
            "sn": "02781",
            "brief": "羞辱、责备"
        },
        "6": {
            "sn": "03639",
            "brief": "羞愧、惭愧"
        },
        "8": {
            "sn": "07451",
            "brief": "邪恶、灾祸"
        },
        "1": {
            "sn": "03615",
            "brief": "Qal 完成、结束、停止，Pi‘el 完成、毁坏、根除"
        },
        "0": {
            "sn": "00954",
            "brief": "羞愧"
        },
        "literal": "愿那与我性命为敌的，羞愧被灭；愿那企求我灾祸的，受辱蒙羞。",
        "7": {
            "sn": "01245",
            "brief": "Pi‘el 寻找、渴求、想望、索求"
        }
    },
    "14": {
        "0": {
            "sn": "06310",
            "brief": "口、命令、末端、沿岸、比例"
        },
        "2": {
            "sn": "06666",
            "brief": "公义"
        },
        "3": {
            "sn": "03605",
            "brief": "全部、整个、各"
        },
        "4": {
            "sn": "03117",
            "brief": "日子、时候"
        },
        "5": {
            "sn": "08668",
            "brief": "救恩"
        },
        "6": {
            "sn": "03588",
            "brief": "因为、不必翻译"
        },
        "9": {
            "sn": "05615",
            "brief": "数目"
        },
        "8": {
            "sn": "03045",
            "brief": "Qal 知道、认识、辨别、经历，Hif‘il 使知道、宣告"
        },
        "1": {
            "sn": "05608",
            "brief": "1. 动词：述说、计算；2. 名词：文士、书记"
        },
        "7": {
            "sn": "03808",
            "brief": "不"
        },
        "literal": "我的口要终日述说你的公义和你的救恩，因我不知其数目有多少。"
    },
    "15": {
        "0": {
            "sn": "00935",
            "brief": "来、进入、临到、发生"
        },
        "1": {
            "sn": "01369",
            "brief": "能力、勇力"
        },
        "2": {
            "sn": "00136",
            "brief": "主人"
        },
        "3": {
            "sn": "03069",
            "brief": "上帝的名字「雅威」，犹太人尊称为「上主」"
        },
        "5": {
            "sn": "06666",
            "brief": "公义"
        },
        "6": {
            "sn": "00905",
            "brief": "分开、门闩、片段"
        },
        "4": {
            "sn": "02142",
            "brief": "提说、纪念、回想"
        },
        "literal": "我要来(说)主上帝大能的事，我单要提说你的公义。"
    },
    "19": {
        "1": {
            "sn": "07200",
            "brief": "Qal 看见、看顾、察觉，Nif‘al 显现，Hif‘il 显明"
        },
        "literal": "你是叫我多经历重大急难的，必使我复活，从地的深处再度救我上来。",
        "0": {
            "sn": "00834",
            "brief": "不必翻译"
        },
        "2": {
            "sn": "06869",
            "brief": "灾难、患难"
        },
        "3": {
            "sn": "07227",
            "brief": "I. 形容词：大量的、许多的、充足的，II. 名词：统帅、首领。"
        },
        "4": {
            "sn": "07451",
            "brief": "邪恶的、灾难的"
        },
        "7": {
            "sn": "08415",
            "brief": "深渊、大洋、海"
        },
        "8": {
            "sn": "00776",
            "brief": "地、邦国、疆界"
        },
        "10": {
            "sn": "05927",
            "brief": "上去、升高、生长、献上"
        },
        "6": {
            "sn": "02421",
            "brief": "Qal 活、存活，Pi‘el 生长、复苏、保存生命，Hif‘il 使存活、复活"
        },
        "5": {
            "sn": "07725",
            "brief": "Qal 回复、回转、重复，Po‘lel 带回、复兴、更新，Hif‘il 回报、报告、带回"
        },
        "9": {
            "sn": "07725",
            "brief": "Qal 回复、回转、重复，Po‘lel 带回、复兴、更新，Hif‘il 回报、报告、带回"
        }
    },
    "0": {
        "0": {
            "sn": "09002",
            "brief": "在、用、藉着、与、敌对"
        },
        "1": {
            "sn": "03068",
            "brief": "上帝的名字「雅威」，犹太人尊称为「上主」"
        },
        "2": {
            "sn": "02620",
            "brief": "投靠、信赖"
        },
        "3": {
            "sn": "00408",
            "brief": "不"
        },
        "4": {
            "sn": "00954",
            "brief": "羞愧"
        },
        "5": {
            "sn": "05769",
            "brief": "永远"
        },
        "literal": "雅威啊，我投靠你，愿我永不羞愧！"
    },
    "1": {
        "0": {
            "sn": "06666",
            "brief": "公义"
        },
        "1": {
            "sn": "05337",
            "brief": "Nif‘al 获救，Pi‘el 拯救、夺取，Hif‘il 营救、抓走"
        },
        "2": {
            "sn": "06403",
            "brief": "拯救、逃脱、安然带走"
        },
        "3": {
            "sn": "05186",
            "brief": "Qal 伸出、铺张、伸展、延长，Hif‘il 屈枉、转弯、 丢一边"
        },
        "4": {
            "sn": "00413",
            "brief": "向、往"
        },
        "5": {
            "sn": "00241",
            "brief": "耳朵"
        },
        "6": {
            "sn": "03467",
            "brief": "拯救"
        },
        "literal": "求祢凭祢的公义搭救我，救拔我；求祢侧祢的耳朵向着我，拯救我！"
    },
    "3": {
        "1": {
            "sn": "06403",
            "brief": "拯救、逃脱、安然带走"
        },
        "5": {
            "sn": "05765",
            "brief": "行不义"
        },
        "literal": "我的上帝啊，求你救我脱离恶人的手，脱离不义之人和残暴之人的手掌。",
        "0": {
            "sn": "00430",
            "brief": "上帝、神、神明"
        },
        "2": {
            "sn": "03027",
            "brief": "手、边、力量、权势"
        },
        "3": {
            "sn": "07563",
            "brief": "邪恶的"
        },
        "4": {
            "sn": "03709",
            "brief": "手掌、手"
        },
        "6": {
            "sn": "02556",
            "brief": "发酵、欺压、变红"
        }
    },
    "16": {
        "1": {
            "sn": "03925",
            "brief": "Qal 学，Pi‘el 教"
        },
        "literal": "上帝啊，自我年幼时，你就教导我；直到如今，我传扬你奇妙的作为。",
        "0": {
            "sn": "00430",
            "brief": "上帝、神、神明"
        },
        "2": {
            "sn": "05271",
            "brief": "幼年、年少时"
        },
        "3": {
            "sn": "05704",
            "brief": "直到"
        },
        "4": {
            "sn": "02008",
            "brief": "现在、这里"
        },
        "6": {
            "sn": "06381",
            "brief": "是奇妙的"
        },
        "5": {
            "sn": "05046",
            "brief": "Hif‘il 告诉、宣布、声明、通知"
        }
    },
    "11": {
        "literal": "上帝啊，求你不要远离我！我的上帝啊，求你速速帮助我！",
        "0": {
            "sn": "00430",
            "brief": "上帝、神、神明"
        },
        "1": {
            "sn": "00408",
            "brief": "不"
        },
        "2": {
            "sn": "07368",
            "brief": "远离"
        },
        "3": {
            "sn": "04480",
            "brief": "从、出、离"
        },
        "4": {
            "sn": "00430",
            "brief": "上帝、神、神明"
        },
        "5": {
            "sn": "05833",
            "brief": "救、帮助"
        },
        "6": {
            "sn": "02363",
            "brief": "I. 急忙，II. 享乐"
        }
    },
    "17": {
        "literal": "上帝啊，到(我)年老发白的时候，求你不要离弃我！直到我宣扬你的能力给下一代，(宣扬)你的力量给所有将来的人。",
        "0": {
            "sn": "01571",
            "brief": "甚至、也"
        },
        "1": {
            "sn": "05704",
            "brief": "直到"
        },
        "2": {
            "sn": "02209",
            "brief": "年老时"
        },
        "3": {
            "sn": "07872",
            "brief": "头发白"
        },
        "4": {
            "sn": "00430",
            "brief": "上帝、神、神明"
        },
        "5": {
            "sn": "00408",
            "brief": "不"
        },
        "6": {
            "sn": "05800",
            "brief": "离弃、遗弃"
        },
        "7": {
            "sn": "05704",
            "brief": "直到"
        },
        "9": {
            "sn": "02220",
            "brief": "膀臂、肩膀"
        },
        "10": {
            "sn": "01755",
            "brief": "年代、世代、后代、居所"
        },
        "11": {
            "sn": "03605",
            "brief": "全部、整个、各"
        },
        "12": {
            "sn": "00935",
            "brief": "来、进入、临到、发生"
        },
        "13": {
            "sn": "01369",
            "brief": "力量"
        },
        "8": {
            "sn": "05046",
            "brief": "Hif‘il 告诉、宣布、声明、通知"
        }
    },
    "10": {
        "7": {
            "sn": "05337",
            "brief": "Nif‘al 获救，Pi‘el 拯救、夺取，Hif‘il 营救、抓走"
        },
        "literal": "说：上帝已经离弃他；你们追赶并捉拿他吧！因为没有人搭救。",
        "0": {
            "sn": "00559",
            "brief": "说"
        },
        "1": {
            "sn": "00430",
            "brief": "上帝、神、神明"
        },
        "2": {
            "sn": "05800",
            "brief": "离弃、遗弃"
        },
        "3": {
            "sn": "07291",
            "brief": "逼迫、追赶、追求"
        },
        "4": {
            "sn": "08610",
            "brief": "掌握、掳获、攻取、抢夺"
        },
        "5": {
            "sn": "03588",
            "brief": "因为、不必翻译"
        },
        "6": {
            "sn": "00369",
            "brief": "不存在、没有"
        }
    }
}