{
    "3": {
        "5": {
            "sn": "00408",
            "brief": "不"
        },
        "3": {
            "sn": "01984",
            "brief": "Qal 照亮，Pi‘el 赞美，Pu‘al 被赞美、值得赞美，Hif‘il 发光、照亮、赞美，Hitpa‘el 夸耀、行动形同疯子，Po'el 愚妄、癫狂，Po'al 猖狂，Hitpo‘lel 行为如疯子一般"
        },
        "1": {
            "sn": "01984",
            "brief": "Qal 照亮，Pi‘el 赞美，Pu‘al 被赞美、值得赞美，Hif‘il 发光、照亮、赞美，Hitpa‘el 夸耀、行动形同疯子，Po'el 愚妄、癫狂，Po'al 猖狂，Hitpo‘lel 行为如疯子一般"
        },
        "literal": "(原文 75:5)我对狂傲的人说：不要狂傲！对凶恶的人说：不要举角！",
        "0": {
            "sn": "00559",
            "brief": "说"
        },
        "2": {
            "sn": "00408",
            "brief": "不"
        },
        "4": {
            "sn": "07563",
            "brief": "邪恶的"
        },
        "7": {
            "sn": "07161",
            "brief": "角"
        },
        "6": {
            "sn": "07311",
            "brief": "高举、抬高"
        }
    },
    "4": {
        "6": {
            "sn": "06277",
            "brief": "狂妄"
        },
        "literal": "(原文 75:6)不要把你们的角高举，不要挺着颈项说话。",
        "0": {
            "sn": "00408",
            "brief": "不"
        },
        "2": {
            "sn": "04791",
            "brief": "高处"
        },
        "3": {
            "sn": "07161",
            "brief": "角"
        },
        "5": {
            "sn": "06677",
            "brief": "颈项"
        },
        "4": {
            "sn": "01696",
            "brief": "Pi‘el 讲、说、指挥"
        },
        "1": {
            "sn": "07311",
            "brief": "高举、抬高"
        }
    },
    "0": {
        "12": {
            "sn": "05608",
            "brief": "1. 动词：述说、计算；2. 名词：文士、书记"
        },
        "0": {
            "sn": "05329",
            "brief": "Qal 优于、聪明、长久，Pi‘el 做监督、做指挥"
        },
        "literal": "(原文 75:1)(亚萨的诗歌，交给诗班指挥，调用休要毁坏。)(原文 75:2)上帝啊，我们颂赞你，我们颂赞(你)！你的名相近，人都述说你奇妙的作为。",
        "1": {
            "sn": "00516",
            "brief": "指挥的指令，用在几首诗的开头"
        },
        "2": {
            "sn": "00516",
            "brief": "指挥的指令，用在几首诗的开头"
        },
        "3": {
            "sn": "04210",
            "brief": "诗"
        },
        "4": {
            "sn": "00623",
            "brief": "亚萨"
        },
        "5": {
            "sn": "07892",
            "brief": "唱歌"
        },
        "7": {
            "sn": "09001",
            "brief": "给、往、向、到、归属于"
        },
        "8": {
            "sn": "00430",
            "brief": "上帝、神、神明"
        },
        "10": {
            "sn": "07138",
            "brief": "近的"
        },
        "11": {
            "sn": "08034",
            "brief": "名、名字"
        },
        "13": {
            "sn": "06381",
            "brief": "是奇妙的"
        },
        "6": {
            "sn": "03034",
            "brief": "Qal 射，Pi‘el 投掷，Hif‘il 称谢、赞美，Hitpa‘el 认罪、感恩"
        },
        "9": {
            "sn": "03034",
            "brief": "Qal 射，Pi‘el 投掷，Hif‘il 称谢、赞美，Hitpa‘el 认罪、感恩"
        }
    },
    "6": {
        "6": {
            "sn": "07311",
            "brief": "高举、抬高"
        },
        "4": {
            "sn": "08213",
            "brief": "变低、谦卑"
        },
        "literal": "(原文 75:8)惟有上帝断定；他使这人降卑，使那人升高。",
        "0": {
            "sn": "03588",
            "brief": "因为、不必翻译"
        },
        "1": {
            "sn": "00430",
            "brief": "上帝、神、神明"
        },
        "2": {
            "sn": "08199",
            "brief": "审判、辩白、处罚"
        },
        "3": {
            "sn": "02088",
            "brief": "这个"
        },
        "5": {
            "sn": "02088",
            "brief": "这个"
        }
    },
    "1": {
        "literal": "(原文 75:3)当我选定了日期，我就必按正直施行审判。",
        "0": {
            "sn": "03588",
            "brief": "因为、不必翻译"
        },
        "1": {
            "sn": "03947",
            "brief": "取、娶、拿"
        },
        "2": {
            "sn": "04150",
            "brief": "集会、节庆、定点、定时"
        },
        "3": {
            "sn": "00589",
            "brief": "我"
        },
        "4": {
            "sn": "04339",
            "brief": "平等、正直"
        },
        "5": {
            "sn": "08199",
            "brief": "审判、辩白、处罚"
        }
    },
    "2": {
        "5": {
            "sn": "08505",
            "brief": "测量、公正、使平"
        },
        "literal": "(原文 75:4)地和其上的居民都融化了；立了它(指地)的柱子的就是我。(细拉)",
        "0": {
            "sn": "04127",
            "brief": "融解、溶解、熔化"
        },
        "1": {
            "sn": "00776",
            "brief": "地、邦国、疆界"
        },
        "2": {
            "sn": "03605",
            "brief": "全部、整个、各"
        },
        "3": {
            "sn": "03427",
            "brief": "居住、坐、停留"
        },
        "4": {
            "sn": "00595",
            "brief": "我"
        },
        "6": {
            "sn": "05982",
            "brief": "柱"
        },
        "7": {
            "sn": "05542",
            "brief": "举高、乐曲中的休止符，音译「细拉」"
        }
    },
    "5": {
        "1": {
            "sn": "03808",
            "brief": "不"
        },
        "4": {
            "sn": "03808",
            "brief": "不"
        },
        "6": {
            "sn": "07311",
            "brief": "高举、抬高"
        },
        "literal": "(原文 75:7)因为非从东，非从西，也非从南而高举。",
        "0": {
            "sn": "03588",
            "brief": "因为、不必翻译"
        },
        "2": {
            "sn": "04161",
            "brief": "流出、根源、东方"
        },
        "3": {
            "sn": "04628",
            "brief": "日落之处、西方"
        },
        "5": {
            "sn": "04057",
            "brief": "旷野"
        }
    },
    "9": {
        "3": {
            "sn": "01438",
            "brief": "砍"
        },
        "literal": "(原文 75:11)恶人一切的角，我要砍断；惟有义人的角必被高举。",
        "0": {
            "sn": "03605",
            "brief": "所有、全部、整个、各"
        },
        "1": {
            "sn": "07161",
            "brief": "角"
        },
        "2": {
            "sn": "07563",
            "brief": "邪恶的"
        },
        "5": {
            "sn": "07161",
            "brief": "角"
        },
        "6": {
            "sn": "06662",
            "brief": "公义的"
        },
        "4": {
            "sn": "07311",
            "brief": "高举、抬高"
        }
    },
    "7": {
        "literal": "(原文 75:9)雅威手里有杯，(杯内的)酒起沫，满了搀杂物；他将这个倒出来，…必喝且喝尽它的渣滓。(…处填入下行)地上所有的恶人都",
        "0": {
            "sn": "03588",
            "brief": "因为、不必翻译"
        },
        "1": {
            "sn": "03563",
            "brief": "杯"
        },
        "2": {
            "sn": "03027",
            "brief": "手、边、力量、权势"
        },
        "3": {
            "sn": "03068",
            "brief": "上帝的名字「雅威」，犹太人尊称为「上主」"
        },
        "4": {
            "sn": "03196",
            "brief": "酒"
        },
        "5": {
            "sn": "02560",
            "brief": "Qal 煮沸, 起泡沫，Pe'al'al 烦乱、扰乱"
        },
        "6": {
            "sn": "04392",
            "brief": "充满的"
        },
        "7": {
            "sn": "04538",
            "brief": "混合物"
        },
        "9": {
            "sn": "02088",
            "brief": "这个"
        },
        "10": {
            "sn": "00389",
            "brief": "然而、其实、当然"
        },
        "11": {
            "sn": "08105",
            "brief": "渣滓"
        },
        "12": {
            "sn": "04680",
            "brief": "流尽"
        },
        "13": {
            "sn": "08354",
            "brief": "喝"
        },
        "14": {
            "sn": "03605",
            "brief": "所有、全部、整个、各"
        },
        "8": {
            "sn": "05064",
            "brief": "流出、倒出"
        },
        "15": {
            "sn": "07563",
            "brief": "邪恶的"
        },
        "16": {
            "sn": "00776",
            "brief": "地、邦国、疆界"
        }
    },
    "8": {
        "literal": "(原文 75:10)但我要宣扬，直到永远！我要歌颂雅各的上帝！",
        "0": {
            "sn": "00589",
            "brief": "我"
        },
        "2": {
            "sn": "05769",
            "brief": "永远"
        },
        "4": {
            "sn": "00430",
            "brief": "上帝、神、神明"
        },
        "5": {
            "sn": "03290",
            "brief": "雅各"
        },
        "3": {
            "sn": "02167",
            "brief": "歌颂、唱歌"
        },
        "1": {
            "sn": "05046",
            "brief": "Hif‘il 告诉、宣布、声明、通知"
        }
    }
}