{
    "70": {
        "3": {
            "sn": "07462",
            "brief": "I. 吃草、放牧、喂养；II. 结交、与...作伴"
        },
        "literal": "叫他不再跟在那些带奶的母羊后面(意思是照管)，为要牧养自己的百姓雅各和自己的产业以色列。",
        "0": {
            "sn": "00310",
            "brief": "后面、跟着"
        },
        "1": {
            "sn": "05763",
            "brief": "乳养"
        },
        "2": {
            "sn": "00935",
            "brief": "来、进入、临到、发生"
        },
        "4": {
            "sn": "03290",
            "brief": "雅各"
        },
        "5": {
            "sn": "05971",
            "brief": "百姓、国民"
        },
        "6": {
            "sn": "03478",
            "brief": "以色列"
        },
        "7": {
            "sn": "05159",
            "brief": "产业"
        }
    },
    "53": {
        "4": {
            "sn": "02022",
            "brief": "山"
        },
        "0": {
            "sn": "00935",
            "brief": "来、进入、临到、发生"
        },
        "literal": "他领他们到自己圣地的边界，到他右手所得的这山地。",
        "1": {
            "sn": "00413",
            "brief": "向、往"
        },
        "2": {
            "sn": "01366",
            "brief": "边界、领土"
        },
        "3": {
            "sn": "06944",
            "brief": "圣所、圣物、神圣"
        },
        "5": {
            "sn": "02088",
            "brief": "这个"
        },
        "6": {
            "sn": "07069",
            "brief": "购买、取得、持有、创造"
        },
        "7": {
            "sn": "03225",
            "brief": "右手、右边、南方"
        }
    },
    "67": {
        "0": {
            "sn": "00977",
            "brief": "选择、拣选、挑选"
        },
        "8": {
            "sn": "00157",
            "brief": "爱"
        },
        "6": {
            "sn": "06726",
            "brief": "锡安"
        },
        "7": {
            "sn": "00834",
            "brief": "不必翻译"
        },
        "literal": "却拣选犹大支派，(拣选)他所喜爱的锡安山。",
        "1": {
            "sn": "00853",
            "brief": "不必翻译"
        },
        "2": {
            "sn": "07626",
            "brief": "棍、杖、支派、分支"
        },
        "3": {
            "sn": "03063",
            "brief": "犹大"
        },
        "4": {
            "sn": "00853",
            "brief": "不必翻译"
        },
        "5": {
            "sn": "02022",
            "brief": "山"
        }
    },
    "2": {
        "5": {
            "sn": "09001",
            "brief": "给、往、向、到、归属于"
        },
        "1": {
            "sn": "08085",
            "brief": "Qal 听、听从，Hif‘il 说明、使…听"
        },
        "literal": "是我们所听见，为我们所知，我们的祖宗曾告诉我们的。",
        "0": {
            "sn": "00834",
            "brief": "不必翻译"
        },
        "3": {
            "sn": "00001",
            "brief": "父亲、祖先"
        },
        "4": {
            "sn": "05608",
            "brief": "1. 动词：述说、计算；2. 名词：文士、书记"
        },
        "2": {
            "sn": "03045",
            "brief": "Qal 知道、认识、辨别、经历，Hif‘il 使知道、宣告"
        }
    },
    "16": {
        "3": {
            "sn": "09001",
            "brief": "给、往、向、到、归属于"
        },
        "4": {
            "sn": "04784",
            "brief": "背叛、不顺从"
        },
        "0": {
            "sn": "03254",
            "brief": "再一次、增添"
        },
        "literal": "他们却仍旧得罪他，在干旱之地悖逆至高者。",
        "5": {
            "sn": "05945",
            "brief": "1. 名词：至高者、至高处，2. 形容词：高的、上面的"
        },
        "6": {
            "sn": "06723",
            "brief": "干燥"
        },
        "2": {
            "sn": "02398",
            "brief": "Qal 犯罪；Pi‘el 献赎罪祭、得洁净；Hif‘il 导致犯罪；Hitpa‘el 迷失、洁净自己"
        },
        "1": {
            "sn": "05750",
            "brief": "再、仍然、持续"
        }
    },
    "24": {
        "6": {
            "sn": "09001",
            "brief": "给、往、向、到、归属于"
        },
        "literal": "各人就吃强有力者的食物。他差遣粮食，使他们饱足。",
        "0": {
            "sn": "03899",
            "brief": "饼、面包、食物"
        },
        "1": {
            "sn": "00047",
            "brief": "顽固的、强有力的"
        },
        "2": {
            "sn": "00398",
            "brief": "吃、吞吃"
        },
        "3": {
            "sn": "00376",
            "brief": "各人、人、男人、丈夫"
        },
        "4": {
            "sn": "06720",
            "brief": "食物"
        },
        "5": {
            "sn": "07971",
            "brief": "差遣、释放、送走、伸出、伸展"
        },
        "7": {
            "sn": "07648",
            "brief": "满足、丰富"
        }
    },
    "28": {
        "5": {
            "sn": "09001",
            "brief": "给、往、向、到、归属于"
        },
        "literal": "他们吃了，而且饱足；他们所想望的，他都带给了他们。",
        "0": {
            "sn": "00398",
            "brief": "吃、吞吃"
        },
        "1": {
            "sn": "07646",
            "brief": "满足、饱足"
        },
        "2": {
            "sn": "03966",
            "brief": "极其、非常"
        },
        "3": {
            "sn": "08378",
            "brief": "羡慕、渴慕"
        },
        "4": {
            "sn": "00935",
            "brief": "来、进入、临到、发生"
        }
    },
    "37": {
        "9": {
            "sn": "03808",
            "brief": "不"
        },
        "5": {
            "sn": "07843",
            "brief": "败坏、破坏"
        },
        "6": {
            "sn": "07235",
            "brief": "多、变多"
        },
        "10": {
            "sn": "05782",
            "brief": "举起、醒起、激起"
        },
        "7": {
            "sn": "07725",
            "brief": "Qal 回复、回转、重复，Po‘lel 带回、复兴、更新，Hif‘il 回报、报告、带回"
        },
        "literal": "但他有怜悯，洁净他们的罪孽，不灭绝他们，而且多次撤回他的怒气，不发尽他的忿怒。",
        "0": {
            "sn": "01931",
            "brief": "他"
        },
        "1": {
            "sn": "07349",
            "brief": "有怜悯的"
        },
        "3": {
            "sn": "05771",
            "brief": "罪孽、邪恶"
        },
        "2": {
            "sn": "03722",
            "brief": "洁净、遮盖"
        },
        "8": {
            "sn": "00639",
            "brief": "鼻子、怒气、脸"
        },
        "11": {
            "sn": "03605",
            "brief": "全部、整个、各"
        },
        "12": {
            "sn": "02534",
            "brief": "怒气、热"
        },
        "4": {
            "sn": "03808",
            "brief": "不"
        }
    },
    "52": {
        "2": {
            "sn": "03808",
            "brief": "不"
        },
        "0": {
            "sn": "05148",
            "brief": "引导"
        },
        "literal": "他领他们稳稳妥妥地，使他们不致害怕；海却淹没他们的仇敌。",
        "1": {
            "sn": "00983",
            "brief": "安然、平安"
        },
        "6": {
            "sn": "03680",
            "brief": "遮盖、隐藏"
        },
        "3": {
            "sn": "06342",
            "brief": "恐惧、害怕"
        },
        "4": {
            "sn": "00853",
            "brief": "不必翻译"
        },
        "5": {
            "sn": "00341",
            "brief": "敌人、对头"
        },
        "7": {
            "sn": "03220",
            "brief": "海、西方"
        }
    },
    "63": {
        "4": {
            "sn": "03808",
            "brief": "不"
        },
        "literal": "他的祭司倒在刀下，他的寡妇却不哀哭。",
        "0": {
            "sn": "03548",
            "brief": "祭司"
        },
        "1": {
            "sn": "02719",
            "brief": "刀、刀剑"
        },
        "2": {
            "sn": "05307",
            "brief": "跌落、跌倒、使签落在..."
        },
        "3": {
            "sn": "00490",
            "brief": "寡妇"
        },
        "5": {
            "sn": "01058",
            "brief": "哭"
        }
    },
    "7": {
        "0": {
            "sn": "03808",
            "brief": "不"
        },
        "7": {
            "sn": "03808",
            "brief": "不"
        },
        "10": {
            "sn": "03808",
            "brief": "不"
        },
        "literal": "而不是像他们的祖宗，为顽梗悖逆的一代，心不坚定、…的一代。(…处填入下行)对上帝心不忠实",
        "1": {
            "sn": "01961",
            "brief": "是、成为、临到"
        },
        "2": {
            "sn": "00001",
            "brief": "父亲、祖先"
        },
        "3": {
            "sn": "01755",
            "brief": "年代、世代、后代、居所"
        },
        "4": {
            "sn": "05637",
            "brief": "背逆、背叛"
        },
        "5": {
            "sn": "04784",
            "brief": "背叛、不顺从"
        },
        "6": {
            "sn": "01755",
            "brief": "年代、世代、后代、居所"
        },
        "9": {
            "sn": "03820",
            "brief": "心"
        },
        "12": {
            "sn": "00853",
            "brief": "不必翻译"
        },
        "13": {
            "sn": "00410",
            "brief": "上帝、神明、能力、力量"
        },
        "14": {
            "sn": "07307",
            "brief": "风、心、灵、气息"
        },
        "8": {
            "sn": "03559",
            "brief": "Hif‘il 预备、建立、坚立"
        },
        "11": {
            "sn": "00539",
            "brief": "Qal 坚定、支持，Nif‘al 确立、忠心、可靠的，Hif‘il 相信、确信"
        }
    },
    "3": {
        "9": {
            "sn": "06381",
            "brief": "是奇妙的"
        },
        "5": {
            "sn": "05608",
            "brief": "1. 动词：述说、计算；2. 名词：文士、书记"
        },
        "literal": "我们不向他们的子孙隐瞒这些事，而是将…述说给后代听。(…处填入下行)雅威(应得)的赞美和他的能力，并他所行的奇事，",
        "1": {
            "sn": "03582",
            "brief": "隐瞒、隐藏、剪除、灭亡"
        },
        "2": {
            "sn": "01121",
            "brief": "儿子、孙子、后裔、成员"
        },
        "3": {
            "sn": "01755",
            "brief": "年代、世代、后代、居所"
        },
        "4": {
            "sn": "00314",
            "brief": "末后的"
        },
        "6": {
            "sn": "08416",
            "brief": "赞美"
        },
        "7": {
            "sn": "03068",
            "brief": "上帝的名字「雅威」，犹太人尊称为「上主」"
        },
        "8": {
            "sn": "05807",
            "brief": "勇力、力量"
        },
        "10": {
            "sn": "00834",
            "brief": "不必翻译"
        },
        "11": {
            "sn": "06213",
            "brief": "做"
        },
        "0": {
            "sn": "03808",
            "brief": "不"
        }
    },
    "10": {
        "2": {
            "sn": "06381",
            "brief": "是奇妙的"
        },
        "4": {
            "sn": "07200",
            "brief": "Qal 看见、看顾、察觉，Nif‘al 显现，Hif‘il 显明"
        },
        "literal": "又忘记他的作为和他所彰显的奇事。",
        "0": {
            "sn": "07911",
            "brief": "忘记"
        },
        "1": {
            "sn": "05949",
            "brief": "所行的、作为"
        },
        "3": {
            "sn": "00834",
            "brief": "不必翻译"
        }
    },
    "31": {
        "6": {
            "sn": "06381",
            "brief": "是奇妙的"
        },
        "2": {
            "sn": "02398",
            "brief": "Qal 犯罪；Pi‘el 献赎罪祭、得洁净；Hif‘il 导致犯罪；Hitpa‘el 迷失、洁净自己"
        },
        "5": {
            "sn": "00539",
            "brief": "Qal 坚定、支持，Nif‘al 确立、忠心、可靠的，Hif‘il 相信、确信"
        },
        "literal": "虽是这样，他们仍旧犯罪，不信服他奇妙的作为。",
        "0": {
            "sn": "03605",
            "brief": "全部、整个、各"
        },
        "1": {
            "sn": "02063",
            "brief": "这个"
        },
        "4": {
            "sn": "03808",
            "brief": "不"
        },
        "3": {
            "sn": "05750",
            "brief": "再、仍然、持续"
        }
    },
    "56": {
        "3": {
            "sn": "02015",
            "brief": "推翻、倾覆、转变"
        },
        "literal": "反倒退后，行诡诈，像他们的祖宗一样；他们反覆，如同松弛的弓。",
        "0": {
            "sn": "05472",
            "brief": "移动、退后"
        },
        "1": {
            "sn": "00898",
            "brief": "行诡诈、不忠"
        },
        "2": {
            "sn": "00001",
            "brief": "父亲、祖先"
        },
        "4": {
            "sn": "07198",
            "brief": "弓、彩虹"
        },
        "5": {
            "sn": "07423",
            "brief": "诡诈、欺骗、松弛"
        }
    },
    "45": {
        "literal": "把他们的农产品交给蚂蚱，把他们的劳碌(指劳碌所得)交给队蝗。",
        "0": {
            "sn": "05414",
            "brief": "给"
        },
        "1": {
            "sn": "02625",
            "brief": "蚂蚱"
        },
        "2": {
            "sn": "02981",
            "brief": "果实"
        },
        "3": {
            "sn": "03018",
            "brief": "劳碌"
        },
        "4": {
            "sn": "00697",
            "brief": "队蝗"
        }
    },
    "6": {
        "8": {
            "sn": "05341",
            "brief": "谨守、遵守、保护、封锁"
        },
        "literal": "好叫他们把盼望寄于上帝，不忘记上帝的作为，惟遵守他的命令。",
        "0": {
            "sn": "07760",
            "brief": "置、放"
        },
        "1": {
            "sn": "00430",
            "brief": "上帝、神、神明"
        },
        "2": {
            "sn": "03689",
            "brief": "1. 腰部、腰窝，2. 愚笨，3. 信心、盼望"
        },
        "4": {
            "sn": "07911",
            "brief": "忘记"
        },
        "5": {
            "sn": "04611",
            "brief": "工作、作为"
        },
        "6": {
            "sn": "00410",
            "brief": "上帝、神明、能力、力量"
        },
        "7": {
            "sn": "04687",
            "brief": "命令、吩咐"
        },
        "3": {
            "sn": "03808",
            "brief": "不"
        }
    },
    "19": {
        "6": {
            "sn": "07857",
            "brief": "涨溢、泛滥、吞没、洗"
        },
        "7": {
            "sn": "01571",
            "brief": "也"
        },
        "8": {
            "sn": "03899",
            "brief": "饼、面包、食物"
        },
        "9": {
            "sn": "03201",
            "brief": "能够"
        },
        "1": {
            "sn": "05221",
            "brief": "Hif‘il 击打、击杀"
        },
        "literal": "他曾击打磐石，使水涌出，(如)江河泛滥；他也能赐粮食吗？也能为他的百姓预备肉吗？",
        "0": {
            "sn": "02005",
            "brief": "看哪"
        },
        "3": {
            "sn": "02100",
            "brief": "涌出、喷出"
        },
        "4": {
            "sn": "04325",
            "brief": "水"
        },
        "5": {
            "sn": "05158",
            "brief": "山谷、溪谷、河谷、河床"
        },
        "10": {
            "sn": "05414",
            "brief": "给"
        },
        "11": {
            "sn": "00518",
            "brief": "如果"
        },
        "13": {
            "sn": "07607",
            "brief": "肉、肉身"
        },
        "14": {
            "sn": "05971",
            "brief": "百姓、国民"
        },
        "12": {
            "sn": "03559",
            "brief": "Hif‘il 预备、建立、坚立"
        },
        "2": {
            "sn": "06697",
            "brief": "磐石、岩石"
        }
    },
    "13": {
        "3": {
            "sn": "03605",
            "brief": "全部、整个、各"
        },
        "literal": "他白日用云彩，…引导他们。(…处填入下行)终夜用火光",
        "1": {
            "sn": "06051",
            "brief": "云"
        },
        "2": {
            "sn": "03119",
            "brief": "白天"
        },
        "4": {
            "sn": "03915",
            "brief": "夜晚"
        },
        "5": {
            "sn": "00216",
            "brief": "光明、光"
        },
        "6": {
            "sn": "00784",
            "brief": "火"
        },
        "0": {
            "sn": "05148",
            "brief": "引导"
        }
    },
    "59": {
        "2": {
            "sn": "07887",
            "brief": "示罗"
        },
        "4": {
            "sn": "07931",
            "brief": "居住、定居、安置"
        },
        "literal": "甚至他离弃示罗的帐幕，就是他在人间所搭的帐棚；",
        "0": {
            "sn": "05203",
            "brief": "离弃"
        },
        "1": {
            "sn": "04908",
            "brief": "居所、住处、会幕"
        },
        "3": {
            "sn": "00168",
            "brief": "帐棚、帐蓬"
        },
        "5": {
            "sn": "00120",
            "brief": "人"
        }
    },
    "17": {
        "0": {
            "sn": "05254",
            "brief": "试验、试探"
        },
        "literal": "他们心中试探上帝，随自己所欲的求食物，",
        "1": {
            "sn": "00410",
            "brief": "上帝、神明、能力、力量"
        },
        "2": {
            "sn": "03824",
            "brief": "心"
        },
        "3": {
            "sn": "07592",
            "brief": "问、求"
        },
        "4": {
            "sn": "00400",
            "brief": "食物"
        },
        "5": {
            "sn": "05315",
            "brief": "生命、心、人、胃口"
        }
    },
    "35": {
        "3": {
            "sn": "03576",
            "brief": "无效、欺骗、说谎"
        },
        "0": {
            "sn": "06601",
            "brief": "引诱、欺骗、劝服"
        },
        "literal": "他们却用他们的口谄媚他，用他们的舌向他说谎。",
        "1": {
            "sn": "06310",
            "brief": "口、命令、末端、沿岸、比例"
        },
        "2": {
            "sn": "03956",
            "brief": "语言、舌头"
        },
        "4": {
            "sn": "09001",
            "brief": "给、往、向、到、归属于"
        }
    },
    "5": {
        "7": {
            "sn": "05608",
            "brief": "1. 动词：述说、计算；2. 名词：文士、书记"
        },
        "literal": "使将要生的后代子孙可以晓得。他们也要起来告诉他们的子孙，",
        "0": {
            "sn": "04616",
            "brief": "为了"
        },
        "2": {
            "sn": "01755",
            "brief": "年代、世代、后代、居所"
        },
        "3": {
            "sn": "00314",
            "brief": "末后的"
        },
        "4": {
            "sn": "01121",
            "brief": "儿子、孙子、后裔、成员"
        },
        "5": {
            "sn": "03205",
            "brief": "生出、出生"
        },
        "6": {
            "sn": "06965",
            "brief": "起来、设立、坚立"
        },
        "8": {
            "sn": "01121",
            "brief": "儿子、孙子、后裔、成员"
        },
        "1": {
            "sn": "03045",
            "brief": "Qal 知道、认识、辨别、经历，Hif‘il 使知道、宣告"
        }
    },
    "51": {
        "3": {
            "sn": "05090",
            "brief": "掳去、驱赶、引导"
        },
        "literal": "他却领出自己的子民如羊，在旷野引导他们如羊群。",
        "1": {
            "sn": "06629",
            "brief": "羊"
        },
        "2": {
            "sn": "05971",
            "brief": "百姓、国民"
        },
        "4": {
            "sn": "05739",
            "brief": "羊群、畜群"
        },
        "5": {
            "sn": "04057",
            "brief": "旷野"
        },
        "0": {
            "sn": "05265",
            "brief": "出发、拔营、启程"
        }
    },
    "54": {
        "0": {
            "sn": "01644",
            "brief": "驱赶、翻腾"
        },
        "4": {
            "sn": "02256",
            "brief": "绳索"
        },
        "literal": "他在他们面前赶出外邦人，用绳子拈阄，(将它们分)给他们为业，叫以色列支派住在自己的帐棚里。",
        "1": {
            "sn": "06440",
            "brief": "脸面"
        },
        "2": {
            "sn": "01471",
            "brief": "国家、人民"
        },
        "5": {
            "sn": "05159",
            "brief": "产业"
        },
        "7": {
            "sn": "00168",
            "brief": "帐棚、帐蓬"
        },
        "8": {
            "sn": "07626",
            "brief": "棍、杖、支派、分支"
        },
        "9": {
            "sn": "03478",
            "brief": "以色列"
        },
        "3": {
            "sn": "05307",
            "brief": "跌落、跌倒、使签落在..."
        },
        "6": {
            "sn": "07931",
            "brief": "居住、定居、安置"
        }
    },
    "22": {
        "0": {
            "sn": "06680",
            "brief": "Pi‘el 命令、吩咐"
        },
        "literal": "他却吩咐云彩，又敞开天上的门，",
        "1": {
            "sn": "07834",
            "brief": "云"
        },
        "2": {
            "sn": "04605",
            "brief": "上面"
        },
        "3": {
            "sn": "01817",
            "brief": "门户、城门"
        },
        "4": {
            "sn": "08064",
            "brief": "天"
        },
        "5": {
            "sn": "06605",
            "brief": "打开、松开、雕刻"
        }
    },
    "62": {
        "5": {
            "sn": "01984",
            "brief": "Qal 照亮，Pi‘el 赞美，Pu‘al 被赞美、值得赞美，Hif‘il 发光、照亮、赞美，Hitpa‘el 夸耀、行动形同疯子，Po'el 愚妄、癫狂，Po'al 猖狂，Hitpo‘lel 行为如疯子一般"
        },
        "literal": "他的少年人被火烧灭，他的童女也无婚姻颂歌。",
        "0": {
            "sn": "00970",
            "brief": "年轻人"
        },
        "1": {
            "sn": "00398",
            "brief": "吃、吞吃"
        },
        "2": {
            "sn": "00784",
            "brief": "火"
        },
        "3": {
            "sn": "01330",
            "brief": "处女"
        },
        "4": {
            "sn": "03808",
            "brief": "不"
        }
    },
    "0": {
        "2": {
            "sn": "00238",
            "brief": "侧耳听、留心听"
        },
        "5": {
            "sn": "05186",
            "brief": "Qal 伸出、铺张、伸展、延长，Hif‘il 屈枉、转弯、 丢一边"
        },
        "literal": "(亚萨的训诲诗。)我的民哪，你们要留心听我的教诲，侧耳听我口中的话语。",
        "0": {
            "sn": "04905",
            "brief": "诗、默想的诗歌"
        },
        "1": {
            "sn": "00623",
            "brief": "亚萨"
        },
        "3": {
            "sn": "05971",
            "brief": "百姓、国民"
        },
        "4": {
            "sn": "08451",
            "brief": "训诲、律法"
        },
        "6": {
            "sn": "00241",
            "brief": "耳朵"
        },
        "7": {
            "sn": "00561",
            "brief": "言语"
        },
        "8": {
            "sn": "06310",
            "brief": "口、命令、末端、沿岸、比例"
        }
    },
    "4": {
        "10": {
            "sn": "03045",
            "brief": "Qal 知道、认识、辨别、经历，Hif‘il 使知道、宣告"
        },
        "literal": "他在雅各中立法度，在以色列中设律法；是他吩咐我们祖宗要传给他们子孙的，",
        "1": {
            "sn": "05715",
            "brief": "见证、证言"
        },
        "2": {
            "sn": "03290",
            "brief": "雅各"
        },
        "3": {
            "sn": "08451",
            "brief": "训诲、律法"
        },
        "4": {
            "sn": "07760",
            "brief": "置、放"
        },
        "5": {
            "sn": "03478",
            "brief": "以色列"
        },
        "6": {
            "sn": "00834",
            "brief": "不必翻译"
        },
        "8": {
            "sn": "00853",
            "brief": "不必翻译"
        },
        "9": {
            "sn": "00001",
            "brief": "父亲、祖先"
        },
        "11": {
            "sn": "01121",
            "brief": "儿子、孙子、后裔、成员"
        },
        "7": {
            "sn": "06680",
            "brief": "Pi‘el 命令、吩咐"
        },
        "0": {
            "sn": "06965",
            "brief": "起来、设立、坚立"
        }
    },
    "12": {
        "3": {
            "sn": "05324",
            "brief": "Nif’al 起来、立起，Hif‘il 安置、安排"
        },
        "literal": "他将海分开，使他们渡过，又叫水立起如垒。",
        "0": {
            "sn": "01234",
            "brief": "裂开"
        },
        "1": {
            "sn": "03220",
            "brief": "海、西方"
        },
        "4": {
            "sn": "04325",
            "brief": "水"
        },
        "5": {
            "sn": "03644",
            "brief": "像"
        },
        "6": {
            "sn": "05067",
            "brief": "堆"
        },
        "2": {
            "sn": "05674",
            "brief": "经过、穿越、涨溢、离开、拿走、违犯、废除"
        }
    },
    "39": {
        "3": {
            "sn": "06087",
            "brief": "I. 受伤；II. 塑形"
        },
        "literal": "他们在旷野悖逆他，…何其多呢！(…处填入下行)在荒地叫他担忧，",
        "0": {
            "sn": "04100",
            "brief": "什么"
        },
        "2": {
            "sn": "04057",
            "brief": "旷野"
        },
        "4": {
            "sn": "03452",
            "brief": "沙漠、旷野"
        },
        "1": {
            "sn": "04784",
            "brief": "背叛、不顺从"
        }
    },
    "44": {
        "5": {
            "sn": "07843",
            "brief": "败坏、破坏"
        },
        "0": {
            "sn": "07971",
            "brief": "差遣、释放、送走、伸出、伸展"
        },
        "literal": "他叫苍蝇成群落在他们当中，嘬尽他们，又叫青蛙败坏他们，",
        "1": {
            "sn": "09002",
            "brief": "在、用、藉着、与、敌对"
        },
        "2": {
            "sn": "06157",
            "brief": "成群"
        },
        "3": {
            "sn": "00398",
            "brief": "吃、吞吃"
        },
        "4": {
            "sn": "06854",
            "brief": "青蛙"
        }
    },
    "57": {
        "0": {
            "sn": "03707",
            "brief": "发怒"
        },
        "3": {
            "sn": "07065",
            "brief": "嫉妒"
        },
        "literal": "以他们的邱坛惹他发怒，以他们雕刻的偶像使他妒忌。",
        "1": {
            "sn": "01116",
            "brief": "高处、邱坛"
        },
        "2": {
            "sn": "06456",
            "brief": "偶像"
        }
    },
    "49": {
        "9": {
            "sn": "05462",
            "brief": "Qal 关闭、堵塞，Pi‘el 关闭、交付，Hif‘il 关闭、交付"
        },
        "3": {
            "sn": "03808",
            "brief": "不"
        },
        "0": {
            "sn": "06424",
            "brief": "修平、弄平"
        },
        "literal": "他为自己的怒气修平了路，…不惜令他们的生命死亡，(…处填入下行)将他们的性命交给瘟疫，",
        "1": {
            "sn": "05410",
            "brief": "路径"
        },
        "2": {
            "sn": "00639",
            "brief": "鼻子、怒气、脸"
        },
        "4": {
            "sn": "02820",
            "brief": "限制、抑制、阻止"
        },
        "5": {
            "sn": "04194",
            "brief": "死亡"
        },
        "6": {
            "sn": "05315",
            "brief": "生命、心、人、胃口"
        },
        "7": {
            "sn": "02416",
            "brief": "活物"
        },
        "8": {
            "sn": "01698",
            "brief": "灾害、瘟疫"
        }
    },
    "36": {
        "5": {
            "sn": "00539",
            "brief": "Qal 坚定、支持，Nif‘al 确立、忠心、可靠的，Hif‘il 相信、确信"
        },
        "literal": "他们的心向他不坚定，他们也不忠实于他的约。",
        "0": {
            "sn": "03820",
            "brief": "心"
        },
        "3": {
            "sn": "05973",
            "brief": "跟"
        },
        "6": {
            "sn": "01285",
            "brief": "约"
        },
        "1": {
            "sn": "03808",
            "brief": "不"
        },
        "4": {
            "sn": "03808",
            "brief": "不"
        },
        "2": {
            "sn": "03559",
            "brief": "Hif‘il 预备、建立、坚立"
        }
    },
    "40": {
        "0": {
            "sn": "07725",
            "brief": "Qal 回复、回转、重复，Po‘lel 带回、复兴、更新，Hif‘il 回报、报告、带回"
        },
        "literal": "他们再三试探上帝，惹动以色列的圣者。",
        "2": {
            "sn": "00410",
            "brief": "上帝、神明、能力、力量"
        },
        "3": {
            "sn": "06918",
            "brief": "圣的、神圣的"
        },
        "4": {
            "sn": "03478",
            "brief": "以色列"
        },
        "1": {
            "sn": "05254",
            "brief": "试验、试探"
        },
        "5": {
            "sn": "08428",
            "brief": "使痛苦、使烦扰"
        }
    },
    "60": {
        "literal": "又将他的约柜(原文是能力)交与人掳去，将他的荣耀交在敌人手中；",
        "0": {
            "sn": "05414",
            "brief": "给"
        },
        "1": {
            "sn": "07628",
            "brief": "被掳、俘虏"
        },
        "2": {
            "sn": "05797",
            "brief": "能力、力量"
        },
        "3": {
            "sn": "08597",
            "brief": "华美、尊荣"
        },
        "4": {
            "sn": "03027",
            "brief": "手、边、力量、权势"
        },
        "5": {
            "sn": "06862",
            "brief": "I. 狭窄的；II. 患难、困境；III. 敌人"
        }
    },
    "29": {
        "literal": "他们尚未对所欲的生厌，他们的食物还在他们口中的时候，",
        "1": {
            "sn": "02114",
            "brief": "做外国人、做陌生人"
        },
        "2": {
            "sn": "08378",
            "brief": "羡慕、渴慕"
        },
        "4": {
            "sn": "00400",
            "brief": "食物"
        },
        "5": {
            "sn": "06310",
            "brief": "口、命令、末端、沿岸、比例"
        },
        "0": {
            "sn": "03808",
            "brief": "不"
        },
        "3": {
            "sn": "05750",
            "brief": "再、仍然、持续"
        }
    },
    "34": {
        "literal": "他们追念上帝是他们的磐石，至高的上帝是他们的救赎者。",
        "0": {
            "sn": "02142",
            "brief": "提说、纪念、回想"
        },
        "1": {
            "sn": "03588",
            "brief": "因为、不必翻译"
        },
        "2": {
            "sn": "00430",
            "brief": "上帝、神、神明"
        },
        "4": {
            "sn": "00410",
            "brief": "上帝、神明、能力、力量"
        },
        "5": {
            "sn": "05945",
            "brief": "1. 名词：至高者、至高处，2. 形容词：高的、上面的"
        },
        "6": {
            "sn": "01350",
            "brief": "赎回"
        },
        "3": {
            "sn": "06697",
            "brief": "磐石、岩石"
        }
    },
    "23": {
        "5": {
            "sn": "08064",
            "brief": "天"
        },
        "6": {
            "sn": "05414",
            "brief": "给"
        },
        "0": {
            "sn": "04305",
            "brief": "下雨"
        },
        "literal": "降吗哪像雨，给他们吃，将天上的粮食赐给他们。",
        "1": {
            "sn": "05921",
            "brief": "在…上面"
        },
        "2": {
            "sn": "04478",
            "brief": "吗哪"
        },
        "3": {
            "sn": "00398",
            "brief": "吃、吞吃"
        },
        "4": {
            "sn": "01715",
            "brief": "五榖"
        },
        "7": {
            "sn": "09001",
            "brief": "给、往、向、到、归属于"
        }
    },
    "1": {
        "literal": "我要开我的口说比喻，我要说出古时的谜语，",
        "0": {
            "sn": "06605",
            "brief": "打开、松开、雕刻"
        },
        "1": {
            "sn": "04912",
            "brief": "箴言、笑柄"
        },
        "2": {
            "sn": "06310",
            "brief": "口、命令、末端、沿岸、比例"
        },
        "4": {
            "sn": "02420",
            "brief": "谜、难题、比喻"
        },
        "5": {
            "sn": "04480",
            "brief": "从、出、离"
        },
        "6": {
            "sn": "06924",
            "brief": "古老、东方"
        },
        "3": {
            "sn": "05042",
            "brief": "喷出、流出"
        }
    },
    "8": {
        "0": {
            "sn": "01121",
            "brief": "儿子、孙子、后裔、成员"
        },
        "1": {
            "sn": "00669",
            "brief": "以法莲"
        },
        "2": {
            "sn": "05401",
            "brief": "I. 放一起、亲嘴；II. 配备"
        },
        "4": {
            "sn": "07198",
            "brief": "弓、彩虹"
        },
        "5": {
            "sn": "02015",
            "brief": "推翻、倾覆、转变"
        },
        "6": {
            "sn": "03117",
            "brief": "日子、时候"
        },
        "7": {
            "sn": "07128",
            "brief": "打仗"
        },
        "literal": "以法莲人佩带兵器，拿着弓，临阵之日转身退后。",
        "3": {
            "sn": "07411",
            "brief": "Qal 丢掷，Pi‘el 丢、欺骗"
        }
    },
    "14": {
        "0": {
            "sn": "01234",
            "brief": "裂开"
        },
        "literal": "他在旷野分裂磐石，多多地给他们水喝，如从深渊而出。",
        "2": {
            "sn": "04057",
            "brief": "旷野"
        },
        "4": {
            "sn": "08415",
            "brief": "深渊、大洋、海"
        },
        "5": {
            "sn": "07227",
            "brief": "I. 形容词：大量的、许多的、充足的，II. 名词：统帅、首领。"
        },
        "3": {
            "sn": "08248",
            "brief": "喝"
        },
        "1": {
            "sn": "06697",
            "brief": "磐石、岩石"
        }
    },
    "15": {
        "literal": "他使水从磐石涌出，叫水如江河下流。",
        "1": {
            "sn": "05140",
            "brief": "流、滴、涌流"
        },
        "2": {
            "sn": "05553",
            "brief": "险崖、峭壁、磐石"
        },
        "4": {
            "sn": "05104",
            "brief": "河流"
        },
        "5": {
            "sn": "04325",
            "brief": "水"
        },
        "0": {
            "sn": "03318",
            "brief": "出去"
        },
        "3": {
            "sn": "03381",
            "brief": "降临、下去"
        }
    },
    "50": {
        "2": {
            "sn": "01060",
            "brief": "长子"
        },
        "literal": "在埃及击杀一切长子，在含的帐棚中击杀他们强壮时头生的。",
        "1": {
            "sn": "03605",
            "brief": "全部、整个、各"
        },
        "3": {
            "sn": "04714",
            "brief": "埃及"
        },
        "4": {
            "sn": "07225",
            "brief": "开始、首要"
        },
        "5": {
            "sn": "00202",
            "brief": "力量、精力、财富"
        },
        "6": {
            "sn": "00168",
            "brief": "帐棚、帐蓬"
        },
        "7": {
            "sn": "02526",
            "brief": "含"
        },
        "0": {
            "sn": "05221",
            "brief": "Hif‘il 击打、击杀"
        }
    },
    "20": {
        "literal": "所以，雅威听见就发怒；有烈火向雅各燃起；也有怒气向以色列上腾；",
        "0": {
            "sn": "03651",
            "brief": "副词：因此、如此、这样；形容词：对、真的、公平、诚实"
        },
        "2": {
            "sn": "03068",
            "brief": "上帝的名字「雅威」，犹太人尊称为「上主」"
        },
        "4": {
            "sn": "00784",
            "brief": "火"
        },
        "5": {
            "sn": "05400",
            "brief": "燃烧"
        },
        "6": {
            "sn": "03290",
            "brief": "雅各"
        },
        "7": {
            "sn": "01571",
            "brief": "也"
        },
        "8": {
            "sn": "00639",
            "brief": "鼻子、怒气"
        },
        "9": {
            "sn": "05927",
            "brief": "上去、升高、生长、献上"
        },
        "10": {
            "sn": "03478",
            "brief": "以色列"
        },
        "3": {
            "sn": "05674",
            "brief": "经过、穿越、涨溢、离开、拿走、违犯、废除"
        },
        "1": {
            "sn": "08085",
            "brief": "Qal 听、听从，Hif‘il 说明、使…听"
        }
    },
    "25": {
        "3": {
            "sn": "05090",
            "brief": "掳去、驱赶、引导"
        },
        "literal": "他使东风吹在天空，又用能力引来南风。",
        "1": {
            "sn": "06921",
            "brief": "东风、东边"
        },
        "2": {
            "sn": "08064",
            "brief": "天"
        },
        "4": {
            "sn": "05797",
            "brief": "能力、力量"
        },
        "5": {
            "sn": "08486",
            "brief": "南方"
        },
        "0": {
            "sn": "05265",
            "brief": "拔营、启程"
        }
    },
    "27": {
        "literal": "落在他的营中，在他帐幕的四周围。",
        "1": {
            "sn": "07130",
            "brief": "里面、在中间"
        },
        "2": {
            "sn": "04264",
            "brief": "军旅、军营"
        },
        "3": {
            "sn": "05439",
            "brief": "四围、环绕"
        },
        "4": {
            "sn": "04908",
            "brief": "居所、住处、会幕"
        },
        "0": {
            "sn": "05307",
            "brief": "跌落、跌倒、使签落在..."
        }
    },
    "11": {
        "literal": "他…在他们祖宗的眼前施行奇事。(…处填入下行)在埃及地，在琐安田，",
        "0": {
            "sn": "05048",
            "brief": "在…面前"
        },
        "1": {
            "sn": "00001",
            "brief": "父亲、祖先"
        },
        "2": {
            "sn": "06213",
            "brief": "做"
        },
        "3": {
            "sn": "06382",
            "brief": "奇妙"
        },
        "4": {
            "sn": "00776",
            "brief": "地、邦国、疆界"
        },
        "5": {
            "sn": "04714",
            "brief": "埃及"
        },
        "6": {
            "sn": "07704",
            "brief": "田地"
        },
        "7": {
            "sn": "06814",
            "brief": "琐安"
        }
    },
    "26": {
        "literal": "他降肉像雨给他们，多如尘土，又降有翅膀的鸟儿，多如海沙，",
        "1": {
            "sn": "05921",
            "brief": "在…上面"
        },
        "2": {
            "sn": "06083",
            "brief": "土、尘土"
        },
        "3": {
            "sn": "07607",
            "brief": "肉、肉身"
        },
        "4": {
            "sn": "02344",
            "brief": "沙"
        },
        "5": {
            "sn": "03220",
            "brief": "海、西方"
        },
        "6": {
            "sn": "05775",
            "brief": "鸟"
        },
        "7": {
            "sn": "03671",
            "brief": "翅膀"
        },
        "0": {
            "sn": "04305",
            "brief": "下雨"
        }
    },
    "32": {
        "0": {
            "sn": "03615",
            "brief": "Qal 完成、结束、停止，Pi‘el 完成、毁坏、根除"
        },
        "literal": "因此，他叫他们的日子全归虚空，叫他们的年岁尽属惊恐。",
        "1": {
            "sn": "01892",
            "brief": "蒸气、气息、空虚"
        },
        "2": {
            "sn": "03117",
            "brief": "日子、时候"
        },
        "3": {
            "sn": "08141",
            "brief": "年"
        },
        "4": {
            "sn": "00928",
            "brief": "惊骇"
        }
    },
    "38": {
        "literal": "他想到他们不过是血肉之躯，是一阵去而不返的风。",
        "0": {
            "sn": "02142",
            "brief": "提说、纪念、回想"
        },
        "1": {
            "sn": "03588",
            "brief": "因为、不必翻译"
        },
        "2": {
            "sn": "01320",
            "brief": "肉、身体"
        },
        "3": {
            "sn": "01992",
            "brief": "他们"
        },
        "4": {
            "sn": "07307",
            "brief": "灵、风、气息"
        },
        "5": {
            "sn": "01980",
            "brief": "来、去"
        },
        "6": {
            "sn": "03808",
            "brief": "不"
        },
        "7": {
            "sn": "07725",
            "brief": "Qal 回复、回转、重复，Po‘lel 带回、复兴、更新，Hif‘il 回报、报告、带回"
        }
    },
    "41": {
        "literal": "他们不追念他的能力(原文是手)和他救赎他们脱离敌人的日子；",
        "1": {
            "sn": "02142",
            "brief": "提说、纪念、回想"
        },
        "2": {
            "sn": "00853",
            "brief": "不必翻译"
        },
        "3": {
            "sn": "03027",
            "brief": "手、边、力量、权势"
        },
        "4": {
            "sn": "03117",
            "brief": "日子、时候"
        },
        "5": {
            "sn": "00834",
            "brief": "不必翻译"
        },
        "6": {
            "sn": "06299",
            "brief": "救赎"
        },
        "7": {
            "sn": "04480",
            "brief": "从、出、离"
        },
        "8": {
            "sn": "06862",
            "brief": "I. 狭窄的；II. 患难、困境；III. 敌人"
        },
        "0": {
            "sn": "03808",
            "brief": "不"
        }
    },
    "43": {
        "literal": "把他们的江河并河汊都变为血，使他们不能喝。",
        "0": {
            "sn": "02015",
            "brief": "推翻、倾覆、转变"
        },
        "1": {
            "sn": "01818",
            "brief": "血"
        },
        "2": {
            "sn": "02975",
            "brief": "尼罗河、河流"
        },
        "3": {
            "sn": "05140",
            "brief": "流、滴、涌流"
        },
        "4": {
            "sn": "01077",
            "brief": "不"
        },
        "5": {
            "sn": "08354",
            "brief": "喝"
        }
    },
    "48": {
        "0": {
            "sn": "07971",
            "brief": "差遣、释放、送走、伸出、伸展"
        },
        "literal": "他差遣他猛烈的怒气和忿怒、恼恨、苦难…，临到他们。(…处填入下行)如一群降灾的使者",
        "1": {
            "sn": "09002",
            "brief": "在、用、藉着、与、敌对"
        },
        "2": {
            "sn": "02740",
            "brief": "生气、愤怒"
        },
        "3": {
            "sn": "00639",
            "brief": "鼻子、怒气、脸"
        },
        "4": {
            "sn": "05678",
            "brief": "愤恨、暴怒、狂怒"
        },
        "5": {
            "sn": "02195",
            "brief": "恼恨、愤慨、生气"
        },
        "6": {
            "sn": "06869",
            "brief": "灾难、患难"
        },
        "7": {
            "sn": "04917",
            "brief": "排出、差派、代表"
        },
        "8": {
            "sn": "04397",
            "brief": "使者"
        },
        "9": {
            "sn": "07451",
            "brief": "邪恶的、灾祸的"
        }
    },
    "46": {
        "literal": "他用冰雹打坏他们的葡萄树，以霜打坏他们的无花果树，",
        "0": {
            "sn": "02026",
            "brief": "杀戮"
        },
        "1": {
            "sn": "01259",
            "brief": "冰雹"
        },
        "2": {
            "sn": "01612",
            "brief": "葡萄、葡萄树"
        },
        "3": {
            "sn": "08256",
            "brief": "无花果树"
        },
        "4": {
            "sn": "02602",
            "brief": "霜"
        }
    },
    "47": {
        "literal": "又把他们的牲畜交给冰雹，把他们的群畜交给闪电。",
        "1": {
            "sn": "01259",
            "brief": "冰雹"
        },
        "2": {
            "sn": "01165",
            "brief": "野兽、牛群"
        },
        "3": {
            "sn": "04735",
            "brief": "牲畜"
        },
        "4": {
            "sn": "07565",
            "brief": "火焰"
        },
        "0": {
            "sn": "05462",
            "brief": "Qal 关闭、堵塞，Pi‘el 关闭、交付，Hif‘il 关闭、交付"
        }
    },
    "61": {
        "literal": "并将他的百姓交与刀剑，向他的产业发怒。",
        "1": {
            "sn": "02719",
            "brief": "刀、刀剑"
        },
        "2": {
            "sn": "05971",
            "brief": "百姓、国民"
        },
        "3": {
            "sn": "05159",
            "brief": "产业"
        },
        "4": {
            "sn": "05674",
            "brief": "经过、穿越、涨溢、离开、拿走、违犯、废除"
        },
        "0": {
            "sn": "05462",
            "brief": "Qal 关闭、堵塞，Pi‘el 关闭、交付，Hif‘il 关闭、交付"
        }
    },
    "65": {
        "literal": "就击退他的敌人，叫他们永蒙羞辱；",
        "1": {
            "sn": "06862",
            "brief": "I. 狭窄的；II. 患难、困境；III. 敌人"
        },
        "2": {
            "sn": "00268",
            "brief": "后面、后来"
        },
        "3": {
            "sn": "02781",
            "brief": "羞辱、责备"
        },
        "4": {
            "sn": "05769",
            "brief": "永远"
        },
        "5": {
            "sn": "05414",
            "brief": "给"
        },
        "6": {
            "sn": "09001",
            "brief": "给、往、向、到、归属于"
        },
        "0": {
            "sn": "05221",
            "brief": "Hif‘il 击打、击杀"
        }
    },
    "66": {
        "0": {
            "sn": "03988",
            "brief": "I. 藐视、拒绝、厌弃、撤回；II. Nif‘al 流动"
        },
        "literal": "并且弃掉约瑟的帐棚，不拣选以法莲支派，",
        "1": {
            "sn": "00168",
            "brief": "帐棚、帐蓬"
        },
        "2": {
            "sn": "03130",
            "brief": "约瑟"
        },
        "3": {
            "sn": "07626",
            "brief": "棍、杖、支派、分支"
        },
        "4": {
            "sn": "00669",
            "brief": "以法莲"
        },
        "6": {
            "sn": "00977",
            "brief": "选择、拣选、挑选"
        },
        "5": {
            "sn": "03808",
            "brief": "不"
        }
    },
    "64": {
        "literal": "那时，主像睡觉的人醒来，如勇士因酒呼喊，",
        "0": {
            "sn": "03364",
            "brief": "唤起、醒起"
        },
        "1": {
            "sn": "03463",
            "brief": "睡觉的"
        },
        "2": {
            "sn": "00136",
            "brief": "主人"
        },
        "3": {
            "sn": "01368",
            "brief": "形容词：强壮的、有力的；名词：勇士"
        },
        "5": {
            "sn": "03196",
            "brief": "酒"
        },
        "4": {
            "sn": "07442",
            "brief": "歌唱、呼喊、欢呼"
        }
    },
    "71": {
        "5": {
            "sn": "05148",
            "brief": "引导"
        },
        "literal": "于是，他按他心中的纯正牧养他们，用他手中的巧妙引导他们。",
        "0": {
            "sn": "07462",
            "brief": "I. 吃草、放牧、喂养；II. 结交、与...作伴"
        },
        "1": {
            "sn": "08537",
            "brief": "完整、完全"
        },
        "2": {
            "sn": "03824",
            "brief": "心"
        },
        "3": {
            "sn": "08394",
            "brief": "聪明"
        },
        "4": {
            "sn": "03709",
            "brief": "手、手掌"
        }
    },
    "69": {
        "literal": "他拣选他的仆人大卫，从羊圈中将他召来，",
        "0": {
            "sn": "00977",
            "brief": "选择、拣选、挑选"
        },
        "1": {
            "sn": "01732",
            "brief": "大卫"
        },
        "2": {
            "sn": "05650",
            "brief": "仆人、奴隶"
        },
        "3": {
            "sn": "03947",
            "brief": "取、娶、拿"
        },
        "4": {
            "sn": "04356",
            "brief": "羊圈"
        },
        "5": {
            "sn": "06629",
            "brief": "羊"
        }
    },
    "68": {
        "literal": "他建造他的圣所，如高峰，又像他所建立的永存之地。",
        "0": {
            "sn": "01129",
            "brief": "建造"
        },
        "1": {
            "sn": "03644",
            "brief": "像"
        },
        "2": {
            "sn": "07311",
            "brief": "高举、抬高"
        },
        "3": {
            "sn": "04720",
            "brief": "圣所、神圣地方"
        },
        "4": {
            "sn": "00776",
            "brief": "地、邦国、疆界"
        },
        "5": {
            "sn": "03245",
            "brief": "立根基"
        },
        "6": {
            "sn": "05769",
            "brief": "永远"
        }
    },
    "18": {
        "literal": "并且妄论上帝说：上帝岂能在旷野摆设筵席吗？",
        "1": {
            "sn": "00430",
            "brief": "上帝、神、神明"
        },
        "2": {
            "sn": "00559",
            "brief": "说"
        },
        "3": {
            "sn": "03201",
            "brief": "能够"
        },
        "4": {
            "sn": "00410",
            "brief": "上帝、神明、能力、力量"
        },
        "5": {
            "sn": "06186",
            "brief": "比较、安排"
        },
        "6": {
            "sn": "07979",
            "brief": "筵席、桌子"
        },
        "7": {
            "sn": "04057",
            "brief": "旷野"
        },
        "0": {
            "sn": "01696",
            "brief": "Pi‘el 讲、说、指挥"
        }
    },
    "55": {
        "0": {
            "sn": "05254",
            "brief": "试验、试探"
        },
        "literal": "他们仍旧试探、悖逆至高的上帝，不守他的法度，",
        "2": {
            "sn": "00853",
            "brief": "不必翻译"
        },
        "3": {
            "sn": "00430",
            "brief": "上帝、神、神明"
        },
        "4": {
            "sn": "05945",
            "brief": "1. 名词：至高者、至高处，2. 形容词：高的、上面的"
        },
        "1": {
            "sn": "04784",
            "brief": "背叛、不顺从"
        },
        "5": {
            "sn": "05713",
            "brief": "见证"
        },
        "7": {
            "sn": "08104",
            "brief": "谨守、小心"
        },
        "6": {
            "sn": "03808",
            "brief": "不"
        }
    },
    "58": {
        "literal": "上帝听见就发怒，完全弃绝了以色列，",
        "1": {
            "sn": "00430",
            "brief": "上帝、神、神明"
        },
        "4": {
            "sn": "03966",
            "brief": "极其、非常"
        },
        "5": {
            "sn": "03478",
            "brief": "以色列"
        },
        "3": {
            "sn": "03988",
            "brief": "I. 藐视、拒绝、厌弃、撤回；II. Nif‘al 流动"
        },
        "0": {
            "sn": "08085",
            "brief": "Qal 听、听从，Hif‘il 说明、使…听"
        },
        "2": {
            "sn": "05674",
            "brief": "经过、穿越、涨溢、离开、拿走、违犯、废除"
        }
    },
    "9": {
        "0": {
            "sn": "03808",
            "brief": "不"
        },
        "5": {
            "sn": "03985",
            "brief": "不听从、拒绝"
        },
        "literal": "他们不肯遵守上帝的约，不肯照他的律法行；",
        "1": {
            "sn": "08104",
            "brief": "谨守、小心"
        },
        "2": {
            "sn": "01285",
            "brief": "约"
        },
        "3": {
            "sn": "00430",
            "brief": "上帝、神、神明"
        },
        "4": {
            "sn": "08451",
            "brief": "训诲、律法"
        },
        "6": {
            "sn": "01980",
            "brief": "去、走"
        }
    },
    "21": {
        "1": {
            "sn": "03808",
            "brief": "不"
        },
        "4": {
            "sn": "03808",
            "brief": "不"
        },
        "2": {
            "sn": "00539",
            "brief": "Qal 坚定、支持，Nif‘al 确立、忠心、可靠的，Hif‘il 相信、确信"
        },
        "literal": "因为他们不信服上帝，不倚赖他的救恩。",
        "0": {
            "sn": "03588",
            "brief": "因为、不必翻译"
        },
        "3": {
            "sn": "00430",
            "brief": "上帝、神、神明"
        },
        "5": {
            "sn": "00982",
            "brief": "倚赖、信靠"
        },
        "6": {
            "sn": "03444",
            "brief": "救恩"
        }
    },
    "30": {
        "8": {
            "sn": "03766",
            "brief": "弯曲、屈身、叩拜、下跪"
        },
        "literal": "上帝的怒气就向他们上腾，杀了他们当中肥壮的人，击倒以色列的少年人。",
        "0": {
            "sn": "00639",
            "brief": "鼻子、怒气"
        },
        "1": {
            "sn": "00430",
            "brief": "上帝、神、神明"
        },
        "2": {
            "sn": "05927",
            "brief": "上去、升高、生长、献上"
        },
        "3": {
            "sn": "09002",
            "brief": "在、用、藉着、与、敌对"
        },
        "4": {
            "sn": "02026",
            "brief": "杀戮"
        },
        "5": {
            "sn": "04924",
            "brief": "肥壮、油"
        },
        "6": {
            "sn": "00970",
            "brief": "年轻人"
        },
        "7": {
            "sn": "03478",
            "brief": "以色列"
        }
    },
    "33": {
        "4": {
            "sn": "07836",
            "brief": "寻求"
        },
        "3": {
            "sn": "07725",
            "brief": "Qal 回复、回转、重复，Po‘lel 带回、复兴、更新，Hif‘il 回报、报告、带回"
        },
        "literal": "他杀他们的时候，他们才求问他，回心转意，切切地寻求上帝。",
        "0": {
            "sn": "00518",
            "brief": "如果"
        },
        "1": {
            "sn": "02026",
            "brief": "杀戮"
        },
        "2": {
            "sn": "01875",
            "brief": "寻求、寻找"
        },
        "5": {
            "sn": "00410",
            "brief": "上帝、神明、能力、力量"
        }
    },
    "42": {
        "literal": "他怎样在埃及显他的神迹，在琐安田显他的奇事，",
        "0": {
            "sn": "00834",
            "brief": "不必翻译"
        },
        "1": {
            "sn": "07760",
            "brief": "置、放"
        },
        "2": {
            "sn": "04714",
            "brief": "埃及"
        },
        "3": {
            "sn": "00226",
            "brief": "记号"
        },
        "4": {
            "sn": "04159",
            "brief": "奇迹"
        },
        "5": {
            "sn": "07704",
            "brief": "田地"
        },
        "6": {
            "sn": "06814",
            "brief": "琐安"
        }
    }
}