{
    "6": {
        "4": {
            "sn": "00926",
            "brief": "惊惶、扰乱"
        },
        "literal": "我们因你的怒气而消灭，因你的忿怒而惊惶。",
        "0": {
            "sn": "03588",
            "brief": "因为、不必翻译"
        },
        "2": {
            "sn": "00639",
            "brief": "鼻子、怒气、脸"
        },
        "3": {
            "sn": "02534",
            "brief": "怒气、热"
        },
        "1": {
            "sn": "03615",
            "brief": "Qal 完成、结束、停止，Pi‘el 完成、毁坏、根除"
        }
    },
    "9": {
        "2": {
            "sn": "09002",
            "brief": "在、用、藉着、与、敌对"
        },
        "7": {
            "sn": "08084",
            "brief": "数目的「八十」"
        },
        "8": {
            "sn": "08141",
            "brief": "年"
        },
        "literal": "我们一生的年日是七十岁，若是强壮可到八十岁；但其中所矜夸的不过是劳苦愁烦，转眼即逝，我们便如飞而去。",
        "0": {
            "sn": "03117",
            "brief": "日子、时候"
        },
        "1": {
            "sn": "08141",
            "brief": "年"
        },
        "3": {
            "sn": "07657",
            "brief": "数目的「七十」"
        },
        "4": {
            "sn": "08141",
            "brief": "年"
        },
        "5": {
            "sn": "00518",
            "brief": "如果"
        },
        "6": {
            "sn": "01369",
            "brief": "力量"
        },
        "9": {
            "sn": "07296",
            "brief": "骄傲"
        },
        "10": {
            "sn": "05999",
            "brief": "患难、危害、劳碌、工作"
        },
        "11": {
            "sn": "00205",
            "brief": "行恶、邪恶、患难"
        },
        "12": {
            "sn": "03588",
            "brief": "因为、不必翻译"
        },
        "13": {
            "sn": "01468",
            "brief": "过去、去世"
        },
        "14": {
            "sn": "02440",
            "brief": "迅速地"
        },
        "15": {
            "sn": "05774",
            "brief": "飞"
        }
    },
    "11": {
        "0": {
            "sn": "04487",
            "brief": "计算、想、分配、指定、预备"
        },
        "1": {
            "sn": "03117",
            "brief": "日子、时候"
        },
        "2": {
            "sn": "03651",
            "brief": "副词：因此、如此、这样；形容词：对、真的、公平、诚实"
        },
        "3": {
            "sn": "03045",
            "brief": "Qal 知道、认识、辨别、经历，Hif‘il 使知道、宣告"
        },
        "4": {
            "sn": "00935",
            "brief": "来、进入、临到、发生"
        },
        "literal": "求你指教我们怎样数算自己的年日，好叫我们得着智慧的心。",
        "5": {
            "sn": "03824",
            "brief": "心"
        },
        "6": {
            "sn": "02451",
            "brief": "智慧"
        }
    },
    "3": {
        "4": {
            "sn": "03117",
            "brief": "日子、时候"
        },
        "5": {
            "sn": "00865",
            "brief": "昨日"
        },
        "6": {
            "sn": "03588",
            "brief": "因为、不必翻译"
        },
        "7": {
            "sn": "05674",
            "brief": "经过、穿越、涨溢、离开、拿走、违犯、废除"
        },
        "literal": "在你看来，千年如已过的昨日，又如夜间的一更。",
        "0": {
            "sn": "03588",
            "brief": "因为、不必翻译"
        },
        "1": {
            "sn": "00505",
            "brief": "许多、数目的「一千」"
        },
        "2": {
            "sn": "08141",
            "brief": "年"
        },
        "3": {
            "sn": "05869",
            "brief": "眼睛"
        },
        "8": {
            "sn": "00821",
            "brief": "夜更"
        },
        "9": {
            "sn": "03915",
            "brief": "夜晚"
        }
    },
    "12": {
        "2": {
            "sn": "05704",
            "brief": "直到"
        },
        "0": {
            "sn": "07725",
            "brief": "Qal 回复、回转、重复，Po‘lel 带回、复兴、更新，Hif‘il 回报、报告、带回"
        },
        "literal": "雅威啊，要到几时呢？求你回心转意，求你怜恤你的仆人。",
        "1": {
            "sn": "03068",
            "brief": "上帝的名字「雅威」，犹太人尊称为「上主」"
        },
        "3": {
            "sn": "04970",
            "brief": "何时"
        },
        "4": {
            "sn": "05162",
            "brief": "怜恤、安慰、后悔、忧伤"
        },
        "5": {
            "sn": "05921",
            "brief": "在…上面"
        },
        "6": {
            "sn": "05650",
            "brief": "仆人、奴隶"
        }
    },
    "10": {
        "0": {
            "sn": "04310",
            "brief": "谁"
        },
        "1": {
            "sn": "03045",
            "brief": "Qal 知道、认识、辨别、经历，Hif‘il 使知道、宣告"
        },
        "literal": "谁晓得你怒气的权势？谁按着你(该受)的敬畏晓得你的忿怒呢？",
        "2": {
            "sn": "05797",
            "brief": "能力、力量"
        },
        "3": {
            "sn": "00639",
            "brief": "鼻子、怒气、脸"
        },
        "4": {
            "sn": "03374",
            "brief": "敬畏、害怕"
        },
        "5": {
            "sn": "05678",
            "brief": "愤恨、暴怒、狂怒"
        }
    },
    "7": {
        "literal": "你将我们的罪孽摆在你面前，将我们的隐恶摆在你面光之中。",
        "0": {
            "sn": "07896",
            "brief": "置、放、定"
        },
        "1": {
            "sn": "05771",
            "brief": "罪孽、邪恶"
        },
        "2": {
            "sn": "05048",
            "brief": "在…面前"
        },
        "3": {
            "sn": "05956",
            "brief": "隐藏"
        },
        "4": {
            "sn": "03974",
            "brief": "光、发光体"
        },
        "5": {
            "sn": "06440",
            "brief": "脸"
        }
    },
    "8": {
        "5": {
            "sn": "03615",
            "brief": "Qal 完成、结束、停止，Pi‘el 完成、毁坏、根除"
        },
        "literal": "我们经过的日子都在你震怒之下，我们度尽自己的年岁，好像一声叹息。",
        "0": {
            "sn": "03588",
            "brief": "因为、不必翻译"
        },
        "1": {
            "sn": "03605",
            "brief": "全部、整个、各"
        },
        "2": {
            "sn": "03117",
            "brief": "日子、时候"
        },
        "3": {
            "sn": "06437",
            "brief": "转向、转来、转离"
        },
        "4": {
            "sn": "05678",
            "brief": "愤恨、暴怒、狂怒"
        },
        "6": {
            "sn": "08141",
            "brief": "年"
        },
        "7": {
            "sn": "03644",
            "brief": "像"
        },
        "8": {
            "sn": "01899",
            "brief": "呻吟、叹息"
        }
    },
    "15": {
        "0": {
            "sn": "07200",
            "brief": "Qal 看见、看顾、察觉，Nif‘al 显现，Hif‘il 显明"
        },
        "literal": "愿你的作为向你仆人显现，愿你的荣耀向他们子孙显明。",
        "1": {
            "sn": "00413",
            "brief": "向、往"
        },
        "2": {
            "sn": "05650",
            "brief": "仆人、奴隶"
        },
        "3": {
            "sn": "06467",
            "brief": "工作、作为"
        },
        "4": {
            "sn": "01926",
            "brief": "荣光、威严、荣耀"
        },
        "5": {
            "sn": "05921",
            "brief": "在…上面"
        },
        "6": {
            "sn": "01121",
            "brief": "儿子、孙子、后裔、成员"
        }
    },
    "4": {
        "1": {
            "sn": "08142",
            "brief": "睡觉"
        },
        "literal": "你冲走他们如睡一觉。早晨，他们如生长的草，",
        "0": {
            "sn": "02229",
            "brief": "倾倒、冲走"
        },
        "2": {
            "sn": "01961",
            "brief": "是、成为、临到"
        },
        "3": {
            "sn": "01242",
            "brief": "早晨"
        },
        "4": {
            "sn": "02682",
            "brief": "青草"
        },
        "5": {
            "sn": "02498",
            "brief": "发芽、过去、消失"
        }
    },
    "2": {
        "0": {
            "sn": "07725",
            "brief": "Qal 回复、回转、重复，Po‘lel 带回、复兴、更新，Hif‘il 回报、报告、带回"
        },
        "5": {
            "sn": "07725",
            "brief": "Qal 回复、回转、重复，Po‘lel 带回、复兴、更新，Hif‘il 回报、报告、带回"
        },
        "literal": "你使人归于尘土，说：世人哪，你们要归回。",
        "1": {
            "sn": "00582",
            "brief": "人"
        },
        "2": {
            "sn": "05704",
            "brief": "直到"
        },
        "3": {
            "sn": "01793",
            "brief": "I. 形容词，悔罪的；II. 名词，尘土"
        },
        "4": {
            "sn": "00559",
            "brief": "说"
        },
        "6": {
            "sn": "01121",
            "brief": "儿子、孙子、后裔、成员"
        },
        "7": {
            "sn": "00120",
            "brief": "人"
        }
    },
    "5": {
        "literal": "早晨发芽生长，晚上割下枯干。",
        "0": {
            "sn": "01242",
            "brief": "早晨"
        },
        "1": {
            "sn": "06692",
            "brief": "开花"
        },
        "4": {
            "sn": "04135",
            "brief": "行割礼、切除"
        },
        "2": {
            "sn": "02498",
            "brief": "发芽、过去、消失"
        },
        "3": {
            "sn": "06153",
            "brief": "晚上"
        },
        "5": {
            "sn": "03001",
            "brief": "枯干"
        }
    },
    "13": {
        "0": {
            "sn": "07646",
            "brief": "满足、饱足"
        },
        "3": {
            "sn": "07442",
            "brief": "欢呼"
        },
        "literal": "求你使我们早晨饱得你的慈爱，好叫我们一生一世欢呼喜乐。",
        "1": {
            "sn": "01242",
            "brief": "早晨"
        },
        "2": {
            "sn": "02617",
            "brief": "慈爱、忠诚"
        },
        "4": {
            "sn": "08055",
            "brief": "喜悦、快乐"
        },
        "5": {
            "sn": "03605",
            "brief": "全部、整个、各"
        },
        "6": {
            "sn": "03117",
            "brief": "日子、时候"
        }
    },
    "14": {
        "0": {
            "sn": "08055",
            "brief": "喜悦、快乐"
        },
        "2": {
            "sn": "06031",
            "brief": "I. 回答，II. 忙，III. 使受苦、使低微，IV. 唱歌 (I, IV 的 SN 为 6030. II, III 的 SN 为 6031)"
        },
        "4": {
            "sn": "07200",
            "brief": "Qal 看见、看顾、察觉，Nif‘al 显现，Hif‘il 显明"
        },
        "literal": "求你照着你使我们受苦的日子，…叫我们喜乐。(…处填入下行)和我们遭难的年岁，",
        "1": {
            "sn": "03117",
            "brief": "日子、时候"
        },
        "3": {
            "sn": "08141",
            "brief": "年"
        },
        "5": {
            "sn": "07451",
            "brief": "邪恶、灾难"
        }
    },
    "0": {
        "literal": "(神人摩西的祈祷)主啊，你世世代代作我们的居所。",
        "0": {
            "sn": "08605",
            "brief": "祷告"
        },
        "1": {
            "sn": "04872",
            "brief": "摩西"
        },
        "2": {
            "sn": "00376",
            "brief": "各人、人、男人、丈夫"
        },
        "3": {
            "sn": "00430",
            "brief": "上帝、神、神明"
        },
        "4": {
            "sn": "00136",
            "brief": "主人"
        },
        "5": {
            "sn": "04583",
            "brief": "栖身处"
        },
        "6": {
            "sn": "00859",
            "brief": "你"
        },
        "7": {
            "sn": "01961",
            "brief": "是、成为、临到"
        },
        "8": {
            "sn": "09001",
            "brief": "给、往、向、到、归属于"
        },
        "9": {
            "sn": "01755",
            "brief": "年代、世代、后代、居所"
        },
        "10": {
            "sn": "01755",
            "brief": "年代、世代、后代、居所"
        }
    },
    "16": {
        "literal": "愿主―我们上帝的荣美归于我们身上。愿你为我们坚立我们手所做的工；我们手所做的工，愿你坚立它。",
        "0": {
            "sn": "01961",
            "brief": "是、成为、临到"
        },
        "1": {
            "sn": "05278",
            "brief": "愉快、美丽"
        },
        "2": {
            "sn": "00136",
            "brief": "主人"
        },
        "3": {
            "sn": "00430",
            "brief": "上帝、神、神明"
        },
        "4": {
            "sn": "05921",
            "brief": "在…上面"
        },
        "5": {
            "sn": "04639",
            "brief": "行为、工作"
        },
        "6": {
            "sn": "03027",
            "brief": "手、边、力量、权势"
        },
        "8": {
            "sn": "05921",
            "brief": "在…上面"
        },
        "9": {
            "sn": "04639",
            "brief": "行为、工作"
        },
        "10": {
            "sn": "03027",
            "brief": "手、边、力量、权势"
        },
        "7": {
            "sn": "03559",
            "brief": "Hif‘il 预备、建立、坚立"
        },
        "11": {
            "sn": "03559",
            "brief": "Hif‘il 预备、建立、坚立"
        }
    },
    "1": {
        "literal": "诸山未曾生出，地与世界你未曾造成，从亘古到永远，你是上帝。",
        "0": {
            "sn": "02962",
            "brief": "以前"
        },
        "1": {
            "sn": "02022",
            "brief": "山"
        },
        "4": {
            "sn": "00776",
            "brief": "地、邦国、疆界"
        },
        "5": {
            "sn": "08398",
            "brief": "世界"
        },
        "6": {
            "sn": "05769",
            "brief": "永远"
        },
        "7": {
            "sn": "05704",
            "brief": "直到"
        },
        "8": {
            "sn": "05769",
            "brief": "永远"
        },
        "9": {
            "sn": "00859",
            "brief": "你"
        },
        "10": {
            "sn": "00410",
            "brief": "上帝、神明、能力、力量"
        },
        "2": {
            "sn": "03205",
            "brief": "生出、出生"
        },
        "3": {
            "sn": "02342",
            "brief": "I. Qal 跳舞、阵痛、扭曲，Hif‘il 使痛苦，Hof‘al 生出，Po‘lel 生产，Hitpo‘lel 切望等候；II 坚定"
        }
    }
}