{
    "3": {
        "7": {
            "sn": "05375",
            "brief": "高举、举起、背负、承担"
        },
        "literal": "主啊，求你使你仆人的心欢喜，因为我的心仰望你。",
        "1": {
            "sn": "05315",
            "brief": "生命、人"
        },
        "2": {
            "sn": "05650",
            "brief": "仆人、奴隶"
        },
        "3": {
            "sn": "03588",
            "brief": "因为、不必翻译"
        },
        "4": {
            "sn": "00413",
            "brief": "向、往"
        },
        "5": {
            "sn": "00136",
            "brief": "主人"
        },
        "6": {
            "sn": "05315",
            "brief": "生命、人"
        },
        "0": {
            "sn": "08055",
            "brief": "喜悦、快乐"
        }
    },
    "13": {
        "8": {
            "sn": "03808",
            "brief": "不"
        },
        "6": {
            "sn": "01245",
            "brief": "Pi‘el 寻找、渴求、想望、索求"
        },
        "literal": "上帝啊，骄傲的人起来攻击我，又有一群强横的人寻索我的命；他们不将你摆在他们眼前。",
        "0": {
            "sn": "00430",
            "brief": "上帝、神、神明"
        },
        "1": {
            "sn": "02086",
            "brief": "骄傲的"
        },
        "2": {
            "sn": "06965",
            "brief": "起来、设立、坚立"
        },
        "3": {
            "sn": "05921",
            "brief": "在…上面"
        },
        "4": {
            "sn": "05712",
            "brief": "会众"
        },
        "5": {
            "sn": "06184",
            "brief": "蛮横的、可怕的、有力的"
        },
        "7": {
            "sn": "05315",
            "brief": "生命、人"
        },
        "9": {
            "sn": "07760",
            "brief": "置、放"
        },
        "10": {
            "sn": "05048",
            "brief": "在…面前"
        }
    },
    "9": {
        "4": {
            "sn": "06381",
            "brief": "是奇妙的"
        },
        "literal": "因你为大，且行奇妙的事，惟独你是上帝。",
        "0": {
            "sn": "03588",
            "brief": "因为、不必翻译"
        },
        "1": {
            "sn": "01419",
            "brief": "大的、伟大的"
        },
        "2": {
            "sn": "00859",
            "brief": "你"
        },
        "3": {
            "sn": "06213",
            "brief": "做"
        },
        "5": {
            "sn": "00859",
            "brief": "你"
        },
        "6": {
            "sn": "00430",
            "brief": "上帝、神、神明"
        },
        "7": {
            "sn": "00905",
            "brief": "分开、门闩、片段"
        }
    },
    "15": {
        "literal": "求你转脸向我，怜恤我，将你的力量赐给你的仆人，救你婢女的儿子。",
        "2": {
            "sn": "02603",
            "brief": "恩待、怜悯，Hitpa‘el 求恩"
        },
        "6": {
            "sn": "03467",
            "brief": "拯救"
        },
        "0": {
            "sn": "06437",
            "brief": "转向"
        },
        "3": {
            "sn": "05414",
            "brief": "给"
        },
        "4": {
            "sn": "05797",
            "brief": "能力、力量"
        },
        "5": {
            "sn": "05650",
            "brief": "仆人、奴隶"
        },
        "7": {
            "sn": "01121",
            "brief": "儿子、孙子、后裔、成员"
        },
        "8": {
            "sn": "00519",
            "brief": "使女、婢女"
        },
        "1": {
            "sn": "00413",
            "brief": "向、往"
        }
    },
    "10": {
        "3": {
            "sn": "01980",
            "brief": "行走、去"
        },
        "5": {
            "sn": "03161",
            "brief": "同、加入、一起"
        },
        "0": {
            "sn": "03384",
            "brief": "Qal 射、抛掷，Hif‘il 教导、射、抛掷"
        },
        "literal": "雅威啊，求你将你的道指教我，我要照你的真理而行；求你使我专心敬畏你的名！",
        "1": {
            "sn": "03068",
            "brief": "上帝的名字「雅威」，犹太人尊称为「上主」"
        },
        "2": {
            "sn": "01870",
            "brief": "道路、行为、方向、方法"
        },
        "4": {
            "sn": "00571",
            "brief": "真理、诚信、真实、诚实"
        },
        "6": {
            "sn": "03824",
            "brief": "心"
        },
        "8": {
            "sn": "08034",
            "brief": "名字"
        },
        "7": {
            "sn": "03372",
            "brief": "Qal 害怕，Nif‘al 令人畏惧"
        }
    },
    "11": {
        "5": {
            "sn": "03513",
            "brief": "Qal 是重的，Nif‘al 受尊重、得荣耀，Pi‘el 荣耀、加重、使迟钝，Hif‘il 加重"
        },
        "7": {
            "sn": "05769",
            "brief": "永远"
        },
        "literal": "主―我的上帝啊，我要一心称颂你；我要荣耀你的名，直到永远。",
        "1": {
            "sn": "00136",
            "brief": "主人"
        },
        "2": {
            "sn": "00430",
            "brief": "上帝、神、神明"
        },
        "3": {
            "sn": "03605",
            "brief": "全部、整个、各"
        },
        "4": {
            "sn": "03824",
            "brief": "心"
        },
        "6": {
            "sn": "08034",
            "brief": "名字"
        },
        "0": {
            "sn": "03034",
            "brief": "Qal 射，Pi‘el 投掷，Hif‘il 称谢、赞美，Hitpa‘el 认罪、感恩"
        }
    },
    "5": {
        "3": {
            "sn": "07181",
            "brief": "留心听、注意听"
        },
        "literal": "雅威啊，求你侧耳听我的祷告，留心听我恳求的声音。",
        "1": {
            "sn": "03068",
            "brief": "上帝的名字「雅威」，犹太人尊称为「上主」"
        },
        "2": {
            "sn": "08605",
            "brief": "祷告"
        },
        "4": {
            "sn": "06963",
            "brief": "声音"
        },
        "5": {
            "sn": "08469",
            "brief": "恳求"
        },
        "0": {
            "sn": "00238",
            "brief": "侧耳听、留心听"
        }
    },
    "1": {
        "5": {
            "sn": "03467",
            "brief": "拯救"
        },
        "9": {
            "sn": "00982",
            "brief": "倚赖、信靠"
        },
        "literal": "求你保存我的性命，因我是虔诚的人。我的上帝啊，求你拯救我这倚靠你的仆人！",
        "0": {
            "sn": "08104",
            "brief": "谨守、小心"
        },
        "1": {
            "sn": "05315",
            "brief": "生命、人"
        },
        "2": {
            "sn": "03588",
            "brief": "因为、不必翻译"
        },
        "3": {
            "sn": "02623",
            "brief": "忠诚的、仁慈的、虔诚的"
        },
        "4": {
            "sn": "00589",
            "brief": "我"
        },
        "6": {
            "sn": "05650",
            "brief": "仆人、奴隶"
        },
        "7": {
            "sn": "00859",
            "brief": "你"
        },
        "8": {
            "sn": "00430",
            "brief": "上帝、神、神明"
        },
        "10": {
            "sn": "00413",
            "brief": "向、往"
        }
    },
    "16": {
        "4": {
            "sn": "07200",
            "brief": "Qal 看见、看顾、察觉，Nif‘al 显现，Hif‘il 显明"
        },
        "literal": "求你向我显出施恩的凭据，叫恨我的人看见便羞愧，因为你―雅威帮助我，安慰了我。",
        "0": {
            "sn": "06213",
            "brief": "做"
        },
        "1": {
            "sn": "05973",
            "brief": "跟"
        },
        "2": {
            "sn": "00226",
            "brief": "记号"
        },
        "5": {
            "sn": "08130",
            "brief": "恨"
        },
        "6": {
            "sn": "00954",
            "brief": "羞愧"
        },
        "7": {
            "sn": "03588",
            "brief": "因为、不必翻译"
        },
        "8": {
            "sn": "00859",
            "brief": "你"
        },
        "9": {
            "sn": "03068",
            "brief": "上帝的名字「雅威」，犹太人尊称为「上主」"
        },
        "10": {
            "sn": "05826",
            "brief": "帮助"
        },
        "11": {
            "sn": "05162",
            "brief": "怜恤、安慰"
        },
        "3": {
            "sn": "02896",
            "brief": "名词：良善、美好、福乐；形容词：良善的、美好的"
        }
    },
    "8": {
        "5": {
            "sn": "09013",
            "brief": "跪拜、下拜"
        },
        "literal": "主啊，你所造的万民都要来你面前敬拜，他们也要荣耀你的名。",
        "0": {
            "sn": "03605",
            "brief": "全部、整个、各"
        },
        "1": {
            "sn": "01471",
            "brief": "国家、人民"
        },
        "2": {
            "sn": "00834",
            "brief": "不必翻译"
        },
        "3": {
            "sn": "06213",
            "brief": "做"
        },
        "4": {
            "sn": "00935",
            "brief": "来、进入、临到、发生"
        },
        "6": {
            "sn": "03942",
            "brief": "在…之前"
        },
        "7": {
            "sn": "00136",
            "brief": "主人"
        },
        "9": {
            "sn": "08034",
            "brief": "名字"
        },
        "8": {
            "sn": "03513",
            "brief": "Qal 是重的，Nif‘al 受尊重、得荣耀，Pi‘el 荣耀、加重、使迟钝，Hif‘il 加重"
        }
    },
    "6": {
        "literal": "在我患难之日我要求告你，因为你必应允我。",
        "0": {
            "sn": "03117",
            "brief": "日子、时候"
        },
        "1": {
            "sn": "06869",
            "brief": "灾难、患难"
        },
        "2": {
            "sn": "07121",
            "brief": "喊叫、召集、称呼、求告、朗读"
        },
        "3": {
            "sn": "03588",
            "brief": "因为、不必翻译"
        },
        "4": {
            "sn": "06030",
            "brief": "I. 回答、作证；II. 忙；III. 使受苦、 使低微；IV. 唱歌 (I, IV 的 SN 为 6030. II, III 的 SN 为 6031)"
        }
    },
    "7": {
        "literal": "主啊，诸神之中没有可比你的，你的作为也无可比。",
        "0": {
            "sn": "00369",
            "brief": "不存在、没有"
        },
        "1": {
            "sn": "03644",
            "brief": "像"
        },
        "2": {
            "sn": "00430",
            "brief": "上帝、神、神明"
        },
        "3": {
            "sn": "00136",
            "brief": "主、主人"
        },
        "4": {
            "sn": "00369",
            "brief": "不存在、没有"
        },
        "5": {
            "sn": "04639",
            "brief": "行为、工作"
        }
    },
    "0": {
        "2": {
            "sn": "05186",
            "brief": "Qal 伸出、铺张、伸展、延长，Hif‘il 屈枉、转弯、 丢一边"
        },
        "literal": "(大卫的祈祷。)雅威啊，求你侧耳应允我，因我是困苦穷乏的。",
        "0": {
            "sn": "08605",
            "brief": "祷告"
        },
        "1": {
            "sn": "01732",
            "brief": "大卫"
        },
        "3": {
            "sn": "03068",
            "brief": "上帝的名字「雅威」，犹太人尊称为「上主」"
        },
        "4": {
            "sn": "00241",
            "brief": "耳朵"
        },
        "5": {
            "sn": "06030",
            "brief": "I. 回答、作证；II. 忙；III. 使受苦、 使低微；IV. 唱歌 (I, IV 的 SN 为 6030. II, III 的 SN 为 6031)"
        },
        "6": {
            "sn": "03588",
            "brief": "因为、不必翻译"
        },
        "7": {
            "sn": "06041",
            "brief": "困苦的"
        },
        "8": {
            "sn": "00034",
            "brief": "贫乏的、贫穷的"
        },
        "9": {
            "sn": "00589",
            "brief": "我"
        }
    },
    "4": {
        "1": {
            "sn": "00859",
            "brief": "你"
        },
        "literal": "主啊，你本为良善，乐意饶恕人，有丰盛的慈爱赐给凡求告你的人。",
        "0": {
            "sn": "03588",
            "brief": "因为、不必翻译"
        },
        "2": {
            "sn": "00136",
            "brief": "主、主人"
        },
        "4": {
            "sn": "05546",
            "brief": "乐意饶恕人"
        },
        "5": {
            "sn": "07227",
            "brief": "I. 形容词：大量的、许多的、充足的，II. 名词：统帅、首领。"
        },
        "6": {
            "sn": "02617",
            "brief": "慈爱、忠诚"
        },
        "7": {
            "sn": "03605",
            "brief": "全部、整个、各"
        },
        "8": {
            "sn": "07121",
            "brief": "喊叫、召集、称呼、求告、朗读"
        },
        "3": {
            "sn": "02896",
            "brief": "名词：良善、美好、福乐；形容词：良善的、美好的"
        }
    },
    "2": {
        "literal": "主啊，求你怜悯我，因我终日求告你。",
        "1": {
            "sn": "00136",
            "brief": "主人"
        },
        "2": {
            "sn": "03588",
            "brief": "因为、不必翻译"
        },
        "3": {
            "sn": "00413",
            "brief": "向、往"
        },
        "4": {
            "sn": "07121",
            "brief": "喊叫、召集、称呼、求告、朗读"
        },
        "5": {
            "sn": "03605",
            "brief": "全部、整个、各"
        },
        "6": {
            "sn": "03117",
            "brief": "日子、时候"
        },
        "0": {
            "sn": "02603",
            "brief": "恩待、怜悯，Hitpa‘el 求恩"
        }
    },
    "12": {
        "literal": "因为，你的慈爱在我身上浩大，你救了我的生命免入极深的阴间。",
        "0": {
            "sn": "03588",
            "brief": "因为、不必翻译"
        },
        "1": {
            "sn": "02617",
            "brief": "慈爱、忠诚"
        },
        "2": {
            "sn": "01419",
            "brief": "大的、伟大的"
        },
        "3": {
            "sn": "05921",
            "brief": "在…上面"
        },
        "5": {
            "sn": "05315",
            "brief": "生命、人"
        },
        "6": {
            "sn": "07585",
            "brief": "阴间"
        },
        "7": {
            "sn": "08482",
            "brief": "低的"
        },
        "4": {
            "sn": "05337",
            "brief": "Nif‘al 获救，Pi‘el 拯救、夺取，Hif‘il 营救、抓走"
        }
    },
    "14": {
        "literal": "主啊，你是有怜悯、有恩典的上帝，不轻易发怒，并有丰盛的慈爱和信实。",
        "0": {
            "sn": "00859",
            "brief": "你"
        },
        "1": {
            "sn": "00136",
            "brief": "主人"
        },
        "2": {
            "sn": "00410",
            "brief": "上帝、神明、能力、力量"
        },
        "3": {
            "sn": "07349",
            "brief": "有怜悯的"
        },
        "4": {
            "sn": "02587",
            "brief": "有恩典的"
        },
        "5": {
            "sn": "00750",
            "brief": "忍耐地、慢慢地发怒、长的"
        },
        "6": {
            "sn": "00639",
            "brief": "怒气、鼻子"
        },
        "7": {
            "sn": "07229",
            "brief": "1. 形容词：大的，2. 名词：队长、首领"
        },
        "8": {
            "sn": "02617",
            "brief": "慈爱、忠诚"
        },
        "9": {
            "sn": "00571",
            "brief": "真理、诚信、真实、诚实"
        }
    }
}