{
    "9": {
        "10": {
            "sn": "03808",
            "brief": "不"
        },
        "1": {
            "sn": "08141",
            "brief": "年"
        },
        "literal": "四十年之久，我厌烦那世代，说：这是心里迷糊的百姓，他们竟不晓得我的作为！",
        "0": {
            "sn": "00705",
            "brief": "数目的「四十」"
        },
        "2": {
            "sn": "06962",
            "brief": "憎恶"
        },
        "3": {
            "sn": "01755",
            "brief": "年代、世代、后代、居所"
        },
        "4": {
            "sn": "00559",
            "brief": "说"
        },
        "5": {
            "sn": "05971",
            "brief": "国民、百姓"
        },
        "6": {
            "sn": "08582",
            "brief": "迷糊、错误"
        },
        "7": {
            "sn": "03824",
            "brief": "心"
        },
        "8": {
            "sn": "01992",
            "brief": "他们"
        },
        "9": {
            "sn": "01992",
            "brief": "他们"
        },
        "12": {
            "sn": "01870",
            "brief": "道路、行为、方向、方法"
        },
        "11": {
            "sn": "03045",
            "brief": "Qal 知道、认识、辨别、经历，Hif‘il 使知道、宣告"
        }
    },
    "10": {
        "0": {
            "sn": "00834",
            "brief": "不必翻译"
        },
        "1": {
            "sn": "07650",
            "brief": "Qal Nif‘al 发誓，Hif‘il 使起誓、嘱咐"
        },
        "literal": "所以，我在怒中起誓，(说)：他们断不可进入我的安息！",
        "2": {
            "sn": "00639",
            "brief": "鼻子、怒气、脸"
        },
        "3": {
            "sn": "00518",
            "brief": "如果"
        },
        "4": {
            "sn": "00935",
            "brief": "来、进入、临到、发生"
        },
        "5": {
            "sn": "00413",
            "brief": "向、往"
        },
        "6": {
            "sn": "04496",
            "brief": "安息之所、休息的地方"
        }
    },
    "8": {
        "2": {
            "sn": "00001",
            "brief": "父亲、祖先"
        },
        "3": {
            "sn": "00974",
            "brief": "试验"
        },
        "4": {
            "sn": "01571",
            "brief": "也"
        },
        "6": {
            "sn": "06467",
            "brief": "作为、工作"
        },
        "1": {
            "sn": "05254",
            "brief": "试验、试探"
        },
        "5": {
            "sn": "07200",
            "brief": "Qal 看见、看顾、察觉，Nif‘al 显现，Hif‘il 显明"
        },
        "literal": "那时，你们的祖宗试我探我，并且观看我的作为。",
        "0": {
            "sn": "00834",
            "brief": "不必翻译"
        }
    },
    "7": {
        "literal": "你们不可硬着心，像在米利巴，就是在旷野玛撒的日子。",
        "0": {
            "sn": "00408",
            "brief": "不"
        },
        "2": {
            "sn": "03824",
            "brief": "心"
        },
        "3": {
            "sn": "04809",
            "brief": "米利巴"
        },
        "4": {
            "sn": "03117",
            "brief": "日子、时候"
        },
        "5": {
            "sn": "04532",
            "brief": "玛撒"
        },
        "6": {
            "sn": "04057",
            "brief": "旷野"
        },
        "1": {
            "sn": "07185",
            "brief": "艰难、艰苦"
        }
    },
    "3": {
        "0": {
            "sn": "00834",
            "brief": "不必翻译"
        },
        "1": {
            "sn": "03027",
            "brief": "手、边、力量、权势"
        },
        "2": {
            "sn": "04278",
            "brief": "范围、空间、田野"
        },
        "3": {
            "sn": "00776",
            "brief": "地、邦国、疆界"
        },
        "4": {
            "sn": "08443",
            "brief": "高峰、高举的兽角"
        },
        "5": {
            "sn": "02022",
            "brief": "山"
        },
        "6": {
            "sn": "09001",
            "brief": "给、往、向、到、归属于"
        },
        "literal": "地的深处在他手中，山的高峰也属他。"
    },
    "5": {
        "0": {
            "sn": "00935",
            "brief": "来、进入、临到、发生"
        },
        "1": {
            "sn": "09013",
            "brief": "跪拜、下拜"
        },
        "2": {
            "sn": "03766",
            "brief": "弯曲、屈身、叩拜、下跪"
        },
        "3": {
            "sn": "01288",
            "brief": "Qal 屈膝、赐福，Pi‘el 称颂、赐福"
        },
        "4": {
            "sn": "03942",
            "brief": "在…之前"
        },
        "5": {
            "sn": "03068",
            "brief": "上帝的名字「雅威」，犹太人尊称为「上主」"
        },
        "6": {
            "sn": "06213",
            "brief": "做"
        },
        "literal": "来啊，我们要屈身敬拜，在造我们的雅威面前跪下。"
    },
    "1": {
        "0": {
            "sn": "06923",
            "brief": "前往、遇见"
        },
        "4": {
            "sn": "07321",
            "brief": "Hif‘il 喊叫、呼号"
        },
        "literal": "我们要以感谢来到他面前，用诗歌向他欢呼！",
        "1": {
            "sn": "06440",
            "brief": "脸"
        },
        "2": {
            "sn": "08426",
            "brief": "感谢、赞美"
        },
        "3": {
            "sn": "02158",
            "brief": "歌唱"
        },
        "5": {
            "sn": "09001",
            "brief": "给、往、向、到、归属于"
        }
    },
    "4": {
        "literal": "海洋属他，是他造了它；旱地也是他手所造。",
        "0": {
            "sn": "00834",
            "brief": "不必翻译"
        },
        "1": {
            "sn": "09001",
            "brief": "给、往、向、到、归属于"
        },
        "2": {
            "sn": "03220",
            "brief": "海、西方"
        },
        "3": {
            "sn": "01931",
            "brief": "他"
        },
        "4": {
            "sn": "06213",
            "brief": "做"
        },
        "5": {
            "sn": "03006",
            "brief": "旱地"
        },
        "6": {
            "sn": "03027",
            "brief": "手、边、力量、权势"
        },
        "7": {
            "sn": "03335",
            "brief": "造作、形成"
        }
    },
    "6": {
        "9": {
            "sn": "00518",
            "brief": "如果"
        },
        "literal": "因为他是我们的上帝；我们是他所牧养的子民，是他手下的羊。惟愿你们今天听他的声音：",
        "0": {
            "sn": "03588",
            "brief": "因为、不必翻译"
        },
        "1": {
            "sn": "01931",
            "brief": "他"
        },
        "2": {
            "sn": "00430",
            "brief": "上帝、神、神明"
        },
        "3": {
            "sn": "00587",
            "brief": "我们"
        },
        "4": {
            "sn": "05971",
            "brief": "国民、百姓"
        },
        "5": {
            "sn": "04830",
            "brief": "牧养"
        },
        "6": {
            "sn": "06629",
            "brief": "羊"
        },
        "7": {
            "sn": "03027",
            "brief": "手、边、力量、权势"
        },
        "8": {
            "sn": "03117",
            "brief": "日子、时候"
        },
        "10": {
            "sn": "06963",
            "brief": "声音"
        },
        "11": {
            "sn": "08085",
            "brief": "Qal 听、听从，Hif‘il 说明、使…听"
        }
    },
    "2": {
        "literal": "因雅威是伟大的上帝，为大王，超乎万神之上。",
        "0": {
            "sn": "03588",
            "brief": "因为、不必翻译"
        },
        "1": {
            "sn": "00410",
            "brief": "上帝、神明、能力、力量"
        },
        "2": {
            "sn": "01419",
            "brief": "大的、伟大的"
        },
        "3": {
            "sn": "03068",
            "brief": "上帝的名字「雅威」，犹太人尊称为「上主」"
        },
        "4": {
            "sn": "04428",
            "brief": "王、君王"
        },
        "5": {
            "sn": "01419",
            "brief": "大的、伟大的"
        },
        "6": {
            "sn": "05921",
            "brief": "在…上面"
        },
        "7": {
            "sn": "03605",
            "brief": "全部、整个、各"
        },
        "8": {
            "sn": "00430",
            "brief": "上帝、神、神明"
        }
    },
    "0": {
        "1": {
            "sn": "07442",
            "brief": "歌唱、呼喊、欢呼"
        },
        "literal": "来啊，我们要向雅威歌唱，向拯救我们的磐石欢呼！",
        "0": {
            "sn": "01980",
            "brief": "行走、去"
        },
        "2": {
            "sn": "03068",
            "brief": "上帝的名字「雅威」，犹太人尊称为「上主」"
        },
        "3": {
            "sn": "07321",
            "brief": "Hif‘il 喊叫、呼号"
        },
        "4": {
            "sn": "06697",
            "brief": "磐石、岩石"
        },
        "5": {
            "sn": "03468",
            "brief": "救恩、拯救、安全"
        }
    }
}