{
    "12": {
        "6": {
            "sn": "09001",
            "brief": "给、往、向、到、归属于"
        },
        "literal": "未曾听完先回答的，便是他的愚昧和羞辱。",
        "1": {
            "sn": "01697",
            "brief": "话语、事情"
        },
        "2": {
            "sn": "02962",
            "brief": "以前"
        },
        "4": {
            "sn": "00200",
            "brief": "愚笨、愚昧"
        },
        "5": {
            "sn": "01931",
            "brief": "他"
        },
        "7": {
            "sn": "03639",
            "brief": "羞愧、惭愧"
        },
        "3": {
            "sn": "08085",
            "brief": "Qal 听、听从，Hif‘il 说明、使…听"
        },
        "0": {
            "sn": "07725",
            "brief": "Qal 回复、回转、重复，Po‘lel 带回、复兴、更新，Hif‘il 回报、报告、带回"
        }
    },
    "15": {
        "3": {
            "sn": "09001",
            "brief": "给、往、向、到、归属于"
        },
        "6": {
            "sn": "05148",
            "brief": "引导"
        },
        "literal": "人的礼物为他开路，引他到高位的人面前。",
        "0": {
            "sn": "04976",
            "brief": "礼物"
        },
        "1": {
            "sn": "00120",
            "brief": "人"
        },
        "4": {
            "sn": "03942",
            "brief": "在…之前"
        },
        "5": {
            "sn": "01419",
            "brief": "大的、伟大的"
        },
        "2": {
            "sn": "07337",
            "brief": "扩张、变宽"
        }
    },
    "1": {
        "4": {
            "sn": "03588",
            "brief": "因为、不必翻译"
        },
        "6": {
            "sn": "01540",
            "brief": "显露、揭开、移除、迁移"
        },
        "literal": "愚昧人不喜爱明哲，而是显露心意。",
        "1": {
            "sn": "02654",
            "brief": "喜悦、喜欢"
        },
        "2": {
            "sn": "03684",
            "brief": "愚昧人、愚顽人"
        },
        "3": {
            "sn": "08394",
            "brief": "了解、悟性、明辨、聪明"
        },
        "5": {
            "sn": "00518",
            "brief": "如果"
        },
        "7": {
            "sn": "03820",
            "brief": "心"
        },
        "0": {
            "sn": "03808",
            "brief": "不"
        }
    },
    "2": {
        "literal": "恶人来，藐视也来；羞耻和辱骂同到。",
        "1": {
            "sn": "07563",
            "brief": "邪恶的"
        },
        "3": {
            "sn": "01571",
            "brief": "甚至、也"
        },
        "4": {
            "sn": "00937",
            "brief": "轻视"
        },
        "5": {
            "sn": "05973",
            "brief": "跟、与、和"
        },
        "6": {
            "sn": "07036",
            "brief": "羞辱"
        },
        "7": {
            "sn": "02781",
            "brief": "羞辱、责备"
        },
        "0": {
            "sn": "00935",
            "brief": "来、进入、临到、发生"
        },
        "2": {
            "sn": "00935",
            "brief": "来、进入、临到、发生"
        }
    },
    "14": {
        "6": {
            "sn": "01245",
            "brief": "Pi‘el 寻找、渴求、想望、索求"
        },
        "literal": "聪明人的心得知识；智慧人的耳求知识。",
        "0": {
            "sn": "03820",
            "brief": "心"
        },
        "1": {
            "sn": "00995",
            "brief": "明白、分辨、了解"
        },
        "2": {
            "sn": "07069",
            "brief": "购买、取得、持有、创造"
        },
        "3": {
            "sn": "01847",
            "brief": "知识"
        },
        "4": {
            "sn": "00241",
            "brief": "耳朵"
        },
        "5": {
            "sn": "02450",
            "brief": "有智慧的"
        },
        "7": {
            "sn": "01847",
            "brief": "知识"
        }
    },
    "22": {
        "literal": "贫穷人说哀求的话；富足人用威吓的话回答。",
        "1": {
            "sn": "01696",
            "brief": "Pi‘el 讲、说、指挥"
        },
        "0": {
            "sn": "08469",
            "brief": "恳求"
        },
        "2": {
            "sn": "07326",
            "brief": "贫穷、缺乏"
        },
        "3": {
            "sn": "06223",
            "brief": "富有的"
        },
        "4": {
            "sn": "06030",
            "brief": "I. 回答、作证；II. 忙；III. 使受苦、 使低微；IV. 唱歌 (I, IV 的 SN 为 6030. II, III 的 SN 为 6031)"
        },
        "5": {
            "sn": "05794",
            "brief": "强壮的，有能力的，猛烈的"
        }
    },
    "4": {
        "0": {
            "sn": "05375",
            "brief": "高举、举起、背负、承担"
        },
        "3": {
            "sn": "03808",
            "brief": "不"
        },
        "5": {
            "sn": "05186",
            "brief": "Qal 伸出、铺张、伸展、延长，Hif‘il 屈枉、转弯、 丢一边"
        },
        "4": {
            "sn": "02896",
            "brief": "名词：良善、美好、福乐；形容词：良善的、美好的"
        },
        "literal": "高举恶人的脸，…是不好的。(…处填入下行)偏断义人的案件，",
        "1": {
            "sn": "06440",
            "brief": "脸"
        },
        "2": {
            "sn": "07563",
            "brief": "邪恶的"
        },
        "6": {
            "sn": "06662",
            "brief": "公义的"
        },
        "7": {
            "sn": "04941",
            "brief": "正义、公平、审判、律例、规矩"
        }
    },
    "7": {
        "0": {
            "sn": "01697",
            "brief": "话语、事情"
        },
        "1": {
            "sn": "05372",
            "brief": "低声说、耳语"
        },
        "3": {
            "sn": "01992",
            "brief": "他们"
        },
        "4": {
            "sn": "03381",
            "brief": "下去"
        },
        "5": {
            "sn": "02315",
            "brief": "房间、寝室"
        },
        "2": {
            "sn": "03859",
            "brief": "狼吞虎咽地吃、吞咽"
        },
        "literal": "传舌人的言语如同美食，它们下到人的心腹。",
        "6": {
            "sn": "00990",
            "brief": "子宫、腹部"
        }
    },
    "8": {
        "literal": "做工懈怠的，是败坏人的兄弟。",
        "6": {
            "sn": "07843",
            "brief": "破坏、毁坏、腐化、堕落"
        },
        "1": {
            "sn": "07503",
            "brief": "Qal 落、沉、掉、放松、变弱，Hif‘il 安静、听任、放弃、让他走"
        },
        "0": {
            "sn": "01571",
            "brief": "甚至、也"
        },
        "2": {
            "sn": "04399",
            "brief": "工作"
        },
        "3": {
            "sn": "00251",
            "brief": "兄弟"
        },
        "4": {
            "sn": "01931",
            "brief": "他"
        },
        "5": {
            "sn": "01167",
            "brief": "物主、主人、丈夫"
        }
    },
    "9": {
        "0": {
            "sn": "04026",
            "brief": "塔、台"
        },
        "1": {
            "sn": "05797",
            "brief": "能力、力量"
        },
        "2": {
            "sn": "08034",
            "brief": "名字"
        },
        "3": {
            "sn": "03068",
            "brief": "上帝的名字「雅威」，犹太人尊称为「上主」"
        },
        "4": {
            "sn": "09002",
            "brief": "在、用、藉着、与、敌对"
        },
        "5": {
            "sn": "07323",
            "brief": "奔跑"
        },
        "6": {
            "sn": "06662",
            "brief": "公义的"
        },
        "literal": "雅威的名是坚固台；义人奔入便得安稳。",
        "7": {
            "sn": "07682",
            "brief": "放在高处、崇高、尊崇"
        }
    },
    "21": {
        "0": {
            "sn": "04672",
            "brief": "寻找、追上、获得、发现"
        },
        "4": {
            "sn": "06329",
            "brief": "供应、带出、出产"
        },
        "3": {
            "sn": "02896",
            "brief": "名词：良善、美好、福乐；形容词：良善的、美好的"
        },
        "literal": "得着妻子的，是得着好处，也是得着雅威的恩惠。",
        "1": {
            "sn": "00802",
            "brief": "女人、妻子"
        },
        "2": {
            "sn": "04672",
            "brief": "寻找、追上、获得、发现"
        },
        "5": {
            "sn": "07522",
            "brief": "喜悦、悦纳、恩典、意愿"
        },
        "6": {
            "sn": "03068",
            "brief": "上帝的名字「雅威」，犹太人尊称为「上主」"
        }
    },
    "13": {
        "0": {
            "sn": "07307",
            "brief": "风、心、灵、气息"
        },
        "literal": "人有疾病，心能忍耐；心灵忧伤，谁能承当呢？",
        "1": {
            "sn": "00376",
            "brief": "各人、人、男人、丈夫"
        },
        "3": {
            "sn": "04245",
            "brief": "疾病，生病"
        },
        "4": {
            "sn": "07307",
            "brief": "风、心、灵、气息"
        },
        "5": {
            "sn": "05218",
            "brief": "受伤的"
        },
        "6": {
            "sn": "04310",
            "brief": "谁"
        },
        "7": {
            "sn": "05375",
            "brief": "高举、举起、背负、承担"
        },
        "2": {
            "sn": "03557",
            "brief": "盛、装、抓住、容纳、维持"
        }
    },
    "5": {
        "literal": "愚昧人的嘴启争端，他的口招来鞭打。",
        "0": {
            "sn": "08193",
            "brief": "嘴唇、边缘、言语"
        },
        "1": {
            "sn": "03684",
            "brief": "愚昧人、愚顽人"
        },
        "2": {
            "sn": "00935",
            "brief": "来、进入、临到、发生"
        },
        "3": {
            "sn": "07379",
            "brief": "争吵、冲突、争辩"
        },
        "4": {
            "sn": "06310",
            "brief": "口、命令、末端、沿岸、比例"
        },
        "5": {
            "sn": "04112",
            "brief": "击，打"
        },
        "6": {
            "sn": "07121",
            "brief": "喊叫、召集、称呼、求告、朗读"
        }
    },
    "6": {
        "literal": "愚昧人的口是他自己的败坏；他的嘴是他生命的网罗。",
        "0": {
            "sn": "06310",
            "brief": "口、命令、末端、沿岸、比例"
        },
        "1": {
            "sn": "03684",
            "brief": "愚昧人、愚顽人"
        },
        "2": {
            "sn": "04288",
            "brief": "惊吓、破坏"
        },
        "3": {
            "sn": "09001",
            "brief": "给、往、向、到、归属于"
        },
        "4": {
            "sn": "08193",
            "brief": "嘴唇、边缘、言语"
        },
        "5": {
            "sn": "04170",
            "brief": "网罗、诱饵、陷阱"
        },
        "6": {
            "sn": "05315",
            "brief": "生命、人"
        }
    },
    "10": {
        "literal": "富足人的财物是他的坚固城，在他心想，犹如高墙。",
        "0": {
            "sn": "01952",
            "brief": "财富、物质、足够"
        },
        "1": {
            "sn": "06223",
            "brief": "富有的"
        },
        "2": {
            "sn": "07151",
            "brief": "都市、城镇"
        },
        "3": {
            "sn": "05797",
            "brief": "能力、力量"
        },
        "4": {
            "sn": "02346",
            "brief": "墙壁"
        },
        "5": {
            "sn": "07682",
            "brief": "放在高处、崇高、尊崇"
        },
        "6": {
            "sn": "04906",
            "brief": "偶像、图片、想像"
        }
    },
    "11": {
        "literal": "败坏之先，人心骄傲；尊荣以前，必有谦卑。",
        "0": {
            "sn": "03942",
            "brief": "在…之前"
        },
        "1": {
            "sn": "07667",
            "brief": "破碎、压碎"
        },
        "2": {
            "sn": "01361",
            "brief": "高、举高"
        },
        "3": {
            "sn": "03820",
            "brief": "心"
        },
        "4": {
            "sn": "00376",
            "brief": "各人、人、男人、丈夫"
        },
        "5": {
            "sn": "03942",
            "brief": "在…之前"
        },
        "6": {
            "sn": "03519",
            "brief": "荣耀"
        },
        "7": {
            "sn": "06038",
            "brief": "谦卑、温顺"
        }
    },
    "16": {
        "literal": "先诉情由的，似乎有理；但邻舍来到，就察出实情。",
        "0": {
            "sn": "06662",
            "brief": "公义的"
        },
        "1": {
            "sn": "07223",
            "brief": "首先的"
        },
        "2": {
            "sn": "07379",
            "brief": "争吵、冲突、争辩"
        },
        "3": {
            "sn": "00935",
            "brief": "来、进入、临到、发生"
        },
        "4": {
            "sn": "07453",
            "brief": "邻舍、朋友"
        },
        "5": {
            "sn": "02713",
            "brief": "搜查、调查"
        }
    },
    "0": {
        "1": {
            "sn": "01245",
            "brief": "Pi‘el 寻找、渴求、想望、索求"
        },
        "5": {
            "sn": "01566",
            "brief": "显露、破裂、脱逃"
        },
        "literal": "独自寻求心愿，并恼恨一切真智慧。",
        "0": {
            "sn": "08378",
            "brief": "羡慕、渴慕"
        },
        "2": {
            "sn": "06504",
            "brief": "隔开"
        },
        "3": {
            "sn": "03605",
            "brief": "全部、整个、各"
        },
        "4": {
            "sn": "08454",
            "brief": "智慧"
        }
    },
    "3": {
        "literal": "人口中的言语如同深水；智慧的泉源好像涌流的河水。",
        "0": {
            "sn": "04325",
            "brief": "水"
        },
        "1": {
            "sn": "06013",
            "brief": "深的、深处、深度"
        },
        "2": {
            "sn": "01697",
            "brief": "话语、事情"
        },
        "3": {
            "sn": "06310",
            "brief": "口、命令、末端、沿岸、比例"
        },
        "4": {
            "sn": "00376",
            "brief": "各人、人、男人、丈夫"
        },
        "5": {
            "sn": "05158",
            "brief": "山谷、溪谷、河谷、河床"
        },
        "6": {
            "sn": "05042",
            "brief": "喷出、流出"
        },
        "7": {
            "sn": "04726",
            "brief": "泉水、喷泉、水源"
        },
        "8": {
            "sn": "02451",
            "brief": "智慧"
        }
    },
    "18": {
        "literal": "弟兄被冒犯，比坚固城还难应付；这样的争竞如同坚寨的门闩。",
        "0": {
            "sn": "00251",
            "brief": "兄弟"
        },
        "1": {
            "sn": "06586",
            "brief": "背逆、过错"
        },
        "2": {
            "sn": "07151",
            "brief": "城市、镇"
        },
        "3": {
            "sn": "05797",
            "brief": "能力、力量"
        },
        "4": {
            "sn": "04079",
            "brief": "纷争、吵闹"
        },
        "5": {
            "sn": "01280",
            "brief": "闩、栏"
        },
        "6": {
            "sn": "00759",
            "brief": "堡垒、宫殿"
        }
    },
    "19": {
        "literal": "人口中所结的果子，必充满肚腹；他嘴所出的，必使他饱足。",
        "0": {
            "sn": "06529",
            "brief": "果实、子孙"
        },
        "1": {
            "sn": "06310",
            "brief": "口、命令、末端、沿岸、比例"
        },
        "2": {
            "sn": "00376",
            "brief": "各人、人、男人、丈夫"
        },
        "3": {
            "sn": "07646",
            "brief": "满足、饱足"
        },
        "4": {
            "sn": "00990",
            "brief": "子宫、腹部"
        },
        "5": {
            "sn": "08393",
            "brief": "出产、生产、岁入、税收"
        },
        "6": {
            "sn": "08193",
            "brief": "嘴唇、边缘、言语"
        },
        "7": {
            "sn": "07646",
            "brief": "满足、饱足"
        }
    },
    "23": {
        "literal": "有许多朋友的人自取败坏；但有一朋友比弟兄更亲密。",
        "0": {
            "sn": "00376",
            "brief": "各人、人、男人、丈夫"
        },
        "1": {
            "sn": "07453",
            "brief": "邻舍、朋友"
        },
        "2": {
            "sn": "07489",
            "brief": "I. 行恶 ；II. 破坏、打破"
        },
        "3": {
            "sn": "03426",
            "brief": "存在、有、是"
        },
        "4": {
            "sn": "00157",
            "brief": "爱"
        },
        "5": {
            "sn": "01695",
            "brief": "贴近、黏着"
        },
        "6": {
            "sn": "00251",
            "brief": "兄弟"
        }
    },
    "17": {
        "literal": "掣签能止息争竞，也能解散强胜的人。",
        "0": {
            "sn": "04079",
            "brief": "纷争、吵闹"
        },
        "1": {
            "sn": "07673",
            "brief": "停止"
        },
        "5": {
            "sn": "06504",
            "brief": "隔开"
        },
        "2": {
            "sn": "01486",
            "brief": "报应、签"
        },
        "3": {
            "sn": "00996",
            "brief": "在…之间，在中间"
        },
        "4": {
            "sn": "06099",
            "brief": "强有力的、许多的"
        }
    },
    "20": {
        "literal": "生死在舌头的权下，喜爱它的，必吃它所结的果子。",
        "0": {
            "sn": "04194",
            "brief": "死亡"
        },
        "1": {
            "sn": "02416",
            "brief": "生命"
        },
        "2": {
            "sn": "03027",
            "brief": "手、边、力量、权势"
        },
        "3": {
            "sn": "03956",
            "brief": "舌"
        },
        "4": {
            "sn": "00157",
            "brief": "爱"
        },
        "5": {
            "sn": "00398",
            "brief": "吃、吞吃"
        },
        "6": {
            "sn": "06529",
            "brief": "果实、子孙"
        }
    }
}