{
    "6": {
        "literal": "穷人的任何弟兄都会恨他；何况他的朋友，更是远离他！他用言语来追，他们不理。",
        "0": {
            "sn": "03605",
            "brief": "全部、整个、各"
        },
        "1": {
            "sn": "00251",
            "brief": "兄弟"
        },
        "2": {
            "sn": "07326",
            "brief": "贫穷、缺乏"
        },
        "3": {
            "sn": "08130",
            "brief": "恨"
        },
        "4": {
            "sn": "00637",
            "brief": "的确、也"
        },
        "5": {
            "sn": "03588",
            "brief": "因为、不必翻译"
        },
        "6": {
            "sn": "04828",
            "brief": "密友"
        },
        "7": {
            "sn": "07368",
            "brief": "远离"
        },
        "8": {
            "sn": "04480",
            "brief": "从、出、离"
        },
        "10": {
            "sn": "00561",
            "brief": "言语"
        },
        "12": {
            "sn": "01992",
            "brief": "他们"
        },
        "11": {
            "sn": "03808",
            "brief": "不"
        },
        "9": {
            "sn": "07291",
            "brief": "在后面，跟随，追"
        }
    },
    "23": {
        "7": {
            "sn": "03808",
            "brief": "不"
        },
        "literal": "懒惰人把他的手埋在盘子里，就是把它(原文用阴性)向自己的口撤回，他也不肯。",
        "0": {
            "sn": "02934",
            "brief": "隐藏"
        },
        "1": {
            "sn": "06102",
            "brief": "懒惰的"
        },
        "2": {
            "sn": "03027",
            "brief": "手、边、力量、权势"
        },
        "3": {
            "sn": "06747",
            "brief": "盘子"
        },
        "4": {
            "sn": "01571",
            "brief": "也"
        },
        "5": {
            "sn": "00413",
            "brief": "向、往"
        },
        "6": {
            "sn": "06310",
            "brief": "口、命令、末端、沿岸、比例"
        },
        "8": {
            "sn": "07725",
            "brief": "Qal 回复、回转、重复，Po‘lel 带回、复兴、更新，Hif‘il 回报、报告、带回"
        }
    },
    "21": {
        "4": {
            "sn": "07326",
            "brief": "贫穷、缺乏"
        },
        "5": {
            "sn": "00376",
            "brief": "各人、人、男人、丈夫"
        },
        "6": {
            "sn": "03577",
            "brief": "谎言"
        },
        "literal": "人所爱慕的是他自己的仁慈；穷人强如说谎言的人。",
        "0": {
            "sn": "08378",
            "brief": "羡慕、贪心"
        },
        "1": {
            "sn": "00120",
            "brief": "人"
        },
        "2": {
            "sn": "02617",
            "brief": "I. 慈爱；II. 羞辱、耻辱"
        },
        "3": {
            "sn": "02896",
            "brief": "名词：良善、美好、福乐；形容词：良善的、美好的"
        }
    },
    "2": {
        "literal": "人的愚昧倾覆他自己的道；他的心却恼怒雅威。",
        "0": {
            "sn": "00200",
            "brief": "愚昧"
        },
        "1": {
            "sn": "00120",
            "brief": "人"
        },
        "2": {
            "sn": "05557",
            "brief": "歪曲、倾覆"
        },
        "3": {
            "sn": "01870",
            "brief": "道路、行为、方向、方法"
        },
        "4": {
            "sn": "05921",
            "brief": "在…上面"
        },
        "5": {
            "sn": "03068",
            "brief": "上帝的名字「雅威」，犹太人尊称为「上主」"
        },
        "6": {
            "sn": "02196",
            "brief": "烦恼、烦躁、发愁、愤怒"
        },
        "7": {
            "sn": "03820",
            "brief": "心"
        }
    },
    "5": {
        "literal": "许多人来求贵族的脸面(意思是恩情)；而所有的人都是(爱)送礼的人的朋友。",
        "1": {
            "sn": "02470",
            "brief": "I. Qal 生病，Hof‘al 受伤，II. Pi‘el 恳求施恩"
        },
        "0": {
            "sn": "07227",
            "brief": "I. 形容词：大量的、许多的、充足的，II. 名词：统帅、首领。"
        },
        "2": {
            "sn": "06440",
            "brief": "脸"
        },
        "3": {
            "sn": "05081",
            "brief": "高贵的"
        },
        "4": {
            "sn": "03605",
            "brief": "全部、整个、各"
        },
        "5": {
            "sn": "07453",
            "brief": "邻舍、朋友"
        },
        "6": {
            "sn": "00376",
            "brief": "各人、人、男人、丈夫"
        },
        "7": {
            "sn": "04976",
            "brief": "礼物"
        }
    },
    "4": {
        "literal": "虚假的证人，不能免除刑罚；吐出谎言的，必不能脱身。",
        "0": {
            "sn": "05707",
            "brief": "见证、证人"
        },
        "1": {
            "sn": "08267",
            "brief": "虚假"
        },
        "3": {
            "sn": "05352",
            "brief": "倾空、清除、判为无罪、免除刑罚"
        },
        "4": {
            "sn": "06315",
            "brief": "呼吸、吹、吐出"
        },
        "5": {
            "sn": "03577",
            "brief": "谎言"
        },
        "2": {
            "sn": "03808",
            "brief": "不"
        },
        "6": {
            "sn": "03808",
            "brief": "不"
        },
        "7": {
            "sn": "04422",
            "brief": "Nif‘al, Hitpa‘el 溜出、逃出、被拯救，Pi‘el, Hif‘il 生下、拯救"
        }
    },
    "24": {
        "0": {
            "sn": "03887",
            "brief": "轻蔑、嘲讽、傲慢"
        },
        "2": {
            "sn": "06612",
            "brief": "无知的、愚笨的、愚昧的"
        },
        "3": {
            "sn": "06191",
            "brief": "奸诈、精明、狡滑、审慎"
        },
        "5": {
            "sn": "00995",
            "brief": "聪明、明辨"
        },
        "6": {
            "sn": "00995",
            "brief": "聪明、明辨"
        },
        "7": {
            "sn": "01847",
            "brief": "知识"
        },
        "1": {
            "sn": "05221",
            "brief": "Hif‘il 击打、击杀"
        },
        "4": {
            "sn": "03198",
            "brief": "断定是非、判断、证明"
        },
        "literal": "你打亵慢人，愚笨人就变精明；责备明哲人，他会明白知识。"
    },
    "0": {
        "1": {
            "sn": "07326",
            "brief": "贫穷、缺乏"
        },
        "2": {
            "sn": "01980",
            "brief": "走路"
        },
        "3": {
            "sn": "08537",
            "brief": "完整、完全"
        },
        "4": {
            "sn": "06141",
            "brief": "弯曲的、错谬的"
        },
        "5": {
            "sn": "08193",
            "brief": "嘴唇、边缘、言语"
        },
        "6": {
            "sn": "01931",
            "brief": "他"
        },
        "7": {
            "sn": "03684",
            "brief": "愚昧人、愚顽人"
        },
        "0": {
            "sn": "02896",
            "brief": "名词：良善、美好、福乐；形容词：良善的、美好的"
        },
        "literal": "以自己的完全来行走的贫穷人，胜过自己的嘴唇(指言词)弯曲，而他却是个愚顽的人。"
    },
    "8": {
        "0": {
            "sn": "05707",
            "brief": "见证、证人"
        },
        "1": {
            "sn": "08267",
            "brief": "虚假"
        },
        "3": {
            "sn": "05352",
            "brief": "空的、荒凉的"
        },
        "4": {
            "sn": "06315",
            "brief": "吹"
        },
        "5": {
            "sn": "03577",
            "brief": "谎言"
        },
        "6": {
            "sn": "00006",
            "brief": "灭亡"
        },
        "7": {
            "sn": "09015",
            "brief": "开的意思"
        },
        "2": {
            "sn": "03808",
            "brief": "不"
        },
        "literal": "虚假的证人，不能免除刑罚；吐出谎言的，必定灭亡。"
    },
    "10": {
        "literal": "人的见识使他不轻易发怒；宽恕过失是自己的荣耀。",
        "2": {
            "sn": "00748",
            "brief": "变长"
        },
        "0": {
            "sn": "07922",
            "brief": "理解"
        },
        "1": {
            "sn": "00120",
            "brief": "人"
        },
        "3": {
            "sn": "00639",
            "brief": "怒气、鼻子、脸"
        },
        "4": {
            "sn": "08597",
            "brief": "茂盛、尊荣、华美"
        },
        "5": {
            "sn": "05674",
            "brief": "经过、穿越、涨溢、离开、拿走、违犯、废除"
        },
        "6": {
            "sn": "05921",
            "brief": "在…上面"
        },
        "7": {
            "sn": "06588",
            "brief": "过犯、背叛"
        }
    },
    "1": {
        "7": {
            "sn": "07272",
            "brief": "脚"
        },
        "8": {
            "sn": "02398",
            "brief": "Qal 犯罪；Pi‘el 献赎罪祭、得洁净；Hif‘il 导致犯罪；Hitpa‘el 迷失、洁净自己"
        },
        "literal": "而且，有热心而无知识，乃为不善；脚步急快的，会犯罪。",
        "0": {
            "sn": "01571",
            "brief": "也"
        },
        "1": {
            "sn": "03808",
            "brief": "不"
        },
        "2": {
            "sn": "01847",
            "brief": "知识"
        },
        "3": {
            "sn": "05315",
            "brief": "生命、人"
        },
        "6": {
            "sn": "00213",
            "brief": "竭力、急迫、催促、狭窄"
        },
        "4": {
            "sn": "03808",
            "brief": "不"
        },
        "5": {
            "sn": "02896",
            "brief": "名词：良善、美好、福乐；形容词：良善的、美好的"
        }
    },
    "18": {
        "1": {
            "sn": "02534",
            "brief": "烈怒、热气、毒气"
        },
        "6": {
            "sn": "05337",
            "brief": "Nif‘al 获救，Pi‘el 拯救、夺取，Hif‘il 营救、抓走"
        },
        "literal": "暴怒的人必受惩罚；你若救他，必须一再地救。",
        "0": {
            "sn": "01419",
            "brief": "大的、伟大的"
        },
        "2": {
            "sn": "05375",
            "brief": "高举、举起、背负、承担"
        },
        "3": {
            "sn": "06066",
            "brief": "惩罚、赔偿"
        },
        "4": {
            "sn": "03588",
            "brief": "因为、不必翻译"
        },
        "5": {
            "sn": "00518",
            "brief": "如果"
        },
        "8": {
            "sn": "03254",
            "brief": "再一次、增添、增进"
        },
        "7": {
            "sn": "05750",
            "brief": "再、仍然、持续"
        }
    },
    "20": {
        "0": {
            "sn": "07227",
            "brief": "I. 形容词：足够、大量的、许多的、充足的、强盛的，II. 名词：统帅、首领。"
        },
        "1": {
            "sn": "04284",
            "brief": "计划、意念、思想、设计"
        },
        "2": {
            "sn": "03820",
            "brief": "心"
        },
        "3": {
            "sn": "00376",
            "brief": "各人、人、男人、丈夫"
        },
        "4": {
            "sn": "06098",
            "brief": "谋略、谘商、劝告"
        },
        "literal": "人心多有计谋；惟有雅威的筹算，它(原文用阴性)才能够立定。",
        "5": {
            "sn": "03068",
            "brief": "上帝的名字「雅威」，犹太人尊称为「上主」"
        },
        "6": {
            "sn": "01931",
            "brief": "他；她"
        },
        "7": {
            "sn": "06965",
            "brief": "起来、设立、坚立"
        }
    },
    "15": {
        "1": {
            "sn": "04687",
            "brief": "命令、吩咐"
        },
        "3": {
            "sn": "05315",
            "brief": "生命、活着的人"
        },
        "0": {
            "sn": "08104",
            "brief": "Qal 保护、遵守，Nif‘al 小心、防备"
        },
        "2": {
            "sn": "08104",
            "brief": "Qal 保护、遵守，Nif‘al 小心、防备"
        },
        "literal": "谨守诫命的，保全自己的生命；轻忽己路的，必致死亡。",
        "4": {
            "sn": "00959",
            "brief": "轻视"
        },
        "5": {
            "sn": "01870",
            "brief": "道路、行为、方向、方法"
        },
        "6": {
            "sn": "04191",
            "brief": "死、治死"
        }
    },
    "14": {
        "1": {
            "sn": "05307",
            "brief": "跌落、跌倒、使签落在..."
        },
        "0": {
            "sn": "06103",
            "brief": "懒惰"
        },
        "2": {
            "sn": "08639",
            "brief": "沉睡"
        },
        "3": {
            "sn": "05315",
            "brief": "生命、活着的人"
        },
        "4": {
            "sn": "07423",
            "brief": "松弛、欺骗、诡诈"
        },
        "5": {
            "sn": "07456",
            "brief": "饥饿"
        },
        "literal": "懒惰使人陷入沉睡；懈怠的人会挨饿。"
    },
    "19": {
        "0": {
            "sn": "08085",
            "brief": "听到、听从"
        },
        "1": {
            "sn": "06098",
            "brief": "谋略、谘商、劝告"
        },
        "2": {
            "sn": "06901",
            "brief": "取、接受、在...之前"
        },
        "literal": "要听劝戒，领受训诲，好使你的终局有智慧。",
        "3": {
            "sn": "04148",
            "brief": "管教、教导、训诲"
        },
        "4": {
            "sn": "04616",
            "brief": "为了"
        },
        "5": {
            "sn": "02449",
            "brief": "有智慧"
        },
        "6": {
            "sn": "00319",
            "brief": "结局、后面、末后"
        }
    },
    "16": {
        "literal": "怜悯贫穷的，就是借给雅威；他的善行，他必偿还他。",
        "0": {
            "sn": "03867",
            "brief": "Qal 借、加入；Nif‘al 加入、参与；Hif‘il 出借"
        },
        "2": {
            "sn": "02603",
            "brief": "恩待、怜悯，Hitpa‘el 求恩"
        },
        "1": {
            "sn": "03068",
            "brief": "上帝的名字「雅威」，犹太人尊称为「上主」"
        },
        "3": {
            "sn": "01800",
            "brief": "贫穷的、卑微的、弱的"
        },
        "4": {
            "sn": "01576",
            "brief": "行事、报赏"
        },
        "5": {
            "sn": "07999",
            "brief": "Qal 平安，Pi‘el 还愿、完成"
        },
        "6": {
            "sn": "09001",
            "brief": "给、往、向、到、归属于"
        }
    },
    "17": {
        "literal": "趁有指望，管教你的儿子；不可存你的心让他死亡。",
        "9": {
            "sn": "05315",
            "brief": "生命、活着的人"
        },
        "0": {
            "sn": "03256",
            "brief": "指教、管教、惩戒"
        },
        "6": {
            "sn": "04191",
            "brief": "死、治死"
        },
        "1": {
            "sn": "01121",
            "brief": "儿子、孙子、后裔、成员"
        },
        "2": {
            "sn": "03588",
            "brief": "因为、不必翻译"
        },
        "3": {
            "sn": "03426",
            "brief": "存在、有、是"
        },
        "4": {
            "sn": "08615",
            "brief": "希望、期望"
        },
        "5": {
            "sn": "00413",
            "brief": "向、往"
        },
        "7": {
            "sn": "00408",
            "brief": "不"
        },
        "8": {
            "sn": "05375",
            "brief": "高举、举起、背负、承担"
        }
    },
    "11": {
        "literal": "王的忿怒好像狮子吼叫；他的恩典却如草上的甘露。",
        "0": {
            "sn": "05099",
            "brief": "咆哮"
        },
        "1": {
            "sn": "03715",
            "brief": "少壮狮子"
        },
        "2": {
            "sn": "02197",
            "brief": "烦躁、激怒、忿恨"
        },
        "3": {
            "sn": "04428",
            "brief": "君王、国王"
        },
        "4": {
            "sn": "02919",
            "brief": "露水"
        },
        "5": {
            "sn": "05921",
            "brief": "在…上面"
        },
        "6": {
            "sn": "06212",
            "brief": "绿色植物、青草"
        },
        "7": {
            "sn": "07522",
            "brief": "喜悦、悦纳、恩典、意愿"
        }
    },
    "12": {
        "literal": "愚昧的儿子是他父亲的祸患；妻子的争吵滴个不停。",
        "0": {
            "sn": "01942",
            "brief": "欲望、毁坏、灾难"
        },
        "1": {
            "sn": "00001",
            "brief": "父亲、祖先"
        },
        "2": {
            "sn": "01121",
            "brief": "儿子、孙子、后裔、成员"
        },
        "3": {
            "sn": "03684",
            "brief": "愚昧人、愚顽人"
        },
        "4": {
            "sn": "01812",
            "brief": "滴漏"
        },
        "5": {
            "sn": "02956",
            "brief": "追、继续"
        },
        "6": {
            "sn": "04079",
            "brief": "纷争、吵闹"
        },
        "7": {
            "sn": "00802",
            "brief": "女人、妻子"
        }
    },
    "27": {
        "6": {
            "sn": "01104",
            "brief": "毁坏、吞吃"
        },
        "literal": "匪徒的见证戏笑公平；恶人的口吞下罪孽。",
        "0": {
            "sn": "05707",
            "brief": "见证、证人"
        },
        "1": {
            "sn": "01100",
            "brief": "邪恶、没有价值、卑鄙的小人"
        },
        "2": {
            "sn": "03887",
            "brief": "轻蔑、嘲讽、傲慢"
        },
        "3": {
            "sn": "04941",
            "brief": "正义、公平、审判、律例、规矩"
        },
        "4": {
            "sn": "06310",
            "brief": "口、命令、末端、沿岸、比例"
        },
        "5": {
            "sn": "07563",
            "brief": "邪恶的、犯法的"
        },
        "7": {
            "sn": "00205",
            "brief": "行恶、邪恶、患难"
        }
    },
    "28": {
        "0": {
            "sn": "03559",
            "brief": "Hif‘il 预备、建立、坚立"
        },
        "2": {
            "sn": "08201",
            "brief": "审判"
        },
        "literal": "刑罚是为亵慢人预备的；鞭打是为愚昧人的背预备的。",
        "1": {
            "sn": "03887",
            "brief": "轻蔑、嘲讽、傲慢"
        },
        "3": {
            "sn": "04112",
            "brief": "击打"
        },
        "4": {
            "sn": "01460",
            "brief": "背后，背部，在...中间"
        },
        "5": {
            "sn": "03684",
            "brief": "愚昧人、愚顽人"
        }
    },
    "25": {
        "2": {
            "sn": "01272",
            "brief": "穿越、逃跑、赶快"
        },
        "0": {
            "sn": "07703",
            "brief": "暴力相向、毁坏"
        },
        "5": {
            "sn": "00954",
            "brief": "羞愧"
        },
        "6": {
            "sn": "02659",
            "brief": "羞辱"
        },
        "literal": "虐待父亲、撵出母亲的，是贻羞致辱之子。",
        "1": {
            "sn": "00001",
            "brief": "父亲、祖先"
        },
        "3": {
            "sn": "00517",
            "brief": "母亲"
        },
        "4": {
            "sn": "01121",
            "brief": "儿子、孙子、后裔、成员"
        }
    },
    "3": {
        "literal": "财富使朋友增多；但穷人会被朋友隔离。",
        "0": {
            "sn": "01952",
            "brief": "财富、物质"
        },
        "2": {
            "sn": "07453",
            "brief": "邻舍、朋友"
        },
        "3": {
            "sn": "07227",
            "brief": "I. 形容词：大量的、许多的、充足的，II. 名词：统帅、首领。"
        },
        "4": {
            "sn": "01800",
            "brief": "贫穷的、卑微的、弱的"
        },
        "5": {
            "sn": "07453",
            "brief": "邻舍、朋友"
        },
        "6": {
            "sn": "06504",
            "brief": "隔开"
        },
        "1": {
            "sn": "03254",
            "brief": "再一次、增添"
        }
    },
    "7": {
        "literal": "心获得智慧的，是爱惜他自己；持守聪明的，寻得好处。",
        "0": {
            "sn": "07069",
            "brief": "购买、取得、持有、创造"
        },
        "1": {
            "sn": "03820",
            "brief": "心"
        },
        "2": {
            "sn": "00157",
            "brief": "爱"
        },
        "3": {
            "sn": "05315",
            "brief": "生命、人"
        },
        "4": {
            "sn": "08104",
            "brief": "保护、小心、遵守"
        },
        "5": {
            "sn": "08394",
            "brief": "了解、悟性、明辨、聪明"
        },
        "7": {
            "sn": "02896",
            "brief": "名词：良善、美好、福乐；形容词：良善的、美好的"
        },
        "6": {
            "sn": "04672",
            "brief": "寻找、追上、获得、发现"
        }
    },
    "9": {
        "literal": "愚昧人宴乐度日不合宜；何况仆人管辖王子呢？",
        "0": {
            "sn": "03808",
            "brief": "不"
        },
        "1": {
            "sn": "05000",
            "brief": "秀丽的、得体的"
        },
        "2": {
            "sn": "03684",
            "brief": "愚昧人、愚顽人"
        },
        "3": {
            "sn": "08588",
            "brief": "虚荣、奢侈、愉快"
        },
        "4": {
            "sn": "00637",
            "brief": "的确、也"
        },
        "5": {
            "sn": "03588",
            "brief": "因为、不必翻译"
        },
        "6": {
            "sn": "05650",
            "brief": "仆人、奴隶"
        },
        "7": {
            "sn": "04910",
            "brief": "管理、支配、统治"
        },
        "8": {
            "sn": "08269",
            "brief": "王子、统治者"
        }
    },
    "13": {
        "literal": "房屋和财富是祖宗(所遗留)的产业；惟有贤慧的妻是从雅威来的。",
        "0": {
            "sn": "01004",
            "brief": "家、房子、殿"
        },
        "1": {
            "sn": "01952",
            "brief": "财富、物质"
        },
        "2": {
            "sn": "05159",
            "brief": "产业"
        },
        "3": {
            "sn": "00001",
            "brief": "父亲、祖先"
        },
        "4": {
            "sn": "03068",
            "brief": "上帝的名字「雅威」，犹太人尊称为「上主」"
        },
        "5": {
            "sn": "00802",
            "brief": "女人、妻子"
        },
        "6": {
            "sn": "07919",
            "brief": "Qal 明白、聪明、谨慎，Pi‘el 手交叉，Hif‘il 有洞察力、教导、成功、顺利"
        }
    },
    "22": {
        "literal": "雅威的敬畏带来生命；他必恒久知足，不遭祸患。",
        "0": {
            "sn": "03374",
            "brief": "敬畏、害怕"
        },
        "1": {
            "sn": "03068",
            "brief": "上帝的名字「雅威」，犹太人尊称为「上主」"
        },
        "2": {
            "sn": "02416",
            "brief": "生命、活着"
        },
        "3": {
            "sn": "07649",
            "brief": "饱的、满足的"
        },
        "5": {
            "sn": "01077",
            "brief": "不"
        },
        "6": {
            "sn": "06485",
            "brief": "访问、眷顾、惩罚、派定、计算、缺少"
        },
        "7": {
            "sn": "07451",
            "brief": "邪恶、祸患"
        },
        "4": {
            "sn": "03885",
            "brief": "I. 居住、休息、过夜；II. Nif‘al 发牢骚、抱怨"
        }
    },
    "26": {
        "literal": "我儿，不可听了教训而又偏离知识的言语。",
        "0": {
            "sn": "02308",
            "brief": "停止"
        },
        "1": {
            "sn": "01121",
            "brief": "儿子、孙子、后裔、成员"
        },
        "2": {
            "sn": "08085",
            "brief": "听"
        },
        "3": {
            "sn": "04148",
            "brief": "管教、教导、训诲"
        },
        "4": {
            "sn": "07686",
            "brief": "使人走偏"
        },
        "5": {
            "sn": "00561",
            "brief": "言语"
        },
        "6": {
            "sn": "01847",
            "brief": "知识"
        }
    }
}