{
    "13": {
        "6": {
            "sn": "02896",
            "brief": "名词：良善、美好、福乐；形容词：良善的、美好的"
        },
        "literal": "心中背道的，必满得自己行为的后果；好人必从自己身上得到回报。",
        "0": {
            "sn": "01870",
            "brief": "道路、行为、方向、方法"
        },
        "1": {
            "sn": "07646",
            "brief": "满足、饱足"
        },
        "2": {
            "sn": "05472",
            "brief": "后退、移动"
        },
        "3": {
            "sn": "03820",
            "brief": "心"
        },
        "4": {
            "sn": "05921",
            "brief": "在…上面"
        },
        "5": {
            "sn": "00376",
            "brief": "各人、人、男人、丈夫"
        }
    },
    "18": {
        "3": {
            "sn": "02896",
            "brief": "名词：良善、美好、福乐；形容词：良善的、美好的"
        },
        "0": {
            "sn": "07817",
            "brief": "屈身、下拜"
        },
        "1": {
            "sn": "07451",
            "brief": "灾难、邪恶"
        },
        "2": {
            "sn": "03942",
            "brief": "在…之前"
        },
        "4": {
            "sn": "07563",
            "brief": "恶的"
        },
        "5": {
            "sn": "05921",
            "brief": "在…上面"
        },
        "6": {
            "sn": "08179",
            "brief": "城门"
        },
        "7": {
            "sn": "06662",
            "brief": "公义的"
        },
        "literal": "坏人在善人面前屈身；恶人在义人的门口，也是如此。"
    },
    "21": {
        "0": {
            "sn": "03808",
            "brief": "不"
        },
        "1": {
            "sn": "08582",
            "brief": "走迷路"
        },
        "2": {
            "sn": "02790",
            "brief": "犁田、切、刻、设计、沉默"
        },
        "3": {
            "sn": "07451",
            "brief": "灾难、邪恶"
        },
        "4": {
            "sn": "02617",
            "brief": "慈爱、良善、忠诚"
        },
        "5": {
            "sn": "00571",
            "brief": "诚实、真理、诚信、真实"
        },
        "6": {
            "sn": "02790",
            "brief": "犁田、切、刻、设计、沉默"
        },
        "7": {
            "sn": "02896",
            "brief": "名词：良善、美好、福乐；形容词：良善的、美好的"
        },
        "literal": "谋恶的，岂非走入歧途？谋善的必得慈爱和真理。"
    },
    "23": {
        "literal": "智慧人的冠冕就是他们的财富；愚顽人的愚昧终究是愚昧。",
        "3": {
            "sn": "00200",
            "brief": "愚昧"
        },
        "4": {
            "sn": "03684",
            "brief": "愚昧人、愚顽人"
        },
        "5": {
            "sn": "00200",
            "brief": "愚昧"
        },
        "0": {
            "sn": "05850",
            "brief": "王冠、花冠"
        },
        "1": {
            "sn": "02450",
            "brief": "有智慧的"
        },
        "2": {
            "sn": "06239",
            "brief": "财富、财产、富有"
        }
    },
    "0": {
        "4": {
            "sn": "00200",
            "brief": "愚昧"
        },
        "5": {
            "sn": "03027",
            "brief": "手、边、力量、权势"
        },
        "6": {
            "sn": "02040",
            "brief": "破坏、撕裂"
        },
        "literal": "妇人的智慧建立家室，愚昧却亲手拆毁它。",
        "0": {
            "sn": "02454",
            "brief": "智慧"
        },
        "1": {
            "sn": "00802",
            "brief": "各人、女人、妻子"
        },
        "2": {
            "sn": "01129",
            "brief": "建造"
        },
        "3": {
            "sn": "01004",
            "brief": "家、房子、殿"
        }
    },
    "1": {
        "literal": "走正直路的，敬畏雅威偏离正路的，却藐视他。",
        "0": {
            "sn": "01980",
            "brief": "来、去"
        },
        "4": {
            "sn": "03868",
            "brief": "走弯曲路、走错路、偏离"
        },
        "1": {
            "sn": "03476",
            "brief": "正直"
        },
        "2": {
            "sn": "03373",
            "brief": "敬畏"
        },
        "3": {
            "sn": "03068",
            "brief": "上帝的名字「雅威」，犹太人尊称为「上主」"
        },
        "5": {
            "sn": "01870",
            "brief": "道路、行为、方向、方法"
        },
        "6": {
            "sn": "00959",
            "brief": "轻视"
        }
    },
    "8": {
        "3": {
            "sn": "00996",
            "brief": "在…之间"
        },
        "4": {
            "sn": "03477",
            "brief": "正直的"
        },
        "5": {
            "sn": "07522",
            "brief": "喜悦、悦纳、恩典、意愿"
        },
        "literal": "愚妄人轻看赎罪祭；但在正直人中有恩典。",
        "0": {
            "sn": "00191",
            "brief": "愚昧的"
        },
        "1": {
            "sn": "03887",
            "brief": "轻蔑、嘲讽、傲慢"
        },
        "2": {
            "sn": "00817",
            "brief": "犯罪、赎罪祭"
        }
    },
    "10": {
        "1": {
            "sn": "07563",
            "brief": "恶的"
        },
        "4": {
            "sn": "03477",
            "brief": "正直的"
        },
        "5": {
            "sn": "06524",
            "brief": "发芽"
        },
        "literal": "恶人的房屋必毁坏；正直人的帐棚必兴盛。",
        "0": {
            "sn": "01004",
            "brief": "家、房子、殿"
        },
        "2": {
            "sn": "08045",
            "brief": "拆毁、灭绝、毁灭"
        },
        "3": {
            "sn": "00168",
            "brief": "帐棚、帐蓬"
        }
    },
    "30": {
        "literal": "欺压穷人的，是蔑视那造他的主；怜悯穷乏的，乃是尊敬他。",
        "0": {
            "sn": "06231",
            "brief": "欺压"
        },
        "1": {
            "sn": "01800",
            "brief": "贫穷的、卑微的、弱的"
        },
        "2": {
            "sn": "02778",
            "brief": "笑骂、责备"
        },
        "5": {
            "sn": "02603",
            "brief": "恩待、怜悯，Hitpa‘el 求恩"
        },
        "3": {
            "sn": "06213",
            "brief": "做"
        },
        "6": {
            "sn": "00034",
            "brief": "贫乏的、贫穷的"
        },
        "4": {
            "sn": "03513",
            "brief": "Qal 是重的，Nif‘al 受尊重、得荣耀，Pi‘el 荣耀、加重、使迟钝，Hif‘il 加重"
        }
    },
    "28": {
        "5": {
            "sn": "07307",
            "brief": "灵、风、气息"
        },
        "literal": "不轻易发怒的，大有聪明；性情暴躁的，大显愚昧。",
        "0": {
            "sn": "00750",
            "brief": "忍耐地、慢慢地发怒、长的"
        },
        "1": {
            "sn": "00639",
            "brief": "怒气、鼻子"
        },
        "2": {
            "sn": "07227",
            "brief": "I. 形容词：大量的、许多的、充足的，II. 名词：统帅、首领。"
        },
        "3": {
            "sn": "08394",
            "brief": "聪明"
        },
        "6": {
            "sn": "07311",
            "brief": "高举、抬高"
        },
        "4": {
            "sn": "07116",
            "brief": "小的、短的"
        },
        "7": {
            "sn": "00200",
            "brief": "愚昧"
        }
    },
    "26": {
        "literal": "敬畏雅威就是生命的泉源，可以使人离开死亡的网罗。",
        "0": {
            "sn": "03374",
            "brief": "敬畏、害怕"
        },
        "1": {
            "sn": "03068",
            "brief": "上帝的名字「雅威」，犹太人尊称为「上主」"
        },
        "2": {
            "sn": "04726",
            "brief": "泉源"
        },
        "3": {
            "sn": "02416",
            "brief": "活的"
        },
        "4": {
            "sn": "05493",
            "brief": "转离、除去"
        },
        "5": {
            "sn": "04170",
            "brief": "网罗、诱饵、陷阱"
        },
        "6": {
            "sn": "04194",
            "brief": "死亡"
        }
    },
    "17": {
        "1": {
            "sn": "06612",
            "brief": "愚笨的、愚昧的"
        },
        "0": {
            "sn": "05157",
            "brief": "Qal 继承、获得，Pi‘el 分配财产"
        },
        "2": {
            "sn": "00200",
            "brief": "愚昧"
        },
        "3": {
            "sn": "06175",
            "brief": "聪明的、明达的、谨慎的"
        },
        "5": {
            "sn": "01847",
            "brief": "知识"
        },
        "4": {
            "sn": "03803",
            "brief": "包围"
        },
        "literal": "愚笨人得愚昧为产业；明达人得知识为冠冕。"
    },
    "5": {
        "literal": "傲慢人寻智慧，却寻不着；聪明人易得知识。",
        "1": {
            "sn": "03887",
            "brief": "轻蔑、嘲讽、傲慢"
        },
        "2": {
            "sn": "02451",
            "brief": "智慧"
        },
        "3": {
            "sn": "00369",
            "brief": "不存在、没有"
        },
        "4": {
            "sn": "01847",
            "brief": "知识"
        },
        "6": {
            "sn": "07043",
            "brief": "Qal 轻，Pi‘el 咒骂、诅咒，Pu‘al 被咒骂、被诅咒，Nif‘al 看为轻、轻视，Hif‘il 减轻、轻视"
        },
        "5": {
            "sn": "00995",
            "brief": "明白、分辨、了解"
        },
        "0": {
            "sn": "01245",
            "brief": "Pi‘el 寻找、渴求、想望、索求"
        }
    },
    "19": {
        "literal": "贫穷人甚至被他的邻舍所恨；爱有钱人的却很多。",
        "0": {
            "sn": "01571",
            "brief": "也"
        },
        "1": {
            "sn": "07453",
            "brief": "邻舍、朋友"
        },
        "2": {
            "sn": "08130",
            "brief": "恨"
        },
        "3": {
            "sn": "07326",
            "brief": "贫穷、缺乏"
        },
        "4": {
            "sn": "00157",
            "brief": "爱"
        },
        "5": {
            "sn": "06223",
            "brief": "富有的"
        },
        "6": {
            "sn": "07227",
            "brief": "I. 形容词：大量的、许多的、充足的，II. 名词：统帅、首领。"
        }
    },
    "20": {
        "1": {
            "sn": "07453",
            "brief": "邻舍、朋友"
        },
        "2": {
            "sn": "02398",
            "brief": "Qal 犯罪；Pi‘el 献赎罪祭、得洁净；Hif‘il 导致犯罪；Hitpa‘el 迷失、洁净自己"
        },
        "3": {
            "sn": "02603",
            "brief": "恩待、怜悯，Hitpa‘el 求恩"
        },
        "literal": "轻视邻舍的，这人有罪；怜悯穷人的，这人有福。",
        "0": {
            "sn": "00936",
            "brief": "轻视、蔑视"
        },
        "4": {
            "sn": "06035",
            "brief": "困苦的、卑微的"
        },
        "5": {
            "sn": "00835",
            "brief": "快乐、福气"
        }
    },
    "33": {
        "literal": "公义使邦国高举；罪恶是人民的羞辱。",
        "1": {
            "sn": "07311",
            "brief": "高举、抬高"
        },
        "0": {
            "sn": "06666",
            "brief": "公义"
        },
        "2": {
            "sn": "01471",
            "brief": "国家、国民"
        },
        "3": {
            "sn": "02617",
            "brief": "I. 慈爱；II. 羞辱、耻辱"
        },
        "4": {
            "sn": "03816",
            "brief": "邦国、人民"
        },
        "5": {
            "sn": "02403",
            "brief": "罪、赎罪祭、除罪、罪罚"
        }
    },
    "22": {
        "3": {
            "sn": "04195",
            "brief": "利益、丰富"
        },
        "literal": "所有的劳苦，都会带来丰裕；光说不练乃致穷乏。",
        "0": {
            "sn": "03605",
            "brief": "全部、整个、各"
        },
        "1": {
            "sn": "06089",
            "brief": "I. 劳碌、痛苦；II. 容器"
        },
        "2": {
            "sn": "01961",
            "brief": "是、成为、临到"
        },
        "4": {
            "sn": "01697",
            "brief": "话语、事情"
        },
        "6": {
            "sn": "00389",
            "brief": "然而、其实、当然"
        },
        "7": {
            "sn": "04270",
            "brief": "缺乏；需要、贫穷"
        },
        "5": {
            "sn": "08193",
            "brief": "嘴唇、边缘、言语"
        }
    },
    "14": {
        "0": {
            "sn": "06612",
            "brief": "愚笨的、愚昧的"
        },
        "2": {
            "sn": "03605",
            "brief": "全部、整个、各"
        },
        "3": {
            "sn": "01697",
            "brief": "话语、事情"
        },
        "4": {
            "sn": "06175",
            "brief": "狡猾"
        },
        "5": {
            "sn": "00995",
            "brief": "明白、分辨、了解"
        },
        "6": {
            "sn": "00838",
            "brief": "步伐"
        },
        "1": {
            "sn": "00539",
            "brief": "Qal 坚定、支持，Nif‘al 确立、忠心、可靠的，Hif‘il 相信、确信"
        },
        "literal": "愚笨的人什么话都相信，明达人谨慎自己的脚步。"
    },
    "11": {
        "0": {
            "sn": "03426",
            "brief": "存在、有、是"
        },
        "1": {
            "sn": "01870",
            "brief": "道路、行为、方向、方法"
        },
        "2": {
            "sn": "03477",
            "brief": "正直的"
        },
        "3": {
            "sn": "03942",
            "brief": "在…之前"
        },
        "4": {
            "sn": "00376",
            "brief": "各人、人、男人、丈夫"
        },
        "5": {
            "sn": "00319",
            "brief": "结局、后面"
        },
        "6": {
            "sn": "01870",
            "brief": "道路、行为、方向、方法"
        },
        "7": {
            "sn": "04194",
            "brief": "死亡"
        },
        "literal": "有一条路，在人面前是正直的；但它(原文是阴性)的末了却成为死亡之路。"
    },
    "9": {
        "literal": "只有心会知道它自己的苦楚；它的快乐，陌生人无法分享。",
        "0": {
            "sn": "03820",
            "brief": "心"
        },
        "2": {
            "sn": "04787",
            "brief": "苦"
        },
        "3": {
            "sn": "05315",
            "brief": "生命、胃口、心灵"
        },
        "4": {
            "sn": "08057",
            "brief": "欢喜、喜乐"
        },
        "7": {
            "sn": "02114",
            "brief": "做外国人、做陌生人"
        },
        "1": {
            "sn": "03045",
            "brief": "Qal 知道、认识、辨别、经历，Hif‘il 使知道、宣告"
        },
        "5": {
            "sn": "03808",
            "brief": "不"
        },
        "6": {
            "sn": "06148",
            "brief": "抵押、交换、保证"
        }
    },
    "7": {
        "0": {
            "sn": "02451",
            "brief": "智慧"
        },
        "2": {
            "sn": "00995",
            "brief": "明白、分辨、了解"
        },
        "literal": "明达人的智慧使他明白己道，愚顽人的愚昧却欺骗自己。",
        "1": {
            "sn": "06175",
            "brief": "狡猾"
        },
        "3": {
            "sn": "01870",
            "brief": "道路、行为、方向、方法"
        },
        "4": {
            "sn": "00200",
            "brief": "愚昧"
        },
        "5": {
            "sn": "03684",
            "brief": "愚昧人、愚顽人"
        },
        "6": {
            "sn": "04820",
            "brief": "诡诈、欺骗"
        }
    },
    "16": {
        "literal": "轻易发怒的，行事愚昧；擅长诡计的人被恨恶。",
        "0": {
            "sn": "07116",
            "brief": "小的、短的"
        },
        "1": {
            "sn": "00639",
            "brief": "怒气、鼻子"
        },
        "2": {
            "sn": "06213",
            "brief": "做"
        },
        "3": {
            "sn": "00200",
            "brief": "愚昧"
        },
        "4": {
            "sn": "00376",
            "brief": "各人、人、男人、丈夫"
        },
        "5": {
            "sn": "04209",
            "brief": "目的、计画、阴谋、谨慎、明辨、邪恶的诡计"
        },
        "6": {
            "sn": "08130",
            "brief": "恨"
        }
    },
    "32": {
        "0": {
            "sn": "03820",
            "brief": "心"
        },
        "1": {
            "sn": "00995",
            "brief": "明白、分辨、了解"
        },
        "2": {
            "sn": "05117",
            "brief": "休息"
        },
        "literal": "智慧存在聪明人心中；她在愚顽人中(也)让自己显明。",
        "3": {
            "sn": "02451",
            "brief": "智慧"
        },
        "4": {
            "sn": "07130",
            "brief": "里面、在中间"
        },
        "5": {
            "sn": "03684",
            "brief": "愚昧人、愚顽人"
        },
        "6": {
            "sn": "03045",
            "brief": "Qal 知道、认识、辨别、经历，Hif‘il 使知道、宣告"
        }
    },
    "34": {
        "0": {
            "sn": "07522",
            "brief": "喜悦、悦纳、恩典、意愿"
        },
        "1": {
            "sn": "04428",
            "brief": "国王"
        },
        "2": {
            "sn": "05650",
            "brief": "仆人、奴隶"
        },
        "literal": "君王的恩惠临到智慧的臣子；他的愤怒临到贻羞的(臣子)。",
        "4": {
            "sn": "05678",
            "brief": "忿怒"
        },
        "5": {
            "sn": "01961",
            "brief": "是、成为、临到"
        },
        "6": {
            "sn": "00954",
            "brief": "羞愧"
        },
        "3": {
            "sn": "07919",
            "brief": "Qal 明白、聪明、谨慎，Pi‘el 手交叉，Hif‘il 有洞察力、教导、成功、顺利"
        }
    },
    "25": {
        "5": {
            "sn": "01961",
            "brief": "是、成为、临到"
        },
        "4": {
            "sn": "01121",
            "brief": "儿子、孙子、后裔、成员"
        },
        "literal": "敬畏雅威的，大有倚靠；他的儿女也有避难所。",
        "0": {
            "sn": "03374",
            "brief": "敬畏、害怕"
        },
        "1": {
            "sn": "03068",
            "brief": "上帝的名字「雅威」，犹太人尊称为「上主」"
        },
        "2": {
            "sn": "04009",
            "brief": "安稳、信赖、避难"
        },
        "3": {
            "sn": "05797",
            "brief": "能力、力量"
        },
        "6": {
            "sn": "04268",
            "brief": "藏身之处、避难所"
        }
    },
    "2": {
        "3": {
            "sn": "01346",
            "brief": "狂妄、高傲"
        },
        "literal": "愚妄人的口如骄傲的杖；智慧人的嘴必保守自己。",
        "0": {
            "sn": "06310",
            "brief": "口、命令、末端、沿岸、比例"
        },
        "1": {
            "sn": "00191",
            "brief": "愚昧的"
        },
        "2": {
            "sn": "02415",
            "brief": "嫩枝、树枝"
        },
        "5": {
            "sn": "02450",
            "brief": "有智慧的"
        },
        "6": {
            "sn": "08104",
            "brief": "遵守、保护、小心"
        },
        "4": {
            "sn": "08193",
            "brief": "嘴唇、边缘、言语"
        }
    },
    "4": {
        "2": {
            "sn": "03808",
            "brief": "不"
        },
        "3": {
            "sn": "03576",
            "brief": "无效、欺骗、说谎"
        },
        "4": {
            "sn": "06315",
            "brief": "吹"
        },
        "literal": "诚实的见证人不说谎；作假见证的，吐出谎言。",
        "0": {
            "sn": "05707",
            "brief": "证据"
        },
        "1": {
            "sn": "00529",
            "brief": "忠心、忠实"
        },
        "5": {
            "sn": "03577",
            "brief": "谎言"
        },
        "6": {
            "sn": "05707",
            "brief": "证据"
        },
        "7": {
            "sn": "08267",
            "brief": "虚假"
        }
    },
    "6": {
        "literal": "要离开愚顽人面前，因你无法得知识的言论。",
        "5": {
            "sn": "03045",
            "brief": "Qal 知道、认识、辨别、经历，Hif‘il 使知道、宣告"
        },
        "0": {
            "sn": "01980",
            "brief": "来、去"
        },
        "1": {
            "sn": "05048",
            "brief": "在…面前"
        },
        "2": {
            "sn": "00376",
            "brief": "各人、人、男人、丈夫"
        },
        "3": {
            "sn": "03684",
            "brief": "愚昧人、愚顽人"
        },
        "4": {
            "sn": "01077",
            "brief": "不"
        },
        "6": {
            "sn": "08193",
            "brief": "嘴唇、边缘、言语"
        },
        "7": {
            "sn": "01847",
            "brief": "知识"
        }
    },
    "12": {
        "2": {
            "sn": "03510",
            "brief": "Qal 疼痛、痛苦，Hif‘il 破坏、损伤"
        },
        "0": {
            "sn": "01571",
            "brief": "也"
        },
        "1": {
            "sn": "07814",
            "brief": "笑、欢笑、嘲笑"
        },
        "3": {
            "sn": "03820",
            "brief": "心"
        },
        "4": {
            "sn": "00319",
            "brief": "结局、后面"
        },
        "5": {
            "sn": "08057",
            "brief": "欢喜、喜乐"
        },
        "6": {
            "sn": "08424",
            "brief": "忧愁"
        },
        "literal": "即使在喜笑中，人的心也忧愁；快乐终久会变愁苦。"
    },
    "15": {
        "1": {
            "sn": "03372",
            "brief": "Qal 害怕，Nif‘al 令人畏惧"
        },
        "5": {
            "sn": "05674",
            "brief": "经过、穿越、涨溢、离开、拿走、违犯、废除"
        },
        "literal": "智慧人惧怕，就远离邪恶；愚顽人却狂傲自恃。",
        "0": {
            "sn": "02450",
            "brief": "有智慧的"
        },
        "2": {
            "sn": "05493",
            "brief": "转离、除去"
        },
        "3": {
            "sn": "07451",
            "brief": "灾难、邪恶"
        },
        "4": {
            "sn": "03684",
            "brief": "愚昧人、愚顽人"
        },
        "6": {
            "sn": "00982",
            "brief": "倚赖、信靠"
        }
    },
    "29": {
        "literal": "健康的心带给肉体生命；嫉妒是骨中的朽烂。",
        "0": {
            "sn": "02416",
            "brief": "活的、生命"
        },
        "1": {
            "sn": "01320",
            "brief": "肉、身体"
        },
        "2": {
            "sn": "03820",
            "brief": "心"
        },
        "3": {
            "sn": "04832",
            "brief": "健康、医治"
        },
        "4": {
            "sn": "07538",
            "brief": "朽烂"
        },
        "5": {
            "sn": "06106",
            "brief": "本体、精髓、骨头"
        },
        "6": {
            "sn": "07068",
            "brief": "嫉妒、热心"
        }
    },
    "31": {
        "4": {
            "sn": "04194",
            "brief": "死亡"
        },
        "5": {
            "sn": "06662",
            "brief": "公义的"
        },
        "literal": "恶人在他所行的恶上必被推倒；义人在他死亡的时候(仍)有所投靠。",
        "0": {
            "sn": "07451",
            "brief": "灾难、邪恶"
        },
        "1": {
            "sn": "01760",
            "brief": "赶散、驱赶"
        },
        "2": {
            "sn": "07563",
            "brief": "恶的"
        },
        "3": {
            "sn": "02620",
            "brief": "投靠、信赖"
        }
    },
    "27": {
        "literal": "帝王荣耀在乎民多；没有百姓，君王就衰败。",
        "0": {
            "sn": "07230",
            "brief": "多"
        },
        "1": {
            "sn": "05971",
            "brief": "百姓、国民"
        },
        "2": {
            "sn": "01927",
            "brief": "饰物、荣耀"
        },
        "3": {
            "sn": "04428",
            "brief": "国王"
        },
        "4": {
            "sn": "00657",
            "brief": "虚无、终结、结束"
        },
        "5": {
            "sn": "03816",
            "brief": "邦国、人民"
        },
        "6": {
            "sn": "04288",
            "brief": "惊吓、破坏"
        },
        "7": {
            "sn": "07333",
            "brief": "有权势的人、君王"
        }
    },
    "24": {
        "0": {
            "sn": "05337",
            "brief": "Nif‘al 获救，Pi‘el 拯救、夺取，Hif‘il 营救、抓走"
        },
        "4": {
            "sn": "06315",
            "brief": "吹"
        },
        "literal": "作真见证的，救人性命；吐出谎言的，对人不忠。",
        "1": {
            "sn": "05315",
            "brief": "生命、胃口、心灵"
        },
        "2": {
            "sn": "05707",
            "brief": "证人、见证"
        },
        "3": {
            "sn": "00571",
            "brief": "诚实、真理、诚信、真实"
        },
        "5": {
            "sn": "03577",
            "brief": "谎言"
        },
        "6": {
            "sn": "04820",
            "brief": "诡诈、欺骗"
        }
    },
    "3": {
        "7": {
            "sn": "07794",
            "brief": "公牛"
        },
        "literal": "没有牛，槽就干净；土产加多却凭牛力。",
        "0": {
            "sn": "00369",
            "brief": "不存在、没有"
        },
        "1": {
            "sn": "00504",
            "brief": "牛"
        },
        "2": {
            "sn": "00018",
            "brief": "槽"
        },
        "3": {
            "sn": "01249",
            "brief": "纯粹的、衷心的"
        },
        "4": {
            "sn": "07230",
            "brief": "多"
        },
        "5": {
            "sn": "08393",
            "brief": "出产、生产、岁入、税收"
        },
        "6": {
            "sn": "03581",
            "brief": "力量、财富"
        }
    }
}