{
    "4": {
        "5": {
            "sn": "03027",
            "brief": "手、边、力量、权势"
        },
        "7": {
            "sn": "03808",
            "brief": "不"
        },
        "literal": "凡心里骄傲的，为雅威所憎恶；虽然手牵手，仍不免受罚。",
        "0": {
            "sn": "08441",
            "brief": "憎恶、憎恶的事"
        },
        "1": {
            "sn": "03068",
            "brief": "上帝的名字「雅威」，犹太人尊称为「上主」"
        },
        "2": {
            "sn": "03605",
            "brief": "所有、全部、整个、各"
        },
        "3": {
            "sn": "01362",
            "brief": "高的、崇高的、高贵的"
        },
        "4": {
            "sn": "03820",
            "brief": "心"
        },
        "6": {
            "sn": "03027",
            "brief": "手、边、力量、权势"
        },
        "8": {
            "sn": "05352",
            "brief": "判无罪、不惩罚"
        }
    },
    "11": {
        "0": {
            "sn": "08441",
            "brief": "憎恶、憎恶的事"
        },
        "1": {
            "sn": "04428",
            "brief": "王、君王"
        },
        "2": {
            "sn": "06213",
            "brief": "做"
        },
        "3": {
            "sn": "07562",
            "brief": "邪恶、犯罪"
        },
        "4": {
            "sn": "03588",
            "brief": "因为"
        },
        "5": {
            "sn": "06666",
            "brief": "公义、公平"
        },
        "7": {
            "sn": "03678",
            "brief": "座位、王座、宝座"
        },
        "6": {
            "sn": "03559",
            "brief": "Hif‘il 预备、建立、坚立"
        },
        "literal": "作恶是君王的憎恶，因国位是靠公义坚立。"
    },
    "10": {
        "1": {
            "sn": "03976",
            "brief": "天平、秤"
        },
        "3": {
            "sn": "03068",
            "brief": "上帝的名字「雅威」，犹太人尊称为「上主」"
        },
        "literal": "公道的天平和秤都属雅威；囊中一切法码都是他做的。",
        "0": {
            "sn": "06425",
            "brief": "平衡、刻度"
        },
        "2": {
            "sn": "04941",
            "brief": "正义、公平、审判、律例、规矩"
        },
        "4": {
            "sn": "04639",
            "brief": "行为、工作"
        },
        "5": {
            "sn": "03605",
            "brief": "所有、全部、整个、各"
        },
        "7": {
            "sn": "03599",
            "brief": "袋子"
        },
        "6": {
            "sn": "00068",
            "brief": "石头、法码、宝石"
        }
    },
    "15": {
        "literal": "得智慧胜过得金子；选择得聪明胜过选银子。",
        "2": {
            "sn": "04100",
            "brief": "什么"
        },
        "0": {
            "sn": "07069",
            "brief": "购买、取得、持有、创造"
        },
        "1": {
            "sn": "02451",
            "brief": "智慧"
        },
        "4": {
            "sn": "02742",
            "brief": "金子"
        },
        "5": {
            "sn": "07069",
            "brief": "购买、取得、持有、创造"
        },
        "6": {
            "sn": "00998",
            "brief": "聪明、了解、悟性、明哲"
        },
        "7": {
            "sn": "00977",
            "brief": "选择、拣选、挑选"
        },
        "8": {
            "sn": "03701",
            "brief": "银子、钱"
        },
        "3": {
            "sn": "02896",
            "brief": "名词：良善、美好、福乐；形容词：良善的、美好的"
        }
    },
    "23": {
        "1": {
            "sn": "01706",
            "brief": "蜂蜜"
        },
        "2": {
            "sn": "00561",
            "brief": "言语"
        },
        "3": {
            "sn": "05278",
            "brief": "愉快、美丽、可爱"
        },
        "literal": "良言如同蜂巢，使心觉甘甜，使骨得医治。",
        "0": {
            "sn": "06688",
            "brief": "蜂房"
        },
        "4": {
            "sn": "04966",
            "brief": "甜、甜的"
        },
        "5": {
            "sn": "05315",
            "brief": "生命、人"
        },
        "6": {
            "sn": "04832",
            "brief": "健康、医治"
        },
        "7": {
            "sn": "06106",
            "brief": "本体、精髓、骨头"
        }
    },
    "25": {
        "4": {
            "sn": "03588",
            "brief": "因为"
        },
        "1": {
            "sn": "06001",
            "brief": "劳动者、劳工"
        },
        "literal": "劳力人为自己劳力，因为他的口腹催逼他。",
        "0": {
            "sn": "05315",
            "brief": "生命、人"
        },
        "2": {
            "sn": "05998",
            "brief": "劳动、艰苦地干活"
        },
        "3": {
            "sn": "09001",
            "brief": "给、往、向、到、归属于"
        },
        "5": {
            "sn": "00404",
            "brief": "催促、激励"
        },
        "6": {
            "sn": "05921",
            "brief": "在…上面"
        },
        "7": {
            "sn": "06310",
            "brief": "口、命令、末端、沿岸、比例"
        }
    },
    "30": {
        "literal": "白发是荣耀的冠冕，在公义的道上必能得着。",
        "5": {
            "sn": "04672",
            "brief": "寻找、追上、获得、发现"
        },
        "0": {
            "sn": "05850",
            "brief": "王冠、花冠"
        },
        "1": {
            "sn": "08597",
            "brief": "荣耀、尊荣、华美"
        },
        "2": {
            "sn": "07872",
            "brief": "年老、白发"
        },
        "3": {
            "sn": "01870",
            "brief": "道路、行为、方向、方法"
        },
        "4": {
            "sn": "06666",
            "brief": "公义、公平"
        }
    },
    "2": {
        "literal": "你所做的，要交托雅威，你所谋的，就必坚立。",
        "4": {
            "sn": "03559",
            "brief": "Hif‘il 预备、建立、坚立"
        },
        "0": {
            "sn": "01556",
            "brief": "滚动、移动、信赖"
        },
        "1": {
            "sn": "00413",
            "brief": "向、往"
        },
        "2": {
            "sn": "03068",
            "brief": "上帝的名字「雅威」，犹太人尊称为「上主」"
        },
        "3": {
            "sn": "04639",
            "brief": "行为、工作"
        },
        "5": {
            "sn": "04284",
            "brief": "思考、计划、目的"
        }
    },
    "3": {
        "0": {
            "sn": "03605",
            "brief": "所有、全部、整个、各"
        },
        "1": {
            "sn": "06466",
            "brief": "做、制造"
        },
        "2": {
            "sn": "03068",
            "brief": "上帝的名字「雅威」，犹太人尊称为「上主」"
        },
        "3": {
            "sn": "04617",
            "brief": "回答"
        },
        "4": {
            "sn": "01571",
            "brief": "也、并且"
        },
        "5": {
            "sn": "07563",
            "brief": "邪恶的、犯法的"
        },
        "6": {
            "sn": "03117",
            "brief": "日子、时候"
        },
        "7": {
            "sn": "07451",
            "brief": "邪恶、恶人、灾难"
        },
        "literal": "雅威造万物各适其用；(他)也为祸患的日子(造了)恶人。"
    },
    "9": {
        "0": {
            "sn": "07081",
            "brief": "预言、巫术"
        },
        "1": {
            "sn": "05921",
            "brief": "在…上面"
        },
        "2": {
            "sn": "08193",
            "brief": "嘴唇、边缘、言语"
        },
        "3": {
            "sn": "04428",
            "brief": "国王"
        },
        "4": {
            "sn": "04941",
            "brief": "正义、公平、审判、律例、规矩"
        },
        "6": {
            "sn": "04603",
            "brief": "背叛、犯罪、不忠"
        },
        "7": {
            "sn": "06310",
            "brief": "口、命令、末端、沿岸、比例"
        },
        "5": {
            "sn": "03808",
            "brief": "不"
        },
        "literal": "王的嘴唇上有神谕，审判之时，他的口必不差错。"
    },
    "24": {
        "0": {
            "sn": "03426",
            "brief": "存在、有、是"
        },
        "1": {
            "sn": "01870",
            "brief": "道路、行为、方向、方法"
        },
        "2": {
            "sn": "03477",
            "brief": "正直的、直的"
        },
        "3": {
            "sn": "03942",
            "brief": "在…前面"
        },
        "4": {
            "sn": "00376",
            "brief": "各人、人、男人、丈夫"
        },
        "5": {
            "sn": "00319",
            "brief": "结局、后面、末后"
        },
        "6": {
            "sn": "01870",
            "brief": "道路、行为、方向、方法"
        },
        "7": {
            "sn": "04194",
            "brief": "死亡"
        },
        "literal": "有一条路，在人面前是正直的；但它(原文是阴性)的末了却成为死亡之路。"
    },
    "18": {
        "literal": "心里谦卑与穷乏人来往，胜过与骄傲人同分掳物。",
        "1": {
            "sn": "08217",
            "brief": "谦卑的、低的"
        },
        "2": {
            "sn": "07307",
            "brief": "灵、风、心"
        },
        "3": {
            "sn": "00854",
            "brief": "与、跟"
        },
        "0": {
            "sn": "02896",
            "brief": "名词：良善、美好、福乐；形容词：良善的、美好的"
        },
        "5": {
            "sn": "02505",
            "brief": "分割、分配"
        },
        "4": {
            "sn": "06035",
            "brief": "困苦的、卑微的"
        },
        "6": {
            "sn": "07998",
            "brief": "掳物"
        },
        "7": {
            "sn": "00854",
            "brief": "与、跟"
        },
        "8": {
            "sn": "01343",
            "brief": "骄傲的"
        }
    },
    "27": {
        "3": {
            "sn": "04066",
            "brief": "冲突、争斗"
        },
        "literal": "邪恶人散播纷争；传舌的离间密友。",
        "0": {
            "sn": "00376",
            "brief": "各人、人、男人、丈夫"
        },
        "1": {
            "sn": "08419",
            "brief": "乖僻、邪恶、刚愎、倔强、荒谬"
        },
        "4": {
            "sn": "05372",
            "brief": "低声说、耳语"
        },
        "6": {
            "sn": "00441",
            "brief": "密友、首领"
        },
        "2": {
            "sn": "07971",
            "brief": "差遣、释放、送走、伸出、伸展"
        },
        "5": {
            "sn": "06504",
            "brief": "分开、分散、使分离"
        }
    },
    "28": {
        "6": {
            "sn": "03808",
            "brief": "不"
        },
        "2": {
            "sn": "06601",
            "brief": "引诱、欺骗、劝服"
        },
        "4": {
            "sn": "01980",
            "brief": "来、去、行走"
        },
        "7": {
            "sn": "02896",
            "brief": "名词：良善、美好、福乐；形容词：良善的、美好的"
        },
        "literal": "残酷的人欺骗邻舍，领他走不好的道。",
        "0": {
            "sn": "00376",
            "brief": "各人、人、男人、丈夫"
        },
        "1": {
            "sn": "02555",
            "brief": "暴力、残忍、不公"
        },
        "3": {
            "sn": "07453",
            "brief": "邻舍、朋友、同伴"
        },
        "5": {
            "sn": "01870",
            "brief": "道路、行为、方向、方法"
        }
    },
    "29": {
        "literal": "眨他双眼的，图谋邪恶；抿他双唇的，成就恶事。",
        "0": {
            "sn": "06095",
            "brief": "闭"
        },
        "1": {
            "sn": "05869",
            "brief": "眼睛"
        },
        "2": {
            "sn": "02803",
            "brief": "思考、计划、数算"
        },
        "3": {
            "sn": "08419",
            "brief": "乖僻、邪恶、刚愎、倔强、荒谬"
        },
        "4": {
            "sn": "07169",
            "brief": "捏、拧、挤压、眨眼、变窄"
        },
        "5": {
            "sn": "08193",
            "brief": "嘴唇、边缘、言语"
        },
        "7": {
            "sn": "07451",
            "brief": "邪恶、灾难"
        },
        "6": {
            "sn": "03615",
            "brief": "Qal 完成、结束、停止，Pi‘el 完成、毁坏、根除"
        }
    },
    "5": {
        "literal": "因慈爱和真理，罪孽得赎；因敬畏雅威，就远离邪恶。",
        "0": {
            "sn": "02617",
            "brief": "良善、慈爱、忠诚"
        },
        "1": {
            "sn": "00571",
            "brief": "真理、诚信、真实、诚实"
        },
        "3": {
            "sn": "05771",
            "brief": "罪孽"
        },
        "4": {
            "sn": "03374",
            "brief": "敬畏、害怕"
        },
        "5": {
            "sn": "03068",
            "brief": "上帝的名字「雅威」，犹太人尊称为「上主」"
        },
        "6": {
            "sn": "05493",
            "brief": "转离、除去"
        },
        "7": {
            "sn": "07451",
            "brief": "邪恶、恶人、灾难"
        },
        "2": {
            "sn": "03722",
            "brief": "补偿、赎罪、和解、洁净"
        }
    },
    "13": {
        "literal": "王的愤怒是死亡的使者；但智慧人能止息它。",
        "0": {
            "sn": "02534",
            "brief": "热气、生气、愤怒"
        },
        "1": {
            "sn": "04428",
            "brief": "王、君王"
        },
        "2": {
            "sn": "04397",
            "brief": "使者"
        },
        "3": {
            "sn": "04194",
            "brief": "死亡"
        },
        "4": {
            "sn": "00376",
            "brief": "各人、人、男人、丈夫"
        },
        "5": {
            "sn": "02450",
            "brief": "有智慧的"
        },
        "6": {
            "sn": "03722",
            "brief": "补偿、赎罪、和解、洁净"
        }
    },
    "16": {
        "literal": "正直人的道远离邪恶，谨守己路的，保全性命。",
        "0": {
            "sn": "04546",
            "brief": "大道、公路、干道"
        },
        "1": {
            "sn": "03477",
            "brief": "正直的"
        },
        "2": {
            "sn": "05493",
            "brief": "转离、除去"
        },
        "3": {
            "sn": "07451",
            "brief": "邪恶、恶人、灾难"
        },
        "4": {
            "sn": "08104",
            "brief": "遵守、保护、小心"
        },
        "5": {
            "sn": "05315",
            "brief": "生命、人"
        },
        "6": {
            "sn": "05341",
            "brief": "谨守、遵守、保护、封锁"
        },
        "7": {
            "sn": "01870",
            "brief": "道路、行为、方向、方法"
        }
    },
    "17": {
        "literal": "骄傲在败坏以先；狂心在跌倒之前。",
        "0": {
            "sn": "03942",
            "brief": "在…前面"
        },
        "1": {
            "sn": "07667",
            "brief": "破碎、压碎"
        },
        "2": {
            "sn": "01347",
            "brief": "骄傲、尊贵、狂妄"
        },
        "3": {
            "sn": "03942",
            "brief": "在…前面"
        },
        "4": {
            "sn": "03783",
            "brief": "绊倒、绊脚、灾难"
        },
        "5": {
            "sn": "01363",
            "brief": "高、崇高、高贵"
        },
        "6": {
            "sn": "07307",
            "brief": "灵、风、心"
        }
    },
    "12": {
        "literal": "公义的嘴为王所喜悦；说正直话的，为他所喜爱。",
        "0": {
            "sn": "07522",
            "brief": "喜悦、悦纳、恩典、意愿"
        },
        "1": {
            "sn": "04428",
            "brief": "王、君王"
        },
        "2": {
            "sn": "08193",
            "brief": "嘴唇、边缘、言语"
        },
        "3": {
            "sn": "06664",
            "brief": "公义、公平"
        },
        "5": {
            "sn": "03477",
            "brief": "正直的"
        },
        "6": {
            "sn": "00157",
            "brief": "爱"
        },
        "4": {
            "sn": "01696",
            "brief": "Pi‘el 讲、说、指挥"
        }
    },
    "0": {
        "literal": "心中的谋算在乎人；舌头的应对出于雅威。",
        "0": {
            "sn": "00120",
            "brief": "人"
        },
        "1": {
            "sn": "04633",
            "brief": "安排、计划、预备"
        },
        "2": {
            "sn": "03820",
            "brief": "心"
        },
        "3": {
            "sn": "03068",
            "brief": "上帝的名字「雅威」，犹太人尊称为「上主」"
        },
        "4": {
            "sn": "04617",
            "brief": "回答"
        },
        "5": {
            "sn": "03956",
            "brief": "舌"
        }
    },
    "1": {
        "literal": "人一切所行的，在自己眼中看为清洁；惟有雅威衡量人心。",
        "0": {
            "sn": "03605",
            "brief": "所有、全部、整个、各"
        },
        "1": {
            "sn": "01870",
            "brief": "道路、行为、方向、方法"
        },
        "2": {
            "sn": "00376",
            "brief": "各人、人、男人、丈夫"
        },
        "3": {
            "sn": "02134",
            "brief": "清洁的、不搀杂的、正直的"
        },
        "4": {
            "sn": "05869",
            "brief": "眼睛"
        },
        "5": {
            "sn": "08505",
            "brief": "估计、衡量"
        },
        "6": {
            "sn": "07307",
            "brief": "灵、风、心"
        },
        "7": {
            "sn": "03068",
            "brief": "上帝的名字「雅威」，犹太人尊称为「上主」"
        }
    },
    "14": {
        "literal": "王脸上的光是生命；他的恩典好像带来春雨的云。",
        "0": {
            "sn": "00216",
            "brief": "光明、光"
        },
        "1": {
            "sn": "06440",
            "brief": "脸、脸面"
        },
        "2": {
            "sn": "04428",
            "brief": "王、君王"
        },
        "3": {
            "sn": "02416",
            "brief": "活物、生命"
        },
        "4": {
            "sn": "07522",
            "brief": "喜悦、悦纳、恩典、意愿"
        },
        "5": {
            "sn": "05645",
            "brief": "黑暗、密云"
        },
        "6": {
            "sn": "04456",
            "brief": "春雨、后雨"
        }
    },
    "6": {
        "literal": "人所行的若蒙雅威喜悦，就是他的仇敌，雅威也使他跟他和好。",
        "0": {
            "sn": "07521",
            "brief": "悦纳、满意"
        },
        "1": {
            "sn": "03068",
            "brief": "上帝的名字「雅威」，犹太人尊称为「上主」"
        },
        "2": {
            "sn": "01870",
            "brief": "道路、行为、方向、方法"
        },
        "3": {
            "sn": "00376",
            "brief": "各人、人、男人、丈夫"
        },
        "4": {
            "sn": "01571",
            "brief": "也、并且"
        },
        "5": {
            "sn": "00341",
            "brief": "敌人、对头"
        },
        "7": {
            "sn": "00854",
            "brief": "与、跟"
        },
        "6": {
            "sn": "07999",
            "brief": "缔结和平之约、使和平"
        }
    },
    "7": {
        "literal": "少有财利行事公义，胜过多有财利行事不义。",
        "1": {
            "sn": "04592",
            "brief": "很少的"
        },
        "2": {
            "sn": "06666",
            "brief": "公义、公平"
        },
        "3": {
            "sn": "07230",
            "brief": "多"
        },
        "0": {
            "sn": "02896",
            "brief": "名词：良善、美好、福乐；形容词：良善的、美好的"
        },
        "4": {
            "sn": "08393",
            "brief": "出产、生产、岁入、税收"
        },
        "5": {
            "sn": "03808",
            "brief": "不"
        },
        "6": {
            "sn": "04941",
            "brief": "正义、公平、审判、律例、规矩"
        }
    },
    "8": {
        "2": {
            "sn": "02803",
            "brief": "思考、计划、数算"
        },
        "literal": "人心筹算自己的道路；惟雅威坚立他的脚步。",
        "0": {
            "sn": "03820",
            "brief": "心"
        },
        "1": {
            "sn": "00120",
            "brief": "人"
        },
        "5": {
            "sn": "03559",
            "brief": "Hif‘il 预备、建立、坚立"
        },
        "3": {
            "sn": "01870",
            "brief": "道路、行为、方向、方法"
        },
        "4": {
            "sn": "03068",
            "brief": "上帝的名字「雅威」，犹太人尊称为「上主」"
        },
        "6": {
            "sn": "06806",
            "brief": "脚步、步调"
        }
    },
    "19": {
        "0": {
            "sn": "07919",
            "brief": "Qal 明白、聪明、谨慎，Pi‘el 手交叉，Hif‘il 有洞察力、教导、成功、顺利"
        },
        "4": {
            "sn": "02896",
            "brief": "名词：良善、美好、福乐；形容词：良善的、美好的"
        },
        "literal": "留心训言的，必得好处；倚靠雅威的，这人有福。",
        "1": {
            "sn": "05921",
            "brief": "在…上面"
        },
        "2": {
            "sn": "01697",
            "brief": "话语、事情"
        },
        "3": {
            "sn": "04672",
            "brief": "寻找、追上、获得、发现"
        },
        "5": {
            "sn": "00982",
            "brief": "倚赖、信靠"
        },
        "6": {
            "sn": "03068",
            "brief": "上帝的名字「雅威」，犹太人尊称为「上主」"
        },
        "7": {
            "sn": "00835",
            "brief": "快乐、福气"
        }
    },
    "20": {
        "6": {
            "sn": "03254",
            "brief": "再一次、增添"
        },
        "literal": "心中有智慧的，必称为聪明人；嘴中的甜言，加增人的学问。",
        "0": {
            "sn": "02450",
            "brief": "智慧的"
        },
        "1": {
            "sn": "03820",
            "brief": "心"
        },
        "2": {
            "sn": "07121",
            "brief": "喊叫、召集、称呼、求告、朗读"
        },
        "3": {
            "sn": "00995",
            "brief": "明白、分辨、了解"
        },
        "4": {
            "sn": "04986",
            "brief": "甜"
        },
        "5": {
            "sn": "08193",
            "brief": "嘴唇、边缘、言语"
        },
        "7": {
            "sn": "03948",
            "brief": "学习、教导"
        }
    },
    "21": {
        "literal": "对拥有智慧的人来说，她是生命的泉源；(对)愚妄人的惩戒是愚昧的。",
        "0": {
            "sn": "04726",
            "brief": "泉源"
        },
        "1": {
            "sn": "02416",
            "brief": "活物、生命"
        },
        "2": {
            "sn": "07922",
            "brief": "理解"
        },
        "3": {
            "sn": "01167",
            "brief": "物主、主人、丈夫"
        },
        "4": {
            "sn": "04148",
            "brief": "训诲、管教、教导"
        },
        "5": {
            "sn": "00191",
            "brief": "愚昧的"
        },
        "6": {
            "sn": "00200",
            "brief": "愚昧"
        }
    },
    "22": {
        "literal": "智慧人的心谨慎他的口；又使他的嘴增长学问。",
        "0": {
            "sn": "03820",
            "brief": "心"
        },
        "1": {
            "sn": "02450",
            "brief": "智慧的"
        },
        "3": {
            "sn": "06310",
            "brief": "口、命令、末端、沿岸、比例"
        },
        "4": {
            "sn": "05921",
            "brief": "在…上面"
        },
        "5": {
            "sn": "08193",
            "brief": "嘴唇、边缘、言语"
        },
        "7": {
            "sn": "03948",
            "brief": "学习、教导"
        },
        "6": {
            "sn": "03254",
            "brief": "再一次、增添"
        },
        "2": {
            "sn": "07919",
            "brief": "Qal 明白、聪明、谨慎，Pi‘el 手交叉，Hif‘il 有洞察力、教导、成功、顺利"
        }
    },
    "31": {
        "0": {
            "sn": "02896",
            "brief": "名词：良善、美好、福乐；形容词：良善的、美好的"
        },
        "literal": "不轻易发怒的，胜过勇士；治服己心的，强如取城。",
        "1": {
            "sn": "00750",
            "brief": "忍耐地、慢慢地发怒、长的"
        },
        "2": {
            "sn": "00639",
            "brief": "怒气、鼻子"
        },
        "3": {
            "sn": "01368",
            "brief": "形容词：强壮的、有力的；名词：勇士"
        },
        "4": {
            "sn": "04910",
            "brief": "管理、支配、统治"
        },
        "5": {
            "sn": "07307",
            "brief": "灵、风、心"
        },
        "6": {
            "sn": "03920",
            "brief": "攻取、俘虏、捕获、抓住"
        },
        "7": {
            "sn": "05892",
            "brief": "城邑、城镇"
        }
    },
    "26": {
        "literal": "匪徒图谋奸恶，嘴上彷佛有烧焦的火。",
        "0": {
            "sn": "00376",
            "brief": "各人、人、男人、丈夫"
        },
        "1": {
            "sn": "01100",
            "brief": "无用的、没价值的"
        },
        "2": {
            "sn": "03738",
            "brief": "挖掘"
        },
        "3": {
            "sn": "07451",
            "brief": "邪恶、恶人、灾难"
        },
        "4": {
            "sn": "05921",
            "brief": "在…上面"
        },
        "5": {
            "sn": "08193",
            "brief": "嘴唇、边缘、言语"
        },
        "6": {
            "sn": "00784",
            "brief": "火"
        },
        "7": {
            "sn": "06867",
            "brief": "发热的、烧焦的"
        }
    },
    "32": {
        "literal": "签被抛出去，它的断定却是出于雅威。",
        "0": {
            "sn": "02436",
            "brief": "胸怀"
        },
        "2": {
            "sn": "00853",
            "brief": "不必翻译"
        },
        "3": {
            "sn": "01486",
            "brief": "份、签"
        },
        "4": {
            "sn": "03068",
            "brief": "上帝的名字「雅威」，犹太人尊称为「上主」"
        },
        "5": {
            "sn": "03605",
            "brief": "所有、全部、整个、各"
        },
        "6": {
            "sn": "04941",
            "brief": "正义、公平、审判、律例、规矩"
        },
        "1": {
            "sn": "02904",
            "brief": "竭力抛去、猛力投掷"
        }
    }
}