{
    "11": {
        "6": {
            "sn": "03808",
            "brief": "不"
        },
        "11": {
            "sn": "05341",
            "brief": "谨守、遵守、保护、封锁"
        },
        "9": {
            "sn": "01931",
            "brief": "他"
        },
        "1": {
            "sn": "00559",
            "brief": "说"
        },
        "2": {
            "sn": "02005",
            "brief": "看哪"
        },
        "0": {
            "sn": "03588",
            "brief": "因为、如果"
        },
        "literal": "你若说：「这事我们不知道」，那衡量人心的岂不明白吗？那保护你性命的岂不知道吗？他岂不按各人所行的回报给各人吗？",
        "5": {
            "sn": "02088",
            "brief": "这个"
        },
        "7": {
            "sn": "08505",
            "brief": "估计、衡量"
        },
        "8": {
            "sn": "03826",
            "brief": "心"
        },
        "10": {
            "sn": "00995",
            "brief": "明白、分辨、了解"
        },
        "3": {
            "sn": "03808",
            "brief": "不"
        },
        "12": {
            "sn": "05315",
            "brief": "生命、人"
        },
        "13": {
            "sn": "01931",
            "brief": "他"
        },
        "16": {
            "sn": "00120",
            "brief": "人"
        },
        "17": {
            "sn": "06467",
            "brief": "工作、行为"
        },
        "4": {
            "sn": "03045",
            "brief": "Qal 知道、认识、辨别、经历，Hif‘il 使知道、宣告"
        },
        "14": {
            "sn": "03045",
            "brief": "Qal 知道、认识、辨别、经历，Hif‘il 使知道、宣告"
        },
        "15": {
            "sn": "07725",
            "brief": "Qal 回复、回转、重复，Po‘lel 带回、复兴、更新，Hif‘il 回报、报告、带回"
        }
    },
    "27": {
        "3": {
            "sn": "02600",
            "brief": "无缘无故"
        },
        "4": {
            "sn": "07453",
            "brief": "邻舍、朋友、同伴"
        },
        "5": {
            "sn": "06601",
            "brief": "诱导、欺骗、劝服"
        },
        "literal": "不可无故作见证陷害邻舍，你岂能这样用嘴欺骗人呢？",
        "0": {
            "sn": "00408",
            "brief": "不"
        },
        "1": {
            "sn": "01961",
            "brief": "成为、是、临到"
        },
        "2": {
            "sn": "05707",
            "brief": "见证、证人"
        },
        "6": {
            "sn": "08193",
            "brief": "嘴唇、边缘、言语"
        }
    },
    "13": {
        "11": {
            "sn": "00000",
            "brief": ""
        },
        "literal": "你要知道，智慧对你的生命正是如此。你若找着，必有可见的未来，你的指望也不致断绝。",
        "9": {
            "sn": "03808",
            "brief": "不"
        },
        "1": {
            "sn": "03045",
            "brief": "Qal 知道、认识、辨别、经历，Hif‘il 使知道、宣告"
        },
        "2": {
            "sn": "02451",
            "brief": "智慧"
        },
        "3": {
            "sn": "05315",
            "brief": "生命、人"
        },
        "4": {
            "sn": "00518",
            "brief": "如果、假如"
        },
        "5": {
            "sn": "04672",
            "brief": "寻找、追上、获得、发现"
        },
        "6": {
            "sn": "03426",
            "brief": "存在、有、是"
        },
        "7": {
            "sn": "00319",
            "brief": "结局、后面、末后"
        },
        "8": {
            "sn": "08615",
            "brief": "希望、期望"
        },
        "0": {
            "sn": "03651",
            "brief": "副词：因此、如此、这样；形容词：对、真的、公平、诚实"
        },
        "10": {
            "sn": "03772",
            "brief": "立约、剪除、切开、砍下"
        }
    },
    "20": {
        "5": {
            "sn": "05973",
            "brief": "跟、靠近"
        },
        "8": {
            "sn": "06148",
            "brief": "互相作保、分享"
        },
        "literal": "我儿，你要敬畏雅威与君王，不要与反覆无常的人来往。",
        "1": {
            "sn": "00853",
            "brief": "不必翻译"
        },
        "2": {
            "sn": "03068",
            "brief": "上帝的名字「雅威」，犹太人尊称为「上主」"
        },
        "3": {
            "sn": "01121",
            "brief": "儿子、孙子、后裔、成员"
        },
        "4": {
            "sn": "04428",
            "brief": "王、君王"
        },
        "6": {
            "sn": "08138",
            "brief": "改变、重复"
        },
        "7": {
            "sn": "00408",
            "brief": "不"
        },
        "0": {
            "sn": "03372",
            "brief": "Qal 害怕，Nif‘al 令人畏惧"
        }
    },
    "28": {
        "0": {
            "sn": "00408",
            "brief": "不"
        },
        "2": {
            "sn": "00834",
            "brief": "不必翻译"
        },
        "4": {
            "sn": "09001",
            "brief": "给、往、向、到、归属于"
        },
        "literal": "不可说：人怎样待我，我也怎样待他；我必照他所行的报复他。",
        "1": {
            "sn": "00559",
            "brief": "说"
        },
        "3": {
            "sn": "06213",
            "brief": "做"
        },
        "5": {
            "sn": "03651",
            "brief": "副词：因此、如此、这样；形容词：对、真的、公平、诚实"
        },
        "6": {
            "sn": "06213",
            "brief": "做"
        },
        "7": {
            "sn": "09001",
            "brief": "给、往、向、到、归属于"
        },
        "9": {
            "sn": "00376",
            "brief": "各人、人、男人、丈夫"
        },
        "10": {
            "sn": "06467",
            "brief": "工作"
        },
        "8": {
            "sn": "07725",
            "brief": "Qal 回复、回转、重复，Po‘lel 带回、复兴、更新，Hif‘il 回报、报告、带回"
        }
    },
    "1": {
        "3": {
            "sn": "03820",
            "brief": "心"
        },
        "4": {
            "sn": "05999",
            "brief": "劳累、忧虑、烦恼、恶作剧"
        },
        "5": {
            "sn": "08193",
            "brief": "嘴唇、边缘、言语"
        },
        "6": {
            "sn": "01696",
            "brief": "Pi‘el 讲、说、指挥"
        },
        "literal": "因为他们的心图谋暴力，他们的口谈论恶作剧。",
        "2": {
            "sn": "01897",
            "brief": "发出、讲出、呻吟、沈思"
        },
        "0": {
            "sn": "03588",
            "brief": "因为"
        },
        "1": {
            "sn": "07701",
            "brief": "暴力、毁坏"
        }
    },
    "2": {
        "3": {
            "sn": "08394",
            "brief": "了解、悟性、明辨、聪明"
        },
        "4": {
            "sn": "03559",
            "brief": "Hif‘il 预备、建立、坚立"
        },
        "literal": "房屋因智慧建造，因聪明立稳；",
        "0": {
            "sn": "02451",
            "brief": "智慧"
        },
        "1": {
            "sn": "01129",
            "brief": "建造"
        },
        "2": {
            "sn": "01004",
            "brief": "家、房子、殿"
        }
    },
    "3": {
        "0": {
            "sn": "01847",
            "brief": "知识"
        },
        "1": {
            "sn": "02315",
            "brief": "房间、寝室、厅"
        },
        "2": {
            "sn": "04390",
            "brief": "充满"
        },
        "3": {
            "sn": "03605",
            "brief": "所有、全部、整个、各"
        },
        "4": {
            "sn": "01952",
            "brief": "财富、物质"
        },
        "5": {
            "sn": "03368",
            "brief": "宝贵的、有价值的"
        },
        "6": {
            "sn": "05273",
            "brief": "甜美的、愉快的、美丽的"
        },
        "literal": "又因知识房间充满各样宝贵美好的财物。"
    },
    "7": {
        "4": {
            "sn": "04209",
            "brief": "目的、计画、阴谋、谨慎、明辨、邪恶的诡计"
        },
        "0": {
            "sn": "02803",
            "brief": "思考、计划、数算"
        },
        "1": {
            "sn": "07489",
            "brief": "I. 行恶 ；II. 破坏、打破"
        },
        "literal": "图谋行恶的，必称为奸诈人。",
        "2": {
            "sn": "09001",
            "brief": "给、往、向、到、归属于"
        },
        "3": {
            "sn": "01167",
            "brief": "物主、主人、丈夫"
        },
        "5": {
            "sn": "07121",
            "brief": "喊叫、召集、称呼、求告、朗读"
        }
    },
    "8": {
        "literal": "愚昧人的思念尽是罪恶，傲慢者为人所憎恶。",
        "0": {
            "sn": "02154",
            "brief": "恶谋、计谋、计划"
        },
        "1": {
            "sn": "00200",
            "brief": "愚昧"
        },
        "2": {
            "sn": "02403",
            "brief": "罪、赎罪祭、除罪、罪罚"
        },
        "3": {
            "sn": "08441",
            "brief": "憎恶、憎恶的事"
        },
        "4": {
            "sn": "00120",
            "brief": "人"
        },
        "5": {
            "sn": "03887",
            "brief": "轻蔑、嘲讽、傲慢"
        }
    },
    "10": {
        "1": {
            "sn": "03947",
            "brief": "取、拿"
        },
        "0": {
            "sn": "05337",
            "brief": "Nif‘al 获救，Pi‘el 拯救、夺取，Hif‘il 营救、抓走"
        },
        "literal": "人被拉到死地，你要解救；人将被杀，你须拦阻。",
        "2": {
            "sn": "04194",
            "brief": "死亡"
        },
        "3": {
            "sn": "04131",
            "brief": "摇动、滑动"
        },
        "4": {
            "sn": "02027",
            "brief": "杀戮"
        },
        "5": {
            "sn": "00518",
            "brief": "如果、假如"
        },
        "6": {
            "sn": "02820",
            "brief": "拒绝、抑制"
        }
    },
    "32": {
        "literal": "再睡一会儿，再打盹一会儿，两臂交叉抱拢躺卧一会儿。",
        "0": {
            "sn": "04592",
            "brief": "一点点、几乎"
        },
        "1": {
            "sn": "08142",
            "brief": "睡觉、睡眠"
        },
        "2": {
            "sn": "04592",
            "brief": "一点点、几乎"
        },
        "3": {
            "sn": "08572",
            "brief": "睡眠、打盹、磕睡"
        },
        "4": {
            "sn": "04592",
            "brief": "一点点、几乎"
        },
        "5": {
            "sn": "02264",
            "brief": "两臂交叉抱拢"
        },
        "6": {
            "sn": "03027",
            "brief": "手、边、力量、权势"
        },
        "7": {
            "sn": "07901",
            "brief": "躺卧、同寝"
        }
    },
    "33": {
        "literal": "你的贫穷就会像强盗来到，你的缺乏会像拿盾牌的人(来临)。",
        "6": {
            "sn": "09015",
            "brief": "开的意思"
        },
        "0": {
            "sn": "00935",
            "brief": "来、进入、临到、发生"
        },
        "2": {
            "sn": "07389",
            "brief": "贫穷"
        },
        "3": {
            "sn": "04270",
            "brief": "缺乏；需要、贫穷"
        },
        "4": {
            "sn": "00376",
            "brief": "各人、人、男人、丈夫"
        },
        "5": {
            "sn": "04043",
            "brief": "盾牌"
        },
        "1": {
            "sn": "01980",
            "brief": "去、行走"
        }
    },
    "6": {
        "0": {
            "sn": "07311",
            "brief": "高举、抬高"
        },
        "4": {
            "sn": "03808",
            "brief": "不"
        },
        "literal": "智慧极高，非愚妄人所能及，在城门口他不开口。",
        "1": {
            "sn": "00191",
            "brief": "愚昧的、愚妄的"
        },
        "2": {
            "sn": "02454",
            "brief": "智慧"
        },
        "3": {
            "sn": "08179",
            "brief": "门、城门"
        },
        "5": {
            "sn": "06605",
            "brief": "打开、松开、雕刻"
        },
        "6": {
            "sn": "06310",
            "brief": "口、命令、末端、沿岸、比例"
        }
    },
    "16": {
        "2": {
            "sn": "00408",
            "brief": "不"
        },
        "5": {
            "sn": "00408",
            "brief": "不"
        },
        "7": {
            "sn": "03820",
            "brief": "心"
        },
        "literal": "你的仇敌跌倒，你不要欢喜；他倾倒，你的心不要快乐。",
        "0": {
            "sn": "05307",
            "brief": "跌落、跌倒、使签落在..."
        },
        "1": {
            "sn": "00341",
            "brief": "作对、做敌人"
        },
        "3": {
            "sn": "08055",
            "brief": "喜乐、高兴"
        },
        "4": {
            "sn": "03782",
            "brief": "跌倒、蹒跚、摇摆"
        },
        "6": {
            "sn": "01523",
            "brief": "欢呼、欣喜、高兴、狂喜"
        }
    },
    "4": {
        "literal": "智慧人胜过有能力的人，有知识的人胜过强壮的人。",
        "0": {
            "sn": "01397",
            "brief": "男人、强壮的男人"
        },
        "1": {
            "sn": "02450",
            "brief": "智慧的"
        },
        "2": {
            "sn": "05797",
            "brief": "力量、力气、威力、强固"
        },
        "3": {
            "sn": "00376",
            "brief": "各人、人、男人、丈夫"
        },
        "4": {
            "sn": "01847",
            "brief": "知识"
        },
        "6": {
            "sn": "03581",
            "brief": "力量、财富"
        },
        "5": {
            "sn": "00553",
            "brief": "Qal 是强壮的、勇敢的，Pi‘el 坚立、确立"
        }
    },
    "12": {
        "literal": "我儿，你要吃蜜，因为它是好的，让甘甜的滴蜜入你的口。",
        "2": {
            "sn": "01706",
            "brief": "蜂蜜"
        },
        "3": {
            "sn": "03588",
            "brief": "因为、如果"
        },
        "4": {
            "sn": "02896",
            "brief": "名词：良善、美好、福乐；形容词：良善的、美好的"
        },
        "0": {
            "sn": "00398",
            "brief": "吃、吞吃"
        },
        "1": {
            "sn": "01121",
            "brief": "儿子、孙子、后裔、成员"
        },
        "5": {
            "sn": "05317",
            "brief": "滴蜜"
        },
        "6": {
            "sn": "04966",
            "brief": "甜、甜的"
        },
        "7": {
            "sn": "05921",
            "brief": "在…上面"
        },
        "8": {
            "sn": "02441",
            "brief": "嘴、上颚"
        }
    },
    "25": {
        "2": {
            "sn": "07725",
            "brief": "Qal 回复、回转、重复，Po‘lel 带回、复兴、更新，Hif‘il 回报、报告、带回"
        },
        "literal": "应对得宜的，犹如与人亲嘴。",
        "0": {
            "sn": "08193",
            "brief": "嘴唇、边缘、言语"
        },
        "3": {
            "sn": "01697",
            "brief": "话语、事情"
        },
        "4": {
            "sn": "05228",
            "brief": "直的、正确的、在前面的"
        },
        "1": {
            "sn": "05401",
            "brief": "I. 放一起、亲嘴；II. 配备"
        }
    },
    "14": {
        "literal": "你这恶人，不可埋伏攻击义人的家，也不可毁坏他安居之所。",
        "6": {
            "sn": "07703",
            "brief": "毁灭、毁坏"
        },
        "0": {
            "sn": "00408",
            "brief": "不"
        },
        "1": {
            "sn": "00693",
            "brief": "埋伏"
        },
        "2": {
            "sn": "07563",
            "brief": "邪恶的、犯法的"
        },
        "3": {
            "sn": "05116",
            "brief": "住处、居所"
        },
        "4": {
            "sn": "06662",
            "brief": "义的、公义的"
        },
        "5": {
            "sn": "00408",
            "brief": "不"
        },
        "7": {
            "sn": "07258",
            "brief": "休息处"
        }
    },
    "15": {
        "literal": "因为义人虽七次跌倒，仍必兴起；恶人却被祸患倾倒。",
        "0": {
            "sn": "03588",
            "brief": "因为、如果"
        },
        "1": {
            "sn": "07651",
            "brief": "数目的「七」"
        },
        "3": {
            "sn": "06662",
            "brief": "义的、公义的"
        },
        "4": {
            "sn": "06965",
            "brief": "起来、设立、坚立"
        },
        "5": {
            "sn": "07563",
            "brief": "邪恶的、犯法的"
        },
        "6": {
            "sn": "03782",
            "brief": "跌倒、蹒跚、摇摆"
        },
        "7": {
            "sn": "07451",
            "brief": "邪恶、祸患"
        },
        "2": {
            "sn": "05307",
            "brief": "跌落、跌倒、使签落在..."
        }
    },
    "29": {
        "5": {
            "sn": "05921",
            "brief": "在…上面"
        },
        "literal": "我经过懒惰人的田地，走过无知人的葡萄园，",
        "0": {
            "sn": "05921",
            "brief": "在…上面"
        },
        "1": {
            "sn": "07704",
            "brief": "田地"
        },
        "2": {
            "sn": "00376",
            "brief": "各人、人、男人、丈夫"
        },
        "3": {
            "sn": "06102",
            "brief": "懒惰的"
        },
        "4": {
            "sn": "05674",
            "brief": "经过、穿越、涨溢、离开、拿走、违犯、废除"
        },
        "6": {
            "sn": "03754",
            "brief": "葡萄园"
        },
        "7": {
            "sn": "00120",
            "brief": "人"
        },
        "8": {
            "sn": "02638",
            "brief": "缺乏的、缺少的"
        },
        "9": {
            "sn": "03820",
            "brief": "心"
        }
    },
    "18": {
        "4": {
            "sn": "07065",
            "brief": "嫉妒"
        },
        "2": {
            "sn": "07489",
            "brief": "I. 行恶；II. 破坏、打破"
        },
        "1": {
            "sn": "02734",
            "brief": "发怒、燃烧"
        },
        "3": {
            "sn": "00408",
            "brief": "不"
        },
        "5": {
            "sn": "07563",
            "brief": "邪恶的、犯法的"
        },
        "literal": "不要为作恶的心怀不平，也不要嫉妒恶人。",
        "0": {
            "sn": "00408",
            "brief": "不"
        }
    },
    "17": {
        "6": {
            "sn": "05921",
            "brief": "在…上面"
        },
        "7": {
            "sn": "00639",
            "brief": "鼻子"
        },
        "literal": "恐怕雅威看见，在他眼中视为恶，就将他的怒气从他身上转回。",
        "0": {
            "sn": "06435",
            "brief": "恐怕、免得、为了不"
        },
        "2": {
            "sn": "03068",
            "brief": "上帝的名字「雅威」，犹太人尊称为「上主」"
        },
        "3": {
            "sn": "07489",
            "brief": "I. 行恶 ；II. 破坏、打破"
        },
        "4": {
            "sn": "05869",
            "brief": "眼睛"
        },
        "1": {
            "sn": "07200",
            "brief": "Qal 看见、看顾、察觉，Nif‘al 显现，Hif‘il 显明"
        },
        "5": {
            "sn": "07725",
            "brief": "Qal 回复、回转、重复，Po‘lel 带回、复兴、更新，Hif‘il 回报、报告、带回"
        }
    },
    "21": {
        "literal": "因为他们的灾难必忽然兴起。他们二者所施行的毁灭，谁能知道呢？",
        "1": {
            "sn": "06597",
            "brief": "顷刻之间、突然地"
        },
        "2": {
            "sn": "06965",
            "brief": "起来、设立、坚立"
        },
        "7": {
            "sn": "03045",
            "brief": "Qal 知道、认识、辨别、经历，Hif‘il 使知道、宣告"
        },
        "3": {
            "sn": "00343",
            "brief": "灾祸、患难"
        },
        "4": {
            "sn": "06365",
            "brief": "灾难、毁坏"
        },
        "5": {
            "sn": "08147",
            "brief": "数目的「二」"
        },
        "8": {
            "sn": "09014",
            "brief": "关闭的意思"
        },
        "6": {
            "sn": "04310",
            "brief": "谁"
        },
        "0": {
            "sn": "03588",
            "brief": "因为、如果"
        }
    },
    "22": {
        "literal": "这些也是属于智慧人的：审判时看人情面是不好的。",
        "0": {
            "sn": "01571",
            "brief": "也、并且"
        },
        "1": {
            "sn": "00428",
            "brief": "这些"
        },
        "2": {
            "sn": "02450",
            "brief": "智慧的"
        },
        "4": {
            "sn": "06440",
            "brief": "脸、脸面"
        },
        "3": {
            "sn": "05234",
            "brief": "承认、知道、辨识"
        },
        "6": {
            "sn": "01077",
            "brief": "不"
        },
        "7": {
            "sn": "02896",
            "brief": "名词：良善、美好、福乐；形容词：良善的、美好的"
        },
        "5": {
            "sn": "04941",
            "brief": "正义、公平、审判、律例、规矩"
        }
    },
    "26": {
        "3": {
            "sn": "06257",
            "brief": "预备"
        },
        "0": {
            "sn": "03559",
            "brief": "Hif‘il 预备、建立、坚立"
        },
        "literal": "你要在外头预备工作，在田间为自己准备齐全，然后才建造你的房屋。",
        "1": {
            "sn": "02351",
            "brief": "街市上、外面"
        },
        "2": {
            "sn": "04399",
            "brief": "工作、职业"
        },
        "4": {
            "sn": "07704",
            "brief": "田地"
        },
        "5": {
            "sn": "09001",
            "brief": "给、往、向、到、归属于"
        },
        "6": {
            "sn": "00310",
            "brief": "后面"
        },
        "7": {
            "sn": "01129",
            "brief": "建造"
        },
        "8": {
            "sn": "01004",
            "brief": "家、房子、殿"
        },
        "9": {
            "sn": "00000",
            "brief": ""
        }
    },
    "30": {
        "literal": "看哪，它长满了荆棘，刺草遮盖地面，石墙也坍塌了。",
        "0": {
            "sn": "02009",
            "brief": "看哪"
        },
        "1": {
            "sn": "05927",
            "brief": "上去、升高、生长、献上"
        },
        "2": {
            "sn": "03605",
            "brief": "所有、全部、整个、各"
        },
        "4": {
            "sn": "03680",
            "brief": "遮盖、隐藏"
        },
        "3": {
            "sn": "07063",
            "brief": "荆棘、杂草、野草"
        },
        "5": {
            "sn": "06440",
            "brief": "脸、脸面"
        },
        "6": {
            "sn": "02738",
            "brief": "一种野草、刺草"
        },
        "7": {
            "sn": "01444",
            "brief": "墙、篱笆"
        },
        "9": {
            "sn": "02040",
            "brief": "击落、打破、倾覆、破坏"
        },
        "8": {
            "sn": "00068",
            "brief": "石头、法码、宝石"
        }
    },
    "31": {
        "4": {
            "sn": "07200",
            "brief": "Qal 看见、看顾、察觉，Nif‘al 显现，Hif‘il 显明"
        },
        "literal": "我看见就留心思想；我看着就领受训诲。",
        "0": {
            "sn": "02372",
            "brief": "看、注意、察觉、预言"
        },
        "1": {
            "sn": "00595",
            "brief": "我"
        },
        "2": {
            "sn": "07896",
            "brief": "置、放、定"
        },
        "3": {
            "sn": "03820",
            "brief": "心"
        },
        "5": {
            "sn": "03947",
            "brief": "取、拿"
        },
        "6": {
            "sn": "04148",
            "brief": "训诲、管教、教导"
        }
    },
    "23": {
        "literal": "对恶人说「你是义人」的，这人万民必诅咒，列邦必谴责。",
        "0": {
            "sn": "00559",
            "brief": "说"
        },
        "1": {
            "sn": "07563",
            "brief": "邪恶的、犯法的"
        },
        "2": {
            "sn": "06662",
            "brief": "义的、公义的"
        },
        "3": {
            "sn": "00859",
            "brief": "你"
        },
        "4": {
            "sn": "05344",
            "brief": "诅咒"
        },
        "5": {
            "sn": "05971",
            "brief": "百姓、国民"
        },
        "6": {
            "sn": "02194",
            "brief": "愤慨、愤怒、谴责"
        },
        "7": {
            "sn": "03816",
            "brief": "邦国、人民"
        }
    },
    "9": {
        "0": {
            "sn": "07503",
            "brief": "Qal 落、沉、掉、放松、变弱，Hif‘il 安静、听任、放弃、让他走"
        },
        "literal": "在患难时你若灰心，你的力量就算微小。",
        "1": {
            "sn": "03117",
            "brief": "日子、时候"
        },
        "2": {
            "sn": "06869",
            "brief": "海峡、苦恼、忧伤"
        },
        "3": {
            "sn": "06862",
            "brief": "I. 狭窄的；II. 患难、困境；III. 敌人"
        },
        "4": {
            "sn": "03581",
            "brief": "力量、财富"
        }
    },
    "0": {
        "1": {
            "sn": "07065",
            "brief": "嫉妒"
        },
        "literal": "你不要嫉妒恶人，也不要渴想跟他们在一起。",
        "0": {
            "sn": "00408",
            "brief": "不"
        },
        "2": {
            "sn": "00376",
            "brief": "各人、人、男人、丈夫"
        },
        "3": {
            "sn": "07451",
            "brief": "恶的、邪恶的"
        },
        "4": {
            "sn": "00408",
            "brief": "不"
        },
        "6": {
            "sn": "01961",
            "brief": "成为、是、临到"
        },
        "7": {
            "sn": "00854",
            "brief": "跟、靠近"
        },
        "5": {
            "sn": "00183",
            "brief": "欲望、希望"
        }
    },
    "5": {
        "literal": "你去打仗，要凭智谋，谋士众多，就必得胜。",
        "0": {
            "sn": "03588",
            "brief": "因为"
        },
        "1": {
            "sn": "08458",
            "brief": "忠告、智谋"
        },
        "2": {
            "sn": "06213",
            "brief": "做"
        },
        "3": {
            "sn": "09001",
            "brief": "给、往、向、到、归属于"
        },
        "4": {
            "sn": "04421",
            "brief": "战争、打仗"
        },
        "5": {
            "sn": "08668",
            "brief": "救恩、胜利、繁荣"
        },
        "6": {
            "sn": "07230",
            "brief": "多"
        },
        "7": {
            "sn": "03289",
            "brief": "忠告、劝告"
        }
    },
    "19": {
        "literal": "因为坏人没有将来，恶人的灯也必熄灭。",
        "0": {
            "sn": "03588",
            "brief": "因为、如果"
        },
        "2": {
            "sn": "01961",
            "brief": "成为、是、临到"
        },
        "3": {
            "sn": "00319",
            "brief": "结局、后面、末后"
        },
        "4": {
            "sn": "07451",
            "brief": "邪恶、祸患"
        },
        "5": {
            "sn": "05216",
            "brief": "灯"
        },
        "6": {
            "sn": "07563",
            "brief": "邪恶的、犯法的"
        },
        "7": {
            "sn": "01846",
            "brief": "熄灭、枯干"
        },
        "1": {
            "sn": "03808",
            "brief": "不"
        }
    },
    "24": {
        "0": {
            "sn": "03198",
            "brief": "指责、判断、证明"
        },
        "literal": "责备恶人的，必得喜悦；美好的福也必临到他。",
        "1": {
            "sn": "05276",
            "brief": "愉快的、甜美的"
        },
        "2": {
            "sn": "05921",
            "brief": "在…上面"
        },
        "3": {
            "sn": "00935",
            "brief": "来、进入、临到、发生"
        },
        "4": {
            "sn": "01293",
            "brief": "祝福、称颂、祝福的来源"
        },
        "5": {
            "sn": "02896",
            "brief": "名词：良善、美好、福乐；形容词：良善的、美好的"
        }
    }
}