{
    "30": {
        "5": {
            "sn": "00977",
            "brief": "选择、拣选、挑选"
        },
        "literal": "不可嫉妒残暴的人，也不可选择他所行的路。",
        "0": {
            "sn": "00408",
            "brief": "不"
        },
        "2": {
            "sn": "00376",
            "brief": "各人、人、男人、丈夫"
        },
        "3": {
            "sn": "02555",
            "brief": "暴力、残忍、不公"
        },
        "4": {
            "sn": "00408",
            "brief": "不"
        },
        "6": {
            "sn": "03605",
            "brief": "全部、整个、各"
        },
        "7": {
            "sn": "01870",
            "brief": "道路、行为、方向、方法"
        },
        "1": {
            "sn": "07065",
            "brief": "嫉妒"
        }
    },
    "14": {
        "7": {
            "sn": "09002",
            "brief": "在、用、藉着、与、敌对"
        },
        "5": {
            "sn": "03808",
            "brief": "不"
        },
        "literal": "比宝石更珍贵；你一切所喜爱的，都不能和她相比。",
        "0": {
            "sn": "03368",
            "brief": "宝贵的、有价值的"
        },
        "1": {
            "sn": "01931",
            "brief": "他、她"
        },
        "2": {
            "sn": "06443",
            "brief": "宝石，可能是珍珠、红宝石或珊瑚"
        },
        "3": {
            "sn": "03605",
            "brief": "全部、整个、各"
        },
        "4": {
            "sn": "02656",
            "brief": "喜悦、喜欢"
        },
        "6": {
            "sn": "07737",
            "brief": "同意、相等"
        }
    },
    "22": {
        "5": {
            "sn": "03808",
            "brief": "不"
        },
        "literal": "那时，你就安然行路，不致碰脚。",
        "0": {
            "sn": "00227",
            "brief": "那时"
        },
        "1": {
            "sn": "01980",
            "brief": "走路"
        },
        "2": {
            "sn": "00983",
            "brief": "安然、平安"
        },
        "3": {
            "sn": "01870",
            "brief": "道路、行为、方向、方法"
        },
        "4": {
            "sn": "07272",
            "brief": "脚"
        },
        "6": {
            "sn": "05062",
            "brief": "击打"
        }
    },
    "4": {
        "0": {
            "sn": "00982",
            "brief": "倚赖、信靠"
        },
        "1": {
            "sn": "00413",
            "brief": "向、往"
        },
        "2": {
            "sn": "03068",
            "brief": "上帝的名字「雅威」，犹太人尊称为「上主」"
        },
        "3": {
            "sn": "03605",
            "brief": "全部、整个、各"
        },
        "4": {
            "sn": "03820",
            "brief": "心"
        },
        "5": {
            "sn": "00413",
            "brief": "向、往"
        },
        "6": {
            "sn": "00998",
            "brief": "了解、悟性、明哲、聪明"
        },
        "7": {
            "sn": "00408",
            "brief": "否定的意思"
        },
        "8": {
            "sn": "08172",
            "brief": "倚赖、信靠"
        },
        "literal": "你要以你全部的心信赖雅威，不可倚靠你自己的聪明。"
    },
    "5": {
        "2": {
            "sn": "03045",
            "brief": "Qal 知道、认识、辨别、经历，Hif‘il 使知道、宣告"
        },
        "0": {
            "sn": "03605",
            "brief": "全部、整个、各"
        },
        "1": {
            "sn": "01870",
            "brief": "道路、行为、方向、方法"
        },
        "3": {
            "sn": "01931",
            "brief": "他"
        },
        "5": {
            "sn": "00734",
            "brief": "路径"
        },
        "literal": "在你一切所行的路上都要承认他，他必使你路途平坦。",
        "4": {
            "sn": "03474",
            "brief": "Qal 是直的，Pi‘el 是对的、成平坦、引领，Hif‘il 使平坦、修直"
        }
    },
    "1": {
        "literal": "因为…长寿、和生命的年数和平安。(…处填入下行)它会加给你",
        "1": {
            "sn": "00753",
            "brief": "长"
        },
        "6": {
            "sn": "03254",
            "brief": "再一次、增添"
        },
        "0": {
            "sn": "03588",
            "brief": "因为、不必翻译"
        },
        "2": {
            "sn": "03117",
            "brief": "日子、时候"
        },
        "3": {
            "sn": "08141",
            "brief": "年"
        },
        "4": {
            "sn": "02416",
            "brief": "生命"
        },
        "5": {
            "sn": "07965",
            "brief": "平安、完全、全部"
        },
        "7": {
            "sn": "09001",
            "brief": "给、往、向、到、归属于"
        }
    },
    "15": {
        "1": {
            "sn": "03117",
            "brief": "日子、时候"
        },
        "3": {
            "sn": "08040",
            "brief": "左边、左手"
        },
        "4": {
            "sn": "06239",
            "brief": "财富、财产、富有"
        },
        "5": {
            "sn": "03519",
            "brief": "荣耀"
        },
        "literal": "她的右边有长寿，左边有财富和尊荣。",
        "0": {
            "sn": "00753",
            "brief": "长"
        },
        "2": {
            "sn": "03225",
            "brief": "右手、右边、南方"
        }
    },
    "6": {
        "7": {
            "sn": "05493",
            "brief": "转离、除去"
        },
        "4": {
            "sn": "03372",
            "brief": "Qal 害怕，Nif‘al 令人畏惧"
        },
        "literal": "不要在自己眼中看为有智慧；要敬畏雅威，远离邪恶。",
        "0": {
            "sn": "00408",
            "brief": "不"
        },
        "1": {
            "sn": "01961",
            "brief": "是、成为、临到"
        },
        "2": {
            "sn": "02450",
            "brief": "有智慧的"
        },
        "3": {
            "sn": "05869",
            "brief": "眼睛"
        },
        "5": {
            "sn": "00853",
            "brief": "不必翻译"
        },
        "6": {
            "sn": "03068",
            "brief": "上帝的名字「雅威」，犹太人尊称为「上主」"
        },
        "8": {
            "sn": "07451",
            "brief": "邪恶"
        }
    },
    "7": {
        "literal": "它会成为你肚脐的医治，成为你骨头的滋润。",
        "0": {
            "sn": "07500",
            "brief": "医治"
        },
        "1": {
            "sn": "01961",
            "brief": "是、成为、临到"
        },
        "2": {
            "sn": "08270",
            "brief": "肚脐"
        },
        "3": {
            "sn": "08250",
            "brief": "饮料"
        },
        "4": {
            "sn": "06106",
            "brief": "本体、精髓、骨头"
        }
    },
    "9": {
        "literal": "这样，你的仓库必充满有余；你的酒池有新酒满溢。",
        "0": {
            "sn": "04390",
            "brief": "充满"
        },
        "1": {
            "sn": "00618",
            "brief": "仓库"
        },
        "2": {
            "sn": "07647",
            "brief": "满足"
        },
        "3": {
            "sn": "08492",
            "brief": "新酒"
        },
        "4": {
            "sn": "03342",
            "brief": "酒榨"
        },
        "5": {
            "sn": "06555",
            "brief": "爆裂、冲破"
        },
        "6": {
            "sn": "09015",
            "brief": "开的意思"
        }
    },
    "32": {
        "6": {
            "sn": "01288",
            "brief": "称颂、祝福"
        },
        "literal": "雅威诅咒恶人的家，赐福与义人的居所。",
        "0": {
            "sn": "03994",
            "brief": "诅咒"
        },
        "1": {
            "sn": "03068",
            "brief": "上帝的名字「雅威」，犹太人尊称为「上主」"
        },
        "2": {
            "sn": "01004",
            "brief": "殿、房屋、家"
        },
        "3": {
            "sn": "07563",
            "brief": "邪恶的"
        },
        "4": {
            "sn": "05116",
            "brief": "住处、居所"
        },
        "5": {
            "sn": "06662",
            "brief": "公义的"
        }
    },
    "17": {
        "3": {
            "sn": "02388",
            "brief": "加强、支持、抓住、系紧、强壮、勇敢"
        },
        "literal": "她为持守她的作生命树；持定她的必蒙福。",
        "0": {
            "sn": "06086",
            "brief": "木头、树"
        },
        "1": {
            "sn": "02416",
            "brief": "生命"
        },
        "2": {
            "sn": "01931",
            "brief": "他、她"
        },
        "4": {
            "sn": "09002",
            "brief": "在、用、藉着、与、敌对"
        },
        "7": {
            "sn": "09015",
            "brief": "开的意思"
        },
        "6": {
            "sn": "00833",
            "brief": "有福、引导、直走、修正"
        },
        "5": {
            "sn": "08551",
            "brief": "抓紧、支持"
        }
    },
    "13": {
        "literal": "因为它(指智慧)的获利胜过银子，它的报酬率胜过金子。",
        "0": {
            "sn": "03588",
            "brief": "因为、不必翻译"
        },
        "6": {
            "sn": "08393",
            "brief": "出产、生产、岁入、税收"
        },
        "1": {
            "sn": "02896",
            "brief": "名词：良善、美好、福乐；形容词：良善的、美好的"
        },
        "2": {
            "sn": "05504",
            "brief": "利润、获利、交易、商场"
        },
        "3": {
            "sn": "05505",
            "brief": "获利"
        },
        "4": {
            "sn": "03701",
            "brief": "银子、钱"
        },
        "5": {
            "sn": "02742",
            "brief": "金子、尖利的器具、决断"
        }
    },
    "28": {
        "0": {
            "sn": "00408",
            "brief": "不"
        },
        "2": {
            "sn": "05921",
            "brief": "在…上面"
        },
        "literal": "不可设计害你的邻舍，他跟你一起安然居住。",
        "1": {
            "sn": "02790",
            "brief": "耕种、切割、设计、沉默"
        },
        "3": {
            "sn": "07453",
            "brief": "邻舍、朋友"
        },
        "4": {
            "sn": "07451",
            "brief": "灾难、邪恶、痛苦、不幸"
        },
        "5": {
            "sn": "01931",
            "brief": "他"
        },
        "6": {
            "sn": "03427",
            "brief": "居住、坐、停留"
        },
        "7": {
            "sn": "00983",
            "brief": "安然、平安"
        },
        "8": {
            "sn": "00854",
            "brief": "与、跟"
        }
    },
    "0": {
        "literal": "我儿啊，不要忘记我的教导，你心要谨守我的命令；",
        "0": {
            "sn": "01121",
            "brief": "儿子、孙子、后裔、成员"
        },
        "1": {
            "sn": "08451",
            "brief": "训诲、律法"
        },
        "2": {
            "sn": "00408",
            "brief": "不"
        },
        "3": {
            "sn": "07911",
            "brief": "忘记"
        },
        "4": {
            "sn": "04687",
            "brief": "命令、吩咐"
        },
        "5": {
            "sn": "05341",
            "brief": "谨守、遵守、保护、封锁"
        },
        "6": {
            "sn": "03820",
            "brief": "心"
        }
    },
    "3": {
        "literal": "这样…得恩惠，有美好的聪明。你必在上帝和世人眼前(放上行)",
        "0": {
            "sn": "04672",
            "brief": "寻找、追上、获得、发现"
        },
        "1": {
            "sn": "02580",
            "brief": "恩典、恩惠"
        },
        "2": {
            "sn": "07922",
            "brief": "理解"
        },
        "3": {
            "sn": "02896",
            "brief": "名词：良善、美好、福乐；形容词：良善的、美好的"
        },
        "4": {
            "sn": "05869",
            "brief": "眼睛"
        },
        "5": {
            "sn": "00430",
            "brief": "上帝、神、神明"
        },
        "6": {
            "sn": "00120",
            "brief": "人"
        },
        "7": {
            "sn": "09015",
            "brief": "开的意思"
        }
    },
    "12": {
        "5": {
            "sn": "06329",
            "brief": "获得、得着、具备、增进、供应、带出、出产"
        },
        "literal": "有福啊，得智慧的人，和得聪明的人。",
        "0": {
            "sn": "00835",
            "brief": "幸福、快乐"
        },
        "1": {
            "sn": "00120",
            "brief": "人"
        },
        "2": {
            "sn": "04672",
            "brief": "寻找、追上、获得、发现"
        },
        "3": {
            "sn": "02451",
            "brief": "智慧"
        },
        "4": {
            "sn": "00120",
            "brief": "人"
        },
        "6": {
            "sn": "08394",
            "brief": "了解、悟性、明辨、聪明"
        }
    },
    "10": {
        "literal": "我儿啊，你不可轻看雅威的管教，也不可厌烦他的责备。",
        "0": {
            "sn": "04148",
            "brief": "管教、教导、训诲"
        },
        "1": {
            "sn": "03068",
            "brief": "上帝的名字「雅威」，犹太人尊称为「上主」"
        },
        "2": {
            "sn": "01121",
            "brief": "儿子、孙子、后裔、成员"
        },
        "3": {
            "sn": "00408",
            "brief": "不"
        },
        "5": {
            "sn": "00408",
            "brief": "不"
        },
        "6": {
            "sn": "06973",
            "brief": "厌恶、憎恨"
        },
        "7": {
            "sn": "08433",
            "brief": "争辩、责罚"
        },
        "4": {
            "sn": "03988",
            "brief": "I. 藐视、拒绝、厌弃、撤回；II. Nif‘al 流动"
        }
    },
    "11": {
        "literal": "因为雅威所爱的，他责备，正如父亲(责备)所喜爱的儿子。",
        "0": {
            "sn": "03588",
            "brief": "因为、不必翻译"
        },
        "1": {
            "sn": "00853",
            "brief": "不必翻译"
        },
        "2": {
            "sn": "00834",
            "brief": "不必翻译"
        },
        "5": {
            "sn": "03198",
            "brief": "断定是非、判断、证明"
        },
        "3": {
            "sn": "00157",
            "brief": "爱"
        },
        "4": {
            "sn": "03068",
            "brief": "上帝的名字「雅威」，犹太人尊称为「上主」"
        },
        "6": {
            "sn": "00001",
            "brief": "父亲、祖先"
        },
        "7": {
            "sn": "00853",
            "brief": "不必翻译"
        },
        "8": {
            "sn": "01121",
            "brief": "儿子、孙子、后裔、成员"
        },
        "9": {
            "sn": "07521",
            "brief": "喜悦"
        }
    },
    "20": {
        "literal": "我儿啊，不可使她离开你的眼前，要谨守真智慧和谋略。",
        "0": {
            "sn": "01121",
            "brief": "儿子、孙子、后裔、成员"
        },
        "1": {
            "sn": "00408",
            "brief": "不"
        },
        "2": {
            "sn": "03868",
            "brief": "走弯曲路、走错路、偏离"
        },
        "3": {
            "sn": "05869",
            "brief": "眼睛"
        },
        "4": {
            "sn": "05341",
            "brief": "谨守、遵守、保护、封锁"
        },
        "5": {
            "sn": "08454",
            "brief": "智慧"
        },
        "6": {
            "sn": "04209",
            "brief": "目的、计画、阴谋、谨慎、明辨"
        }
    },
    "23": {
        "2": {
            "sn": "03808",
            "brief": "不"
        },
        "literal": "你躺下，必不惧怕；你躺卧，睡得香甜。",
        "0": {
            "sn": "00518",
            "brief": "如果"
        },
        "1": {
            "sn": "07901",
            "brief": "躺卧、同寝"
        },
        "3": {
            "sn": "06342",
            "brief": "恐惧、害怕"
        },
        "4": {
            "sn": "07901",
            "brief": "躺卧、同寝"
        },
        "5": {
            "sn": "06149",
            "brief": "喜悦的、甜美的"
        },
        "6": {
            "sn": "08142",
            "brief": "睡觉"
        }
    },
    "24": {
        "1": {
            "sn": "03372",
            "brief": "Qal 害怕，Nif‘al 令人畏惧"
        },
        "literal": "不用怕那突来的惊恐，恶人遭毁灭时，也一样。",
        "0": {
            "sn": "00408",
            "brief": "否定的意思"
        },
        "2": {
            "sn": "06343",
            "brief": "惊慌"
        },
        "3": {
            "sn": "06597",
            "brief": "顷刻之间、突然地"
        },
        "4": {
            "sn": "07722",
            "brief": "毁灭、破坏"
        },
        "5": {
            "sn": "07563",
            "brief": "邪恶的"
        },
        "6": {
            "sn": "03588",
            "brief": "因为、不必翻译"
        },
        "7": {
            "sn": "00935",
            "brief": "来、进入、临到、发生"
        }
    },
    "27": {
        "literal": "不可对你的邻舍说：「去吧，明天再来，我必给你。」而你却是有的。",
        "0": {
            "sn": "00408",
            "brief": "不"
        },
        "1": {
            "sn": "00559",
            "brief": "说"
        },
        "2": {
            "sn": "07453",
            "brief": "邻舍、朋友"
        },
        "4": {
            "sn": "07725",
            "brief": "Qal 回复、回转、重复，Po‘lel 带回、复兴、更新，Hif‘il 回报、报告、带回"
        },
        "3": {
            "sn": "01980",
            "brief": "走路"
        },
        "5": {
            "sn": "04279",
            "brief": "明天"
        },
        "6": {
            "sn": "05414",
            "brief": "给"
        },
        "7": {
            "sn": "03426",
            "brief": "存在、有、是"
        },
        "8": {
            "sn": "00854",
            "brief": "与、跟"
        }
    },
    "25": {
        "literal": "因为雅威是你的倚靠；他必保守你的脚不陷入网罗。",
        "0": {
            "sn": "03588",
            "brief": "因为、不必翻译"
        },
        "1": {
            "sn": "03068",
            "brief": "上帝的名字「雅威」，犹太人尊称为「上主」"
        },
        "2": {
            "sn": "01961",
            "brief": "是、成为、临到"
        },
        "3": {
            "sn": "03689",
            "brief": "信心、盼望"
        },
        "4": {
            "sn": "08104",
            "brief": "保护、小心、遵守"
        },
        "5": {
            "sn": "07272",
            "brief": "脚"
        },
        "6": {
            "sn": "03921",
            "brief": "抓住、网罗"
        }
    },
    "8": {
        "0": {
            "sn": "03513",
            "brief": "Qal 是重的，Nif‘al 受尊重、得荣耀，Pi‘el 荣耀、加重、使迟钝，Hif‘il 加重"
        },
        "literal": "你要…荣耀雅威。以财物和一切初熟的产品(放上行)",
        "1": {
            "sn": "00853",
            "brief": "不必翻译"
        },
        "2": {
            "sn": "03068",
            "brief": "上帝的名字「雅威」，犹太人尊称为「上主」"
        },
        "3": {
            "sn": "01952",
            "brief": "财富、物质"
        },
        "4": {
            "sn": "07225",
            "brief": "开始、首要"
        },
        "5": {
            "sn": "03605",
            "brief": "全部、整个、各"
        },
        "6": {
            "sn": "08393",
            "brief": "出产、生产、岁入、税收"
        }
    },
    "18": {
        "literal": "雅威以智慧创造地，以聪明设立天，",
        "0": {
            "sn": "03068",
            "brief": "上帝的名字「雅威」，犹太人尊称为「上主」"
        },
        "1": {
            "sn": "02451",
            "brief": "智慧"
        },
        "2": {
            "sn": "03245",
            "brief": "立地基"
        },
        "3": {
            "sn": "00776",
            "brief": "地、邦国、疆界"
        },
        "5": {
            "sn": "08064",
            "brief": "天"
        },
        "6": {
            "sn": "08394",
            "brief": "了解、悟性、明辨、聪明"
        },
        "4": {
            "sn": "03559",
            "brief": "Hif‘il 预备、建立、坚立"
        }
    },
    "19": {
        "literal": "以他的知识使深渊裂开，使云彩滴下甘霖。",
        "0": {
            "sn": "01847",
            "brief": "知识"
        },
        "1": {
            "sn": "08415",
            "brief": "深渊"
        },
        "2": {
            "sn": "01234",
            "brief": "裂开"
        },
        "3": {
            "sn": "07834",
            "brief": "云"
        },
        "4": {
            "sn": "07491",
            "brief": "滴下"
        },
        "5": {
            "sn": "02919",
            "brief": "露水"
        }
    },
    "2": {
        "literal": "不可使慈爱和诚信离开你，要系在你颈项上，刻在你心版上。",
        "0": {
            "sn": "02617",
            "brief": "慈爱、忠诚"
        },
        "1": {
            "sn": "00571",
            "brief": "诚实、真理、诚信、真实"
        },
        "2": {
            "sn": "00408",
            "brief": "不"
        },
        "3": {
            "sn": "05800",
            "brief": "离弃"
        },
        "4": {
            "sn": "07194",
            "brief": "阴谋背叛、结盟、绑"
        },
        "5": {
            "sn": "05921",
            "brief": "在…上面"
        },
        "6": {
            "sn": "01621",
            "brief": "颈项"
        },
        "8": {
            "sn": "05921",
            "brief": "在…上面"
        },
        "9": {
            "sn": "03871",
            "brief": "木板"
        },
        "10": {
            "sn": "03820",
            "brief": "心"
        },
        "7": {
            "sn": "03789",
            "brief": "Qal 写，Nif‘al 被写"
        }
    },
    "34": {
        "2": {
            "sn": "05157",
            "brief": "Qal 继承、获得，Pi‘el 分配财产"
        },
        "4": {
            "sn": "07311",
            "brief": "高举、抬高"
        },
        "literal": "智慧人必承受尊荣；愚昧人高升却是羞辱。",
        "0": {
            "sn": "03519",
            "brief": "荣耀"
        },
        "1": {
            "sn": "02450",
            "brief": "有智慧的"
        },
        "3": {
            "sn": "03684",
            "brief": "愚昧人、愚顽人"
        },
        "5": {
            "sn": "07036",
            "brief": "羞辱"
        },
        "6": {
            "sn": "09015",
            "brief": "开的意思"
        }
    },
    "33": {
        "literal": "他嘲讽那爱嘲讽的人，施恩给谦卑的人。",
        "0": {
            "sn": "00518",
            "brief": "如果"
        },
        "1": {
            "sn": "03887",
            "brief": "轻蔑、嘲讽、傲慢"
        },
        "2": {
            "sn": "01931",
            "brief": "他"
        },
        "3": {
            "sn": "03887",
            "brief": "轻蔑、嘲讽、傲慢"
        },
        "4": {
            "sn": "06035",
            "brief": "困苦的、卑微的"
        },
        "5": {
            "sn": "05414",
            "brief": "使、给"
        },
        "6": {
            "sn": "02580",
            "brief": "恩典、恩惠"
        }
    },
    "26": {
        "literal": "…不可推辞善，不给当得的人。当你的手有力量行时，(放上行)",
        "0": {
            "sn": "00408",
            "brief": "不"
        },
        "1": {
            "sn": "04513",
            "brief": "拒绝、抑制、撤退、收回、缩回"
        },
        "3": {
            "sn": "01167",
            "brief": "物主、主人、丈夫"
        },
        "4": {
            "sn": "01961",
            "brief": "是、成为、临到"
        },
        "5": {
            "sn": "00410",
            "brief": "上帝、神明、能力、力量"
        },
        "6": {
            "sn": "03027",
            "brief": "手、边、力量、权势"
        },
        "7": {
            "sn": "06213",
            "brief": "做"
        },
        "2": {
            "sn": "02896",
            "brief": "名词：良善、美好、福乐；形容词：良善的、美好的"
        }
    },
    "29": {
        "literal": "…不可无故与人相争。(…处填入下行)人未曾加害与你，",
        "0": {
            "sn": "00408",
            "brief": "否定的意思"
        },
        "1": {
            "sn": "07378",
            "brief": "争辩、争讼"
        },
        "2": {
            "sn": "05973",
            "brief": "跟"
        },
        "3": {
            "sn": "00120",
            "brief": "人"
        },
        "4": {
            "sn": "02600",
            "brief": "无缘无故"
        },
        "5": {
            "sn": "00518",
            "brief": "如果"
        },
        "7": {
            "sn": "01580",
            "brief": "回报、补偿"
        },
        "8": {
            "sn": "07451",
            "brief": "邪恶、灾祸"
        },
        "6": {
            "sn": "03808",
            "brief": "不"
        }
    },
    "31": {
        "literal": "因为诡诈的人为雅威所憎恶；正直人为他所亲密。",
        "0": {
            "sn": "03588",
            "brief": "因为、不必翻译"
        },
        "1": {
            "sn": "08441",
            "brief": "憎恶"
        },
        "2": {
            "sn": "03068",
            "brief": "上帝的名字「雅威」，犹太人尊称为「上主」"
        },
        "3": {
            "sn": "03868",
            "brief": "走弯曲路、走错路、偏离"
        },
        "4": {
            "sn": "00853",
            "brief": "不必翻译"
        },
        "5": {
            "sn": "03477",
            "brief": "正直的"
        },
        "6": {
            "sn": "05475",
            "brief": "亲密、谘商、大会"
        }
    },
    "16": {
        "literal": "她的道是安乐之道；她的路全是平安。",
        "0": {
            "sn": "01870",
            "brief": "道路、行为、方向、方法"
        },
        "1": {
            "sn": "01870",
            "brief": "道路、行为、方向、方法"
        },
        "2": {
            "sn": "05278",
            "brief": "愉快、美丽"
        },
        "3": {
            "sn": "03605",
            "brief": "全部、整个、各"
        },
        "4": {
            "sn": "05410",
            "brief": "路径"
        },
        "5": {
            "sn": "07965",
            "brief": "平安、完全、全部"
        }
    },
    "21": {
        "literal": "这样，必作你的生命，作你颈项的美饰。",
        "0": {
            "sn": "01961",
            "brief": "是、成为、临到"
        },
        "1": {
            "sn": "02416",
            "brief": "生命"
        },
        "2": {
            "sn": "05315",
            "brief": "生命、人"
        },
        "3": {
            "sn": "02580",
            "brief": "恩典、恩惠"
        },
        "4": {
            "sn": "01621",
            "brief": "颈项"
        }
    }
}