{
    "4": {
        "4": {
            "sn": "03605",
            "brief": "所有、全部、整个、各"
        },
        "5": {
            "sn": "00213",
            "brief": "竭力、急迫、催促、狭窄"
        },
        "6": {
            "sn": "00389",
            "brief": "然而、其实、当然"
        },
        "7": {
            "sn": "04270",
            "brief": "缺乏；需要、贫穷"
        },
        "literal": "殷勤筹划的，足致丰裕；行事急躁的，乃致缺乏。",
        "0": {
            "sn": "04284",
            "brief": "思考、计划、目的"
        },
        "1": {
            "sn": "02742",
            "brief": "勤奋的、尖锐的"
        },
        "2": {
            "sn": "00389",
            "brief": "然而、其实、当然"
        },
        "3": {
            "sn": "04195",
            "brief": "利益、丰富"
        }
    },
    "7": {
        "0": {
            "sn": "02019",
            "brief": "歪曲的、败坏的"
        },
        "1": {
            "sn": "01870",
            "brief": "道路、行为、方向、方法"
        },
        "2": {
            "sn": "00376",
            "brief": "各人、人、男人、丈夫"
        },
        "3": {
            "sn": "02054",
            "brief": "有罪的"
        },
        "4": {
            "sn": "02134",
            "brief": "清洁的、不搀杂的、正直的"
        },
        "5": {
            "sn": "03477",
            "brief": "正直的、直的"
        },
        "6": {
            "sn": "06467",
            "brief": "工作、行为"
        },
        "literal": "犯罪者的路是弯曲的；至于纯正的人，他的行为乃是正直。"
    },
    "29": {
        "0": {
            "sn": "00369",
            "brief": "不存在、没有"
        },
        "1": {
            "sn": "02451",
            "brief": "智慧"
        },
        "2": {
            "sn": "00369",
            "brief": "不存在、没有"
        },
        "3": {
            "sn": "08394",
            "brief": "了解、悟性、明辨、聪明"
        },
        "4": {
            "sn": "00369",
            "brief": "不存在、没有"
        },
        "5": {
            "sn": "06098",
            "brief": "忠告、商议、目的、意图"
        },
        "6": {
            "sn": "05048",
            "brief": "在…面前"
        },
        "7": {
            "sn": "03068",
            "brief": "上帝的名字「雅威」，犹太人尊称为「上主」"
        },
        "8": {
            "sn": "09015",
            "brief": "开的意思"
        },
        "literal": "没有任何智慧、聪明、谋略能敌挡雅威。"
    },
    "15": {
        "1": {
            "sn": "08582",
            "brief": "走错路、迷路"
        },
        "5": {
            "sn": "07496",
            "brief": "死者的灵魂、阴间"
        },
        "literal": "人偏离智慧的路，必住在阴魂的会中。",
        "0": {
            "sn": "00120",
            "brief": "人"
        },
        "3": {
            "sn": "07919",
            "brief": "Qal 明白、聪明、谨慎，Pi‘el 手交叉，Hif‘il 有洞察力、教导、成功、顺利"
        },
        "2": {
            "sn": "01870",
            "brief": "道路、行为、方向、方法"
        },
        "4": {
            "sn": "06951",
            "brief": "会众、集会"
        },
        "6": {
            "sn": "05117",
            "brief": "休息、停留"
        }
    },
    "12": {
        "6": {
            "sn": "07121",
            "brief": "喊叫、召集、称呼、求告、朗读"
        },
        "0": {
            "sn": "00331",
            "brief": "塞住、关闭"
        },
        "1": {
            "sn": "00241",
            "brief": "耳朵"
        },
        "2": {
            "sn": "02201",
            "brief": "呼求、哀求"
        },
        "3": {
            "sn": "01800",
            "brief": "贫穷的、卑微的、弱的"
        },
        "4": {
            "sn": "01571",
            "brief": "也、并且"
        },
        "5": {
            "sn": "01931",
            "brief": "他"
        },
        "8": {
            "sn": "06030",
            "brief": "I. 回答、作证；II. 忙；III. 使受苦、 使低微；IV. 唱歌 (I, IV 的 SN 为 6030. II, III 的 SN 为 6031)"
        },
        "7": {
            "sn": "03808",
            "brief": "不"
        },
        "literal": "塞耳不听穷人哀求的，他即使大喊，也不会蒙应允。"
    },
    "14": {
        "0": {
            "sn": "08057",
            "brief": "欢喜、喜乐"
        },
        "literal": "秉公行义使义人喜乐，使作孽的人惊慌。",
        "1": {
            "sn": "06662",
            "brief": "义的、公义的"
        },
        "2": {
            "sn": "06213",
            "brief": "做"
        },
        "3": {
            "sn": "04941",
            "brief": "正义、公平、审判、律例、规矩"
        },
        "4": {
            "sn": "04288",
            "brief": "破坏、恐怖"
        },
        "5": {
            "sn": "06466",
            "brief": "工作、做"
        },
        "6": {
            "sn": "00205",
            "brief": "患难、麻烦、邪恶"
        }
    },
    "13": {
        "literal": "暗中送的礼物能息怒，怀里的贿赂止息暴怒。",
        "1": {
            "sn": "05643",
            "brief": "隐密处、躲藏处"
        },
        "6": {
            "sn": "02534",
            "brief": "热气、生气、愤怒"
        },
        "7": {
            "sn": "05794",
            "brief": "有力量的、强固的"
        },
        "0": {
            "sn": "04976",
            "brief": "礼物"
        },
        "2": {
            "sn": "03711",
            "brief": "征服、使顺从"
        },
        "3": {
            "sn": "00639",
            "brief": "鼻子"
        },
        "4": {
            "sn": "07810",
            "brief": "贿赂、补偿、礼物"
        },
        "5": {
            "sn": "02436",
            "brief": "胸怀"
        }
    },
    "16": {
        "7": {
            "sn": "03808",
            "brief": "不"
        },
        "literal": "爱宴乐的，必致穷乏；好酒与膏油的，必不富足。",
        "5": {
            "sn": "03196",
            "brief": "酒"
        },
        "8": {
            "sn": "06238",
            "brief": "富足、使富足"
        },
        "0": {
            "sn": "00376",
            "brief": "各人、人、男人、丈夫"
        },
        "1": {
            "sn": "04270",
            "brief": "缺乏；需要、贫穷"
        },
        "2": {
            "sn": "00157",
            "brief": "爱、喜爱"
        },
        "3": {
            "sn": "08057",
            "brief": "欢喜、喜乐"
        },
        "4": {
            "sn": "00157",
            "brief": "爱、喜爱"
        },
        "6": {
            "sn": "08081",
            "brief": "油、脂肪"
        }
    },
    "23": {
        "4": {
            "sn": "06213",
            "brief": "做"
        },
        "literal": "心骄气傲的人名叫傲慢，他行事出于狂妄骄傲。",
        "0": {
            "sn": "02086",
            "brief": "骄傲的"
        },
        "1": {
            "sn": "03093",
            "brief": "骄傲的、高傲的"
        },
        "2": {
            "sn": "03887",
            "brief": "轻蔑、嘲讽、傲慢"
        },
        "3": {
            "sn": "08034",
            "brief": "名字"
        },
        "5": {
            "sn": "05678",
            "brief": "愤怒、狂妄"
        },
        "6": {
            "sn": "02087",
            "brief": "狂傲、骄傲"
        }
    },
    "1": {
        "literal": "人一切所行的，在自己眼中看为正直；惟有雅威衡量人心。",
        "0": {
            "sn": "03605",
            "brief": "所有、全部、整个、各"
        },
        "1": {
            "sn": "01870",
            "brief": "道路、行为、方向、方法"
        },
        "2": {
            "sn": "00376",
            "brief": "各人、人、男人、丈夫"
        },
        "3": {
            "sn": "03477",
            "brief": "正直的、直的"
        },
        "4": {
            "sn": "05869",
            "brief": "眼睛"
        },
        "5": {
            "sn": "08505",
            "brief": "估计、衡量"
        },
        "6": {
            "sn": "03826",
            "brief": "心"
        },
        "7": {
            "sn": "03068",
            "brief": "上帝的名字「雅威」，犹太人尊称为「上主」"
        }
    },
    "3": {
        "literal": "眼高心傲，就是恶人的灯，这乃是罪。",
        "0": {
            "sn": "07311",
            "brief": "高举、抬高"
        },
        "1": {
            "sn": "05869",
            "brief": "眼睛"
        },
        "2": {
            "sn": "07342",
            "brief": "宽阔的"
        },
        "3": {
            "sn": "03820",
            "brief": "心"
        },
        "4": {
            "sn": "05216",
            "brief": "灯"
        },
        "5": {
            "sn": "07563",
            "brief": "邪恶的、犯法的"
        },
        "6": {
            "sn": "02403",
            "brief": "罪、赎罪祭、除罪、罪罚"
        }
    },
    "10": {
        "0": {
            "sn": "06064",
            "brief": "惩罚、谴责"
        },
        "1": {
            "sn": "03887",
            "brief": "轻蔑、嘲讽、傲慢"
        },
        "2": {
            "sn": "02449",
            "brief": "有智慧"
        },
        "3": {
            "sn": "06612",
            "brief": "愚笨的、愚昧的"
        },
        "5": {
            "sn": "02450",
            "brief": "智慧的"
        },
        "6": {
            "sn": "03947",
            "brief": "取"
        },
        "7": {
            "sn": "01847",
            "brief": "知识"
        },
        "literal": "傲慢人受刑罚，愚笨人就得智慧；智慧人受训诲，他就得知识。",
        "4": {
            "sn": "07919",
            "brief": "Qal 明白、聪明、谨慎，Pi‘el 手交叉，Hif‘il 有洞察力、教导、成功、顺利"
        }
    },
    "8": {
        "0": {
            "sn": "02896",
            "brief": "名词：良善、美好、福乐；形容词：良善的、美好的"
        },
        "1": {
            "sn": "03427",
            "brief": "居住、坐、停留"
        },
        "2": {
            "sn": "05921",
            "brief": "在…上面"
        },
        "3": {
            "sn": "06438",
            "brief": "房角石、角落"
        },
        "4": {
            "sn": "01406",
            "brief": "屋顶"
        },
        "5": {
            "sn": "00802",
            "brief": "各人、女人、妻子"
        },
        "6": {
            "sn": "04079",
            "brief": "纷争、吵闹"
        },
        "7": {
            "sn": "01004",
            "brief": "家、房子、殿"
        },
        "8": {
            "sn": "02267",
            "brief": "分享、作伴"
        },
        "literal": "宁可住在屋顶的角落，也不愿与争吵的妇人同住一屋。"
    },
    "18": {
        "1": {
            "sn": "03427",
            "brief": "居住、坐、停留"
        },
        "2": {
            "sn": "00776",
            "brief": "地、邦国、疆界"
        },
        "3": {
            "sn": "04057",
            "brief": "旷野"
        },
        "4": {
            "sn": "00802",
            "brief": "各人、女人、妻子"
        },
        "5": {
            "sn": "04079",
            "brief": "纷争、吵闹"
        },
        "6": {
            "sn": "03708",
            "brief": "恼火、烦恼、苦恼、悲痛、悲伤"
        },
        "0": {
            "sn": "02896",
            "brief": "名词：良善、美好、福乐；形容词：良善的、美好的"
        },
        "literal": "宁可住在旷野，也不与争吵使气的妇人(住)。"
    },
    "0": {
        "0": {
            "sn": "06388",
            "brief": "渠道、运河、河"
        },
        "1": {
            "sn": "04325",
            "brief": "水"
        },
        "2": {
            "sn": "03820",
            "brief": "心"
        },
        "3": {
            "sn": "04428",
            "brief": "王、君王"
        },
        "4": {
            "sn": "03027",
            "brief": "手、边、力量、权势"
        },
        "5": {
            "sn": "03068",
            "brief": "上帝的名字「雅威」，犹太人尊称为「上主」"
        },
        "6": {
            "sn": "05921",
            "brief": "在…上面"
        },
        "7": {
            "sn": "03605",
            "brief": "所有、全部、整个、各"
        },
        "8": {
            "sn": "00834",
            "brief": "不必翻译"
        },
        "9": {
            "sn": "02654",
            "brief": "喜悦、喜欢"
        },
        "10": {
            "sn": "05186",
            "brief": "Qal 伸出、铺张、伸展、延长，Hif‘il 屈枉、转弯、 丢一边"
        },
        "literal": "王的心像河水在雅威手中，雅威随他所喜欢的导引它流转。"
    },
    "11": {
        "4": {
            "sn": "05557",
            "brief": "歪曲、倾覆"
        },
        "literal": "义人留意恶人的家，他倾覆恶人，以致毁坏。",
        "1": {
            "sn": "06662",
            "brief": "义的、公义的"
        },
        "2": {
            "sn": "01004",
            "brief": "家、房子、殿"
        },
        "3": {
            "sn": "07563",
            "brief": "邪恶的、犯法的"
        },
        "5": {
            "sn": "07563",
            "brief": "邪恶的、犯法的"
        },
        "6": {
            "sn": "07451",
            "brief": "邪恶"
        },
        "0": {
            "sn": "07919",
            "brief": "Qal 明白、聪明、谨慎，Pi‘el 手交叉，Hif‘il 有洞察力、教导、成功、顺利"
        }
    },
    "21": {
        "literal": "智慧人爬上勇士的城墙，倾覆他所倚靠的坚垒。",
        "2": {
            "sn": "05927",
            "brief": "上去、升高、生长、献上"
        },
        "0": {
            "sn": "05892",
            "brief": "城邑、城镇"
        },
        "3": {
            "sn": "02450",
            "brief": "智慧的"
        },
        "4": {
            "sn": "03381",
            "brief": "Qal 下去；Hif‘il 倾覆"
        },
        "5": {
            "sn": "05797",
            "brief": "力量、力气、威力、强固"
        },
        "6": {
            "sn": "04009",
            "brief": "信心、信靠、避难所"
        },
        "1": {
            "sn": "01368",
            "brief": "形容词：强壮的、有力的；名词：勇士"
        }
    },
    "24": {
        "4": {
            "sn": "03985",
            "brief": "不听从、拒绝"
        },
        "2": {
            "sn": "04191",
            "brief": "死"
        },
        "literal": "懒人的心愿害死自己，因为他的手不肯做工。",
        "0": {
            "sn": "08378",
            "brief": "欲望"
        },
        "1": {
            "sn": "06102",
            "brief": "懒惰的"
        },
        "3": {
            "sn": "03588",
            "brief": "因为"
        },
        "5": {
            "sn": "03027",
            "brief": "手、边、力量、权势"
        },
        "6": {
            "sn": "06213",
            "brief": "做"
        }
    },
    "9": {
        "literal": "恶人的心乐人受祸，他的眼并不怜恤邻舍。",
        "0": {
            "sn": "05315",
            "brief": "生命、人"
        },
        "4": {
            "sn": "03808",
            "brief": "不"
        },
        "2": {
            "sn": "00183",
            "brief": "欲望、希望"
        },
        "5": {
            "sn": "02603",
            "brief": "恩待、怜悯，Hitpa‘el 求恩"
        },
        "1": {
            "sn": "07563",
            "brief": "邪恶的、犯法的"
        },
        "3": {
            "sn": "07451",
            "brief": "邪恶、恶人、灾难"
        },
        "6": {
            "sn": "05869",
            "brief": "眼睛"
        },
        "7": {
            "sn": "07453",
            "brief": "邻舍、朋友、同伴"
        }
    },
    "2": {
        "literal": "行公义和公平…更蒙雅威悦纳。比献祭(放上面)",
        "0": {
            "sn": "06213",
            "brief": "做"
        },
        "1": {
            "sn": "06666",
            "brief": "公义、公平"
        },
        "2": {
            "sn": "04941",
            "brief": "正义、公平、审判、律例、规矩"
        },
        "3": {
            "sn": "00977",
            "brief": "选择、拣选、挑选"
        },
        "4": {
            "sn": "03068",
            "brief": "上帝的名字「雅威」，犹太人尊称为「上主」"
        },
        "5": {
            "sn": "02077",
            "brief": "祭物、献祭"
        }
    },
    "5": {
        "literal": "用诡诈之舌生的财，像被驱散的蒸气，寻找灭亡。",
        "0": {
            "sn": "06467",
            "brief": "做、制造"
        },
        "1": {
            "sn": "00214",
            "brief": "宝物、财宝、仓库"
        },
        "2": {
            "sn": "03956",
            "brief": "舌"
        },
        "3": {
            "sn": "08267",
            "brief": "谎言、欺骗、虚假"
        },
        "4": {
            "sn": "01892",
            "brief": "蒸气、气息"
        },
        "5": {
            "sn": "05086",
            "brief": "吹走、驱赶"
        },
        "7": {
            "sn": "04194",
            "brief": "死亡"
        },
        "6": {
            "sn": "01245",
            "brief": "Pi‘el 寻找、渴求、想望、索求"
        }
    },
    "6": {
        "4": {
            "sn": "03985",
            "brief": "不听从、拒绝"
        },
        "literal": "恶人的暴力必扫除自己，因他们不肯按公平行事。",
        "0": {
            "sn": "07701",
            "brief": "暴力、毁坏"
        },
        "1": {
            "sn": "07563",
            "brief": "邪恶的、犯法的"
        },
        "2": {
            "sn": "01641",
            "brief": "拖走、拉走"
        },
        "3": {
            "sn": "03588",
            "brief": "因为、如果"
        },
        "5": {
            "sn": "06213",
            "brief": "做"
        },
        "6": {
            "sn": "04941",
            "brief": "正义、公平、审判、律例、规矩"
        }
    },
    "28": {
        "6": {
            "sn": "00995",
            "brief": "明白、分辨、了解"
        },
        "5": {
            "sn": "01931",
            "brief": "他"
        },
        "0": {
            "sn": "05810",
            "brief": "是强的、占优势"
        },
        "literal": "恶人脸无羞耻；正直人谨慎他所行的。",
        "1": {
            "sn": "00376",
            "brief": "各人、人、男人、丈夫"
        },
        "2": {
            "sn": "07563",
            "brief": "邪恶的、犯法的"
        },
        "3": {
            "sn": "06440",
            "brief": "脸、脸面"
        },
        "4": {
            "sn": "03477",
            "brief": "正直的、直的"
        },
        "7": {
            "sn": "01870",
            "brief": "道路、行为、方向、方法"
        }
    },
    "30": {
        "literal": "马是为打仗之日预备的；得胜乃在乎雅威。",
        "0": {
            "sn": "05483",
            "brief": "马"
        },
        "3": {
            "sn": "04421",
            "brief": "战争、打仗"
        },
        "4": {
            "sn": "03068",
            "brief": "上帝的名字「雅威」，犹太人尊称为「上主」"
        },
        "5": {
            "sn": "08668",
            "brief": "救恩、胜利、繁荣"
        },
        "2": {
            "sn": "03117",
            "brief": "日子、时候"
        },
        "1": {
            "sn": "03559",
            "brief": "Hif‘il 预备、建立、坚立"
        }
    },
    "17": {
        "literal": "恶人是义人的赎价，奸诈人代替正直人。",
        "0": {
            "sn": "03724",
            "brief": "补偿、代价"
        },
        "1": {
            "sn": "06662",
            "brief": "义的、公义的"
        },
        "2": {
            "sn": "07563",
            "brief": "邪恶的、犯法的"
        },
        "4": {
            "sn": "03477",
            "brief": "正直的、直的"
        },
        "5": {
            "sn": "00898",
            "brief": "行事奸诈"
        },
        "3": {
            "sn": "08478",
            "brief": "1. 名词：位置、地方；2. 介系词：在…之下；3. 介系词：代替、因为"
        }
    },
    "19": {
        "7": {
            "sn": "01104",
            "brief": "吞灭、吞吃"
        },
        "literal": "智慧人家中积蓄宝物和膏油，愚顽人却吞光它。",
        "0": {
            "sn": "00214",
            "brief": "宝物、财宝、仓库"
        },
        "2": {
            "sn": "08081",
            "brief": "油、脂肪"
        },
        "3": {
            "sn": "05116",
            "brief": "住处、居所"
        },
        "4": {
            "sn": "02450",
            "brief": "智慧的"
        },
        "5": {
            "sn": "03684",
            "brief": "愚昧人、愚顽人"
        },
        "6": {
            "sn": "00120",
            "brief": "人"
        },
        "1": {
            "sn": "02530",
            "brief": "Qal 喜爱、渴望， Pi‘el 高兴、欢喜"
        }
    },
    "20": {
        "literal": "追求公义和慈爱的，就寻得生命、公义，和尊荣。",
        "0": {
            "sn": "07291",
            "brief": "追求、追赶"
        },
        "1": {
            "sn": "06666",
            "brief": "公义、公平"
        },
        "2": {
            "sn": "02617",
            "brief": "良善、慈爱、忠诚"
        },
        "3": {
            "sn": "04672",
            "brief": "寻找、追上、获得、发现"
        },
        "4": {
            "sn": "02416",
            "brief": "生命"
        },
        "5": {
            "sn": "06666",
            "brief": "公义、公平"
        },
        "6": {
            "sn": "03519",
            "brief": "荣耀、尊荣"
        }
    },
    "22": {
        "literal": "谨守口与舌的，就保守自己免受灾难。",
        "0": {
            "sn": "08104",
            "brief": "遵守、保护、小心"
        },
        "1": {
            "sn": "06310",
            "brief": "口、命令、末端、沿岸、比例"
        },
        "2": {
            "sn": "03956",
            "brief": "舌"
        },
        "3": {
            "sn": "08104",
            "brief": "遵守、保护、小心"
        },
        "4": {
            "sn": "06869",
            "brief": "对手、灾难、患难"
        },
        "5": {
            "sn": "05315",
            "brief": "生命、人"
        }
    },
    "25": {
        "literal": "有人终日贪得无餍；义人却施舍而不吝惜。",
        "6": {
            "sn": "03808",
            "brief": "不"
        },
        "2": {
            "sn": "00183",
            "brief": "欲望、希望"
        },
        "0": {
            "sn": "03605",
            "brief": "所有、全部、整个、各"
        },
        "1": {
            "sn": "03117",
            "brief": "日子、时候"
        },
        "3": {
            "sn": "08378",
            "brief": "欲望"
        },
        "4": {
            "sn": "06662",
            "brief": "义的、公义的"
        },
        "5": {
            "sn": "05414",
            "brief": "给"
        },
        "7": {
            "sn": "02820",
            "brief": "拒绝、抑制"
        }
    },
    "26": {
        "literal": "恶人献的祭是可憎的；何况他意图邪恶来献呢？",
        "0": {
            "sn": "02077",
            "brief": "祭物、献祭"
        },
        "1": {
            "sn": "07563",
            "brief": "邪恶的、犯法的"
        },
        "2": {
            "sn": "08441",
            "brief": "憎恶、憎恶的事"
        },
        "3": {
            "sn": "00637",
            "brief": "的确、也、再者"
        },
        "4": {
            "sn": "03588",
            "brief": "因为"
        },
        "5": {
            "sn": "02154",
            "brief": "恶谋、计谋、计划"
        },
        "6": {
            "sn": "00935",
            "brief": "来、进入、临到、发生"
        }
    },
    "27": {
        "6": {
            "sn": "01696",
            "brief": "Pi‘el 讲、说、指挥"
        },
        "literal": "不实的见证必消灭；惟懂得听的人，他讲的会长存。",
        "0": {
            "sn": "05707",
            "brief": "见证、证人"
        },
        "1": {
            "sn": "03577",
            "brief": "谎言"
        },
        "2": {
            "sn": "00006",
            "brief": "灭亡"
        },
        "3": {
            "sn": "00376",
            "brief": "各人、人、男人、丈夫"
        },
        "4": {
            "sn": "08085",
            "brief": "听、听从"
        },
        "5": {
            "sn": "05331",
            "brief": "永远、持续、永存、力量、显赫"
        }
    }
}