{
    "22": {
        "literal": "她丈夫在城门口…为人所认识。与本地的长老们同坐时，(放上面)",
        "1": {
            "sn": "08179",
            "brief": "门"
        },
        "2": {
            "sn": "01167",
            "brief": "物主、主人、丈夫"
        },
        "3": {
            "sn": "03427",
            "brief": "居住、坐、停留"
        },
        "4": {
            "sn": "05973",
            "brief": "跟"
        },
        "5": {
            "sn": "02205",
            "brief": "年老的"
        },
        "6": {
            "sn": "00776",
            "brief": "地、邦国、疆界"
        },
        "0": {
            "sn": "03045",
            "brief": "Qal 知道、认识、辨别、经历，Hif‘il 使知道、宣告"
        }
    },
    "14": {
        "0": {
            "sn": "06965",
            "brief": "起来、设立、坚立"
        },
        "2": {
            "sn": "03915",
            "brief": "夜晚"
        },
        "3": {
            "sn": "05414",
            "brief": "给"
        },
        "4": {
            "sn": "02964",
            "brief": "食物、被捕食的动物"
        },
        "6": {
            "sn": "02706",
            "brief": "规定的工作、律例、法令、条例、限度"
        },
        "literal": "尚在夜晚她就起来，把食物分给她家中的人，将当做的工分派给她的婢女。",
        "5": {
            "sn": "01004",
            "brief": "殿、房屋、家"
        },
        "7": {
            "sn": "05291",
            "brief": "女仆"
        },
        "1": {
            "sn": "05750",
            "brief": "再、仍然、持续"
        }
    },
    "13": {
        "0": {
            "sn": "01961",
            "brief": "是、成为、临到"
        },
        "1": {
            "sn": "00591",
            "brief": "船"
        },
        "2": {
            "sn": "05503",
            "brief": "贸易、旅行"
        },
        "4": {
            "sn": "00935",
            "brief": "来、进入、临到、发生"
        },
        "3": {
            "sn": "04801",
            "brief": "远方、远处"
        },
        "5": {
            "sn": "03899",
            "brief": "饼、面包、食物"
        },
        "literal": "她好像商船，要从远方带来她的粮食。"
    },
    "4": {
        "0": {
            "sn": "06435",
            "brief": "免得、恐怕、为了不"
        },
        "1": {
            "sn": "08354",
            "brief": "喝"
        },
        "2": {
            "sn": "07911",
            "brief": "忘记"
        },
        "5": {
            "sn": "01779",
            "brief": "审判、竞争、请求"
        },
        "6": {
            "sn": "03605",
            "brief": "全部、整个、各"
        },
        "7": {
            "sn": "01121",
            "brief": "儿子、孙子、后裔、成员"
        },
        "8": {
            "sn": "06040",
            "brief": "苦难、困苦、穷乏"
        },
        "3": {
            "sn": "02710",
            "brief": "颁布法令、治理"
        },
        "4": {
            "sn": "08138",
            "brief": "重复"
        },
        "literal": "恐怕他喝了就忘记律例，侵害一切困苦之子的权益。"
    },
    "17": {
        "4": {
            "sn": "03808",
            "brief": "不"
        },
        "literal": "她认为自己的商品不错，她的灯夜晚不会熄灭。",
        "0": {
            "sn": "02938",
            "brief": "尝、观感"
        },
        "1": {
            "sn": "03588",
            "brief": "因为、不必翻译"
        },
        "3": {
            "sn": "05504",
            "brief": "利润、获利、交易、商场"
        },
        "5": {
            "sn": "03518",
            "brief": "熄灭"
        },
        "6": {
            "sn": "03915",
            "brief": "夜晚"
        },
        "7": {
            "sn": "05216",
            "brief": "灯"
        },
        "2": {
            "sn": "02896",
            "brief": "名词：良善、美好、福乐；形容词：良善的、美好的"
        }
    },
    "20": {
        "0": {
            "sn": "03808",
            "brief": "不"
        },
        "literal": "她不因下雪为她家里的人担心，因为她家里所有的人都穿上朱红衣服。",
        "1": {
            "sn": "03372",
            "brief": "Qal 害怕，Nif‘al 令人畏惧"
        },
        "2": {
            "sn": "01004",
            "brief": "殿、房屋、家"
        },
        "3": {
            "sn": "07950",
            "brief": "雪"
        },
        "4": {
            "sn": "03588",
            "brief": "因为、不必翻译"
        },
        "5": {
            "sn": "03605",
            "brief": "全部、整个、各"
        },
        "6": {
            "sn": "01004",
            "brief": "殿、房屋、家"
        },
        "7": {
            "sn": "03847",
            "brief": "穿上"
        },
        "8": {
            "sn": "08144",
            "brief": "深红、红色布"
        }
    },
    "18": {
        "2": {
            "sn": "03601",
            "brief": "卷线竿"
        },
        "1": {
            "sn": "07971",
            "brief": "差遣、释放、送走、伸出、伸展"
        },
        "literal": "她伸手拿卷线竿，她的手握住纺锤。",
        "0": {
            "sn": "03027",
            "brief": "手、边、力量、权势"
        },
        "3": {
            "sn": "03709",
            "brief": "手、手掌"
        },
        "4": {
            "sn": "08551",
            "brief": "抓紧、支持"
        },
        "5": {
            "sn": "06418",
            "brief": "纺锤"
        }
    },
    "1": {
        "literal": "什么？我儿，什么？我腹中生的儿，什么？我许愿得的儿啊，",
        "3": {
            "sn": "01248",
            "brief": "儿子、继承者"
        },
        "5": {
            "sn": "04100",
            "brief": "什么"
        },
        "6": {
            "sn": "01248",
            "brief": "儿子、继承者"
        },
        "7": {
            "sn": "05088",
            "brief": "许愿"
        },
        "0": {
            "sn": "04100",
            "brief": "什么"
        },
        "1": {
            "sn": "01248",
            "brief": "儿子、继承者"
        },
        "2": {
            "sn": "04100",
            "brief": "什么"
        },
        "4": {
            "sn": "00990",
            "brief": "肚子、子宫"
        }
    },
    "9": {
        "3": {
            "sn": "04672",
            "brief": "寻找、追上、获得、发现"
        },
        "literal": "才德的妇人谁能得着呢？她的价值远胜过宝石。",
        "0": {
            "sn": "00802",
            "brief": "各人、女人、妻子"
        },
        "1": {
            "sn": "02428",
            "brief": "军队、力量、财富、能力"
        },
        "2": {
            "sn": "04310",
            "brief": "谁"
        },
        "4": {
            "sn": "07350",
            "brief": "离远的、远远的"
        },
        "5": {
            "sn": "06443",
            "brief": "宝石，可能是珍珠、红宝石或珊瑚"
        },
        "6": {
            "sn": "04377",
            "brief": "商品、货物"
        }
    },
    "0": {
        "literal": "利慕伊勒王的言语，就是他母亲教训他的神谕。",
        "1": {
            "sn": "03927",
            "brief": "利慕伊勒"
        },
        "2": {
            "sn": "04428",
            "brief": "君王、国王"
        },
        "3": {
            "sn": "04853",
            "brief": "负担、神谕"
        },
        "4": {
            "sn": "00834",
            "brief": "不必翻译"
        },
        "6": {
            "sn": "00517",
            "brief": "母亲"
        },
        "5": {
            "sn": "03256",
            "brief": "管教、训导、纠正"
        },
        "0": {
            "sn": "01697",
            "brief": "话语、事情"
        }
    },
    "6": {
        "0": {
            "sn": "08354",
            "brief": "喝"
        },
        "literal": "让他喝了就忘记他的贫穷，不再记念他的苦楚。",
        "1": {
            "sn": "07911",
            "brief": "忘记"
        },
        "2": {
            "sn": "07389",
            "brief": "贫穷"
        },
        "3": {
            "sn": "05999",
            "brief": "患难、危害、劳碌、工作"
        },
        "5": {
            "sn": "02142",
            "brief": "提说、纪念、回想"
        },
        "6": {
            "sn": "05750",
            "brief": "再、仍然、持续"
        },
        "4": {
            "sn": "03808",
            "brief": "不"
        }
    },
    "29": {
        "8": {
            "sn": "01984",
            "brief": "Qal 照亮，Pi‘el 赞美，Pu‘al 被赞美、值得赞美，Hif‘il 发光、照亮、赞美，Hitpa‘el 夸耀、行动形同疯子，Po'el 愚妄、癫狂，Po'al 猖狂，Hitpo‘lel 行为如疯子一般"
        },
        "literal": "魅力是虚假的，美丽是虚浮的，惟敬畏雅威的妇女必得称赞。",
        "0": {
            "sn": "08267",
            "brief": "谎言、欺骗、虚假"
        },
        "1": {
            "sn": "02580",
            "brief": "恩典、优雅、魅力"
        },
        "2": {
            "sn": "01892",
            "brief": "蒸气、气息"
        },
        "3": {
            "sn": "03308",
            "brief": "荣美、美丽"
        },
        "4": {
            "sn": "00802",
            "brief": "各人、女人、妻子"
        },
        "5": {
            "sn": "03374",
            "brief": "敬畏、害怕"
        },
        "6": {
            "sn": "03068",
            "brief": "上帝的名字「雅威」，犹太人尊称为「上主」"
        },
        "7": {
            "sn": "01931",
            "brief": "她"
        }
    },
    "16": {
        "literal": "她以能力束腰，使她的膀臂有力。",
        "1": {
            "sn": "05797",
            "brief": "力量、强壮、有力"
        },
        "3": {
            "sn": "00553",
            "brief": "Qal 是强壮的、勇敢的，Pi‘el 坚立、确立"
        },
        "0": {
            "sn": "02296",
            "brief": "束腰"
        },
        "2": {
            "sn": "04975",
            "brief": "腰"
        },
        "4": {
            "sn": "02220",
            "brief": "膀臂、肩膀"
        }
    },
    "27": {
        "4": {
            "sn": "01984",
            "brief": "Qal 照亮，Pi‘el 赞美，Pu‘al 被赞美、值得赞美，Hif‘il 发光、照亮、赞美，Hitpa‘el 夸耀、行动形同疯子，Po'el 愚妄、癫狂，Po'al 猖狂，Hitpo‘lel 行为如疯子一般"
        },
        "2": {
            "sn": "00833",
            "brief": "Qal 直走，Pi‘el直走、称为有福"
        },
        "literal": "她的儿女们起来称她有福；她的丈夫也称赞她，",
        "0": {
            "sn": "06965",
            "brief": "起来、设立、坚立"
        },
        "1": {
            "sn": "01121",
            "brief": "儿子、孙子、后裔、成员"
        },
        "3": {
            "sn": "01167",
            "brief": "物主、主人、丈夫"
        }
    },
    "5": {
        "literal": "把烈酒给将亡的人喝，把酒给心里愁苦的人喝。",
        "0": {
            "sn": "05414",
            "brief": "给"
        },
        "1": {
            "sn": "07941",
            "brief": "烈酒"
        },
        "2": {
            "sn": "00006",
            "brief": "灭亡、破坏"
        },
        "3": {
            "sn": "03196",
            "brief": "酒"
        },
        "4": {
            "sn": "04751",
            "brief": "痛苦的、苦的"
        },
        "5": {
            "sn": "05315",
            "brief": "生命、人"
        }
    },
    "7": {
        "literal": "你当为哑巴（或译：不能自辩的）开你的口，来争取一切弱势者的权益。",
        "0": {
            "sn": "06605",
            "brief": "打开、松开、雕刻"
        },
        "1": {
            "sn": "06310",
            "brief": "口、命令、末端、沿岸、比例"
        },
        "2": {
            "sn": "00483",
            "brief": "哑巴的"
        },
        "3": {
            "sn": "00413",
            "brief": "向、往"
        },
        "4": {
            "sn": "01779",
            "brief": "审判、竞争、请求"
        },
        "5": {
            "sn": "03605",
            "brief": "全部、整个、各"
        },
        "6": {
            "sn": "01121",
            "brief": "儿子、孙子、后裔、成员"
        },
        "7": {
            "sn": "02475",
            "brief": "破坏、消失、注定要灭亡的人"
        }
    },
    "2": {
        "5": {
            "sn": "04229",
            "brief": "擦、消除、清除"
        },
        "literal": "不要将你的精力给妇女；也不要有败坏君王的行为。",
        "0": {
            "sn": "00408",
            "brief": "不"
        },
        "1": {
            "sn": "05414",
            "brief": "给"
        },
        "2": {
            "sn": "00802",
            "brief": "各人、女人、妻子"
        },
        "3": {
            "sn": "02428",
            "brief": "军队、力量、财富、能力"
        },
        "4": {
            "sn": "01870",
            "brief": "道路、行为、方向、方法"
        },
        "6": {
            "sn": "04428",
            "brief": "君王、国王"
        }
    },
    "12": {
        "literal": "她找到羊毛和麻，用她愉快的手掌来工作。",
        "0": {
            "sn": "01875",
            "brief": "寻求、寻找"
        },
        "1": {
            "sn": "06785",
            "brief": "羊毛"
        },
        "2": {
            "sn": "06593",
            "brief": "麻"
        },
        "3": {
            "sn": "06213",
            "brief": "做"
        },
        "4": {
            "sn": "02656",
            "brief": "喜悦、喜欢"
        },
        "5": {
            "sn": "03709",
            "brief": "手、手掌"
        }
    },
    "23": {
        "literal": "她做细麻布的衣裳来卖，又将腰带卖给商家。",
        "0": {
            "sn": "05466",
            "brief": "细麻布、细麻衣"
        },
        "1": {
            "sn": "06213",
            "brief": "做"
        },
        "2": {
            "sn": "04376",
            "brief": "卖"
        },
        "3": {
            "sn": "02290",
            "brief": "腰带"
        },
        "4": {
            "sn": "05414",
            "brief": "给"
        },
        "5": {
            "sn": "03669",
            "brief": "I. 迦南人，II. 商人"
        }
    },
    "28": {
        "1": {
            "sn": "01323",
            "brief": "女儿、女子"
        },
        "literal": "说：「许多女子(都)做得很棒，惟独你胜过她们中任何一个。」",
        "0": {
            "sn": "07227",
            "brief": "I. 形容词：大量的、许多的、充足的，II. 名词：统帅、首领。"
        },
        "2": {
            "sn": "06213",
            "brief": "做"
        },
        "3": {
            "sn": "02428",
            "brief": "军队、力量、财富、能力"
        },
        "4": {
            "sn": "00859",
            "brief": "你"
        },
        "5": {
            "sn": "05927",
            "brief": "上去、升高、生长、献上"
        },
        "6": {
            "sn": "05921",
            "brief": "在…上面"
        },
        "7": {
            "sn": "03605",
            "brief": "全部、整个、各"
        }
    },
    "8": {
        "literal": "你当开口按公义判断，为困苦和穷乏的争取权益。",
        "0": {
            "sn": "06605",
            "brief": "打开、松开、雕刻"
        },
        "1": {
            "sn": "06310",
            "brief": "口、命令、末端、沿岸、比例"
        },
        "2": {
            "sn": "08199",
            "brief": "审判、判断"
        },
        "3": {
            "sn": "06664",
            "brief": "公义"
        },
        "4": {
            "sn": "01777",
            "brief": "辩护、报复、审判、竞争"
        },
        "5": {
            "sn": "06041",
            "brief": "谦卑的、卑微的、贫穷的"
        },
        "6": {
            "sn": "00034",
            "brief": "贫乏的、贫穷的"
        },
        "7": {
            "sn": "09015",
            "brief": "开的意思"
        }
    },
    "21": {
        "literal": "她为自己制作床单，她的衣服是细麻和紫色布做的。",
        "0": {
            "sn": "04765",
            "brief": "床单、床罩"
        },
        "1": {
            "sn": "06213",
            "brief": "做"
        },
        "2": {
            "sn": "09001",
            "brief": "给、往、向、到、归属于"
        },
        "3": {
            "sn": "08336",
            "brief": "石膏、大理石、细麻、白色的东西"
        },
        "4": {
            "sn": "00713",
            "brief": "紫色、紫红色"
        },
        "5": {
            "sn": "03830",
            "brief": "衣服、外衣"
        }
    },
    "11": {
        "literal": "…她使他(指她的丈夫)有益无损。(…处填入下行)在她一生所有的日子，",
        "0": {
            "sn": "01580",
            "brief": "大大回报、断奶、补偿、处置"
        },
        "3": {
            "sn": "07451",
            "brief": "灾难、邪恶"
        },
        "4": {
            "sn": "03605",
            "brief": "全部、整个、各"
        },
        "5": {
            "sn": "03117",
            "brief": "日子、时候"
        },
        "6": {
            "sn": "02416",
            "brief": "生命"
        },
        "1": {
            "sn": "02896",
            "brief": "名词：良善、美好、福乐；形容词：良善的、美好的"
        },
        "2": {
            "sn": "03808",
            "brief": "不"
        }
    },
    "15": {
        "literal": "她计划要得田地，就去买来；以手里的果实栽种葡萄园。",
        "0": {
            "sn": "02161",
            "brief": "思考、计划、设恶谋"
        },
        "1": {
            "sn": "07704",
            "brief": "田地"
        },
        "2": {
            "sn": "03947",
            "brief": "取、娶、拿"
        },
        "3": {
            "sn": "06529",
            "brief": "果实、子孙"
        },
        "4": {
            "sn": "03709",
            "brief": "手、手掌"
        },
        "5": {
            "sn": "05193",
            "brief": "栽种"
        },
        "6": {
            "sn": "03754",
            "brief": "葡萄园"
        }
    },
    "19": {
        "4": {
            "sn": "07971",
            "brief": "差遣、释放、送走、伸出、伸展"
        },
        "literal": "她向困苦人张开她的手掌，向穷乏人伸出她的双手。",
        "0": {
            "sn": "03709",
            "brief": "手、手掌"
        },
        "1": {
            "sn": "06566",
            "brief": "展开、传布"
        },
        "2": {
            "sn": "06041",
            "brief": "谦卑的、卑微的、贫穷的"
        },
        "3": {
            "sn": "03027",
            "brief": "手、边、力量、权势"
        },
        "5": {
            "sn": "00034",
            "brief": "贫乏的、贫穷的"
        }
    },
    "30": {
        "4": {
            "sn": "01984",
            "brief": "Qal 照亮，Pi‘el 赞美，Pu‘al 被赞美、值得赞美，Hif‘il 发光、照亮、赞美，Hitpa‘el 夸耀、行动形同疯子，Po'el 愚妄、癫狂，Po'al 猖狂，Hitpo‘lel 行为如疯子一般"
        },
        "literal": "你们要赏给她她的手(操作)的果实；愿她的工作在城门口荣耀她。",
        "0": {
            "sn": "05414",
            "brief": "给"
        },
        "1": {
            "sn": "09001",
            "brief": "给、往、向、到、归属于"
        },
        "2": {
            "sn": "06529",
            "brief": "果实、子孙"
        },
        "3": {
            "sn": "03027",
            "brief": "手、边、力量、权势"
        },
        "5": {
            "sn": "08179",
            "brief": "门"
        },
        "6": {
            "sn": "04639",
            "brief": "行为、工作"
        }
    },
    "26": {
        "5": {
            "sn": "03808",
            "brief": "不"
        },
        "literal": "她视察她家里(各项事务)的进行，并不吃闲饭。",
        "0": {
            "sn": "06822",
            "brief": "侦查、守望、看守、观察、鉴察"
        },
        "1": {
            "sn": "01979",
            "brief": "步行、前进"
        },
        "2": {
            "sn": "01004",
            "brief": "殿、房屋、家"
        },
        "3": {
            "sn": "03899",
            "brief": "饼、面包、食物"
        },
        "4": {
            "sn": "06104",
            "brief": "怠惰"
        },
        "6": {
            "sn": "00398",
            "brief": "吃、吞吃"
        }
    },
    "24": {
        "3": {
            "sn": "07832",
            "brief": "笑、戏笑，Pi‘el 戏笑、弹奏"
        },
        "literal": "能力和威仪是她的衣服；她为了往后的日子而喜笑。",
        "0": {
            "sn": "05797",
            "brief": "力量、强壮、有力"
        },
        "1": {
            "sn": "01926",
            "brief": "荣光、威严、荣耀"
        },
        "2": {
            "sn": "03830",
            "brief": "衣服、外衣"
        },
        "4": {
            "sn": "03117",
            "brief": "日子、时候"
        },
        "5": {
            "sn": "00314",
            "brief": "后面的、日后的"
        }
    },
    "25": {
        "literal": "她以智慧开口；仁慈的教导在她舌头上。",
        "0": {
            "sn": "06310",
            "brief": "口、命令、末端、沿岸、比例"
        },
        "1": {
            "sn": "06605",
            "brief": "打开、松开、雕刻"
        },
        "2": {
            "sn": "02451",
            "brief": "智慧"
        },
        "3": {
            "sn": "08451",
            "brief": "教诲、教导"
        },
        "4": {
            "sn": "02617",
            "brief": "慈爱、忠诚"
        },
        "5": {
            "sn": "05921",
            "brief": "在…上面"
        },
        "6": {
            "sn": "03956",
            "brief": "舌"
        }
    },
    "10": {
        "4": {
            "sn": "07998",
            "brief": "掳物、获利"
        },
        "literal": "她丈夫的心信赖她，必不缺少利益.；",
        "0": {
            "sn": "00982",
            "brief": "倚赖、信靠"
        },
        "1": {
            "sn": "09002",
            "brief": "在、用、藉着、与、敌对"
        },
        "2": {
            "sn": "03820",
            "brief": "心"
        },
        "3": {
            "sn": "01167",
            "brief": "物主、主人、丈夫"
        },
        "6": {
            "sn": "02637",
            "brief": "缺乏、缺少"
        },
        "5": {
            "sn": "03808",
            "brief": "不"
        }
    },
    "3": {
        "literal": "利慕伊勒啊，君王不宜，君王喝酒不宜，有权势的人找寻烈酒也不相宜。",
        "0": {
            "sn": "00408",
            "brief": "不"
        },
        "1": {
            "sn": "04428",
            "brief": "君王、国王"
        },
        "2": {
            "sn": "03927",
            "brief": "利慕伊勒"
        },
        "3": {
            "sn": "00408",
            "brief": "不"
        },
        "4": {
            "sn": "04428",
            "brief": "君王、国王"
        },
        "5": {
            "sn": "08354",
            "brief": "喝"
        },
        "6": {
            "sn": "03196",
            "brief": "酒"
        },
        "7": {
            "sn": "07336",
            "brief": "有权势的、明智的"
        },
        "8": {
            "sn": "00335",
            "brief": "哪里"
        },
        "9": {
            "sn": "07941",
            "brief": "烈酒"
        }
    }
}