{
    "1": {
        "literal": "「你要吩咐以色列人，对他们说：你们中间若有人要献供物给雅威，从牲畜中，从牛群或从羊群中，(本行放在下行…处)你们就要…献上你们的供物。",
        "0": {
            "sn": "01696",
            "brief": "Pi‘el 讲、说、指挥"
        },
        "1": {
            "sn": "00413",
            "brief": "向、往"
        },
        "2": {
            "sn": "01121",
            "brief": "儿子、孙子、后裔、成员"
        },
        "3": {
            "sn": "03478",
            "brief": "以色列"
        },
        "4": {
            "sn": "00559",
            "brief": "说"
        },
        "5": {
            "sn": "00413",
            "brief": "向、往"
        },
        "6": {
            "sn": "00120",
            "brief": "人"
        },
        "7": {
            "sn": "03588",
            "brief": "因为"
        },
        "8": {
            "sn": "07126",
            "brief": "临近、靠近、带来、献上"
        },
        "9": {
            "sn": "04480",
            "brief": "从"
        },
        "10": {
            "sn": "07133",
            "brief": "供物、奉献"
        },
        "11": {
            "sn": "03068",
            "brief": "上帝的名字「雅威」，犹太人尊称为「上主」"
        },
        "12": {
            "sn": "04480",
            "brief": "从"
        },
        "13": {
            "sn": "00929",
            "brief": "牲畜、野兽"
        },
        "14": {
            "sn": "04480",
            "brief": "从"
        },
        "15": {
            "sn": "01241",
            "brief": "牛"
        },
        "16": {
            "sn": "04480",
            "brief": "从"
        },
        "17": {
            "sn": "06629",
            "brief": "羊"
        },
        "18": {
            "sn": "07126",
            "brief": "临近、靠近、带来、献上"
        },
        "19": {
            "sn": "00853",
            "brief": "不必翻译"
        },
        "20": {
            "sn": "07133",
            "brief": "供物、奉献"
        }
    },
    "11": {
        "literal": "要把它(指羊)切成它的块子，祭司就要把它们连同头和脂肪摆在这坛上之火上面的柴上；",
        "10": {
            "sn": "05921",
            "brief": "在…上面"
        },
        "0": {
            "sn": "05408",
            "brief": "切"
        },
        "1": {
            "sn": "00853",
            "brief": "不必翻译"
        },
        "2": {
            "sn": "05409",
            "brief": "一块、一块肉"
        },
        "3": {
            "sn": "00854",
            "brief": "与、跟"
        },
        "4": {
            "sn": "07218",
            "brief": "头、起头、山顶、领袖"
        },
        "5": {
            "sn": "00854",
            "brief": "与、跟"
        },
        "6": {
            "sn": "06309",
            "brief": "脂肪"
        },
        "7": {
            "sn": "06186",
            "brief": "摆设、安排、预备"
        },
        "8": {
            "sn": "03548",
            "brief": "祭司"
        },
        "9": {
            "sn": "00853",
            "brief": "不必翻译"
        },
        "11": {
            "sn": "06086",
            "brief": "木头、树"
        },
        "12": {
            "sn": "00834",
            "brief": "不必翻译"
        },
        "13": {
            "sn": "05921",
            "brief": "在…上面"
        },
        "14": {
            "sn": "00784",
            "brief": "火"
        },
        "15": {
            "sn": "00834",
            "brief": "不必翻译"
        },
        "16": {
            "sn": "05921",
            "brief": "在…上面"
        },
        "17": {
            "sn": "04196",
            "brief": "祭坛"
        }
    },
    "15": {
        "literal": "又要连同脏物(或译羽毛)拿掉它(指鸟)的嗉囊，把它丢在这坛的东边倒灰的地方。",
        "0": {
            "sn": "05493",
            "brief": "转离、除去"
        },
        "1": {
            "sn": "00853",
            "brief": "不必翻译"
        },
        "2": {
            "sn": "04760",
            "brief": "(鸟类的) 嗉囊、消化道"
        },
        "3": {
            "sn": "05133",
            "brief": "羽毛"
        },
        "4": {
            "sn": "07993",
            "brief": "Hif‘il 抛弃、抛出、赶出、掷"
        },
        "5": {
            "sn": "00853",
            "brief": "不必翻译"
        },
        "6": {
            "sn": "00681",
            "brief": "旁边"
        },
        "7": {
            "sn": "04196",
            "brief": "祭坛"
        },
        "8": {
            "sn": "06924",
            "brief": "古老、东方"
        },
        "9": {
            "sn": "00413",
            "brief": "向、往"
        },
        "10": {
            "sn": "04725",
            "brief": "地方"
        },
        "11": {
            "sn": "01880",
            "brief": "含脂肪的灰烬、肥油、福气"
        }
    },
    "9": {
        "literal": "「人的供物若以羊，不论是绵羊或山羊为燔祭，就要献上没有残疾的公羊。",
        "0": {
            "sn": "00518",
            "brief": "如果、假如"
        },
        "1": {
            "sn": "04480",
            "brief": "从"
        },
        "2": {
            "sn": "06629",
            "brief": "羊"
        },
        "3": {
            "sn": "07133",
            "brief": "供物、奉献"
        },
        "4": {
            "sn": "04480",
            "brief": "从"
        },
        "5": {
            "sn": "03775",
            "brief": "绵羊"
        },
        "6": {
            "sn": "00176",
            "brief": "或"
        },
        "7": {
            "sn": "04480",
            "brief": "从"
        },
        "8": {
            "sn": "05795",
            "brief": "山羊、母山羊"
        },
        "9": {
            "sn": "05930",
            "brief": "燔祭、阶梯"
        },
        "10": {
            "sn": "02145",
            "brief": "男人、男的"
        },
        "11": {
            "sn": "08549",
            "brief": "完美的、完整的"
        },
        "12": {
            "sn": "07126",
            "brief": "临近、靠近、带来、献上"
        }
    },
    "8": {
        "literal": "但它(指燔祭牲)的脏腑与它的双腿，他要用水洗。祭司就要把一切全烧在这坛上，当作燔祭，是献给雅威为馨香的火祭。",
        "5": {
            "sn": "03548",
            "brief": "祭司"
        },
        "6": {
            "sn": "00853",
            "brief": "不必翻译"
        },
        "7": {
            "sn": "03605",
            "brief": "所有、全部、整个、各"
        },
        "8": {
            "sn": "04196",
            "brief": "祭坛"
        },
        "9": {
            "sn": "05930",
            "brief": "燔祭、阶梯"
        },
        "10": {
            "sn": "00801",
            "brief": "火祭"
        },
        "11": {
            "sn": "07381",
            "brief": "香味、芬芳"
        },
        "12": {
            "sn": "05207",
            "brief": "平静"
        },
        "13": {
            "sn": "03068",
            "brief": "上帝的名字「雅威」，犹太人尊称为「上主」"
        },
        "14": {
            "sn": "09014",
            "brief": "关闭的意思"
        },
        "0": {
            "sn": "07130",
            "brief": "里面、在中间、内脏"
        },
        "1": {
            "sn": "03767",
            "brief": "腿"
        },
        "2": {
            "sn": "07364",
            "brief": "洗"
        },
        "3": {
            "sn": "04325",
            "brief": "水"
        },
        "4": {
            "sn": "06999",
            "brief": "烧香、薰"
        }
    },
    "16": {
        "literal": "要拿着鸟的两个翅膀，把鸟撕开，只是不可撕断；祭司要把它在这坛上、…焚烧。(…处填入下行)在火的柴上这是燔祭，是献与雅威为馨香的火祭。」",
        "0": {
            "sn": "08156",
            "brief": "分开、劈开"
        },
        "1": {
            "sn": "00853",
            "brief": "不必翻译"
        },
        "2": {
            "sn": "03671",
            "brief": "翅膀"
        },
        "3": {
            "sn": "03808",
            "brief": "不"
        },
        "4": {
            "sn": "00914",
            "brief": "隔绝、分开、分别"
        },
        "5": {
            "sn": "06999",
            "brief": "烧香、薰"
        },
        "6": {
            "sn": "00853",
            "brief": "不必翻译"
        },
        "7": {
            "sn": "03548",
            "brief": "祭司"
        },
        "8": {
            "sn": "04196",
            "brief": "祭坛"
        },
        "9": {
            "sn": "05921",
            "brief": "在…上面"
        },
        "10": {
            "sn": "06086",
            "brief": "木头、树"
        },
        "11": {
            "sn": "00834",
            "brief": "不必翻译"
        },
        "12": {
            "sn": "05921",
            "brief": "在…上面"
        },
        "13": {
            "sn": "00784",
            "brief": "火"
        },
        "14": {
            "sn": "05930",
            "brief": "燔祭、阶梯"
        },
        "15": {
            "sn": "01931",
            "brief": "他、她"
        },
        "16": {
            "sn": "00801",
            "brief": "火祭"
        },
        "17": {
            "sn": "07381",
            "brief": "香味、芬芳"
        },
        "18": {
            "sn": "05207",
            "brief": "平静"
        },
        "19": {
            "sn": "03068",
            "brief": "上帝的名字「雅威」，犹太人尊称为「上主」"
        },
        "20": {
            "sn": "09014",
            "brief": "关闭的意思"
        }
    },
    "4": {
        "15": {
            "sn": "05921",
            "brief": "在…上面"
        },
        "16": {
            "sn": "04196",
            "brief": "祭坛"
        },
        "17": {
            "sn": "05439",
            "brief": "四围、环绕"
        },
        "18": {
            "sn": "00834",
            "brief": "不必翻译"
        },
        "19": {
            "sn": "06607",
            "brief": "通道、入口"
        },
        "20": {
            "sn": "00168",
            "brief": "帐棚、帐蓬"
        },
        "21": {
            "sn": "04150",
            "brief": "定点、定时、集会、节庆"
        },
        "literal": "他要在雅威面前宰这只牛犊；亚伦子孙作祭司的要奉上血，把血洒在…坛的周围。(…处填入下行)位于会幕门口",
        "0": {
            "sn": "07819",
            "brief": "宰杀"
        },
        "1": {
            "sn": "00853",
            "brief": "不必翻译"
        },
        "2": {
            "sn": "01121",
            "brief": "儿子、孙子、后裔、成员"
        },
        "3": {
            "sn": "01241",
            "brief": "牛"
        },
        "4": {
            "sn": "03942",
            "brief": "在…前面"
        },
        "5": {
            "sn": "03068",
            "brief": "上帝的名字「雅威」，犹太人尊称为「上主」"
        },
        "6": {
            "sn": "07126",
            "brief": "临近、靠近、带来、献上"
        },
        "7": {
            "sn": "01121",
            "brief": "儿子、孙子、后裔、成员"
        },
        "8": {
            "sn": "00175",
            "brief": "亚伦"
        },
        "9": {
            "sn": "03548",
            "brief": "祭司"
        },
        "10": {
            "sn": "00853",
            "brief": "不必翻译"
        },
        "11": {
            "sn": "01818",
            "brief": "血"
        },
        "12": {
            "sn": "02236",
            "brief": "播种、分散"
        },
        "13": {
            "sn": "00853",
            "brief": "不必翻译"
        },
        "14": {
            "sn": "01818",
            "brief": "血"
        }
    },
    "5": {
        "1": {
            "sn": "00853",
            "brief": "不必翻译"
        },
        "2": {
            "sn": "05930",
            "brief": "燔祭、阶梯"
        },
        "3": {
            "sn": "05408",
            "brief": "切"
        },
        "4": {
            "sn": "00853",
            "brief": "不必翻译"
        },
        "0": {
            "sn": "06584",
            "brief": "劫掠、脱"
        },
        "literal": "那人要剥去燔祭牲(的皮)，把它(原文用阴性，指燔祭，下同)切成它的块子。",
        "5": {
            "sn": "05409",
            "brief": "一块、一块肉"
        }
    },
    "0": {
        "literal": "雅威从集会的帐幕中呼叫摩西，跟他说话，说：",
        "0": {
            "sn": "07121",
            "brief": "喊叫、召集、称呼、求告、朗读"
        },
        "1": {
            "sn": "00413",
            "brief": "向、往"
        },
        "2": {
            "sn": "04872",
            "brief": "摩西"
        },
        "3": {
            "sn": "01696",
            "brief": "Pi‘el 讲、说、指挥"
        },
        "4": {
            "sn": "03068",
            "brief": "上帝的名字「雅威」，犹太人尊称为「上主」"
        },
        "5": {
            "sn": "00413",
            "brief": "向、往"
        },
        "6": {
            "sn": "00168",
            "brief": "帐棚、帐蓬"
        },
        "7": {
            "sn": "04150",
            "brief": "定点、定时、集会、节庆"
        },
        "8": {
            "sn": "00559",
            "brief": "说"
        }
    },
    "2": {
        "literal": "「他的供物若以牛作为燔祭，就要献上一只没有残疾的，公的，在会幕门口将它献上，可以在雅威面前蒙悦纳。",
        "0": {
            "sn": "00518",
            "brief": "如果、假如"
        },
        "1": {
            "sn": "05930",
            "brief": "燔祭、阶梯"
        },
        "2": {
            "sn": "07133",
            "brief": "供物、奉献"
        },
        "3": {
            "sn": "04480",
            "brief": "从"
        },
        "4": {
            "sn": "01241",
            "brief": "牛"
        },
        "5": {
            "sn": "02145",
            "brief": "男人、男的"
        },
        "6": {
            "sn": "08549",
            "brief": "完美的、完整的"
        },
        "7": {
            "sn": "07126",
            "brief": "临近、靠近、带来、献上"
        },
        "8": {
            "sn": "00413",
            "brief": "向、往"
        },
        "9": {
            "sn": "06607",
            "brief": "通道、入口"
        },
        "10": {
            "sn": "00168",
            "brief": "帐棚、帐蓬"
        },
        "11": {
            "sn": "04150",
            "brief": "定点、定时、集会、节庆"
        },
        "12": {
            "sn": "07126",
            "brief": "临近、靠近、带来、献上"
        },
        "13": {
            "sn": "00853",
            "brief": "不必翻译"
        },
        "14": {
            "sn": "07522",
            "brief": "喜悦、悦纳、恩典、意愿"
        },
        "15": {
            "sn": "03942",
            "brief": "在…前面"
        },
        "16": {
            "sn": "03068",
            "brief": "上帝的名字「雅威」，犹太人尊称为「上主」"
        }
    },
    "3": {
        "literal": "他要按手在这燔祭牲的头上，这就代表他蒙悦纳，为他赎罪。",
        "0": {
            "sn": "05564",
            "brief": "支持、支撑、承担"
        },
        "1": {
            "sn": "03027",
            "brief": "手、边、力量、权势"
        },
        "2": {
            "sn": "05921",
            "brief": "在…上面"
        },
        "3": {
            "sn": "07218",
            "brief": "头、起头、山顶、领袖"
        },
        "4": {
            "sn": "05930",
            "brief": "燔祭、阶梯"
        },
        "5": {
            "sn": "07521",
            "brief": "悦纳、满意"
        },
        "6": {
            "sn": "09001",
            "brief": "给、往、向、到、归属于"
        },
        "7": {
            "sn": "03722",
            "brief": "遮盖、洁净、赎罪"
        },
        "8": {
            "sn": "05921",
            "brief": "在…上面"
        }
    },
    "6": {
        "literal": "祭司亚伦的子孙要把火放在这坛上，把柴摆在火上。",
        "0": {
            "sn": "05414",
            "brief": "给"
        },
        "1": {
            "sn": "01121",
            "brief": "儿子、孙子、后裔、成员"
        },
        "2": {
            "sn": "00175",
            "brief": "亚伦"
        },
        "3": {
            "sn": "03548",
            "brief": "祭司"
        },
        "4": {
            "sn": "00784",
            "brief": "火"
        },
        "5": {
            "sn": "05921",
            "brief": "在…上面"
        },
        "6": {
            "sn": "04196",
            "brief": "祭坛"
        },
        "7": {
            "sn": "06186",
            "brief": "摆设、安排、预备"
        },
        "8": {
            "sn": "06086",
            "brief": "木头、树"
        },
        "9": {
            "sn": "05921",
            "brief": "在…上面"
        },
        "10": {
            "sn": "00784",
            "brief": "火"
        }
    },
    "7": {
        "literal": "亚伦子孙作祭司的，要把…摆在(…处填入下行)肉块和头并脂肪这坛上之火上面的柴上。",
        "0": {
            "sn": "06186",
            "brief": "摆设、安排、预备"
        },
        "1": {
            "sn": "01121",
            "brief": "儿子、孙子、后裔、成员"
        },
        "2": {
            "sn": "00175",
            "brief": "亚伦"
        },
        "3": {
            "sn": "03548",
            "brief": "祭司"
        },
        "4": {
            "sn": "00853",
            "brief": "不必翻译"
        },
        "5": {
            "sn": "05409",
            "brief": "一块、一块肉"
        },
        "6": {
            "sn": "00854",
            "brief": "与、跟"
        },
        "7": {
            "sn": "07218",
            "brief": "头、起头、山顶、领袖"
        },
        "8": {
            "sn": "00854",
            "brief": "与、跟"
        },
        "9": {
            "sn": "06309",
            "brief": "脂肪"
        },
        "10": {
            "sn": "05921",
            "brief": "在…上面"
        },
        "11": {
            "sn": "06086",
            "brief": "木头、树"
        },
        "12": {
            "sn": "00834",
            "brief": "不必翻译"
        },
        "13": {
            "sn": "05921",
            "brief": "在…上面"
        },
        "14": {
            "sn": "00784",
            "brief": "火"
        },
        "15": {
            "sn": "00834",
            "brief": "不必翻译"
        },
        "16": {
            "sn": "05921",
            "brief": "在…上面"
        },
        "17": {
            "sn": "04196",
            "brief": "祭坛"
        }
    },
    "10": {
        "literal": "要在雅威面前把它(指羊)宰于坛北方的侧边；亚伦子孙作祭司的，要把它的血洒在这坛的周围。",
        "0": {
            "sn": "07819",
            "brief": "宰杀"
        },
        "1": {
            "sn": "00853",
            "brief": "不必翻译"
        },
        "2": {
            "sn": "05921",
            "brief": "在…上面"
        },
        "3": {
            "sn": "03409",
            "brief": "大腿、旁边、腰部、根基"
        },
        "4": {
            "sn": "04196",
            "brief": "祭坛"
        },
        "5": {
            "sn": "06828",
            "brief": "北方"
        },
        "6": {
            "sn": "03942",
            "brief": "在…前面"
        },
        "7": {
            "sn": "03068",
            "brief": "上帝的名字「雅威」，犹太人尊称为「上主」"
        },
        "8": {
            "sn": "02236",
            "brief": "播种、分散"
        },
        "9": {
            "sn": "01121",
            "brief": "儿子、孙子、后裔、成员"
        },
        "10": {
            "sn": "00175",
            "brief": "亚伦"
        },
        "11": {
            "sn": "03548",
            "brief": "祭司"
        },
        "12": {
            "sn": "00853",
            "brief": "不必翻译"
        },
        "13": {
            "sn": "01818",
            "brief": "血"
        },
        "14": {
            "sn": "05921",
            "brief": "在…上面"
        },
        "15": {
            "sn": "04196",
            "brief": "祭坛"
        },
        "16": {
            "sn": "05439",
            "brief": "四围、环绕"
        }
    },
    "12": {
        "literal": "但脏腑与腿要用水洗，祭司就要献上全部，(把它)烧在这坛上，这是燔祭，是献与雅威为馨香的火祭。",
        "0": {
            "sn": "07130",
            "brief": "里面、在中间、内脏"
        },
        "1": {
            "sn": "03767",
            "brief": "腿"
        },
        "2": {
            "sn": "07364",
            "brief": "洗"
        },
        "3": {
            "sn": "04325",
            "brief": "水"
        },
        "4": {
            "sn": "07126",
            "brief": "临近、靠近、带来、献上"
        },
        "5": {
            "sn": "03548",
            "brief": "祭司"
        },
        "6": {
            "sn": "00853",
            "brief": "不必翻译"
        },
        "7": {
            "sn": "03605",
            "brief": "所有、全部、整个、各"
        },
        "8": {
            "sn": "06999",
            "brief": "烧香、薰"
        },
        "9": {
            "sn": "04196",
            "brief": "祭坛"
        },
        "10": {
            "sn": "05930",
            "brief": "燔祭、阶梯"
        },
        "11": {
            "sn": "01931",
            "brief": "他、她"
        },
        "12": {
            "sn": "00801",
            "brief": "火祭"
        },
        "13": {
            "sn": "07381",
            "brief": "香味、芬芳"
        },
        "14": {
            "sn": "05207",
            "brief": "平静"
        },
        "15": {
            "sn": "03068",
            "brief": "上帝的名字「雅威」，犹太人尊称为「上主」"
        },
        "16": {
            "sn": "09015",
            "brief": "开的意思"
        }
    },
    "13": {
        "literal": "「人奉给雅威的供物，若以鸟为燔祭，就要献斑鸠或是雏鸽为他的供物。",
        "0": {
            "sn": "00518",
            "brief": "如果、假如"
        },
        "1": {
            "sn": "04480",
            "brief": "从"
        },
        "2": {
            "sn": "05775",
            "brief": "鸟"
        },
        "3": {
            "sn": "05930",
            "brief": "燔祭、阶梯"
        },
        "4": {
            "sn": "07133",
            "brief": "供物、奉献"
        },
        "5": {
            "sn": "03068",
            "brief": "上帝的名字「雅威」，犹太人尊称为「上主」"
        },
        "6": {
            "sn": "07126",
            "brief": "临近、靠近、带来、献上"
        },
        "7": {
            "sn": "04480",
            "brief": "从"
        },
        "8": {
            "sn": "08449",
            "brief": "鸽子、斑鸠"
        },
        "9": {
            "sn": "00176",
            "brief": "或"
        },
        "10": {
            "sn": "04480",
            "brief": "从"
        },
        "11": {
            "sn": "01121",
            "brief": "儿子、孙子、后裔、成员"
        },
        "12": {
            "sn": "03123",
            "brief": "鸽子"
        },
        "13": {
            "sn": "00853",
            "brief": "不必翻译"
        },
        "14": {
            "sn": "07133",
            "brief": "供物、奉献"
        }
    },
    "14": {
        "literal": "祭司要把它(指鸟)带到坛前，揪下它的头，(把它)烧在坛上；它的血要流在坛的旁边；",
        "0": {
            "sn": "07126",
            "brief": "临近、靠近"
        },
        "1": {
            "sn": "03548",
            "brief": "祭司"
        },
        "2": {
            "sn": "00413",
            "brief": "向、往"
        },
        "3": {
            "sn": "04196",
            "brief": "祭坛"
        },
        "4": {
            "sn": "04454",
            "brief": "捏取、拔去"
        },
        "5": {
            "sn": "00853",
            "brief": "不必翻译"
        },
        "6": {
            "sn": "07218",
            "brief": "头、起头、山顶、领袖"
        },
        "7": {
            "sn": "06999",
            "brief": "烧香、薰"
        },
        "8": {
            "sn": "04196",
            "brief": "祭坛"
        },
        "9": {
            "sn": "04680",
            "brief": "流尽"
        },
        "10": {
            "sn": "01818",
            "brief": "血"
        },
        "11": {
            "sn": "05921",
            "brief": "在…上面"
        },
        "12": {
            "sn": "07023",
            "brief": "城墙、墙、祭坛的边"
        },
        "13": {
            "sn": "04196",
            "brief": "祭坛"
        }
    }
}