{
    "56": {
        "literal": "若现象仍在衣服上，或经线上、或纬线上、或皮做的甚么物件上，这就是又发了，必须用火焚烧那染灾病的物件。",
        "0": {
            "sn": "00518",
            "brief": "如果"
        },
        "1": {
            "sn": "07200",
            "brief": "Qal 看见、看顾、察觉，Nif‘al 显现，Hif‘il 显明"
        },
        "2": {
            "sn": "05750",
            "brief": "再、仍然、持续"
        },
        "3": {
            "sn": "00899",
            "brief": "衣服"
        },
        "4": {
            "sn": "00176",
            "brief": "或"
        },
        "5": {
            "sn": "08359",
            "brief": "经线"
        },
        "6": {
            "sn": "00176",
            "brief": "或"
        },
        "7": {
            "sn": "06154",
            "brief": "I. 混合；II. 纬线、织物"
        },
        "8": {
            "sn": "00176",
            "brief": "或"
        },
        "9": {
            "sn": "03605",
            "brief": "俱各、各人、全部、整个"
        },
        "10": {
            "sn": "03627",
            "brief": "器皿、器械、器具"
        },
        "11": {
            "sn": "05785",
            "brief": "皮"
        },
        "12": {
            "sn": "06524",
            "brief": "发芽"
        },
        "13": {
            "sn": "01931",
            "brief": "他、她"
        },
        "14": {
            "sn": "00784",
            "brief": "火"
        },
        "15": {
            "sn": "08313",
            "brief": "燃烧"
        },
        "16": {
            "sn": "00853",
            "brief": "不必翻译"
        },
        "17": {
            "sn": "00834",
            "brief": "不必翻译"
        },
        "18": {
            "sn": "09002",
            "brief": "在、用、藉着、与、敌对"
        },
        "19": {
            "sn": "05061",
            "brief": "受伤、击打、灾病"
        }
    },
    "6": {
        "literal": "但…癣若在皮肤上到处扩散开来，(…处填入下行)他为得洁净，给祭司察看以后，他要再次给祭司察看。",
        "0": {
            "sn": "00518",
            "brief": "如果"
        },
        "1": {
            "sn": "06581",
            "brief": "扩散"
        },
        "2": {
            "sn": "06581",
            "brief": "扩散"
        },
        "3": {
            "sn": "04556",
            "brief": "疹子、疥癣"
        },
        "4": {
            "sn": "05785",
            "brief": "皮"
        },
        "5": {
            "sn": "00310",
            "brief": "后面"
        },
        "6": {
            "sn": "07200",
            "brief": "Qal 看见、看顾、察觉，Nif‘al 显现，Hif‘il 显明"
        },
        "7": {
            "sn": "00413",
            "brief": "对、向、往"
        },
        "8": {
            "sn": "03548",
            "brief": "祭司"
        },
        "9": {
            "sn": "02893",
            "brief": "洁净"
        },
        "10": {
            "sn": "07200",
            "brief": "Qal 看见、看顾、察觉，Nif‘al 显现，Hif‘il 显明"
        },
        "11": {
            "sn": "08145",
            "brief": "序数的「第二」"
        },
        "12": {
            "sn": "00413",
            "brief": "对、向、往"
        },
        "13": {
            "sn": "03548",
            "brief": "祭司"
        }
    },
    "7": {
        "literal": "祭司要察看，看哪，癣在皮肤上扩散，祭司就要定他为不洁净，是大麻疯。",
        "0": {
            "sn": "07200",
            "brief": "Qal 看见、看顾、察觉，Nif‘al 显现，Hif‘il 显明"
        },
        "1": {
            "sn": "03548",
            "brief": "祭司"
        },
        "2": {
            "sn": "02009",
            "brief": "看哪"
        },
        "3": {
            "sn": "06581",
            "brief": "扩散"
        },
        "4": {
            "sn": "04556",
            "brief": "疹子、疥癣"
        },
        "5": {
            "sn": "05785",
            "brief": "皮"
        },
        "6": {
            "sn": "02930",
            "brief": "玷污、变为不洁净"
        },
        "7": {
            "sn": "03548",
            "brief": "祭司"
        },
        "8": {
            "sn": "06883",
            "brief": "麻疯病"
        },
        "9": {
            "sn": "01931",
            "brief": "他"
        },
        "10": {
            "sn": "09015",
            "brief": "开的意思"
        }
    },
    "9": {
        "literal": "祭司要察看，看哪，皮肤上有白色肿块，它(原文用阴性，指肿块)使毛变白，肿块里有鲜嫩的新肉，就是活的肉，",
        "0": {
            "sn": "07200",
            "brief": "Qal 看见、看顾、察觉，Nif‘al 显现，Hif‘il 显明"
        },
        "1": {
            "sn": "03548",
            "brief": "祭司"
        },
        "2": {
            "sn": "02009",
            "brief": "看哪"
        },
        "3": {
            "sn": "07613",
            "brief": "肿块、膨胀、尊严、欣喜"
        },
        "4": {
            "sn": "03836",
            "brief": "白色的"
        },
        "5": {
            "sn": "05785",
            "brief": "皮"
        },
        "6": {
            "sn": "01931",
            "brief": "他"
        },
        "7": {
            "sn": "02015",
            "brief": "推翻、倾覆、转变"
        },
        "8": {
            "sn": "08181",
            "brief": "头发"
        },
        "9": {
            "sn": "03836",
            "brief": "白色的"
        },
        "10": {
            "sn": "04241",
            "brief": "新生的皮肉、鲜嫩的新肉"
        },
        "11": {
            "sn": "01320",
            "brief": "肉、身体"
        },
        "12": {
            "sn": "02416",
            "brief": "活的"
        },
        "13": {
            "sn": "07613",
            "brief": "肿块、膨胀、尊严、欣喜"
        }
    },
    "14": {
        "literal": "祭司一看那鲜嫩的新肉就定他为不洁净。鲜嫩的新肉是不洁净的，它是大麻疯。",
        "0": {
            "sn": "07200",
            "brief": "Qal 看见、看顾、察觉，Nif‘al 显现，Hif‘il 显明"
        },
        "1": {
            "sn": "03548",
            "brief": "祭司"
        },
        "2": {
            "sn": "00853",
            "brief": "不必翻译"
        },
        "3": {
            "sn": "01320",
            "brief": "肉、身体"
        },
        "4": {
            "sn": "02416",
            "brief": "活的"
        },
        "5": {
            "sn": "02930",
            "brief": "玷污、变为不洁净"
        },
        "6": {
            "sn": "01320",
            "brief": "肉、身体"
        },
        "7": {
            "sn": "02416",
            "brief": "活的"
        },
        "8": {
            "sn": "02931",
            "brief": "不洁净的"
        },
        "9": {
            "sn": "01931",
            "brief": "他"
        },
        "10": {
            "sn": "06883",
            "brief": "麻疯病"
        },
        "11": {
            "sn": "01931",
            "brief": "他"
        }
    },
    "20": {
        "literal": "祭司若察看它(原文用阴性，下同)，看哪，它并没有白毛，它也没有深入皮肤，它又变淡了，祭司就要将他隔离七天。",
        "0": {
            "sn": "00518",
            "brief": "如果"
        },
        "1": {
            "sn": "07200",
            "brief": "Qal 看见、看顾、察觉，Nif‘al 显现，Hif‘il 显明"
        },
        "2": {
            "sn": "03548",
            "brief": "祭司"
        },
        "3": {
            "sn": "02009",
            "brief": "看哪"
        },
        "4": {
            "sn": "00369",
            "brief": "不存在、没有"
        },
        "5": {
            "sn": "09002",
            "brief": "在、用、藉着、与、敌对"
        },
        "6": {
            "sn": "08181",
            "brief": "头发"
        },
        "7": {
            "sn": "03836",
            "brief": "白色的"
        },
        "8": {
            "sn": "08217",
            "brief": "低、卑微"
        },
        "9": {
            "sn": "00369",
            "brief": "不存在、没有"
        },
        "10": {
            "sn": "04480",
            "brief": "从、出、离"
        },
        "11": {
            "sn": "05785",
            "brief": "皮"
        },
        "12": {
            "sn": "01931",
            "brief": "他"
        },
        "13": {
            "sn": "03544",
            "brief": "微弱的"
        },
        "14": {
            "sn": "05462",
            "brief": "Qal 关闭、堵塞，Pi‘el 关闭、交付，Hif‘il 关闭、交付"
        },
        "15": {
            "sn": "03548",
            "brief": "祭司"
        },
        "16": {
            "sn": "07651",
            "brief": "数目的「七」"
        },
        "17": {
            "sn": "03117",
            "brief": "日子、时候"
        }
    },
    "19": {
        "literal": "祭司要察看，看哪，它(原文是阴性)的现象洼于皮，它(原文是阴性)的毛也变白了，祭司就要定他为不洁净，它是长在疮中的大麻疯的灾病。",
        "0": {
            "sn": "07200",
            "brief": "Qal 看见、看顾、察觉，Nif‘al 显现，Hif‘il 显明"
        },
        "1": {
            "sn": "03548",
            "brief": "祭司"
        },
        "2": {
            "sn": "02009",
            "brief": "看哪"
        },
        "3": {
            "sn": "04758",
            "brief": "景象、异象、容貌、所见"
        },
        "4": {
            "sn": "08217",
            "brief": "低、卑微"
        },
        "5": {
            "sn": "04480",
            "brief": "从、出、离"
        },
        "6": {
            "sn": "05785",
            "brief": "皮"
        },
        "7": {
            "sn": "08181",
            "brief": "头发"
        },
        "8": {
            "sn": "02015",
            "brief": "推翻、倾覆、转变"
        },
        "9": {
            "sn": "03836",
            "brief": "白色的"
        },
        "10": {
            "sn": "02930",
            "brief": "玷污、变为不洁净"
        },
        "11": {
            "sn": "03548",
            "brief": "祭司"
        },
        "12": {
            "sn": "05061",
            "brief": "受伤、击打、灾病"
        },
        "13": {
            "sn": "06883",
            "brief": "麻疯病"
        },
        "14": {
            "sn": "01931",
            "brief": "他"
        },
        "15": {
            "sn": "07822",
            "brief": "疮、发炎的地方"
        },
        "16": {
            "sn": "06524",
            "brief": "发芽"
        }
    },
    "31": {
        "literal": "第七天，祭司要察看灾病，看哪，头疥没有扩散，其间也没有黄毛，头疥的现象不深于皮，",
        "0": {
            "sn": "07200",
            "brief": "Qal 看见、看顾、察觉，Nif‘al 显现，Hif‘il 显明"
        },
        "1": {
            "sn": "03548",
            "brief": "祭司"
        },
        "2": {
            "sn": "00853",
            "brief": "不必翻译"
        },
        "3": {
            "sn": "05061",
            "brief": "受伤、击打、灾病"
        },
        "4": {
            "sn": "03117",
            "brief": "日子、时候"
        },
        "5": {
            "sn": "07637",
            "brief": "序数的「第七」"
        },
        "6": {
            "sn": "02009",
            "brief": "看哪"
        },
        "7": {
            "sn": "03808",
            "brief": "不"
        },
        "8": {
            "sn": "06581",
            "brief": "扩散"
        },
        "9": {
            "sn": "05424",
            "brief": "疤、皮肤疹、(麻疯病的)鳞癣"
        },
        "10": {
            "sn": "03808",
            "brief": "不"
        },
        "11": {
            "sn": "01961",
            "brief": "是、成为、临到"
        },
        "12": {
            "sn": "09002",
            "brief": "在、用、藉着、与、敌对"
        },
        "13": {
            "sn": "08181",
            "brief": "头发"
        },
        "14": {
            "sn": "06669",
            "brief": "黄色"
        },
        "15": {
            "sn": "04758",
            "brief": "景象、异象、容貌、所见"
        },
        "16": {
            "sn": "05424",
            "brief": "疤、皮肤疹、(麻疯病的)鳞癣"
        },
        "17": {
            "sn": "00369",
            "brief": "不存在、没有"
        },
        "18": {
            "sn": "06013",
            "brief": "深的"
        },
        "19": {
            "sn": "04480",
            "brief": "从、出、离"
        },
        "20": {
            "sn": "05785",
            "brief": "皮"
        }
    },
    "25": {
        "literal": "但是若祭司察看，看哪，火斑中若没有白毛，也没有深入于皮肤内，只是发暗，祭司就要将他隔离七天。",
        "0": {
            "sn": "00518",
            "brief": "如果"
        },
        "1": {
            "sn": "07200",
            "brief": "Qal 看见、看顾、察觉，Nif‘al 显现，Hif‘il 显明"
        },
        "2": {
            "sn": "03548",
            "brief": "祭司"
        },
        "3": {
            "sn": "02009",
            "brief": "看哪"
        },
        "4": {
            "sn": "00369",
            "brief": "不存在、没有"
        },
        "5": {
            "sn": "00934",
            "brief": "白斑"
        },
        "6": {
            "sn": "08181",
            "brief": "头发"
        },
        "7": {
            "sn": "03836",
            "brief": "白色的"
        },
        "8": {
            "sn": "08217",
            "brief": "低、卑微"
        },
        "9": {
            "sn": "00369",
            "brief": "不存在、没有"
        },
        "10": {
            "sn": "04480",
            "brief": "从、出、离"
        },
        "11": {
            "sn": "05785",
            "brief": "皮"
        },
        "12": {
            "sn": "01931",
            "brief": "他"
        },
        "13": {
            "sn": "03544",
            "brief": "微弱的"
        },
        "14": {
            "sn": "05462",
            "brief": "Qal 关闭、堵塞，Pi‘el 关闭、交付，Hif‘il 关闭、交付"
        },
        "15": {
            "sn": "03548",
            "brief": "祭司"
        },
        "16": {
            "sn": "07651",
            "brief": "数目的「七」"
        },
        "17": {
            "sn": "03117",
            "brief": "日子、时候"
        }
    },
    "39": {
        "literal": "人头上的发若掉了，他不过是头秃，还是洁净。",
        "0": {
            "sn": "00376",
            "brief": "各人、人、男人、丈夫"
        },
        "1": {
            "sn": "03588",
            "brief": "因为、不必翻译"
        },
        "2": {
            "sn": "04803",
            "brief": "使光秃、磨光"
        },
        "3": {
            "sn": "07218",
            "brief": "头、起头、山顶、领袖"
        },
        "4": {
            "sn": "07142",
            "brief": "秃头"
        },
        "5": {
            "sn": "01931",
            "brief": "他"
        },
        "6": {
            "sn": "02889",
            "brief": "纯正的、洁净的"
        },
        "7": {
            "sn": "01931",
            "brief": "他"
        }
    },
    "51": {
        "literal": "那衣服，…(都)要焚烧，(…处填入下三行)无论是经线上、或纬线上，在羊毛上，或在麻衣上，或皮做的甚么物件上，若染了灾病，因为这是蚕食的大麻疯，必须用火焚烧。",
        "0": {
            "sn": "08313",
            "brief": "燃烧"
        },
        "1": {
            "sn": "00853",
            "brief": "不必翻译"
        },
        "2": {
            "sn": "00899",
            "brief": "衣服"
        },
        "3": {
            "sn": "00176",
            "brief": "或"
        },
        "4": {
            "sn": "00853",
            "brief": "不必翻译"
        },
        "5": {
            "sn": "08359",
            "brief": "经线"
        },
        "6": {
            "sn": "00176",
            "brief": "或"
        },
        "7": {
            "sn": "00853",
            "brief": "不必翻译"
        },
        "8": {
            "sn": "06154",
            "brief": "I. 混合；II. 纬线、织物"
        },
        "9": {
            "sn": "06785",
            "brief": "羊毛"
        },
        "10": {
            "sn": "00176",
            "brief": "或"
        },
        "11": {
            "sn": "06593",
            "brief": "麻"
        },
        "12": {
            "sn": "00176",
            "brief": "或"
        },
        "13": {
            "sn": "00853",
            "brief": "不必翻译"
        },
        "14": {
            "sn": "03605",
            "brief": "俱各、各人、全部、整个"
        },
        "15": {
            "sn": "03627",
            "brief": "器皿、器械、器具"
        },
        "16": {
            "sn": "05785",
            "brief": "皮"
        },
        "17": {
            "sn": "00834",
            "brief": "不必翻译"
        },
        "18": {
            "sn": "01961",
            "brief": "是、成为、临到"
        },
        "19": {
            "sn": "09002",
            "brief": "在、用、藉着、与、敌对"
        },
        "20": {
            "sn": "05061",
            "brief": "受伤、击打、灾病"
        },
        "21": {
            "sn": "03588",
            "brief": "因为、不必翻译"
        },
        "22": {
            "sn": "06883",
            "brief": "麻疯病"
        },
        "23": {
            "sn": "03992",
            "brief": "刺痛、使疼痛"
        },
        "24": {
            "sn": "01931",
            "brief": "他、她"
        },
        "25": {
            "sn": "00784",
            "brief": "火"
        },
        "26": {
            "sn": "08313",
            "brief": "燃烧"
        }
    },
    "38": {
        "literal": "祭司就要察看，看哪，他们肉皮上的火斑白中带黑，这是皮肤上发出的白癣，那人是洁净了。",
        "0": {
            "sn": "07200",
            "brief": "Qal 看见、看顾、察觉，Nif‘al 显现，Hif‘il 显明"
        },
        "1": {
            "sn": "03548",
            "brief": "祭司"
        },
        "2": {
            "sn": "02009",
            "brief": "看哪"
        },
        "3": {
            "sn": "05785",
            "brief": "皮"
        },
        "4": {
            "sn": "01320",
            "brief": "肉、身体"
        },
        "5": {
            "sn": "00934",
            "brief": "白斑"
        },
        "6": {
            "sn": "03544",
            "brief": "微弱的"
        },
        "7": {
            "sn": "03836",
            "brief": "白色的"
        },
        "8": {
            "sn": "00933",
            "brief": "皮肤斑"
        },
        "9": {
            "sn": "01931",
            "brief": "他"
        },
        "10": {
            "sn": "06524",
            "brief": "发芽"
        },
        "11": {
            "sn": "05785",
            "brief": "皮"
        },
        "12": {
            "sn": "02889",
            "brief": "纯正的、洁净的"
        },
        "13": {
            "sn": "01931",
            "brief": "他"
        },
        "14": {
            "sn": "09014",
            "brief": "关闭的意思"
        }
    },
    "26": {
        "literal": "到第七天，祭司要察看他，火斑若在皮肤上到处扩散开了，祭司就要定他为不洁净，是大麻疯的灾病。",
        "0": {
            "sn": "07200",
            "brief": "Qal 看见、看顾、察觉，Nif‘al 显现，Hif‘il 显明"
        },
        "1": {
            "sn": "03548",
            "brief": "祭司"
        },
        "2": {
            "sn": "03117",
            "brief": "日子、时候"
        },
        "3": {
            "sn": "07637",
            "brief": "序数的「第七」"
        },
        "4": {
            "sn": "00518",
            "brief": "如果"
        },
        "5": {
            "sn": "06581",
            "brief": "扩散"
        },
        "6": {
            "sn": "06581",
            "brief": "扩散"
        },
        "7": {
            "sn": "05785",
            "brief": "皮"
        },
        "8": {
            "sn": "02930",
            "brief": "玷污、变为不洁净"
        },
        "9": {
            "sn": "03548",
            "brief": "祭司"
        },
        "10": {
            "sn": "00853",
            "brief": "不必翻译"
        },
        "11": {
            "sn": "05061",
            "brief": "受伤、击打、灾病"
        },
        "12": {
            "sn": "06883",
            "brief": "麻疯病"
        },
        "13": {
            "sn": "01931",
            "brief": "他"
        }
    },
    "32": {
        "literal": "那人就要剃去须发，但头疥之处不可剃。祭司要将那长头疥的，再隔离七天。",
        "0": {
            "sn": "01548",
            "brief": "剃毛发、修面、刮脸"
        },
        "1": {
            "sn": "00853",
            "brief": "不必翻译"
        },
        "2": {
            "sn": "05424",
            "brief": "疤、皮肤疹、(麻疯病的)鳞癣"
        },
        "3": {
            "sn": "03808",
            "brief": "不"
        },
        "4": {
            "sn": "01548",
            "brief": "剃毛发、修面、刮脸"
        },
        "5": {
            "sn": "05462",
            "brief": "Qal 关闭、堵塞，Pi‘el 关闭、交付，Hif‘il 关闭、交付"
        },
        "6": {
            "sn": "03548",
            "brief": "祭司"
        },
        "7": {
            "sn": "00853",
            "brief": "不必翻译"
        },
        "8": {
            "sn": "05424",
            "brief": "疤、皮肤疹、(麻疯病的)鳞癣"
        },
        "9": {
            "sn": "07651",
            "brief": "数目的「七」"
        },
        "10": {
            "sn": "03117",
            "brief": "日子、时候"
        },
        "11": {
            "sn": "08145",
            "brief": "序数的「第二」"
        }
    },
    "52": {
        "literal": "「祭司若察看，看哪，灾病没有…扩散，(…处填入下行)在衣服上，或在经线上、或在纬线上，或皮做的甚么物件上",
        "0": {
            "sn": "00518",
            "brief": "如果"
        },
        "1": {
            "sn": "07200",
            "brief": "Qal 看见、看顾、察觉，Nif‘al 显现，Hif‘il 显明"
        },
        "2": {
            "sn": "03548",
            "brief": "祭司"
        },
        "3": {
            "sn": "02009",
            "brief": "看哪"
        },
        "4": {
            "sn": "03808",
            "brief": "不"
        },
        "5": {
            "sn": "06581",
            "brief": "扩散"
        },
        "6": {
            "sn": "05061",
            "brief": "受伤、击打、灾病"
        },
        "7": {
            "sn": "00899",
            "brief": "衣服"
        },
        "8": {
            "sn": "00176",
            "brief": "或"
        },
        "9": {
            "sn": "08359",
            "brief": "经线"
        },
        "10": {
            "sn": "00176",
            "brief": "或"
        },
        "11": {
            "sn": "06154",
            "brief": "I. 混合；II. 纬线、织物"
        },
        "12": {
            "sn": "00176",
            "brief": "或"
        },
        "13": {
            "sn": "03605",
            "brief": "俱各、各人、全部、整个"
        },
        "14": {
            "sn": "03627",
            "brief": "器皿、器械、器具"
        },
        "15": {
            "sn": "05785",
            "brief": "皮"
        }
    },
    "45": {
        "literal": "灾病在他身上的日子，他便是不洁净；他既是不洁净，就要在外独居，他的居所要在营外。」",
        "0": {
            "sn": "03605",
            "brief": "俱各、各人、全部、整个"
        },
        "1": {
            "sn": "03117",
            "brief": "日子、时候"
        },
        "2": {
            "sn": "00834",
            "brief": "不必翻译"
        },
        "3": {
            "sn": "05061",
            "brief": "受伤、击打、灾病"
        },
        "4": {
            "sn": "09002",
            "brief": "在、用、藉着、与、敌对"
        },
        "5": {
            "sn": "02930",
            "brief": "玷污、变为不洁净"
        },
        "6": {
            "sn": "02931",
            "brief": "不洁净的"
        },
        "7": {
            "sn": "01931",
            "brief": "他"
        },
        "8": {
            "sn": "00910",
            "brief": "孤立、隔离"
        },
        "9": {
            "sn": "03427",
            "brief": "居住、坐、停留"
        },
        "10": {
            "sn": "02351",
            "brief": "街上、外头"
        },
        "11": {
            "sn": "04264",
            "brief": "军旅、军营"
        },
        "12": {
            "sn": "04186",
            "brief": "住处、座位"
        },
        "13": {
            "sn": "09014",
            "brief": "关闭的意思"
        }
    },
    "57": {
        "literal": "…不论是衣服，或是经，或是纬，(…处填入下第二行)或是皮做的甚么物件，所洗的灾病离开了，要再洗，就洁净了。",
        "0": {
            "sn": "00899",
            "brief": "衣服"
        },
        "1": {
            "sn": "00176",
            "brief": "或"
        },
        "2": {
            "sn": "08359",
            "brief": "经线"
        },
        "3": {
            "sn": "00176",
            "brief": "或"
        },
        "4": {
            "sn": "06154",
            "brief": "I. 混合；II. 纬线、织物"
        },
        "5": {
            "sn": "00176",
            "brief": "或"
        },
        "6": {
            "sn": "03605",
            "brief": "俱各、各人、全部、整个"
        },
        "7": {
            "sn": "03627",
            "brief": "器皿、器械、器具"
        },
        "8": {
            "sn": "05785",
            "brief": "皮"
        },
        "9": {
            "sn": "00834",
            "brief": "不必翻译"
        },
        "10": {
            "sn": "03526",
            "brief": "洗涤、漂洗"
        },
        "11": {
            "sn": "05493",
            "brief": "转离、除去"
        },
        "12": {
            "sn": "04880",
            "brief": "从、出、离"
        },
        "13": {
            "sn": "05061",
            "brief": "受伤、击打、灾病"
        },
        "14": {
            "sn": "03526",
            "brief": "洗涤、漂洗"
        },
        "15": {
            "sn": "08145",
            "brief": "序数的「第二」"
        },
        "16": {
            "sn": "02891",
            "brief": "洁净"
        }
    },
    "21": {
        "literal": "若它(原文是阴性)在皮肤上到处扩散开了，祭司就要定他为不洁净，它(原文是阴性)是灾病。",
        "0": {
            "sn": "00518",
            "brief": "如果"
        },
        "1": {
            "sn": "06581",
            "brief": "扩散"
        },
        "2": {
            "sn": "06581",
            "brief": "扩散"
        },
        "3": {
            "sn": "05785",
            "brief": "皮"
        },
        "4": {
            "sn": "02930",
            "brief": "玷污、变为不洁净"
        },
        "5": {
            "sn": "03548",
            "brief": "祭司"
        },
        "6": {
            "sn": "00853",
            "brief": "不必翻译"
        },
        "7": {
            "sn": "05061",
            "brief": "受伤、击打、灾病"
        },
        "8": {
            "sn": "01931",
            "brief": "他"
        }
    },
    "0": {
        "literal": "雅威吩咐摩西和亚伦说：",
        "0": {
            "sn": "01696",
            "brief": "Pi‘el 讲、说、指挥"
        },
        "1": {
            "sn": "03068",
            "brief": "上帝的名字「雅威」，犹太人尊称为「上主」"
        },
        "2": {
            "sn": "00413",
            "brief": "对、向、往"
        },
        "3": {
            "sn": "04872",
            "brief": "摩西"
        },
        "4": {
            "sn": "00413",
            "brief": "对、向、往"
        },
        "5": {
            "sn": "00175",
            "brief": "亚伦"
        },
        "6": {
            "sn": "00559",
            "brief": "说"
        }
    },
    "12": {
        "literal": "祭司就要察看，看哪，他全身的肉长满了大麻疯，就要定那患者为洁净；他全身都变为白，他是洁净了。",
        "0": {
            "sn": "07200",
            "brief": "Qal 看见、看顾、察觉，Nif‘al 显现，Hif‘il 显明"
        },
        "1": {
            "sn": "03548",
            "brief": "祭司"
        },
        "2": {
            "sn": "02009",
            "brief": "看哪"
        },
        "3": {
            "sn": "03680",
            "brief": "遮盖、隐藏"
        },
        "4": {
            "sn": "06883",
            "brief": "麻疯病"
        },
        "5": {
            "sn": "00853",
            "brief": "不必翻译"
        },
        "6": {
            "sn": "03605",
            "brief": "俱各、各人、全部、整个"
        },
        "7": {
            "sn": "01320",
            "brief": "肉、身体"
        },
        "8": {
            "sn": "02891",
            "brief": "洁净"
        },
        "9": {
            "sn": "00853",
            "brief": "不必翻译"
        },
        "10": {
            "sn": "05061",
            "brief": "受伤、击打、灾病"
        },
        "11": {
            "sn": "03605",
            "brief": "俱各、各人、全部、整个"
        },
        "12": {
            "sn": "02015",
            "brief": "推翻、倾覆、转变"
        },
        "13": {
            "sn": "03836",
            "brief": "白色的"
        },
        "14": {
            "sn": "02889",
            "brief": "纯正的、洁净的"
        },
        "15": {
            "sn": "01931",
            "brief": "他"
        }
    },
    "27": {
        "literal": "火斑若在原处止住，没有在皮肤扩散，而且变淡，这是烧伤后的肿块，祭司要定他为洁净，不过是烧伤的疤痕。",
        "0": {
            "sn": "00518",
            "brief": "如果"
        },
        "1": {
            "sn": "08478",
            "brief": "1. 名词：位置、地方；2. 介系词：在…之下；3. 介系词：代替、因为"
        },
        "2": {
            "sn": "05975",
            "brief": "Qal 站立、侍立、停留，Hif‘il 设立、使坚定"
        },
        "3": {
            "sn": "00934",
            "brief": "白斑"
        },
        "4": {
            "sn": "03808",
            "brief": "不"
        },
        "5": {
            "sn": "06581",
            "brief": "扩散"
        },
        "6": {
            "sn": "05785",
            "brief": "皮"
        },
        "7": {
            "sn": "01931",
            "brief": "他"
        },
        "8": {
            "sn": "03544",
            "brief": "微弱的"
        },
        "9": {
            "sn": "07613",
            "brief": "肿块、膨胀、尊严、欣喜"
        },
        "10": {
            "sn": "04348",
            "brief": "烧焦处、烫伤的疤痕"
        },
        "11": {
            "sn": "01931",
            "brief": "他"
        },
        "12": {
            "sn": "02891",
            "brief": "洁净"
        },
        "13": {
            "sn": "03548",
            "brief": "祭司"
        },
        "14": {
            "sn": "03588",
            "brief": "因为、不必翻译"
        },
        "15": {
            "sn": "06867",
            "brief": "痂、伤愈的疤"
        },
        "16": {
            "sn": "04348",
            "brief": "烧焦处、烫伤的疤痕"
        },
        "17": {
            "sn": "01931",
            "brief": "他"
        },
        "18": {
            "sn": "09015",
            "brief": "开的意思"
        }
    },
    "33": {
        "literal": "第七天，祭司要察看头疥，看哪，头疥没有在皮肤上扩散，现象也不深于皮，祭司就要定他为洁净，他要洗他的衣服，便成为洁净。",
        "0": {
            "sn": "07200",
            "brief": "Qal 看见、看顾、察觉，Nif‘al 显现，Hif‘il 显明"
        },
        "1": {
            "sn": "03548",
            "brief": "祭司"
        },
        "2": {
            "sn": "00853",
            "brief": "不必翻译"
        },
        "3": {
            "sn": "05424",
            "brief": "疤、皮肤疹、(麻疯病的)鳞癣"
        },
        "4": {
            "sn": "03117",
            "brief": "日子、时候"
        },
        "5": {
            "sn": "07637",
            "brief": "序数的「第七」"
        },
        "6": {
            "sn": "02009",
            "brief": "看哪"
        },
        "7": {
            "sn": "03808",
            "brief": "不"
        },
        "8": {
            "sn": "06581",
            "brief": "扩散"
        },
        "9": {
            "sn": "05424",
            "brief": "疤、皮肤疹、(麻疯病的)鳞癣"
        },
        "10": {
            "sn": "05785",
            "brief": "皮"
        },
        "11": {
            "sn": "04758",
            "brief": "景象、异象、容貌、所见"
        },
        "12": {
            "sn": "00369",
            "brief": "不存在、没有"
        },
        "13": {
            "sn": "06013",
            "brief": "深的"
        },
        "14": {
            "sn": "04480",
            "brief": "从、出、离"
        },
        "15": {
            "sn": "05785",
            "brief": "皮"
        },
        "16": {
            "sn": "02891",
            "brief": "洁净"
        },
        "17": {
            "sn": "00853",
            "brief": "不必翻译"
        },
        "18": {
            "sn": "03548",
            "brief": "祭司"
        },
        "19": {
            "sn": "03526",
            "brief": "洗涤、漂洗"
        },
        "20": {
            "sn": "00899",
            "brief": "衣服"
        },
        "21": {
            "sn": "02891",
            "brief": "洁净"
        }
    },
    "40": {
        "literal": "如果他的头是在他的前面边缘掉发，他不过是顶门秃，还是洁净。",
        "0": {
            "sn": "00518",
            "brief": "如果"
        },
        "1": {
            "sn": "06285",
            "brief": "边缘、角落"
        },
        "2": {
            "sn": "06440",
            "brief": "脸"
        },
        "3": {
            "sn": "04803",
            "brief": "使光秃、磨光"
        },
        "4": {
            "sn": "07218",
            "brief": "头、起头、山顶、领袖"
        },
        "5": {
            "sn": "01371",
            "brief": "前额秃顶"
        },
        "6": {
            "sn": "01931",
            "brief": "他"
        },
        "7": {
            "sn": "02889",
            "brief": "纯正的、洁净的"
        },
        "8": {
            "sn": "01931",
            "brief": "他"
        }
    },
    "46": {
        "literal": "「染了大麻疯灾病的衣服，无论是羊毛衣服、或是麻布衣服，",
        "0": {
            "sn": "00899",
            "brief": "衣服"
        },
        "1": {
            "sn": "03588",
            "brief": "因为、不必翻译"
        },
        "2": {
            "sn": "01961",
            "brief": "是、成为、临到"
        },
        "3": {
            "sn": "09002",
            "brief": "在、用、藉着、与、敌对"
        },
        "4": {
            "sn": "05061",
            "brief": "受伤、击打、灾病"
        },
        "5": {
            "sn": "06883",
            "brief": "麻疯病"
        },
        "6": {
            "sn": "00899",
            "brief": "衣服"
        },
        "7": {
            "sn": "06785",
            "brief": "羊毛"
        },
        "8": {
            "sn": "00176",
            "brief": "或"
        },
        "9": {
            "sn": "00899",
            "brief": "衣服"
        },
        "10": {
            "sn": "06593",
            "brief": "麻"
        }
    },
    "53": {
        "literal": "祭司就要吩咐人把染了灾病的物件洗了，再隔离七天。",
        "0": {
            "sn": "06680",
            "brief": "Pi‘el 命令、吩咐"
        },
        "1": {
            "sn": "03548",
            "brief": "祭司"
        },
        "2": {
            "sn": "03526",
            "brief": "洗涤、漂洗"
        },
        "3": {
            "sn": "00853",
            "brief": "不必翻译"
        },
        "4": {
            "sn": "00834",
            "brief": "不必翻译"
        },
        "5": {
            "sn": "09002",
            "brief": "在、用、藉着、与、敌对"
        },
        "6": {
            "sn": "05061",
            "brief": "受伤、击打、灾病"
        },
        "7": {
            "sn": "05462",
            "brief": "Qal 关闭、堵塞，Pi‘el 关闭、交付，Hif‘il 关闭、交付"
        },
        "8": {
            "sn": "07651",
            "brief": "数目的「七」"
        },
        "9": {
            "sn": "03117",
            "brief": "日子、时候"
        },
        "10": {
            "sn": "08145",
            "brief": "序数的「第二」"
        }
    },
    "28": {
        "literal": "「无论男女，若在头上或是胡须上有灾病，",
        "0": {
            "sn": "00376",
            "brief": "各人、人、男人、丈夫"
        },
        "1": {
            "sn": "00176",
            "brief": "或"
        },
        "2": {
            "sn": "00802",
            "brief": "女人，妻子"
        },
        "3": {
            "sn": "03588",
            "brief": "因为、不必翻译"
        },
        "4": {
            "sn": "01961",
            "brief": "是、成为、临到"
        },
        "5": {
            "sn": "09002",
            "brief": "在、用、藉着、与、敌对"
        },
        "6": {
            "sn": "05061",
            "brief": "受伤、击打、灾病"
        },
        "7": {
            "sn": "07218",
            "brief": "头、起头、山顶、领袖"
        },
        "8": {
            "sn": "00176",
            "brief": "或"
        },
        "9": {
            "sn": "02206",
            "brief": "胡须、下巴"
        }
    },
    "22": {
        "literal": "火斑若在原处止住，没有扩散，便是疮的疤痕，祭司就要定他为洁净。",
        "0": {
            "sn": "00518",
            "brief": "如果"
        },
        "1": {
            "sn": "08478",
            "brief": "1. 名词：位置、地方；2. 介系词：在…之下；3. 介系词：代替、因为"
        },
        "2": {
            "sn": "05975",
            "brief": "Qal 站立、侍立、停留，Hif‘il 设立、使坚定"
        },
        "3": {
            "sn": "00934",
            "brief": "白斑"
        },
        "4": {
            "sn": "03808",
            "brief": "不"
        },
        "5": {
            "sn": "06581",
            "brief": "扩散"
        },
        "6": {
            "sn": "06867",
            "brief": "痂、伤愈的疤"
        },
        "7": {
            "sn": "07822",
            "brief": "疮、发炎的地方"
        },
        "8": {
            "sn": "01931",
            "brief": "他"
        },
        "9": {
            "sn": "02891",
            "brief": "洁净"
        },
        "10": {
            "sn": "03548",
            "brief": "祭司"
        },
        "11": {
            "sn": "09014",
            "brief": "关闭的意思"
        }
    },
    "13": {
        "literal": "但新鲜的肉出现在他身上时，他就不洁净。",
        "0": {
            "sn": "03117",
            "brief": "日子、时候"
        },
        "1": {
            "sn": "07200",
            "brief": "Qal 看见、看顾、察觉，Nif‘al 显现，Hif‘il 显明"
        },
        "2": {
            "sn": "09002",
            "brief": "在、用、藉着、与、敌对"
        },
        "3": {
            "sn": "01320",
            "brief": "肉、身体"
        },
        "4": {
            "sn": "02416",
            "brief": "活的"
        },
        "5": {
            "sn": "02930",
            "brief": "玷污、变为不洁净"
        }
    },
    "41": {
        "literal": "头秃处或是顶门秃处若有白中带红的灾病，这就是了大麻疯长在他的头秃处或他的顶门秃处，",
        "6": {
            "sn": "03836",
            "brief": "白色的"
        },
        "0": {
            "sn": "03588",
            "brief": "因为、不必翻译"
        },
        "1": {
            "sn": "01961",
            "brief": "是、成为、临到"
        },
        "2": {
            "sn": "07146",
            "brief": "光秃、头的光秃处"
        },
        "3": {
            "sn": "00176",
            "brief": "或"
        },
        "4": {
            "sn": "01372",
            "brief": "前额秃顶"
        },
        "5": {
            "sn": "05061",
            "brief": "受伤、击打、灾病"
        },
        "7": {
            "sn": "00125",
            "brief": "带红色的"
        },
        "8": {
            "sn": "06883",
            "brief": "麻疯病"
        },
        "9": {
            "sn": "06524",
            "brief": "发芽"
        },
        "10": {
            "sn": "01931",
            "brief": "他、她"
        },
        "11": {
            "sn": "07146",
            "brief": "光秃、头的光秃处"
        },
        "12": {
            "sn": "00176",
            "brief": "或"
        },
        "13": {
            "sn": "01372",
            "brief": "前额秃顶"
        }
    },
    "47": {
        "literal": "无论是在经线上、或在纬线上，是麻布的、是羊毛的，或在皮子上，或在皮做的甚么物件上，",
        "0": {
            "sn": "00176",
            "brief": "或"
        },
        "1": {
            "sn": "08359",
            "brief": "经线"
        },
        "2": {
            "sn": "00176",
            "brief": "或"
        },
        "3": {
            "sn": "06154",
            "brief": "I. 混合；II. 纬线、织物"
        },
        "4": {
            "sn": "06593",
            "brief": "麻"
        },
        "5": {
            "sn": "06785",
            "brief": "羊毛"
        },
        "6": {
            "sn": "00176",
            "brief": "或"
        },
        "7": {
            "sn": "05785",
            "brief": "皮"
        },
        "8": {
            "sn": "00176",
            "brief": "或"
        },
        "9": {
            "sn": "03605",
            "brief": "俱各、各人、全部、整个"
        },
        "10": {
            "sn": "04399",
            "brief": "工作、财产"
        },
        "11": {
            "sn": "05785",
            "brief": "皮"
        }
    },
    "54": {
        "literal": "洗过以后，祭司要察看那灾病，看哪，那灾病没有改变颜色，(即使)灾病没有扩散，这就不洁净，必须用火焚烧，(因为)它是侵蚀性的，无论是在它的后面，或是在它的前面，",
        "15": {
            "sn": "02931",
            "brief": "不洁净的"
        },
        "16": {
            "sn": "01931",
            "brief": "他、她"
        },
        "17": {
            "sn": "00784",
            "brief": "火"
        },
        "18": {
            "sn": "08313",
            "brief": "燃烧"
        },
        "19": {
            "sn": "06356",
            "brief": "侵蚀、指被大麻疯所污染的衣服"
        },
        "20": {
            "sn": "01931",
            "brief": "他、她"
        },
        "21": {
            "sn": "07146",
            "brief": "光秃、头的光秃处、后脑的光秃处"
        },
        "22": {
            "sn": "00176",
            "brief": "或"
        },
        "0": {
            "sn": "07200",
            "brief": "Qal 看见、看顾、察觉，Nif‘al 显现，Hif‘il 显明"
        },
        "1": {
            "sn": "03548",
            "brief": "祭司"
        },
        "2": {
            "sn": "00310",
            "brief": "后面"
        },
        "3": {
            "sn": "03526",
            "brief": "洗涤、漂洗"
        },
        "4": {
            "sn": "00853",
            "brief": "不必翻译"
        },
        "5": {
            "sn": "05061",
            "brief": "受伤、击打、灾病"
        },
        "6": {
            "sn": "02009",
            "brief": "看哪"
        },
        "7": {
            "sn": "03808",
            "brief": "不"
        },
        "8": {
            "sn": "02015",
            "brief": "推翻、倾覆、转变"
        },
        "9": {
            "sn": "05061",
            "brief": "受伤、击打、灾病"
        },
        "10": {
            "sn": "00853",
            "brief": "不必翻译"
        },
        "11": {
            "sn": "05869",
            "brief": "眼睛"
        },
        "12": {
            "sn": "05061",
            "brief": "受伤、击打、灾病"
        },
        "13": {
            "sn": "03808",
            "brief": "不"
        },
        "14": {
            "sn": "06581",
            "brief": "扩散"
        },
        "23": {
            "sn": "01372",
            "brief": "前额秃顶"
        }
    },
    "23": {
        "literal": "人的皮肉上若起了火毒，火毒的瘀肉成了火斑，或是白中带红的，或是全白的，",
        "0": {
            "sn": "00176",
            "brief": "或"
        },
        "1": {
            "sn": "01320",
            "brief": "肉、身体"
        },
        "2": {
            "sn": "03588",
            "brief": "因为、不必翻译"
        },
        "3": {
            "sn": "01961",
            "brief": "是、成为、临到"
        },
        "4": {
            "sn": "05785",
            "brief": "皮"
        },
        "5": {
            "sn": "04348",
            "brief": "烧焦处、烫伤的疤痕"
        },
        "6": {
            "sn": "00784",
            "brief": "火"
        },
        "7": {
            "sn": "01961",
            "brief": "是、成为、临到"
        },
        "8": {
            "sn": "04241",
            "brief": "新生的皮肉、鲜嫩的新肉"
        },
        "9": {
            "sn": "04348",
            "brief": "烧焦处、烫伤的疤痕"
        },
        "10": {
            "sn": "00934",
            "brief": "白斑"
        },
        "11": {
            "sn": "03836",
            "brief": "白色的"
        },
        "12": {
            "sn": "00125",
            "brief": "带红色的"
        },
        "13": {
            "sn": "00176",
            "brief": "或"
        },
        "14": {
            "sn": "03836",
            "brief": "白色的"
        }
    },
    "35": {
        "literal": "祭司就要察看他，看哪，头疥若在皮肤上散，祭司就不必找那黄毛，他是不洁净了。",
        "0": {
            "sn": "07200",
            "brief": "Qal 看见、看顾、察觉，Nif‘al 显现，Hif‘il 显明"
        },
        "1": {
            "sn": "03548",
            "brief": "祭司"
        },
        "2": {
            "sn": "02009",
            "brief": "看哪"
        },
        "3": {
            "sn": "06581",
            "brief": "扩散"
        },
        "4": {
            "sn": "05424",
            "brief": "疤、皮肤疹、(麻疯病的)鳞癣"
        },
        "5": {
            "sn": "05785",
            "brief": "皮"
        },
        "6": {
            "sn": "03808",
            "brief": "不"
        },
        "7": {
            "sn": "01239",
            "brief": "寻求、寻找"
        },
        "8": {
            "sn": "03548",
            "brief": "祭司"
        },
        "9": {
            "sn": "08181",
            "brief": "头发"
        },
        "10": {
            "sn": "06669",
            "brief": "黄色"
        },
        "11": {
            "sn": "02931",
            "brief": "不洁净的"
        },
        "12": {
            "sn": "01931",
            "brief": "他"
        }
    },
    "48": {
        "literal": "这灾病若是发绿，或是发红，在衣服上、或皮子上，或经线上、或纬线上，或在皮做的甚么物件上，这是大麻疯的灾病，要给祭司察看。",
        "0": {
            "sn": "01961",
            "brief": "是、成为、临到"
        },
        "1": {
            "sn": "05061",
            "brief": "受伤、击打、灾病"
        },
        "2": {
            "sn": "03422",
            "brief": "黄绿色的"
        },
        "3": {
            "sn": "00176",
            "brief": "或"
        },
        "4": {
            "sn": "00125",
            "brief": "带红色的"
        },
        "5": {
            "sn": "00899",
            "brief": "衣服"
        },
        "6": {
            "sn": "00176",
            "brief": "或"
        },
        "7": {
            "sn": "05785",
            "brief": "皮"
        },
        "8": {
            "sn": "00176",
            "brief": "或"
        },
        "9": {
            "sn": "08359",
            "brief": "经线"
        },
        "10": {
            "sn": "00176",
            "brief": "或"
        },
        "11": {
            "sn": "06154",
            "brief": "I. 混合；II. 纬线、织物"
        },
        "12": {
            "sn": "00176",
            "brief": "或"
        },
        "13": {
            "sn": "03605",
            "brief": "俱各、各人、全部、整个"
        },
        "14": {
            "sn": "03627",
            "brief": "器皿、器械、器具"
        },
        "15": {
            "sn": "05785",
            "brief": "皮"
        },
        "16": {
            "sn": "05061",
            "brief": "受伤、击打、灾病"
        },
        "17": {
            "sn": "06883",
            "brief": "麻疯病"
        },
        "18": {
            "sn": "01931",
            "brief": "他、她"
        },
        "19": {
            "sn": "07200",
            "brief": "Qal 看见、看顾、察觉，Nif‘al 显现，Hif‘il 显明"
        },
        "20": {
            "sn": "00853",
            "brief": "不必翻译"
        },
        "21": {
            "sn": "03548",
            "brief": "祭司"
        }
    },
    "55": {
        "literal": "如果祭司察看，看哪，那灾病洗过它以后发暗，他就要从衣服上、或从皮子上、…把它撕去。…(…处填入下行)或从经线、或从纬线，",
        "0": {
            "sn": "00518",
            "brief": "如果"
        },
        "1": {
            "sn": "07200",
            "brief": "Qal 看见、看顾、察觉，Nif‘al 显现，Hif‘il 显明"
        },
        "2": {
            "sn": "03548",
            "brief": "祭司"
        },
        "3": {
            "sn": "02009",
            "brief": "看哪"
        },
        "4": {
            "sn": "03544",
            "brief": "微弱的"
        },
        "5": {
            "sn": "05061",
            "brief": "受伤、击打、灾病"
        },
        "6": {
            "sn": "00310",
            "brief": "后面"
        },
        "7": {
            "sn": "03526",
            "brief": "洗涤、漂洗"
        },
        "8": {
            "sn": "00853",
            "brief": "不必翻译"
        },
        "9": {
            "sn": "07167",
            "brief": "撕裂、撕破、使宽阔"
        },
        "10": {
            "sn": "00853",
            "brief": "不必翻译"
        },
        "11": {
            "sn": "04480",
            "brief": "从、出、离"
        },
        "12": {
            "sn": "00899",
            "brief": "衣服"
        },
        "13": {
            "sn": "00176",
            "brief": "或"
        },
        "14": {
            "sn": "04480",
            "brief": "从、出、离"
        },
        "15": {
            "sn": "05785",
            "brief": "皮"
        },
        "16": {
            "sn": "00176",
            "brief": "或"
        },
        "17": {
            "sn": "04480",
            "brief": "从、出、离"
        },
        "18": {
            "sn": "08359",
            "brief": "经线"
        },
        "19": {
            "sn": "00176",
            "brief": "或"
        },
        "20": {
            "sn": "04480",
            "brief": "从、出、离"
        },
        "21": {
            "sn": "06154",
            "brief": "I. 混合；II. 纬线、织物"
        }
    },
    "49": {
        "literal": "祭司就要察看那灾病，把染了灾病的物件隔离七天。",
        "0": {
            "sn": "07200",
            "brief": "Qal 看见、看顾、察觉，Nif‘al 显现，Hif‘il 显明"
        },
        "1": {
            "sn": "03548",
            "brief": "祭司"
        },
        "2": {
            "sn": "00853",
            "brief": "不必翻译"
        },
        "3": {
            "sn": "05061",
            "brief": "受伤、击打、灾病"
        },
        "4": {
            "sn": "05462",
            "brief": "Qal 关闭、堵塞，Pi‘el 关闭、交付，Hif‘il 关闭、交付"
        },
        "5": {
            "sn": "00853",
            "brief": "不必翻译"
        },
        "6": {
            "sn": "05061",
            "brief": "受伤、击打、灾病"
        },
        "7": {
            "sn": "07651",
            "brief": "数目的「七」"
        },
        "8": {
            "sn": "03117",
            "brief": "日子、时候"
        }
    },
    "24": {
        "literal": "祭司就要察看，看哪，白火斑中的毛变白了，它(原文用阴性)的现象又深于皮，这是大麻疯在火毒中长出来，祭司就要定他为不洁净，是大麻疯的灾病。",
        "0": {
            "sn": "07200",
            "brief": "Qal 看见、看顾、察觉，Nif‘al 显现，Hif‘il 显明"
        },
        "1": {
            "sn": "00853",
            "brief": "不必翻译"
        },
        "2": {
            "sn": "03548",
            "brief": "祭司"
        },
        "3": {
            "sn": "02009",
            "brief": "看哪"
        },
        "4": {
            "sn": "02015",
            "brief": "推翻、倾覆、转变"
        },
        "5": {
            "sn": "08181",
            "brief": "头发"
        },
        "6": {
            "sn": "03836",
            "brief": "白色的"
        },
        "7": {
            "sn": "00934",
            "brief": "白斑"
        },
        "8": {
            "sn": "04758",
            "brief": "景象、异象、容貌、所见"
        },
        "9": {
            "sn": "06013",
            "brief": "深的"
        },
        "10": {
            "sn": "04480",
            "brief": "从、出、离"
        },
        "11": {
            "sn": "05785",
            "brief": "皮"
        },
        "12": {
            "sn": "06883",
            "brief": "麻疯病"
        },
        "13": {
            "sn": "01931",
            "brief": "他"
        },
        "14": {
            "sn": "04348",
            "brief": "烧焦处、烫伤的疤痕"
        },
        "15": {
            "sn": "06524",
            "brief": "发芽"
        },
        "16": {
            "sn": "02930",
            "brief": "玷污、变为不洁净"
        },
        "17": {
            "sn": "00853",
            "brief": "不必翻译"
        },
        "18": {
            "sn": "03548",
            "brief": "祭司"
        },
        "19": {
            "sn": "05061",
            "brief": "受伤、击打、灾病"
        },
        "20": {
            "sn": "06883",
            "brief": "麻疯病"
        },
        "21": {
            "sn": "01931",
            "brief": "他"
        }
    },
    "16": {
        "literal": "祭司要察看他，看哪，灾病处变白了，祭司就要定那患者为洁净，他是洁净的。",
        "0": {
            "sn": "07200",
            "brief": "Qal 看见、看顾、察觉，Nif‘al 显现，Hif‘il 显明"
        },
        "1": {
            "sn": "03548",
            "brief": "祭司"
        },
        "2": {
            "sn": "02009",
            "brief": "看哪"
        },
        "3": {
            "sn": "02015",
            "brief": "推翻、倾覆、转变"
        },
        "4": {
            "sn": "05061",
            "brief": "受伤、击打、灾病"
        },
        "5": {
            "sn": "03836",
            "brief": "白色的"
        },
        "6": {
            "sn": "02891",
            "brief": "洁净"
        },
        "7": {
            "sn": "03548",
            "brief": "祭司"
        },
        "8": {
            "sn": "00853",
            "brief": "不必翻译"
        },
        "9": {
            "sn": "05061",
            "brief": "受伤、击打、灾病"
        },
        "10": {
            "sn": "02889",
            "brief": "纯正的、洁净的"
        },
        "11": {
            "sn": "01931",
            "brief": "他"
        },
        "12": {
            "sn": "09015",
            "brief": "开的意思"
        }
    },
    "30": {
        "literal": "祭司若察看头疥的灾病，现象不深于皮，其间也没有黑毛，就要将长头疥灾病的人隔离七天。",
        "0": {
            "sn": "03588",
            "brief": "因为、不必翻译"
        },
        "1": {
            "sn": "07200",
            "brief": "Qal 看见、看顾、察觉，Nif‘al 显现，Hif‘il 显明"
        },
        "2": {
            "sn": "03548",
            "brief": "祭司"
        },
        "3": {
            "sn": "00853",
            "brief": "不必翻译"
        },
        "4": {
            "sn": "05061",
            "brief": "受伤、击打、灾病"
        },
        "5": {
            "sn": "05424",
            "brief": "疤、皮肤疹、(麻疯病的)鳞癣"
        },
        "6": {
            "sn": "02009",
            "brief": "看哪"
        },
        "7": {
            "sn": "00369",
            "brief": "不存在、没有"
        },
        "8": {
            "sn": "04758",
            "brief": "景象、异象、容貌、所见"
        },
        "9": {
            "sn": "06013",
            "brief": "深的"
        },
        "10": {
            "sn": "04480",
            "brief": "从、出、离"
        },
        "11": {
            "sn": "05785",
            "brief": "皮"
        },
        "12": {
            "sn": "08181",
            "brief": "头发"
        },
        "13": {
            "sn": "07838",
            "brief": "黑的"
        },
        "14": {
            "sn": "00369",
            "brief": "不存在、没有"
        },
        "15": {
            "sn": "09002",
            "brief": "在、用、藉着、与、敌对"
        },
        "16": {
            "sn": "05462",
            "brief": "Qal 关闭、堵塞，Pi‘el 关闭、交付，Hif‘il 关闭、交付"
        },
        "17": {
            "sn": "03548",
            "brief": "祭司"
        },
        "18": {
            "sn": "00853",
            "brief": "不必翻译"
        },
        "19": {
            "sn": "05061",
            "brief": "受伤、击打、灾病"
        },
        "20": {
            "sn": "05424",
            "brief": "疤、皮肤疹、(麻疯病的)鳞癣"
        },
        "21": {
            "sn": "07651",
            "brief": "数目的「七」"
        },
        "22": {
            "sn": "03117",
            "brief": "日子、时候"
        }
    },
    "36": {
        "literal": "在他(指祭司)眼中若头疥已经止住，其间也长了黑毛，头疥已然痊愈，那人是洁净了，祭司就要定他为洁净。",
        "0": {
            "sn": "00518",
            "brief": "如果"
        },
        "1": {
            "sn": "05869",
            "brief": "眼睛"
        },
        "2": {
            "sn": "05975",
            "brief": "Qal 站立、侍立、停留，Hif‘il 设立、使坚定"
        },
        "3": {
            "sn": "05424",
            "brief": "疤、皮肤疹、(麻疯病的)鳞癣"
        },
        "4": {
            "sn": "08181",
            "brief": "头发"
        },
        "5": {
            "sn": "07838",
            "brief": "黑的"
        },
        "6": {
            "sn": "06779",
            "brief": "冒出、长出"
        },
        "7": {
            "sn": "09002",
            "brief": "在、用、藉着、与、敌对"
        },
        "8": {
            "sn": "07495",
            "brief": "医治"
        },
        "9": {
            "sn": "05424",
            "brief": "疤、皮肤疹、(麻疯病的)鳞癣"
        },
        "10": {
            "sn": "02889",
            "brief": "纯正的、洁净的"
        },
        "11": {
            "sn": "01931",
            "brief": "他"
        },
        "12": {
            "sn": "02891",
            "brief": "洁净"
        },
        "13": {
            "sn": "03548",
            "brief": "祭司"
        },
        "14": {
            "sn": "09014",
            "brief": "关闭的意思"
        }
    },
    "43": {
        "literal": "那人就是染了大麻疯，是不洁净的，祭司总要定他为不洁净，他的灾病是在他的头上。",
        "0": {
            "sn": "00376",
            "brief": "各人、人、男人、丈夫"
        },
        "1": {
            "sn": "06879",
            "brief": "染上麻疯病"
        },
        "2": {
            "sn": "01931",
            "brief": "他、她"
        },
        "3": {
            "sn": "02931",
            "brief": "不洁净的"
        },
        "4": {
            "sn": "01931",
            "brief": "他、她"
        },
        "5": {
            "sn": "02930",
            "brief": "玷污、变为不洁净"
        },
        "6": {
            "sn": "02930",
            "brief": "玷污、变为不洁净"
        },
        "7": {
            "sn": "03548",
            "brief": "祭司"
        },
        "8": {
            "sn": "07218",
            "brief": "头、起头、山顶、领袖"
        },
        "9": {
            "sn": "05061",
            "brief": "受伤、击打、灾病"
        }
    },
    "50": {
        "literal": "第七天，他要察看那灾病，灾病若…发散，(…处填入下行)在衣服上，或经线上、或纬线上，或皮子上这皮子无论当作何用，这灾病是蚕食的大麻疯，是不洁净了。",
        "0": {
            "sn": "07200",
            "brief": "Qal 看见、看顾、察觉，Nif‘al 显现，Hif‘il 显明"
        },
        "1": {
            "sn": "00853",
            "brief": "不必翻译"
        },
        "2": {
            "sn": "05061",
            "brief": "受伤、击打、灾病"
        },
        "3": {
            "sn": "03117",
            "brief": "日子、时候"
        },
        "4": {
            "sn": "07637",
            "brief": "序数的「第七」"
        },
        "5": {
            "sn": "03588",
            "brief": "因为、不必翻译"
        },
        "6": {
            "sn": "06581",
            "brief": "扩散"
        },
        "7": {
            "sn": "05061",
            "brief": "受伤、击打、灾病"
        },
        "8": {
            "sn": "00899",
            "brief": "衣服"
        },
        "9": {
            "sn": "00176",
            "brief": "或"
        },
        "10": {
            "sn": "08359",
            "brief": "经线"
        },
        "11": {
            "sn": "00176",
            "brief": "或"
        },
        "12": {
            "sn": "06154",
            "brief": "I. 混合；II. 纬线、织物"
        },
        "13": {
            "sn": "00176",
            "brief": "或"
        },
        "14": {
            "sn": "05785",
            "brief": "皮"
        },
        "15": {
            "sn": "03605",
            "brief": "俱各、各人、全部、整个"
        },
        "16": {
            "sn": "00834",
            "brief": "不必翻译"
        },
        "17": {
            "sn": "06213",
            "brief": "做"
        },
        "18": {
            "sn": "05785",
            "brief": "皮"
        },
        "19": {
            "sn": "04399",
            "brief": "工作、财产"
        },
        "20": {
            "sn": "06883",
            "brief": "麻疯病"
        },
        "21": {
            "sn": "03992",
            "brief": "刺痛、使疼痛"
        },
        "22": {
            "sn": "05061",
            "brief": "受伤、击打、灾病"
        },
        "23": {
            "sn": "02931",
            "brief": "不洁净的"
        },
        "24": {
            "sn": "01931",
            "brief": "他、她"
        }
    },
    "34": {
        "literal": "但他得洁净以后，头疥若在皮肤上到处扩散，",
        "0": {
            "sn": "00518",
            "brief": "如果"
        },
        "1": {
            "sn": "06581",
            "brief": "扩散"
        },
        "2": {
            "sn": "06581",
            "brief": "扩散"
        },
        "3": {
            "sn": "05424",
            "brief": "疤、皮肤疹、(麻疯病的)鳞癣"
        },
        "4": {
            "sn": "05785",
            "brief": "皮"
        },
        "5": {
            "sn": "00310",
            "brief": "后面"
        },
        "6": {
            "sn": "02893",
            "brief": "洁净"
        }
    },
    "5": {
        "9": {
            "sn": "03808",
            "brief": "不"
        },
        "literal": "第七天，祭司要再察看他，看哪，灾病变淡，而且灾病没有在皮肤上扩散，祭司要定他为洁净，这是癣；他要洗他的衣服，便成为洁净。",
        "0": {
            "sn": "07200",
            "brief": "Qal 看见、看顾、察觉，Nif‘al 显现，Hif‘il 显明"
        },
        "1": {
            "sn": "03548",
            "brief": "祭司"
        },
        "2": {
            "sn": "00853",
            "brief": "不必翻译"
        },
        "3": {
            "sn": "03117",
            "brief": "日子、时候"
        },
        "4": {
            "sn": "07637",
            "brief": "序数的「第七」"
        },
        "5": {
            "sn": "08145",
            "brief": "序数的「第二」"
        },
        "6": {
            "sn": "02009",
            "brief": "看哪"
        },
        "7": {
            "sn": "03544",
            "brief": "微弱的"
        },
        "8": {
            "sn": "05061",
            "brief": "受伤、击打、灾病"
        },
        "10": {
            "sn": "06581",
            "brief": "扩散"
        },
        "11": {
            "sn": "05061",
            "brief": "受伤、击打、灾病"
        },
        "12": {
            "sn": "05785",
            "brief": "皮"
        },
        "13": {
            "sn": "02891",
            "brief": "洁净"
        },
        "14": {
            "sn": "03548",
            "brief": "祭司"
        },
        "15": {
            "sn": "04556",
            "brief": "疹子、疥癣"
        },
        "16": {
            "sn": "01931",
            "brief": "他"
        },
        "17": {
            "sn": "03526",
            "brief": "洗涤、漂洗"
        },
        "18": {
            "sn": "00899",
            "brief": "衣服"
        },
        "19": {
            "sn": "02891",
            "brief": "洁净"
        }
    },
    "1": {
        "literal": "「人如果在他的肉的皮肤上长了肿块，或长了癣，或长了火斑，在他肉皮上成了大麻疯的灾病，就要将他带到祭司亚伦或作祭司的他的一个子孙面前。",
        "0": {
            "sn": "00120",
            "brief": "人"
        },
        "1": {
            "sn": "03588",
            "brief": "因为、不必翻译"
        },
        "2": {
            "sn": "01961",
            "brief": "是、成为、临到"
        },
        "3": {
            "sn": "05785",
            "brief": "皮"
        },
        "4": {
            "sn": "01320",
            "brief": "肉、身体"
        },
        "5": {
            "sn": "07613",
            "brief": "肿块、膨胀、尊严、欣喜"
        },
        "6": {
            "sn": "00176",
            "brief": "或"
        },
        "7": {
            "sn": "05597",
            "brief": "疹子、疤"
        },
        "8": {
            "sn": "00176",
            "brief": "或"
        },
        "9": {
            "sn": "00934",
            "brief": "白斑"
        },
        "10": {
            "sn": "01961",
            "brief": "是、成为、临到"
        },
        "11": {
            "sn": "05785",
            "brief": "皮"
        },
        "12": {
            "sn": "01320",
            "brief": "肉、身体"
        },
        "13": {
            "sn": "05061",
            "brief": "受伤、击打、灾病"
        },
        "14": {
            "sn": "06883",
            "brief": "麻疯病"
        },
        "15": {
            "sn": "00935",
            "brief": "来、进入、临到、发生"
        },
        "16": {
            "sn": "00413",
            "brief": "对、向、往"
        },
        "17": {
            "sn": "00175",
            "brief": "亚伦"
        },
        "18": {
            "sn": "03548",
            "brief": "祭司"
        },
        "19": {
            "sn": "00176",
            "brief": "或"
        },
        "20": {
            "sn": "00413",
            "brief": "对、向、往"
        },
        "21": {
            "sn": "00259",
            "brief": "数目的「一」"
        },
        "22": {
            "sn": "01121",
            "brief": "儿子、孙子、后裔、成员"
        },
        "23": {
            "sn": "03548",
            "brief": "祭司"
        }
    },
    "2": {
        "literal": "祭司要察看肉皮上的灾病，若灾病处的毛已经变白，灾病的现象深于他的肉上的皮肤，这便是大麻疯的灾病。祭司要察看他，定他为不洁净。",
        "0": {
            "sn": "07200",
            "brief": "Qal 看见、看顾、察觉，Nif‘al 显现，Hif‘il 显明"
        },
        "1": {
            "sn": "03548",
            "brief": "祭司"
        },
        "2": {
            "sn": "00853",
            "brief": "不必翻译"
        },
        "3": {
            "sn": "05061",
            "brief": "受伤、击打、灾病"
        },
        "4": {
            "sn": "05785",
            "brief": "皮"
        },
        "5": {
            "sn": "01320",
            "brief": "肉、身体"
        },
        "6": {
            "sn": "08181",
            "brief": "头发"
        },
        "7": {
            "sn": "05061",
            "brief": "受伤、击打、灾病"
        },
        "8": {
            "sn": "02015",
            "brief": "推翻、倾覆、转变"
        },
        "9": {
            "sn": "03836",
            "brief": "白色的"
        },
        "10": {
            "sn": "04758",
            "brief": "景象、异象、容貌、所见"
        },
        "11": {
            "sn": "05061",
            "brief": "受伤、击打、灾病"
        },
        "12": {
            "sn": "06013",
            "brief": "深的"
        },
        "13": {
            "sn": "05785",
            "brief": "皮"
        },
        "14": {
            "sn": "01320",
            "brief": "肉、身体"
        },
        "15": {
            "sn": "05061",
            "brief": "受伤、击打、灾病"
        },
        "16": {
            "sn": "06883",
            "brief": "麻疯病"
        },
        "17": {
            "sn": "01931",
            "brief": "他"
        },
        "18": {
            "sn": "07200",
            "brief": "Qal 看见、看顾、察觉，Nif‘al 显现，Hif‘il 显明"
        },
        "19": {
            "sn": "03548",
            "brief": "祭司"
        },
        "20": {
            "sn": "02930",
            "brief": "玷污、变为不洁净"
        },
        "21": {
            "sn": "00853",
            "brief": "不必翻译"
        }
    },
    "3": {
        "literal": "若火斑在他肉皮上是白的，现象不深于皮，其上的毛也没有变白，祭司就要将有灾病的人隔离七天。",
        "0": {
            "sn": "00518",
            "brief": "如果"
        },
        "1": {
            "sn": "00934",
            "brief": "白斑"
        },
        "2": {
            "sn": "03836",
            "brief": "白色的"
        },
        "3": {
            "sn": "01931",
            "brief": "他"
        },
        "4": {
            "sn": "05785",
            "brief": "皮"
        },
        "5": {
            "sn": "01320",
            "brief": "肉、身体"
        },
        "6": {
            "sn": "06013",
            "brief": "深的"
        },
        "7": {
            "sn": "00369",
            "brief": "不存在、没有"
        },
        "8": {
            "sn": "04758",
            "brief": "景象、异象、容貌、所见"
        },
        "9": {
            "sn": "04480",
            "brief": "从、出、离"
        },
        "10": {
            "sn": "05785",
            "brief": "皮"
        },
        "11": {
            "sn": "08181",
            "brief": "头发"
        },
        "12": {
            "sn": "03808",
            "brief": "不"
        },
        "13": {
            "sn": "02015",
            "brief": "推翻、倾覆、转变"
        },
        "14": {
            "sn": "03836",
            "brief": "白色的"
        },
        "15": {
            "sn": "05462",
            "brief": "Qal 关闭、堵塞，Pi‘el 关闭、交付，Hif‘il 关闭、交付"
        },
        "16": {
            "sn": "03548",
            "brief": "祭司"
        },
        "17": {
            "sn": "00853",
            "brief": "不必翻译"
        },
        "18": {
            "sn": "05061",
            "brief": "受伤、击打、灾病"
        },
        "19": {
            "sn": "07651",
            "brief": "数目的「七」"
        },
        "20": {
            "sn": "03117",
            "brief": "日子、时候"
        }
    },
    "4": {
        "literal": "第七天，祭司要察看他，看哪，灾病在他眼前止住了，没有在皮肤上扩散，祭司要再次将他隔离七天。",
        "0": {
            "sn": "07200",
            "brief": "Qal 看见、看顾、察觉，Nif‘al 显现，Hif‘il 显明"
        },
        "1": {
            "sn": "03548",
            "brief": "祭司"
        },
        "2": {
            "sn": "03117",
            "brief": "日子、时候"
        },
        "3": {
            "sn": "07637",
            "brief": "序数的「第七」"
        },
        "4": {
            "sn": "02009",
            "brief": "看哪"
        },
        "5": {
            "sn": "05061",
            "brief": "受伤、击打、灾病"
        },
        "6": {
            "sn": "05975",
            "brief": "Qal 站立、侍立、停留，Hif‘il 设立、使坚定"
        },
        "7": {
            "sn": "05869",
            "brief": "眼睛"
        },
        "8": {
            "sn": "03808",
            "brief": "不"
        },
        "9": {
            "sn": "06581",
            "brief": "扩散"
        },
        "10": {
            "sn": "05061",
            "brief": "受伤、击打、灾病"
        },
        "11": {
            "sn": "05785",
            "brief": "皮"
        },
        "12": {
            "sn": "05462",
            "brief": "Qal 关闭、堵塞，Pi‘el 关闭、交付，Hif‘il 关闭、交付"
        },
        "13": {
            "sn": "03548",
            "brief": "祭司"
        },
        "14": {
            "sn": "07651",
            "brief": "数目的「七」"
        },
        "15": {
            "sn": "03117",
            "brief": "日子、时候"
        },
        "16": {
            "sn": "08145",
            "brief": "序数的「第二」"
        }
    },
    "8": {
        "literal": "「大麻疯的灾病如在一个人身上发生，他就要被带到祭司面前。",
        "0": {
            "sn": "05061",
            "brief": "受伤、击打、灾病"
        },
        "1": {
            "sn": "06883",
            "brief": "麻疯病"
        },
        "2": {
            "sn": "03588",
            "brief": "因为、不必翻译"
        },
        "3": {
            "sn": "01961",
            "brief": "是、成为、临到"
        },
        "4": {
            "sn": "00120",
            "brief": "人"
        },
        "5": {
            "sn": "00935",
            "brief": "来、进入、临到、发生"
        },
        "6": {
            "sn": "00413",
            "brief": "对、向、往"
        },
        "7": {
            "sn": "03548",
            "brief": "祭司"
        }
    },
    "10": {
        "literal": "这是他肉皮上慢性的大麻疯，祭司要定他为不洁净，不必将他隔离，因为他已是不洁净了。",
        "0": {
            "sn": "06883",
            "brief": "麻疯病"
        },
        "1": {
            "sn": "03462",
            "brief": "Qal, Pi‘el 睡觉；Nif‘al 存留许久、溃烂"
        },
        "2": {
            "sn": "01931",
            "brief": "他"
        },
        "3": {
            "sn": "05785",
            "brief": "皮"
        },
        "4": {
            "sn": "01320",
            "brief": "肉、身体"
        },
        "5": {
            "sn": "02930",
            "brief": "玷污、变为不洁净"
        },
        "6": {
            "sn": "03548",
            "brief": "祭司"
        },
        "7": {
            "sn": "03808",
            "brief": "不"
        },
        "8": {
            "sn": "05462",
            "brief": "Qal 关闭、堵塞，Pi‘el 关闭、交付，Hif‘il 关闭、交付"
        },
        "9": {
            "sn": "03588",
            "brief": "因为、不必翻译"
        },
        "10": {
            "sn": "02931",
            "brief": "不洁净的"
        },
        "11": {
            "sn": "01931",
            "brief": "他"
        }
    },
    "11": {
        "literal": "大麻疯若在皮肤上到处生长，大麻疯长满了患者全部的皮肤，据祭司的眼所能看到的，从他的头到他的脚(都有)，",
        "0": {
            "sn": "00518",
            "brief": "如果"
        },
        "1": {
            "sn": "06524",
            "brief": "发芽"
        },
        "2": {
            "sn": "06524",
            "brief": "发芽"
        },
        "3": {
            "sn": "06883",
            "brief": "麻疯病"
        },
        "4": {
            "sn": "05785",
            "brief": "皮"
        },
        "5": {
            "sn": "03680",
            "brief": "遮盖、隐藏"
        },
        "6": {
            "sn": "06883",
            "brief": "麻疯病"
        },
        "7": {
            "sn": "00853",
            "brief": "不必翻译"
        },
        "8": {
            "sn": "03605",
            "brief": "俱各、各人、全部、整个"
        },
        "9": {
            "sn": "05785",
            "brief": "皮"
        },
        "10": {
            "sn": "05061",
            "brief": "受伤、击打、灾病"
        },
        "11": {
            "sn": "07218",
            "brief": "头、起头、山顶、领袖"
        },
        "12": {
            "sn": "05704",
            "brief": "直到"
        },
        "13": {
            "sn": "07272",
            "brief": "脚"
        },
        "14": {
            "sn": "03605",
            "brief": "俱各、各人、全部、整个"
        },
        "15": {
            "sn": "04758",
            "brief": "景象、异象、容貌、所见"
        },
        "16": {
            "sn": "05869",
            "brief": "眼睛"
        },
        "17": {
            "sn": "03548",
            "brief": "祭司"
        }
    },
    "15": {
        "literal": "鲜嫩的新肉若复原，又变白了，他就要到祭司那里。",
        "0": {
            "sn": "00176",
            "brief": "或"
        },
        "1": {
            "sn": "03588",
            "brief": "因为、不必翻译"
        },
        "2": {
            "sn": "07725",
            "brief": "Qal 回复、回转、重复，Po‘lel 带回、复兴、更新，Hif‘il 回报、报告、带回"
        },
        "3": {
            "sn": "01320",
            "brief": "肉、身体"
        },
        "4": {
            "sn": "02416",
            "brief": "活的"
        },
        "5": {
            "sn": "02015",
            "brief": "推翻、倾覆、转变"
        },
        "6": {
            "sn": "03836",
            "brief": "白色的"
        },
        "7": {
            "sn": "00935",
            "brief": "来、进入、临到、发生"
        },
        "8": {
            "sn": "00413",
            "brief": "对、向、往"
        },
        "9": {
            "sn": "03548",
            "brief": "祭司"
        }
    },
    "17": {
        "literal": "「若有肉身在他的皮肤上长疮，却治好了，",
        "0": {
            "sn": "01320",
            "brief": "肉、身体"
        },
        "1": {
            "sn": "03588",
            "brief": "因为、不必翻译"
        },
        "2": {
            "sn": "01961",
            "brief": "是、成为、临到"
        },
        "3": {
            "sn": "09002",
            "brief": "在、用、藉着、与、敌对"
        },
        "4": {
            "sn": "05785",
            "brief": "皮"
        },
        "5": {
            "sn": "07822",
            "brief": "疮、发炎的地方"
        },
        "6": {
            "sn": "07495",
            "brief": "医治"
        }
    },
    "18": {
        "literal": "在长疮之处又起了白色肿块，或是白中带红的火斑，就要给祭司察看。",
        "0": {
            "sn": "01961",
            "brief": "是、成为、临到"
        },
        "1": {
            "sn": "04725",
            "brief": "地方"
        },
        "2": {
            "sn": "07822",
            "brief": "疮、发炎的地方"
        },
        "3": {
            "sn": "07613",
            "brief": "肿块、膨胀、尊严、欣喜"
        },
        "4": {
            "sn": "03836",
            "brief": "白色的"
        },
        "5": {
            "sn": "00176",
            "brief": "或"
        },
        "6": {
            "sn": "00934",
            "brief": "白斑"
        },
        "7": {
            "sn": "03836",
            "brief": "白色的"
        },
        "8": {
            "sn": "00125",
            "brief": "带红色的"
        },
        "9": {
            "sn": "07200",
            "brief": "Qal 看见、看顾、察觉，Nif‘al 显现，Hif‘il 显明"
        },
        "10": {
            "sn": "00413",
            "brief": "对、向、往"
        },
        "11": {
            "sn": "03548",
            "brief": "祭司"
        }
    },
    "37": {
        "3": {
            "sn": "03588",
            "brief": "因为、不必翻译"
        },
        "literal": "「无论男女，皮肉上若起了火斑，就是白火斑，",
        "0": {
            "sn": "00376",
            "brief": "各人、人、男人、丈夫"
        },
        "1": {
            "sn": "00176",
            "brief": "或"
        },
        "2": {
            "sn": "00802",
            "brief": "女人，妻子"
        },
        "4": {
            "sn": "01961",
            "brief": "是、成为、临到"
        },
        "5": {
            "sn": "05785",
            "brief": "皮"
        },
        "6": {
            "sn": "01320",
            "brief": "肉、身体"
        },
        "7": {
            "sn": "00934",
            "brief": "白斑"
        },
        "8": {
            "sn": "00934",
            "brief": "白斑"
        },
        "9": {
            "sn": "03836",
            "brief": "白色的"
        }
    },
    "29": {
        "literal": "祭司就要察看灾病；看哪，它的现象深于皮，其间有细黄毛，就要定他为不洁净，这是头疥，这是头上或是胡须上的大麻疯。",
        "0": {
            "sn": "07200",
            "brief": "Qal 看见、看顾、察觉，Nif‘al 显现，Hif‘il 显明"
        },
        "1": {
            "sn": "03548",
            "brief": "祭司"
        },
        "2": {
            "sn": "00853",
            "brief": "不必翻译"
        },
        "3": {
            "sn": "05061",
            "brief": "受伤、击打、灾病"
        },
        "4": {
            "sn": "02009",
            "brief": "看哪"
        },
        "5": {
            "sn": "04758",
            "brief": "景象、异象、容貌、所见"
        },
        "6": {
            "sn": "06013",
            "brief": "深的"
        },
        "7": {
            "sn": "04480",
            "brief": "从、出、离"
        },
        "8": {
            "sn": "05785",
            "brief": "皮"
        },
        "9": {
            "sn": "09002",
            "brief": "在、用、藉着、与、敌对"
        },
        "10": {
            "sn": "08181",
            "brief": "头发"
        },
        "11": {
            "sn": "06669",
            "brief": "黄色"
        },
        "12": {
            "sn": "01851",
            "brief": "薄的、小的"
        },
        "13": {
            "sn": "02930",
            "brief": "玷污、变为不洁净"
        },
        "14": {
            "sn": "00853",
            "brief": "不必翻译"
        },
        "15": {
            "sn": "03548",
            "brief": "祭司"
        },
        "16": {
            "sn": "05424",
            "brief": "疤、皮肤疹、(麻疯病的)鳞癣"
        },
        "17": {
            "sn": "01931",
            "brief": "他"
        },
        "18": {
            "sn": "06883",
            "brief": "麻疯病"
        },
        "19": {
            "sn": "07218",
            "brief": "头、起头、山顶、领袖"
        },
        "20": {
            "sn": "00176",
            "brief": "或"
        },
        "21": {
            "sn": "02206",
            "brief": "胡须、下巴"
        },
        "22": {
            "sn": "01931",
            "brief": "他"
        }
    },
    "42": {
        "literal": "祭司就要察看，看哪，…他灾病的肿块有白中带红的，(…处填入下行)在他的头秃处或是他的顶门秃处，像肉皮上大麻疯的现象，",
        "0": {
            "sn": "07200",
            "brief": "Qal 看见、看顾、察觉，Nif‘al 显现，Hif‘il 显明"
        },
        "1": {
            "sn": "00853",
            "brief": "不必翻译"
        },
        "2": {
            "sn": "03548",
            "brief": "祭司"
        },
        "3": {
            "sn": "02009",
            "brief": "看哪"
        },
        "4": {
            "sn": "07613",
            "brief": "肿块、膨胀、尊严、欣喜"
        },
        "5": {
            "sn": "05061",
            "brief": "受伤、击打、灾病"
        },
        "6": {
            "sn": "03836",
            "brief": "白色的"
        },
        "7": {
            "sn": "00125",
            "brief": "带红色的"
        },
        "8": {
            "sn": "07146",
            "brief": "光秃、头的光秃处"
        },
        "9": {
            "sn": "00176",
            "brief": "或"
        },
        "10": {
            "sn": "01372",
            "brief": "前额秃顶"
        },
        "11": {
            "sn": "04758",
            "brief": "景象、异象、容貌、所见"
        },
        "12": {
            "sn": "06883",
            "brief": "麻疯病"
        },
        "13": {
            "sn": "05785",
            "brief": "皮"
        },
        "14": {
            "sn": "01320",
            "brief": "肉、身体"
        }
    },
    "44": {
        "literal": "「有长大麻疯灾病在他身上的，他的衣服要被撕裂，他的头要弄得松散，髭要盖着，喊叫说：『不洁净了！不洁净了！』",
        "0": {
            "sn": "06879",
            "brief": "染上麻疯病"
        },
        "1": {
            "sn": "00834",
            "brief": "不必翻译"
        },
        "2": {
            "sn": "09002",
            "brief": "在、用、藉着、与、敌对"
        },
        "3": {
            "sn": "05061",
            "brief": "受伤、击打、灾病"
        },
        "4": {
            "sn": "00899",
            "brief": "衣服"
        },
        "5": {
            "sn": "01961",
            "brief": "是、成为、临到"
        },
        "6": {
            "sn": "06533",
            "brief": "撕裂"
        },
        "7": {
            "sn": "07218",
            "brief": "头、起头、山顶、领袖"
        },
        "8": {
            "sn": "01961",
            "brief": "是、成为、临到"
        },
        "9": {
            "sn": "06544",
            "brief": "忽视、放松"
        },
        "10": {
            "sn": "05921",
            "brief": "在…旁边、在…上面"
        },
        "11": {
            "sn": "08222",
            "brief": "髭"
        },
        "12": {
            "sn": "05844",
            "brief": "盖、包"
        },
        "13": {
            "sn": "02931",
            "brief": "不洁净的"
        },
        "14": {
            "sn": "02931",
            "brief": "不洁净的"
        },
        "15": {
            "sn": "07121",
            "brief": "喊叫、召集、称呼、求告、朗读"
        }
    },
    "58": {
        "literal": "这就是大麻疯灾病的条例，无论是在羊毛衣服上，麻布衣服上，或经线上、或纬线上，或皮做的甚么物件上，可以定为洁净或是不洁净。",
        "0": {
            "sn": "02063",
            "brief": "这个"
        },
        "1": {
            "sn": "08451",
            "brief": "训诲、教导、律法"
        },
        "2": {
            "sn": "05061",
            "brief": "受伤、击打、灾病"
        },
        "3": {
            "sn": "06883",
            "brief": "麻疯病"
        },
        "4": {
            "sn": "00899",
            "brief": "衣服"
        },
        "5": {
            "sn": "06785",
            "brief": "羊毛"
        },
        "6": {
            "sn": "00176",
            "brief": "或"
        },
        "7": {
            "sn": "06593",
            "brief": "麻"
        },
        "8": {
            "sn": "00176",
            "brief": "或"
        },
        "9": {
            "sn": "08359",
            "brief": "经线"
        },
        "10": {
            "sn": "00176",
            "brief": "或"
        },
        "11": {
            "sn": "06154",
            "brief": "I. 混合；II. 纬线、织物"
        },
        "12": {
            "sn": "00176",
            "brief": "或"
        },
        "13": {
            "sn": "03605",
            "brief": "俱各、各人、全部、整个"
        },
        "14": {
            "sn": "03627",
            "brief": "器皿、器械、器具"
        },
        "15": {
            "sn": "05785",
            "brief": "皮"
        },
        "16": {
            "sn": "02891",
            "brief": "洁净"
        },
        "17": {
            "sn": "00176",
            "brief": "或"
        },
        "18": {
            "sn": "02930",
            "brief": "玷污、变为不洁净"
        },
        "19": {
            "sn": "09015",
            "brief": "开的意思"
        }
    }
}