{
    "32": {
        "5": {
            "sn": "09001",
            "brief": "给、往、向、到、归属于"
        },
        "0": {
            "sn": "03318",
            "brief": "Qal 出去，Hif‘il 领出、从....带出来"
        },
        "literal": "把你们从埃及地领出来，为要作你们的上帝。我是雅威。」",
        "1": {
            "sn": "00853",
            "brief": "不必翻译"
        },
        "2": {
            "sn": "00776",
            "brief": "地、邦国、疆界"
        },
        "3": {
            "sn": "04714",
            "brief": "埃及"
        },
        "4": {
            "sn": "01961",
            "brief": "作、是、成为、临到"
        },
        "6": {
            "sn": "00430",
            "brief": "上帝、神、神明"
        },
        "7": {
            "sn": "00589",
            "brief": "我"
        },
        "8": {
            "sn": "03068",
            "brief": "上帝的名字「雅威」，犹太人尊称为「上主」"
        },
        "9": {
            "sn": "09015",
            "brief": "开的意思"
        }
    },
    "23": {
        "4": {
            "sn": "03808",
            "brief": "不"
        },
        "8": {
            "sn": "03808",
            "brief": "不"
        },
        "0": {
            "sn": "04600",
            "brief": "紧握、挤压"
        },
        "1": {
            "sn": "03807",
            "brief": "打、压碎"
        },
        "2": {
            "sn": "05423",
            "brief": "折断"
        },
        "3": {
            "sn": "03772",
            "brief": "立约、剪除、切开、砍下"
        },
        "6": {
            "sn": "03068",
            "brief": "上帝的名字「雅威」，犹太人尊称为「上主」"
        },
        "7": {
            "sn": "00776",
            "brief": "地、邦国、疆界"
        },
        "5": {
            "sn": "07126",
            "brief": "临近、靠近、带近、呈献"
        },
        "9": {
            "sn": "06213",
            "brief": "做"
        },
        "literal": "损伤的，或是压碎的，或是破裂的，或是割了的，不可献给雅威，在你们的地上也不可(这样)行。"
    },
    "25": {
        "0": {
            "sn": "01696",
            "brief": "Pi‘el 讲、说、指挥"
        },
        "literal": "雅威吩咐摩西说：",
        "1": {
            "sn": "03068",
            "brief": "上帝的名字「雅威」，犹太人尊称为「上主」"
        },
        "2": {
            "sn": "00413",
            "brief": "向、往"
        },
        "3": {
            "sn": "04872",
            "brief": "摩西"
        },
        "4": {
            "sn": "00559",
            "brief": "说"
        }
    },
    "15": {
        "literal": "免得他们…而自取罪孽，(…处填入下行)因吃他们的圣物因为我是使他们成圣的雅威。」",
        "0": {
            "sn": "05375",
            "brief": "高举、举起、背负、承担"
        },
        "1": {
            "sn": "00853",
            "brief": "不必翻译"
        },
        "2": {
            "sn": "05771",
            "brief": "罪孽"
        },
        "3": {
            "sn": "00819",
            "brief": "罪孽"
        },
        "4": {
            "sn": "00398",
            "brief": "吃、吞吃"
        },
        "5": {
            "sn": "00853",
            "brief": "不必翻译"
        },
        "6": {
            "sn": "06944",
            "brief": "圣所、圣物、神圣"
        },
        "7": {
            "sn": "03588",
            "brief": "因为、不必翻译"
        },
        "8": {
            "sn": "00589",
            "brief": "我"
        },
        "9": {
            "sn": "03068",
            "brief": "上帝的名字「雅威」，犹太人尊称为「上主」"
        },
        "10": {
            "sn": "06942",
            "brief": "分别为圣、把…奉献给上帝"
        },
        "11": {
            "sn": "09015",
            "brief": "开的意思"
        }
    },
    "30": {
        "literal": "「你们要谨守我的诫命，遵行它们。我是雅威。",
        "2": {
            "sn": "06213",
            "brief": "做"
        },
        "4": {
            "sn": "00589",
            "brief": "我"
        },
        "0": {
            "sn": "08104",
            "brief": "遵守、保护、小心"
        },
        "1": {
            "sn": "04687",
            "brief": "命令、吩咐"
        },
        "3": {
            "sn": "00853",
            "brief": "不必翻译"
        },
        "5": {
            "sn": "03068",
            "brief": "上帝的名字「雅威」，犹太人尊称为「上主」"
        }
    },
    "20": {
        "literal": "凡…将平安祭献给雅威，(…处填入下行)为要还特许的愿，或是作甘心献的，从牛群或是羊群中，所献的必纯全无残疾在它身上的才蒙悦纳。",
        "0": {
            "sn": "00376",
            "brief": "各人、人、男人、丈夫"
        },
        "1": {
            "sn": "03588",
            "brief": "因为、不必翻译"
        },
        "2": {
            "sn": "07126",
            "brief": "临近、靠近、带近、呈献"
        },
        "3": {
            "sn": "02077",
            "brief": "祭物、献祭"
        },
        "4": {
            "sn": "08002",
            "brief": "平安祭"
        },
        "5": {
            "sn": "03068",
            "brief": "上帝的名字「雅威」，犹太人尊称为「上主」"
        },
        "6": {
            "sn": "06381",
            "brief": "Qal 奇妙的；Pi‘el 分别 (供物)"
        },
        "7": {
            "sn": "05088",
            "brief": "许愿"
        },
        "8": {
            "sn": "00176",
            "brief": "或"
        },
        "9": {
            "sn": "05071",
            "brief": "甘心"
        },
        "10": {
            "sn": "01241",
            "brief": "牛"
        },
        "11": {
            "sn": "00176",
            "brief": "或"
        },
        "12": {
            "sn": "06629",
            "brief": "羊"
        },
        "13": {
            "sn": "08549",
            "brief": "健康的、健全的、完整的"
        },
        "14": {
            "sn": "01961",
            "brief": "是、成为、临到"
        },
        "15": {
            "sn": "07522",
            "brief": "喜悦、悦纳、恩典、意愿"
        },
        "16": {
            "sn": "03605",
            "brief": "俱各、各人、全部、整个"
        },
        "17": {
            "sn": "03971",
            "brief": "缺陷、瑕疵"
        },
        "18": {
            "sn": "03808",
            "brief": "不"
        },
        "19": {
            "sn": "01961",
            "brief": "是、成为、临到"
        },
        "20": {
            "sn": "09002",
            "brief": "在、用、藉着、与、敌对"
        }
    },
    "26": {
        "literal": "「才生的公牛，或是绵羊或是山羊，七天当跟着它的母；从第八天以后，可以当供物蒙悦纳，作为雅威的火祭。",
        "0": {
            "sn": "07794",
            "brief": "公牛"
        },
        "1": {
            "sn": "00176",
            "brief": "或"
        },
        "2": {
            "sn": "03775",
            "brief": "绵羊"
        },
        "3": {
            "sn": "00176",
            "brief": "或"
        },
        "4": {
            "sn": "05795",
            "brief": "山羊、母山羊"
        },
        "5": {
            "sn": "03588",
            "brief": "因为、不必翻译"
        },
        "6": {
            "sn": "03205",
            "brief": "生出、出生"
        },
        "7": {
            "sn": "01961",
            "brief": "是、成为、临到"
        },
        "8": {
            "sn": "07651",
            "brief": "数目的「七」"
        },
        "9": {
            "sn": "03117",
            "brief": "日子、时候"
        },
        "10": {
            "sn": "08478",
            "brief": "1. 名词：位置、地方；2. 介系词：在…之下；3. 介系词：代替、因为"
        },
        "11": {
            "sn": "00517",
            "brief": "母亲"
        },
        "12": {
            "sn": "03117",
            "brief": "日子、时候"
        },
        "13": {
            "sn": "08066",
            "brief": "序数的「第八」"
        },
        "14": {
            "sn": "01973",
            "brief": "在那边、在…外"
        },
        "15": {
            "sn": "07521",
            "brief": "悦纳、满意"
        },
        "16": {
            "sn": "07133",
            "brief": "供物、奉献"
        },
        "17": {
            "sn": "00801",
            "brief": "火祭"
        },
        "18": {
            "sn": "03068",
            "brief": "上帝的名字「雅威」，犹太人尊称为「上主」"
        }
    },
    "29": {
        "literal": "它要当天被吃掉，你们不可把它留到早晨。我是雅威。",
        "0": {
            "sn": "03117",
            "brief": "日子、时候"
        },
        "1": {
            "sn": "01931",
            "brief": "他、她"
        },
        "2": {
            "sn": "00398",
            "brief": "吃、吞吃"
        },
        "3": {
            "sn": "03808",
            "brief": "不"
        },
        "4": {
            "sn": "03498",
            "brief": "剩下"
        },
        "5": {
            "sn": "04480",
            "brief": "从、出、离"
        },
        "6": {
            "sn": "05704",
            "brief": "直到"
        },
        "7": {
            "sn": "01242",
            "brief": "早晨"
        },
        "8": {
            "sn": "00589",
            "brief": "我"
        },
        "9": {
            "sn": "03068",
            "brief": "上帝的名字「雅威」，犹太人尊称为「上主」"
        }
    },
    "7": {
        "literal": "尸体或是被撕裂的，他不可吃以致因它(原文用阴性)污秽。我是雅威。",
        "0": {
            "sn": "05038",
            "brief": "尸体"
        },
        "1": {
            "sn": "02966",
            "brief": "撕碎的东西"
        },
        "2": {
            "sn": "03808",
            "brief": "不"
        },
        "3": {
            "sn": "00398",
            "brief": "吃、吞吃"
        },
        "4": {
            "sn": "02930",
            "brief": "玷污、变为不洁净"
        },
        "5": {
            "sn": "09002",
            "brief": "在、用、藉着、与、敌对"
        },
        "6": {
            "sn": "00589",
            "brief": "我"
        },
        "7": {
            "sn": "03068",
            "brief": "上帝的名字「雅威」，犹太人尊称为「上主」"
        }
    },
    "5": {
        "literal": "摸了它的人必不洁净到晚上；他不可吃圣物，除非他用水洗身。",
        "0": {
            "sn": "05315",
            "brief": "生命、人"
        },
        "1": {
            "sn": "00834",
            "brief": "不必翻译"
        },
        "2": {
            "sn": "05060",
            "brief": "接触、触及"
        },
        "3": {
            "sn": "09002",
            "brief": "在、用、藉着、与、敌对"
        },
        "4": {
            "sn": "02930",
            "brief": "玷污、变为不洁净"
        },
        "5": {
            "sn": "05704",
            "brief": "直到"
        },
        "6": {
            "sn": "06153",
            "brief": "黄昏"
        },
        "7": {
            "sn": "03808",
            "brief": "不"
        },
        "8": {
            "sn": "00398",
            "brief": "吃、吞吃"
        },
        "9": {
            "sn": "04480",
            "brief": "从、出、离"
        },
        "10": {
            "sn": "06944",
            "brief": "圣所、圣物、神圣"
        },
        "11": {
            "sn": "03588",
            "brief": "因为、不必翻译"
        },
        "12": {
            "sn": "00518",
            "brief": "如果"
        },
        "13": {
            "sn": "07364",
            "brief": "洗"
        },
        "14": {
            "sn": "01320",
            "brief": "肉、身体"
        },
        "15": {
            "sn": "04325",
            "brief": "水"
        }
    },
    "0": {
        "0": {
            "sn": "01696",
            "brief": "Pi‘el 讲、说、指挥"
        },
        "literal": "雅威吩咐摩西说：",
        "1": {
            "sn": "03068",
            "brief": "上帝的名字「雅威」，犹太人尊称为「上主」"
        },
        "2": {
            "sn": "00413",
            "brief": "向、往"
        },
        "3": {
            "sn": "04872",
            "brief": "摩西"
        },
        "4": {
            "sn": "00559",
            "brief": "说"
        }
    },
    "14": {
        "literal": "他们不能亵渎以色列人…的圣物，(…处填入下行)所献给雅威",
        "0": {
            "sn": "03808",
            "brief": "不"
        },
        "1": {
            "sn": "02490",
            "brief": "I. Qal 刺杀、伤害；II. Pi‘el 吹笛子；III. Pi‘el 亵渎、污辱、玷污、俗化，Hif‘il 亵渎、开始"
        },
        "2": {
            "sn": "00853",
            "brief": "不必翻译"
        },
        "3": {
            "sn": "06944",
            "brief": "圣所、圣物、神圣"
        },
        "4": {
            "sn": "01121",
            "brief": "儿子、孙子、后裔、成员"
        },
        "5": {
            "sn": "03478",
            "brief": "以色列"
        },
        "6": {
            "sn": "00853",
            "brief": "不必翻译"
        },
        "7": {
            "sn": "00834",
            "brief": "不必翻译"
        },
        "8": {
            "sn": "07311",
            "brief": "高举、抬高"
        },
        "9": {
            "sn": "03068",
            "brief": "上帝的名字「雅威」，犹太人尊称为「上主」"
        }
    },
    "28": {
        "0": {
            "sn": "03588",
            "brief": "因为、不必翻译"
        },
        "1": {
            "sn": "02076",
            "brief": "屠宰、献祭"
        },
        "2": {
            "sn": "02077",
            "brief": "祭物、献祭"
        },
        "3": {
            "sn": "08426",
            "brief": "感谢、赞美"
        },
        "4": {
            "sn": "03068",
            "brief": "上帝的名字「雅威」，犹太人尊称为「上主」"
        },
        "5": {
            "sn": "07522",
            "brief": "喜悦、悦纳、恩典、意愿"
        },
        "6": {
            "sn": "02076",
            "brief": "屠宰、献祭"
        },
        "literal": "当你们献感谢祭给雅威的时候，要献得让你们可蒙悦纳。"
    },
    "9": {
        "literal": "「任何外人都不可吃圣物；祭司(家)的寄居者或雇工，也不可吃圣物；",
        "0": {
            "sn": "03605",
            "brief": "全部、整个、各"
        },
        "1": {
            "sn": "02114",
            "brief": "做外国人、做陌生人"
        },
        "2": {
            "sn": "03808",
            "brief": "不"
        },
        "3": {
            "sn": "00398",
            "brief": "吃、吞吃"
        },
        "4": {
            "sn": "06944",
            "brief": "圣所、圣物、神圣"
        },
        "5": {
            "sn": "08453",
            "brief": "外地人、寄居者"
        },
        "6": {
            "sn": "03548",
            "brief": "祭司"
        },
        "7": {
            "sn": "07916",
            "brief": "受雇的"
        },
        "8": {
            "sn": "03808",
            "brief": "不"
        },
        "9": {
            "sn": "00398",
            "brief": "吃、吞吃"
        },
        "10": {
            "sn": "06944",
            "brief": "圣所、圣物、神圣"
        }
    },
    "11": {
        "literal": "祭司的女儿若嫁外人，她就不可吃神圣的祭物。",
        "0": {
            "sn": "01323",
            "brief": "女子、女儿"
        },
        "1": {
            "sn": "03548",
            "brief": "祭司"
        },
        "2": {
            "sn": "03588",
            "brief": "因为、不必翻译"
        },
        "3": {
            "sn": "01961",
            "brief": "是、成为、临到"
        },
        "4": {
            "sn": "00376",
            "brief": "各人、人、男人、丈夫"
        },
        "5": {
            "sn": "02114",
            "brief": "做外国人、做陌生人"
        },
        "6": {
            "sn": "01931",
            "brief": "他、她"
        },
        "7": {
            "sn": "08641",
            "brief": "供物、奉献"
        },
        "8": {
            "sn": "06944",
            "brief": "圣所、圣物、神圣"
        },
        "9": {
            "sn": "03808",
            "brief": "不"
        },
        "10": {
            "sn": "00398",
            "brief": "吃、吞吃"
        }
    },
    "13": {
        "literal": "若有人误吃了圣物，要加它的五分之一在它上面，把圣物交给祭司。",
        "0": {
            "sn": "00376",
            "brief": "各人、人、男人、丈夫"
        },
        "1": {
            "sn": "03588",
            "brief": "因为、不必翻译"
        },
        "2": {
            "sn": "00398",
            "brief": "吃、吞吃"
        },
        "3": {
            "sn": "06944",
            "brief": "圣所、圣物、神圣"
        },
        "4": {
            "sn": "07684",
            "brief": "犯罪、错误"
        },
        "5": {
            "sn": "03254",
            "brief": "再一次、增添"
        },
        "6": {
            "sn": "02549",
            "brief": "序数的「第五」"
        },
        "7": {
            "sn": "05921",
            "brief": "在…上面"
        },
        "8": {
            "sn": "05414",
            "brief": "给"
        },
        "9": {
            "sn": "03548",
            "brief": "祭司"
        },
        "10": {
            "sn": "00853",
            "brief": "不必翻译"
        },
        "11": {
            "sn": "06944",
            "brief": "圣所、圣物、神圣"
        }
    },
    "3": {
        "literal": "亚伦的后裔，凡长大麻疯的，或是有漏症的，不可吃圣物，直等他洁净了。无论谁摸那因尸体而不洁净的人，或是遗精的人，",
        "0": {
            "sn": "00376",
            "brief": "各人、人、男人、丈夫"
        },
        "1": {
            "sn": "00376",
            "brief": "各人、人、男人、丈夫"
        },
        "2": {
            "sn": "02233",
            "brief": "种子"
        },
        "3": {
            "sn": "00175",
            "brief": "亚伦"
        },
        "4": {
            "sn": "01931",
            "brief": "他、她"
        },
        "5": {
            "sn": "06879",
            "brief": "染上麻疯病"
        },
        "6": {
            "sn": "00176",
            "brief": "或"
        },
        "7": {
            "sn": "02100",
            "brief": "涌出、喷出"
        },
        "8": {
            "sn": "06944",
            "brief": "圣所、圣物、神圣"
        },
        "9": {
            "sn": "03808",
            "brief": "不"
        },
        "10": {
            "sn": "00398",
            "brief": "吃、吞吃"
        },
        "11": {
            "sn": "05704",
            "brief": "直到"
        },
        "12": {
            "sn": "00834",
            "brief": "不必翻译"
        },
        "13": {
            "sn": "02891",
            "brief": "洁净"
        },
        "14": {
            "sn": "05060",
            "brief": "接触、触及"
        },
        "15": {
            "sn": "03605",
            "brief": "全部、整个、各"
        },
        "16": {
            "sn": "02931",
            "brief": "不洁净的"
        },
        "17": {
            "sn": "05315",
            "brief": "生命、人"
        },
        "18": {
            "sn": "00176",
            "brief": "或"
        },
        "19": {
            "sn": "00376",
            "brief": "各人、人、男人、丈夫"
        },
        "20": {
            "sn": "00834",
            "brief": "不必翻译"
        },
        "21": {
            "sn": "03318",
            "brief": "Qal 出去，Hif‘il 领出、从....带出来"
        },
        "22": {
            "sn": "04480",
            "brief": "从、出、离"
        },
        "23": {
            "sn": "07902",
            "brief": "性行为、一层"
        },
        "24": {
            "sn": "02233",
            "brief": "种子"
        }
    },
    "31": {
        "literal": "你们不可亵渎我的圣名；我在以色列人中，要被尊为圣。我是使你们成圣的雅威，",
        "0": {
            "sn": "03808",
            "brief": "不"
        },
        "1": {
            "sn": "02490",
            "brief": "I. Qal 刺杀、伤害；II. Pi‘el 吹笛子；III. Pi‘el 亵渎、污辱、玷污、俗化，Hif‘il 亵渎、开始"
        },
        "2": {
            "sn": "00853",
            "brief": "不必翻译"
        },
        "3": {
            "sn": "08034",
            "brief": "名、名字"
        },
        "4": {
            "sn": "06944",
            "brief": "圣所、圣物、神圣"
        },
        "5": {
            "sn": "06942",
            "brief": "分别为圣、把…奉献给上帝"
        },
        "6": {
            "sn": "08432",
            "brief": "中间"
        },
        "7": {
            "sn": "01121",
            "brief": "儿子、孙子、后裔、成员"
        },
        "8": {
            "sn": "03478",
            "brief": "以色列"
        },
        "9": {
            "sn": "00589",
            "brief": "我"
        },
        "10": {
            "sn": "03068",
            "brief": "上帝的名字「雅威」，犹太人尊称为「上主」"
        },
        "11": {
            "sn": "06942",
            "brief": "分别为圣、把…奉献给上帝"
        }
    },
    "1": {
        "literal": "「你要吩咐亚伦和他的儿子们说：要谨慎处理以色列人的圣物，免得亵渎我的圣名，它们是分别为圣归给我的。我是雅威。",
        "0": {
            "sn": "01696",
            "brief": "Pi‘el 讲、说、指挥"
        },
        "1": {
            "sn": "00413",
            "brief": "向、往"
        },
        "2": {
            "sn": "00175",
            "brief": "亚伦"
        },
        "3": {
            "sn": "00413",
            "brief": "向、往"
        },
        "4": {
            "sn": "01121",
            "brief": "儿子、孙子、后裔、成员"
        },
        "5": {
            "sn": "05144",
            "brief": "献身、奉献、使分别为圣"
        },
        "6": {
            "sn": "06944",
            "brief": "圣所、圣物、神圣"
        },
        "7": {
            "sn": "01121",
            "brief": "儿子、孙子、后裔、成员"
        },
        "8": {
            "sn": "03478",
            "brief": "以色列"
        },
        "9": {
            "sn": "03808",
            "brief": "不"
        },
        "10": {
            "sn": "02490",
            "brief": "I. Qal 刺杀、伤害；II. Pi‘el 吹笛子；III. Pi‘el 亵渎、污辱、玷污、俗化，Hif‘il 亵渎、开始"
        },
        "11": {
            "sn": "00853",
            "brief": "不必翻译"
        },
        "12": {
            "sn": "08034",
            "brief": "名、名字"
        },
        "13": {
            "sn": "06944",
            "brief": "圣所、圣物、神圣"
        },
        "14": {
            "sn": "00834",
            "brief": "不必翻译"
        },
        "15": {
            "sn": "01992",
            "brief": "他们"
        },
        "16": {
            "sn": "06942",
            "brief": "分别为圣、把…奉献给上帝"
        },
        "17": {
            "sn": "09001",
            "brief": "给、往、向、到、归属于"
        },
        "18": {
            "sn": "00589",
            "brief": "我"
        },
        "19": {
            "sn": "03068",
            "brief": "上帝的名字「雅威」，犹太人尊称为「上主」"
        }
    },
    "2": {
        "literal": "你要对他们说：你们的世世代代，你们的后裔中凡…却挨近…圣物的，(…处填入下第二行和下行)以色列人所分别为圣归雅威之在他身上仍不洁净、那人必从我面前被剪除。我是雅威。",
        "0": {
            "sn": "00559",
            "brief": "说"
        },
        "1": {
            "sn": "00413",
            "brief": "向、往"
        },
        "2": {
            "sn": "01755",
            "brief": "年代、世代、后代、居所"
        },
        "3": {
            "sn": "03605",
            "brief": "全部、整个、各"
        },
        "4": {
            "sn": "00376",
            "brief": "各人、人、男人、丈夫"
        },
        "5": {
            "sn": "00834",
            "brief": "不必翻译"
        },
        "6": {
            "sn": "07126",
            "brief": "临近、靠近、带近、呈献"
        },
        "7": {
            "sn": "03605",
            "brief": "全部、整个、各"
        },
        "8": {
            "sn": "02233",
            "brief": "种子"
        },
        "9": {
            "sn": "00413",
            "brief": "向、往"
        },
        "10": {
            "sn": "06944",
            "brief": "圣所、圣物、神圣"
        },
        "11": {
            "sn": "00834",
            "brief": "不必翻译"
        },
        "12": {
            "sn": "06942",
            "brief": "分别为圣、把…奉献给上帝"
        },
        "13": {
            "sn": "01121",
            "brief": "儿子、孙子、后裔、成员"
        },
        "14": {
            "sn": "03478",
            "brief": "以色列"
        },
        "15": {
            "sn": "03068",
            "brief": "上帝的名字「雅威」，犹太人尊称为「上主」"
        },
        "16": {
            "sn": "02932",
            "brief": "污秽、不洁净"
        },
        "17": {
            "sn": "05921",
            "brief": "在…上面"
        },
        "18": {
            "sn": "03772",
            "brief": "立约、剪除、切开、砍下"
        },
        "19": {
            "sn": "05315",
            "brief": "生命、人"
        },
        "20": {
            "sn": "01931",
            "brief": "他、她"
        },
        "21": {
            "sn": "03942",
            "brief": "在…之前"
        },
        "22": {
            "sn": "00589",
            "brief": "我"
        },
        "23": {
            "sn": "03068",
            "brief": "上帝的名字「雅威」，犹太人尊称为「上主」"
        }
    },
    "22": {
        "literal": "无论是公牛是绵羊羔，若肢体有余的，或是缺少的，可以把它作甘心祭献上；但(如)用以还愿，就不蒙悦纳。",
        "0": {
            "sn": "07794",
            "brief": "公牛"
        },
        "1": {
            "sn": "07716",
            "brief": "羊羔"
        },
        "2": {
            "sn": "08311",
            "brief": "伸展、舒身"
        },
        "3": {
            "sn": "07038",
            "brief": "残缺的、畸形的"
        },
        "4": {
            "sn": "05071",
            "brief": "甘心"
        },
        "5": {
            "sn": "06213",
            "brief": "做"
        },
        "6": {
            "sn": "00853",
            "brief": "不必翻译"
        },
        "7": {
            "sn": "05088",
            "brief": "许愿"
        },
        "8": {
            "sn": "03808",
            "brief": "不"
        },
        "9": {
            "sn": "07521",
            "brief": "悦纳、满意"
        }
    },
    "24": {
        "literal": "从外人的手，任何这类动物你们也不可献上作你们上帝的食物；因为它们有损坏，有残疾，对你们而言不会蒙悦纳。」",
        "0": {
            "sn": "03027",
            "brief": "手、边、力量、权势"
        },
        "1": {
            "sn": "01121",
            "brief": "儿子、孙子、后裔、成员"
        },
        "2": {
            "sn": "05236",
            "brief": "外国人、外邦人"
        },
        "3": {
            "sn": "03808",
            "brief": "不"
        },
        "4": {
            "sn": "07126",
            "brief": "临近、靠近、带近、呈献"
        },
        "5": {
            "sn": "00853",
            "brief": "不必翻译"
        },
        "6": {
            "sn": "03899",
            "brief": "饼、面包"
        },
        "7": {
            "sn": "00430",
            "brief": "上帝、神、神明"
        },
        "8": {
            "sn": "03605",
            "brief": "全部、整个、各"
        },
        "9": {
            "sn": "00428",
            "brief": "这些"
        },
        "10": {
            "sn": "03588",
            "brief": "因为、不必翻译"
        },
        "11": {
            "sn": "04893",
            "brief": "腐坏"
        },
        "12": {
            "sn": "09002",
            "brief": "在、用、藉着、与、敌对"
        },
        "13": {
            "sn": "03971",
            "brief": "缺陷、瑕疵"
        },
        "14": {
            "sn": "09002",
            "brief": "在、用、藉着、与、敌对"
        },
        "15": {
            "sn": "03808",
            "brief": "不"
        },
        "16": {
            "sn": "07521",
            "brief": "悦纳、满意"
        },
        "17": {
            "sn": "09001",
            "brief": "给、往、向、到、归属于"
        },
        "18": {
            "sn": "09015",
            "brief": "开的意思"
        }
    },
    "17": {
        "literal": "你要吩咐亚伦和他的子孙，并以色列众人，对他们说：「以色列家中的人，或在以色列中寄居的，凡…的，(…处填入下行)献他的供物，无论是所许的愿，是甘心献的，就是献给雅威作燔祭",
        "0": {
            "sn": "01696",
            "brief": "Pi‘el 讲、说、指挥"
        },
        "1": {
            "sn": "00413",
            "brief": "向、往"
        },
        "2": {
            "sn": "00175",
            "brief": "亚伦"
        },
        "3": {
            "sn": "00413",
            "brief": "向、往"
        },
        "4": {
            "sn": "01121",
            "brief": "儿子、孙子、后裔、成员"
        },
        "5": {
            "sn": "00413",
            "brief": "向、往"
        },
        "6": {
            "sn": "03605",
            "brief": "俱各、各人、全部、整个"
        },
        "7": {
            "sn": "01121",
            "brief": "儿子、孙子、后裔、成员"
        },
        "8": {
            "sn": "03478",
            "brief": "以色列"
        },
        "9": {
            "sn": "00559",
            "brief": "说"
        },
        "10": {
            "sn": "00413",
            "brief": "向、往"
        },
        "11": {
            "sn": "00376",
            "brief": "各人、人、男人、丈夫"
        },
        "12": {
            "sn": "00376",
            "brief": "各人、人、男人、丈夫"
        },
        "13": {
            "sn": "01004",
            "brief": "房子、家"
        },
        "14": {
            "sn": "03478",
            "brief": "以色列"
        },
        "15": {
            "sn": "04480",
            "brief": "从、出、离"
        },
        "16": {
            "sn": "01616",
            "brief": "寄居者"
        },
        "17": {
            "sn": "03478",
            "brief": "以色列"
        },
        "18": {
            "sn": "00834",
            "brief": "不必翻译"
        },
        "19": {
            "sn": "07126",
            "brief": "临近、靠近、带近、呈献"
        },
        "20": {
            "sn": "07133",
            "brief": "供物、奉献"
        },
        "21": {
            "sn": "03605",
            "brief": "俱各、各人、全部、整个"
        },
        "22": {
            "sn": "05088",
            "brief": "许愿"
        },
        "23": {
            "sn": "03605",
            "brief": "俱各、各人、全部、整个"
        },
        "24": {
            "sn": "05071",
            "brief": "甘心"
        },
        "25": {
            "sn": "00834",
            "brief": "不必翻译"
        },
        "26": {
            "sn": "07126",
            "brief": "临近、靠近、带近、呈献"
        },
        "27": {
            "sn": "03068",
            "brief": "上帝的名字「雅威」，犹太人尊称为「上主」"
        },
        "28": {
            "sn": "05930",
            "brief": "燔祭"
        }
    },
    "27": {
        "literal": "(无论是)牛或羊，不可在同日宰杀它和它的幼子。",
        "0": {
            "sn": "07794",
            "brief": "公牛"
        },
        "1": {
            "sn": "00176",
            "brief": "或"
        },
        "2": {
            "sn": "07716",
            "brief": "绵羊、山羊、小绵羊、小山羊"
        },
        "3": {
            "sn": "00853",
            "brief": "不必翻译"
        },
        "4": {
            "sn": "00853",
            "brief": "不必翻译"
        },
        "5": {
            "sn": "01121",
            "brief": "儿子、孙子、后裔、成员"
        },
        "6": {
            "sn": "03808",
            "brief": "不"
        },
        "7": {
            "sn": "07819",
            "brief": "宰杀"
        },
        "8": {
            "sn": "03117",
            "brief": "日子、时候"
        },
        "9": {
            "sn": "00259",
            "brief": "数目的「一」"
        }
    },
    "18": {
        "literal": "…对你们才算蒙悦纳。(…处填入下行)要将公的没有残疾的牛、绵羊，或山羊献上，",
        "0": {
            "sn": "07522",
            "brief": "喜悦、悦纳、恩典、意愿"
        },
        "1": {
            "sn": "08549",
            "brief": "健康的、健全的、完整的"
        },
        "2": {
            "sn": "02145",
            "brief": "男人、男的"
        },
        "3": {
            "sn": "01241",
            "brief": "牛"
        },
        "4": {
            "sn": "03775",
            "brief": "绵羊"
        },
        "5": {
            "sn": "05795",
            "brief": "山羊、母山羊"
        }
    },
    "19": {
        "literal": "凡有残疾在它身上的，你们不可献上，因为这对你们而言不蒙悦纳。",
        "0": {
            "sn": "03605",
            "brief": "俱各、各人、全部、整个"
        },
        "1": {
            "sn": "00834",
            "brief": "不必翻译"
        },
        "2": {
            "sn": "09002",
            "brief": "在、用、藉着、与、敌对"
        },
        "3": {
            "sn": "03971",
            "brief": "缺陷、瑕疵"
        },
        "4": {
            "sn": "03808",
            "brief": "不"
        },
        "5": {
            "sn": "07126",
            "brief": "临近、靠近、带近、呈献"
        },
        "6": {
            "sn": "03588",
            "brief": "因为、不必翻译"
        },
        "7": {
            "sn": "03808",
            "brief": "不"
        },
        "8": {
            "sn": "07522",
            "brief": "喜悦、悦纳、恩典、意愿"
        },
        "9": {
            "sn": "01961",
            "brief": "是、成为、临到"
        },
        "10": {
            "sn": "09001",
            "brief": "给、往、向、到、归属于"
        }
    },
    "6": {
        "literal": "日落的时候，他就洁净了，然后他才可以吃圣物，因为那是他的食物。",
        "0": {
            "sn": "00935",
            "brief": "来、进入、临到、发生"
        },
        "1": {
            "sn": "08121",
            "brief": "太阳"
        },
        "2": {
            "sn": "02891",
            "brief": "洁净"
        },
        "3": {
            "sn": "00310",
            "brief": "后面"
        },
        "4": {
            "sn": "00398",
            "brief": "吃、吞吃"
        },
        "5": {
            "sn": "04480",
            "brief": "从、出、离"
        },
        "6": {
            "sn": "06944",
            "brief": "圣所、圣物、神圣"
        },
        "7": {
            "sn": "03588",
            "brief": "因为、不必翻译"
        },
        "8": {
            "sn": "03899",
            "brief": "面包、食物"
        },
        "9": {
            "sn": "01931",
            "brief": "他"
        }
    },
    "4": {
        "literal": "或是摸那会使他不洁净的爬物，或是会使他不洁净的人（不拘那人有甚么不洁净），",
        "0": {
            "sn": "00176",
            "brief": "或"
        },
        "1": {
            "sn": "00376",
            "brief": "各人、人、男人、丈夫"
        },
        "2": {
            "sn": "00834",
            "brief": "不必翻译"
        },
        "3": {
            "sn": "05060",
            "brief": "接触、触及"
        },
        "4": {
            "sn": "03605",
            "brief": "全部、整个、各"
        },
        "5": {
            "sn": "08318",
            "brief": "爬行的动物"
        },
        "6": {
            "sn": "00834",
            "brief": "不必翻译"
        },
        "7": {
            "sn": "02930",
            "brief": "玷污、变为不洁净"
        },
        "8": {
            "sn": "09001",
            "brief": "给、往、向、到、归属于"
        },
        "9": {
            "sn": "00176",
            "brief": "或"
        },
        "10": {
            "sn": "00120",
            "brief": "人"
        },
        "11": {
            "sn": "00834",
            "brief": "不必翻译"
        },
        "12": {
            "sn": "02930",
            "brief": "玷污、变为不洁净"
        },
        "13": {
            "sn": "09001",
            "brief": "给、往、向、到、归属于"
        },
        "14": {
            "sn": "03605",
            "brief": "全部、整个、各"
        },
        "15": {
            "sn": "02932",
            "brief": "污秽、不洁净"
        }
    },
    "8": {
        "literal": "所以他们要遵守我所吩咐的，免得…而因此担罪而死。(…处填入下行)他们亵渎它，我是使他们分别为圣的雅威。",
        "0": {
            "sn": "08104",
            "brief": "遵守、保护、小心"
        },
        "1": {
            "sn": "00853",
            "brief": "不必翻译"
        },
        "2": {
            "sn": "04931",
            "brief": "保管、保存、命令、职责"
        },
        "3": {
            "sn": "03808",
            "brief": "不"
        },
        "4": {
            "sn": "05375",
            "brief": "高举、举起、背负、承担"
        },
        "5": {
            "sn": "05921",
            "brief": "在…上面"
        },
        "6": {
            "sn": "02399",
            "brief": "罪"
        },
        "7": {
            "sn": "04191",
            "brief": "死"
        },
        "8": {
            "sn": "09002",
            "brief": "在、用、藉着、与、敌对"
        },
        "9": {
            "sn": "03588",
            "brief": "因为、不必翻译"
        },
        "10": {
            "sn": "02490",
            "brief": "I. Qal 刺杀、伤害；II. Pi‘el 吹笛子；III. Pi‘el 亵渎、污辱、玷污、俗化，Hif‘il 亵渎、开始"
        },
        "11": {
            "sn": "00589",
            "brief": "我"
        },
        "12": {
            "sn": "03068",
            "brief": "上帝的名字「雅威」，犹太人尊称为「上主」"
        },
        "13": {
            "sn": "06942",
            "brief": "分别为圣、把…奉献给上帝"
        }
    },
    "10": {
        "literal": "倘若祭司买人，是(用)他的钱买的，那人就可以吃它(指圣物)；生在他家的，他们也可以吃他的食物。",
        "0": {
            "sn": "03548",
            "brief": "祭司"
        },
        "1": {
            "sn": "03588",
            "brief": "因为、不必翻译"
        },
        "2": {
            "sn": "07069",
            "brief": "购买、取得、持有、创造"
        },
        "3": {
            "sn": "05315",
            "brief": "生命、人"
        },
        "4": {
            "sn": "07075",
            "brief": "所得之物、财富"
        },
        "5": {
            "sn": "03701",
            "brief": "银子、钱"
        },
        "6": {
            "sn": "01931",
            "brief": "他"
        },
        "7": {
            "sn": "00398",
            "brief": "吃、吞吃"
        },
        "8": {
            "sn": "09002",
            "brief": "在、用、藉着、与、敌对"
        },
        "9": {
            "sn": "03211",
            "brief": "人、出生"
        },
        "10": {
            "sn": "01004",
            "brief": "殿、房子、家"
        },
        "11": {
            "sn": "01992",
            "brief": "他们"
        },
        "12": {
            "sn": "00398",
            "brief": "吃、吞吃"
        },
        "13": {
            "sn": "03899",
            "brief": "面包、食物"
        }
    },
    "12": {
        "literal": "但祭司的女儿若是寡妇，或是被休的，没有孩子，归回父家，像她年轻时一样，就可以吃她父亲的食物；但所有的外人都不可吃它。",
        "0": {
            "sn": "01323",
            "brief": "女子、女儿"
        },
        "1": {
            "sn": "03548",
            "brief": "祭司"
        },
        "2": {
            "sn": "03588",
            "brief": "因为、不必翻译"
        },
        "3": {
            "sn": "01961",
            "brief": "是、成为、临到"
        },
        "4": {
            "sn": "00490",
            "brief": "寡妇"
        },
        "5": {
            "sn": "01644",
            "brief": "驱赶、翻腾"
        },
        "6": {
            "sn": "02233",
            "brief": "种子"
        },
        "7": {
            "sn": "00369",
            "brief": "不存在、没有"
        },
        "8": {
            "sn": "09001",
            "brief": "给、往、向、到、归属于"
        },
        "9": {
            "sn": "07725",
            "brief": "Qal 回复、回转、重复，Po‘lel 带回、复兴、更新，Hif‘il 回报、报告、带回"
        },
        "10": {
            "sn": "00413",
            "brief": "向、往"
        },
        "11": {
            "sn": "01004",
            "brief": "房子、家"
        },
        "12": {
            "sn": "00001",
            "brief": "父亲、祖先"
        },
        "13": {
            "sn": "05271",
            "brief": "幼年、年少时"
        },
        "14": {
            "sn": "03899",
            "brief": "饼、面包"
        },
        "15": {
            "sn": "00001",
            "brief": "父亲、祖先"
        },
        "16": {
            "sn": "00398",
            "brief": "吃、吞吃"
        },
        "17": {
            "sn": "03605",
            "brief": "全部、整个、各"
        },
        "18": {
            "sn": "02114",
            "brief": "做外国人、做陌生人"
        },
        "19": {
            "sn": "03808",
            "brief": "不"
        },
        "20": {
            "sn": "00398",
            "brief": "吃、吞吃"
        },
        "21": {
            "sn": "09002",
            "brief": "在、用、藉着、与、敌对"
        },
        "22": {
            "sn": "09014",
            "brief": "关闭的意思"
        }
    },
    "16": {
        "literal": "雅威吩咐摩西说：",
        "0": {
            "sn": "01696",
            "brief": "Pi‘el 讲、说、指挥"
        },
        "1": {
            "sn": "03068",
            "brief": "上帝的名字「雅威」，犹太人尊称为「上主」"
        },
        "2": {
            "sn": "00413",
            "brief": "向、往"
        },
        "3": {
            "sn": "04872",
            "brief": "摩西"
        },
        "4": {
            "sn": "00559",
            "brief": "说"
        }
    },
    "21": {
        "literal": "瞎眼的、折伤的、残废的、溃疡的、长癣的、长疥的，不可献这些给雅威，也不可把它们作为火祭献在坛上给雅威。",
        "0": {
            "sn": "05788",
            "brief": "瞎眼"
        },
        "1": {
            "sn": "00176",
            "brief": "或"
        },
        "2": {
            "sn": "07665",
            "brief": "Qal 拆毁、折断、打碎，Nif‘al 遭破坏、被折断，Hif‘il 使生产"
        },
        "3": {
            "sn": "00176",
            "brief": "或"
        },
        "4": {
            "sn": "02782",
            "brief": "决定、磨利、切断"
        },
        "5": {
            "sn": "00176",
            "brief": "或"
        },
        "6": {
            "sn": "02990",
            "brief": "流脓的、溃疡的"
        },
        "7": {
            "sn": "00176",
            "brief": "或"
        },
        "8": {
            "sn": "01618",
            "brief": "疤"
        },
        "9": {
            "sn": "00176",
            "brief": "或"
        },
        "10": {
            "sn": "03217",
            "brief": "一种发疹性的皮肤病"
        },
        "11": {
            "sn": "03808",
            "brief": "不"
        },
        "12": {
            "sn": "07126",
            "brief": "临近、靠近、带近、呈献"
        },
        "13": {
            "sn": "00428",
            "brief": "这些"
        },
        "14": {
            "sn": "03068",
            "brief": "上帝的名字「雅威」，犹太人尊称为「上主」"
        },
        "15": {
            "sn": "00801",
            "brief": "火祭"
        },
        "16": {
            "sn": "03808",
            "brief": "不"
        },
        "17": {
            "sn": "05414",
            "brief": "给"
        },
        "18": {
            "sn": "04480",
            "brief": "从、出、离"
        },
        "19": {
            "sn": "05921",
            "brief": "在…上面"
        },
        "20": {
            "sn": "04196",
            "brief": "祭坛"
        },
        "21": {
            "sn": "03068",
            "brief": "上帝的名字「雅威」，犹太人尊称为「上主」"
        }
    }
}