{
    "9": {
        "literal": "他要照例献第二只为燔祭。祭司要为他赎他所犯的罪，他必蒙赦免。",
        "0": {
            "sn": "00853",
            "brief": "不必翻译"
        },
        "1": {
            "sn": "08145",
            "brief": "序数的「第二」"
        },
        "2": {
            "sn": "06213",
            "brief": "做"
        },
        "3": {
            "sn": "05930",
            "brief": "燔祭、阶梯"
        },
        "4": {
            "sn": "04941",
            "brief": "正义、公平、审判、律例、规矩"
        },
        "5": {
            "sn": "03722",
            "brief": "赦免、洁净、遮盖"
        },
        "6": {
            "sn": "05921",
            "brief": "在…上面"
        },
        "7": {
            "sn": "03548",
            "brief": "祭司"
        },
        "8": {
            "sn": "02403",
            "brief": "罪、赎罪祭、除罪、罪罚"
        },
        "9": {
            "sn": "00834",
            "brief": "不必翻译"
        },
        "10": {
            "sn": "02398",
            "brief": "Qal 犯罪；Pi‘el 献赎罪祭、得洁净；Hif‘il 导致犯罪；Hitpa‘el 迷失、洁净自己"
        },
        "11": {
            "sn": "05545",
            "brief": "赦免"
        },
        "12": {
            "sn": "09001",
            "brief": "给、往、向、到、归属于"
        },
        "13": {
            "sn": "09014",
            "brief": "关闭的意思"
        }
    },
    "16": {
        "literal": "若有人犯罪，做了一件雅威诫命中不可做的任何事，他虽然不知道，还是有罪，要担当自己的罪孽；",
        "0": {
            "sn": "00518",
            "brief": "如果"
        },
        "1": {
            "sn": "05315",
            "brief": "生命、人"
        },
        "2": {
            "sn": "03588",
            "brief": "因为、不必翻译"
        },
        "3": {
            "sn": "02398",
            "brief": "Qal 犯罪；Pi‘el 献赎罪祭、得洁净；Hif‘il 导致犯罪；Hitpa‘el 迷失、洁净自己"
        },
        "4": {
            "sn": "06213",
            "brief": "做"
        },
        "5": {
            "sn": "00259",
            "brief": "数目的「一」"
        },
        "6": {
            "sn": "03605",
            "brief": "全部、整个、各"
        },
        "7": {
            "sn": "04687",
            "brief": "命令、吩咐"
        },
        "8": {
            "sn": "03068",
            "brief": "上帝的名字「雅威」，犹太人尊称为「上主」"
        },
        "9": {
            "sn": "00834",
            "brief": "不必翻译"
        },
        "10": {
            "sn": "03808",
            "brief": "不"
        },
        "11": {
            "sn": "06213",
            "brief": "做"
        },
        "12": {
            "sn": "03808",
            "brief": "不"
        },
        "13": {
            "sn": "03045",
            "brief": "Qal 知道、认识、辨别、经历，Hif‘il 使知道、宣告"
        },
        "14": {
            "sn": "00816",
            "brief": "视为有罪、犯罪"
        },
        "15": {
            "sn": "05375",
            "brief": "高举、举起、背负、承担"
        },
        "16": {
            "sn": "05771",
            "brief": "罪孽"
        }
    },
    "11": {
        "literal": "他要把它(原文用阴性，指细面；下同)带到祭司那里，祭司要从它抓出自己的一满把来作为提醒物，按照献给雅威火祭的条例烧在坛上；这是赎罪祭。",
        "0": {
            "sn": "00935",
            "brief": "来、进入、临到、发生"
        },
        "1": {
            "sn": "00413",
            "brief": "向、往"
        },
        "2": {
            "sn": "03548",
            "brief": "祭司"
        },
        "3": {
            "sn": "07061",
            "brief": "用手抓一把"
        },
        "4": {
            "sn": "03548",
            "brief": "祭司"
        },
        "5": {
            "sn": "04480",
            "brief": "从"
        },
        "6": {
            "sn": "04393",
            "brief": "很多、充满"
        },
        "7": {
            "sn": "07062",
            "brief": "握住的手、拳头、一手能抓取的量"
        },
        "8": {
            "sn": "00853",
            "brief": "不必翻译"
        },
        "9": {
            "sn": "00234",
            "brief": "祭物中取出烧化以作为纪念的部分食物"
        },
        "10": {
            "sn": "06999",
            "brief": "烧香、薰"
        },
        "11": {
            "sn": "04196",
            "brief": "祭坛"
        },
        "12": {
            "sn": "05921",
            "brief": "在…上面"
        },
        "13": {
            "sn": "00801",
            "brief": "火祭"
        },
        "14": {
            "sn": "03068",
            "brief": "上帝的名字「雅威」，犹太人尊称为「上主」"
        },
        "15": {
            "sn": "02403",
            "brief": "罪、赎罪祭、除罪、罪罚"
        },
        "16": {
            "sn": "01931",
            "brief": "他、她"
        }
    },
    "3": {
        "literal": "或是有人嘴里冒失发誓，要行恶或行善，这人无论在甚么事上冒失发誓，却从他隐藏(意思是不知道)，他一知道了，就在这其中的一件上有了罪。",
        "0": {
            "sn": "00176",
            "brief": "或"
        },
        "1": {
            "sn": "05315",
            "brief": "生命、人"
        },
        "2": {
            "sn": "03588",
            "brief": "因为、不必翻译"
        },
        "3": {
            "sn": "07650",
            "brief": "Qal Nif‘al 发誓，Hif‘il 使起誓、嘱咐"
        },
        "4": {
            "sn": "00981",
            "brief": "轻率地或是生气地说话"
        },
        "5": {
            "sn": "08193",
            "brief": "嘴唇、边缘、言语"
        },
        "6": {
            "sn": "07489",
            "brief": "I. 行恶 ；II. 破坏、打破"
        },
        "7": {
            "sn": "00176",
            "brief": "或"
        },
        "8": {
            "sn": "03190",
            "brief": "Qal 是良善的，Hif‘il 做得好、降福"
        },
        "9": {
            "sn": "03605",
            "brief": "全部、整个、各"
        },
        "10": {
            "sn": "00834",
            "brief": "不必翻译"
        },
        "11": {
            "sn": "00981",
            "brief": "轻率地或是生气地说话"
        },
        "12": {
            "sn": "00120",
            "brief": "人"
        },
        "13": {
            "sn": "07621",
            "brief": "发誓"
        },
        "14": {
            "sn": "05956",
            "brief": "隐藏"
        },
        "15": {
            "sn": "04480",
            "brief": "从、出"
        },
        "16": {
            "sn": "01931",
            "brief": "他"
        },
        "17": {
            "sn": "03045",
            "brief": "Qal 知道、认识、辨别、经历，Hif‘il 使知道、宣告"
        },
        "18": {
            "sn": "00816",
            "brief": "视为有罪、犯罪"
        },
        "19": {
            "sn": "00259",
            "brief": "数目的「一」"
        },
        "20": {
            "sn": "00428",
            "brief": "这些"
        }
    },
    "4": {
        "literal": "他在这其中的一件上有了罪的时候，就要承认所犯的罪，",
        "0": {
            "sn": "01961",
            "brief": "是、成为、临到"
        },
        "1": {
            "sn": "03588",
            "brief": "因为、不必翻译"
        },
        "2": {
            "sn": "00816",
            "brief": "视为有罪、犯罪"
        },
        "3": {
            "sn": "00259",
            "brief": "数目的「一」"
        },
        "4": {
            "sn": "00428",
            "brief": "这些"
        },
        "5": {
            "sn": "03034",
            "brief": "Qal 射，Pi‘el 投掷，Hif‘il 称谢、赞美，Hitpa‘el 认罪、感恩"
        },
        "6": {
            "sn": "00834",
            "brief": "不必翻译"
        },
        "7": {
            "sn": "02398",
            "brief": "Qal 犯罪；Pi‘el 献赎罪祭、得洁净；Hif‘il 导致犯罪；Hitpa‘el 迷失、洁净自己"
        },
        "8": {
            "sn": "05921",
            "brief": "在…上面"
        }
    },
    "5": {
        "literal": "他要…把他的补偿物带到雅威那里，(…处依序填入下行)因所犯之罪，―就是羊群中的的羊，母绵羊或是母山羊―作为赎罪祭。祭司要为他赎他的罪。",
        "0": {
            "sn": "00935",
            "brief": "来、进入、临到、发生"
        },
        "1": {
            "sn": "00853",
            "brief": "不必翻译"
        },
        "2": {
            "sn": "00817",
            "brief": "犯罪、赎愆祭"
        },
        "3": {
            "sn": "03068",
            "brief": "上帝的名字「雅威」，犹太人尊称为「上主」"
        },
        "4": {
            "sn": "05921",
            "brief": "在…上面"
        },
        "5": {
            "sn": "02403",
            "brief": "罪、赎罪祭、除罪、罪罚"
        },
        "6": {
            "sn": "00834",
            "brief": "不必翻译"
        },
        "7": {
            "sn": "02398",
            "brief": "Qal 犯罪；Pi‘el 献赎罪祭、得洁净；Hif‘il 导致犯罪；Hitpa‘el 迷失、洁净自己"
        },
        "8": {
            "sn": "05347",
            "brief": "女人、雌性动物"
        },
        "9": {
            "sn": "04480",
            "brief": "从、出"
        },
        "10": {
            "sn": "06629",
            "brief": "羊"
        },
        "11": {
            "sn": "03776",
            "brief": "母羊羔、羔羊、绵羊"
        },
        "12": {
            "sn": "00176",
            "brief": "或"
        },
        "13": {
            "sn": "08166",
            "brief": "母山羊"
        },
        "14": {
            "sn": "05795",
            "brief": "山羊、母山羊"
        },
        "15": {
            "sn": "02403",
            "brief": "罪、赎罪祭、除罪、罪罚"
        },
        "16": {
            "sn": "03722",
            "brief": "赦免、洁净、遮盖"
        },
        "17": {
            "sn": "05921",
            "brief": "在…上面"
        },
        "18": {
            "sn": "03548",
            "brief": "祭司"
        },
        "19": {
            "sn": "02403",
            "brief": "罪、赎罪祭、除罪、罪罚"
        }
    },
    "17": {
        "literal": "也要从羊群中带一只没有残疾的公绵羊，(或)照你所估定的价，到祭司那里作赎愆祭，…祭司要为他赎罪，(…处填入下行)他不知道而误行的那错事，他就必蒙赦免。",
        "0": {
            "sn": "00935",
            "brief": "来、进入、临到、发生"
        },
        "1": {
            "sn": "00352",
            "brief": "公绵羊、高大的树、门框、柱子、强壮的人"
        },
        "2": {
            "sn": "08549",
            "brief": "完美的、完整的"
        },
        "3": {
            "sn": "04480",
            "brief": "从"
        },
        "4": {
            "sn": "06629",
            "brief": "羊"
        },
        "5": {
            "sn": "06187",
            "brief": "次序、层次"
        },
        "6": {
            "sn": "00817",
            "brief": "犯罪、赎愆祭"
        },
        "7": {
            "sn": "00413",
            "brief": "向、往"
        },
        "8": {
            "sn": "03548",
            "brief": "祭司"
        },
        "9": {
            "sn": "03722",
            "brief": "赦免、洁净、遮盖"
        },
        "10": {
            "sn": "05921",
            "brief": "在…上面"
        },
        "11": {
            "sn": "03548",
            "brief": "祭司"
        },
        "12": {
            "sn": "05921",
            "brief": "在…上面"
        },
        "13": {
            "sn": "07684",
            "brief": "犯罪、错误"
        },
        "14": {
            "sn": "00834",
            "brief": "不必翻译"
        },
        "15": {
            "sn": "07683",
            "brief": "走偏"
        },
        "16": {
            "sn": "01931",
            "brief": "他"
        },
        "17": {
            "sn": "03808",
            "brief": "不"
        },
        "18": {
            "sn": "03045",
            "brief": "Qal 知道、认识、辨别、经历，Hif‘il 使知道、宣告"
        },
        "19": {
            "sn": "05545",
            "brief": "赦免"
        },
        "20": {
            "sn": "09001",
            "brief": "给、往、向、到、归属于"
        }
    },
    "13": {
        "literal": "雅威晓谕摩西说：",
        "0": {
            "sn": "01696",
            "brief": "Pi‘el 讲、说、指挥"
        },
        "1": {
            "sn": "03068",
            "brief": "上帝的名字「雅威」，犹太人尊称为「上主」"
        },
        "2": {
            "sn": "00413",
            "brief": "向、往"
        },
        "3": {
            "sn": "04872",
            "brief": "摩西"
        },
        "4": {
            "sn": "00559",
            "brief": "说"
        }
    },
    "6": {
        "literal": "「他的手(意思是力量)若不够(献)一只羊羔，就要带他犯了罪的补偿物，就是两只斑鸠或是两只雏鸽，到雅威那里，一只作赎罪祭，一只作燔祭。",
        "0": {
            "sn": "00518",
            "brief": "如果"
        },
        "1": {
            "sn": "03808",
            "brief": "不"
        },
        "2": {
            "sn": "05060",
            "brief": "接触、触及"
        },
        "3": {
            "sn": "03027",
            "brief": "手、边、力量、权势"
        },
        "4": {
            "sn": "01767",
            "brief": "足够、每每"
        },
        "5": {
            "sn": "07716",
            "brief": "羊羔"
        },
        "6": {
            "sn": "00935",
            "brief": "来、进入、临到、发生"
        },
        "7": {
            "sn": "00853",
            "brief": "不必翻译"
        },
        "8": {
            "sn": "00817",
            "brief": "犯罪、赎愆祭"
        },
        "9": {
            "sn": "00834",
            "brief": "不必翻译"
        },
        "10": {
            "sn": "02398",
            "brief": "Qal 犯罪；Pi‘el 献赎罪祭、得洁净；Hif‘il 导致犯罪；Hitpa‘el 迷失、洁净自己"
        },
        "11": {
            "sn": "08147",
            "brief": "数目的「二」"
        },
        "12": {
            "sn": "08449",
            "brief": "鸽子、斑鸠"
        },
        "13": {
            "sn": "00176",
            "brief": "或"
        },
        "14": {
            "sn": "08147",
            "brief": "数目的「二」"
        },
        "15": {
            "sn": "01121",
            "brief": "儿子、孙子、后裔、成员"
        },
        "16": {
            "sn": "03123",
            "brief": "鸽子"
        },
        "17": {
            "sn": "03068",
            "brief": "上帝的名字「雅威」，犹太人尊称为「上主」"
        },
        "18": {
            "sn": "00259",
            "brief": "数目的「一」"
        },
        "19": {
            "sn": "02403",
            "brief": "罪、赎罪祭、除罪、罪罚"
        },
        "20": {
            "sn": "00259",
            "brief": "数目的「一」"
        },
        "21": {
            "sn": "05930",
            "brief": "燔祭、阶梯"
        }
    },
    "14": {
        "literal": "人若…误犯了罪，有了过犯，(…处填入下行)在雅威的圣物上就要把他的补偿物，…带到雅威那里，(…处填入下二行)就是羊群中一只没有残疾的公绵羊，(或)按圣所的平，照你所估的舍克勒银子，作为赎愆祭；",
        "0": {
            "sn": "05315",
            "brief": "生命、人"
        },
        "1": {
            "sn": "03588",
            "brief": "因为、不必翻译"
        },
        "2": {
            "sn": "04603",
            "brief": "背叛、犯罪、不忠"
        },
        "3": {
            "sn": "04604",
            "brief": "不忠实或背叛的行为"
        },
        "4": {
            "sn": "02398",
            "brief": "Qal 犯罪；Pi‘el 献赎罪祭、得洁净；Hif‘il 导致犯罪；Hitpa‘el 迷失、洁净自己"
        },
        "5": {
            "sn": "07684",
            "brief": "犯罪、错误"
        },
        "6": {
            "sn": "06944",
            "brief": "圣所、圣物、神圣"
        },
        "7": {
            "sn": "03068",
            "brief": "上帝的名字「雅威」，犹太人尊称为「上主」"
        },
        "8": {
            "sn": "00935",
            "brief": "来、进入、临到、发生"
        },
        "9": {
            "sn": "00853",
            "brief": "不必翻译"
        },
        "10": {
            "sn": "00817",
            "brief": "犯罪、罪行的补偿、赎愆祭"
        },
        "11": {
            "sn": "03068",
            "brief": "上帝的名字「雅威」，犹太人尊称为「上主」"
        },
        "12": {
            "sn": "00352",
            "brief": "公绵羊、高大的树、门框、柱子、强壮的人"
        },
        "13": {
            "sn": "08549",
            "brief": "完美的、完整的"
        },
        "14": {
            "sn": "04480",
            "brief": "从"
        },
        "15": {
            "sn": "06629",
            "brief": "羊"
        },
        "16": {
            "sn": "06187",
            "brief": "次序、层次"
        },
        "17": {
            "sn": "03701",
            "brief": "银子、钱"
        },
        "18": {
            "sn": "08255",
            "brief": "舍客勒、度量衡主要单位，约 10-13公克。"
        },
        "19": {
            "sn": "08255",
            "brief": "舍客勒、度量衡主要单位，约 10-13公克。"
        },
        "20": {
            "sn": "06944",
            "brief": "圣所、圣物、神圣"
        },
        "21": {
            "sn": "00817",
            "brief": "犯罪、罪行的补偿、赎愆祭"
        }
    },
    "18": {
        "literal": "这是赎愆祭，因他在雅威面前实在有了罪。",
        "0": {
            "sn": "00817",
            "brief": "犯罪、赎罪祭"
        },
        "1": {
            "sn": "01931",
            "brief": "他"
        },
        "2": {
            "sn": "00816",
            "brief": "视为有罪、犯罪"
        },
        "3": {
            "sn": "00816",
            "brief": "视为有罪、犯罪"
        },
        "4": {
            "sn": "03068",
            "brief": "上帝的名字「雅威」，犹太人尊称为「上主」"
        },
        "5": {
            "sn": "09015",
            "brief": "开的意思"
        }
    },
    "15": {
        "literal": "并且他因在圣物上的差错要偿还，要加它的五分之一在它上面，把它给祭司。祭司要用赎愆祭的公绵羊为他赎罪，他就必蒙赦免。",
        "0": {
            "sn": "00853",
            "brief": "不必翻译"
        },
        "1": {
            "sn": "00834",
            "brief": "不必翻译"
        },
        "2": {
            "sn": "02398",
            "brief": "Qal 犯罪；Pi‘el 献赎罪祭、得洁净；Hif‘il 导致犯罪；Hitpa‘el 迷失、洁净自己"
        },
        "3": {
            "sn": "04480",
            "brief": "从"
        },
        "4": {
            "sn": "06944",
            "brief": "圣所、圣物、神圣"
        },
        "5": {
            "sn": "07999",
            "brief": "Qal 平安，Pi‘el 还愿、完成、回报"
        },
        "6": {
            "sn": "00853",
            "brief": "不必翻译"
        },
        "7": {
            "sn": "02549",
            "brief": "序数的「第五」"
        },
        "8": {
            "sn": "03254",
            "brief": "再一次、增添"
        },
        "9": {
            "sn": "05921",
            "brief": "在…上面"
        },
        "10": {
            "sn": "05414",
            "brief": "使、给"
        },
        "11": {
            "sn": "00853",
            "brief": "不必翻译"
        },
        "12": {
            "sn": "03548",
            "brief": "祭司"
        },
        "13": {
            "sn": "03548",
            "brief": "祭司"
        },
        "14": {
            "sn": "03722",
            "brief": "赦免、洁净、遮盖"
        },
        "15": {
            "sn": "05921",
            "brief": "在…上面"
        },
        "16": {
            "sn": "00352",
            "brief": "公绵羊、高大的树、门框、柱子、强壮的人"
        },
        "17": {
            "sn": "00817",
            "brief": "犯罪、赎愆祭"
        },
        "18": {
            "sn": "05545",
            "brief": "赦免"
        },
        "19": {
            "sn": "09001",
            "brief": "给、往、向、到、归属于"
        },
        "20": {
            "sn": "09015",
            "brief": "开的意思"
        }
    },
    "7": {
        "literal": "他要把它们带到祭司那里，他(指祭司)就要先把那赎罪祭献上，从鸟的颈项上揪下头来，只是不可把鸟撕断，",
        "0": {
            "sn": "00935",
            "brief": "来、进入、临到、发生"
        },
        "1": {
            "sn": "00853",
            "brief": "不必翻译"
        },
        "2": {
            "sn": "00413",
            "brief": "向、往"
        },
        "3": {
            "sn": "03548",
            "brief": "祭司"
        },
        "4": {
            "sn": "07126",
            "brief": "临近、靠近、带来、献上"
        },
        "5": {
            "sn": "00853",
            "brief": "不必翻译"
        },
        "6": {
            "sn": "00834",
            "brief": "不必翻译"
        },
        "7": {
            "sn": "02403",
            "brief": "罪、赎罪祭、除罪、罪罚"
        },
        "8": {
            "sn": "07223",
            "brief": "先前的、首先的"
        },
        "9": {
            "sn": "04454",
            "brief": "捏取、拔去"
        },
        "10": {
            "sn": "00853",
            "brief": "不必翻译"
        },
        "11": {
            "sn": "07218",
            "brief": "头、起头、山顶、领袖"
        },
        "12": {
            "sn": "04136",
            "brief": "从前面"
        },
        "13": {
            "sn": "06203",
            "brief": "颈项、背"
        },
        "14": {
            "sn": "03808",
            "brief": "不"
        },
        "15": {
            "sn": "00914",
            "brief": "隔绝、分开、分别"
        }
    },
    "0": {
        "literal": "若有人犯了罪，他听见发誓的声音，无论是所看见的或所知道的，他可以作证却不说出来，就要担当自己的罪孽。",
        "0": {
            "sn": "05315",
            "brief": "生命、人"
        },
        "1": {
            "sn": "03588",
            "brief": "因为、不必翻译"
        },
        "2": {
            "sn": "02398",
            "brief": "Qal 犯罪；Pi‘el 献赎罪祭、得洁净；Hif‘il 导致犯罪；Hitpa‘el 迷失、洁净自己"
        },
        "3": {
            "sn": "08085",
            "brief": "Qal 听、听从，Hif‘il 说明、使…听"
        },
        "4": {
            "sn": "06963",
            "brief": "声音"
        },
        "5": {
            "sn": "00423",
            "brief": "诅咒、发誓"
        },
        "6": {
            "sn": "01931",
            "brief": "他"
        },
        "7": {
            "sn": "05707",
            "brief": "见证、证人"
        },
        "8": {
            "sn": "00176",
            "brief": "或"
        },
        "9": {
            "sn": "07200",
            "brief": "Qal 看见、看顾、察觉，Nif‘al 显现，Hif‘il 显明"
        },
        "10": {
            "sn": "00176",
            "brief": "或"
        },
        "11": {
            "sn": "03045",
            "brief": "Qal 知道、认识、辨别、经历，Hif‘il 使知道、宣告"
        },
        "12": {
            "sn": "00518",
            "brief": "如果"
        },
        "13": {
            "sn": "03808",
            "brief": "不"
        },
        "14": {
            "sn": "05046",
            "brief": "Hif‘il 告诉、宣布、声明、通知"
        },
        "15": {
            "sn": "05375",
            "brief": "高举、举起、背负、承担"
        },
        "16": {
            "sn": "05771",
            "brief": "罪孽"
        }
    },
    "1": {
        "literal": "或是有人摸了任何不洁之物，无论是不洁的兽的尸体，是不洁的牲畜的尸体，是不洁的爬物的尸体，却从他隐藏(意思是不知道)，因此他成了不洁，有了罪。",
        "0": {
            "sn": "00176",
            "brief": "或"
        },
        "1": {
            "sn": "05315",
            "brief": "生命、人"
        },
        "2": {
            "sn": "00834",
            "brief": "不必翻译"
        },
        "3": {
            "sn": "05060",
            "brief": "接触、触及"
        },
        "4": {
            "sn": "03605",
            "brief": "全部、整个、各"
        },
        "5": {
            "sn": "01697",
            "brief": "话语、事情"
        },
        "6": {
            "sn": "02931",
            "brief": "不洁净的"
        },
        "7": {
            "sn": "00176",
            "brief": "或"
        },
        "8": {
            "sn": "05038",
            "brief": "尸体"
        },
        "9": {
            "sn": "02416",
            "brief": "生命，活着"
        },
        "10": {
            "sn": "02931",
            "brief": "不洁净的"
        },
        "11": {
            "sn": "00176",
            "brief": "或"
        },
        "12": {
            "sn": "05038",
            "brief": "尸体"
        },
        "13": {
            "sn": "00929",
            "brief": "野兽"
        },
        "14": {
            "sn": "02931",
            "brief": "不洁净的"
        },
        "15": {
            "sn": "00176",
            "brief": "或"
        },
        "16": {
            "sn": "05038",
            "brief": "尸体"
        },
        "17": {
            "sn": "08318",
            "brief": "挤满、成群的事物、昆虫、爬虫"
        },
        "18": {
            "sn": "02931",
            "brief": "不洁净的"
        },
        "19": {
            "sn": "05956",
            "brief": "隐藏"
        },
        "20": {
            "sn": "04480",
            "brief": "从、出"
        },
        "21": {
            "sn": "01931",
            "brief": "他"
        },
        "22": {
            "sn": "02931",
            "brief": "不洁净的"
        },
        "23": {
            "sn": "00816",
            "brief": "视为有罪、犯罪"
        }
    },
    "2": {
        "literal": "或是他摸了(别)人的污秽物，就是任何使他成为不洁净的他的污秽物，却从他隐藏(意思是不知道)，他一知道，就有了罪。",
        "0": {
            "sn": "00176",
            "brief": "或"
        },
        "1": {
            "sn": "03588",
            "brief": "因为、不必翻译"
        },
        "2": {
            "sn": "05060",
            "brief": "接触、触及"
        },
        "3": {
            "sn": "02932",
            "brief": "污秽、不洁净"
        },
        "4": {
            "sn": "00120",
            "brief": "人"
        },
        "5": {
            "sn": "03605",
            "brief": "全部、整个、各"
        },
        "6": {
            "sn": "02932",
            "brief": "污秽、不洁净"
        },
        "7": {
            "sn": "00834",
            "brief": "不必翻译"
        },
        "8": {
            "sn": "02930",
            "brief": "玷污、变为不洁净"
        },
        "9": {
            "sn": "09002",
            "brief": "在、用、藉着、与、敌对"
        },
        "10": {
            "sn": "05956",
            "brief": "隐藏"
        },
        "11": {
            "sn": "04480",
            "brief": "从、出"
        },
        "12": {
            "sn": "01931",
            "brief": "他"
        },
        "13": {
            "sn": "03045",
            "brief": "Qal 知道、认识、辨别、经历，Hif‘il 使知道、宣告"
        },
        "14": {
            "sn": "00816",
            "brief": "视为有罪、犯罪"
        }
    },
    "8": {
        "literal": "也把些赎罪祭牲的血弹在坛的旁边，剩下的血要流在坛的脚那里；这是赎罪祭。",
        "0": {
            "sn": "05137",
            "brief": "喷射、喷洒"
        },
        "1": {
            "sn": "01818",
            "brief": "血"
        },
        "2": {
            "sn": "02403",
            "brief": "罪、赎罪祭、除罪、罪罚"
        },
        "3": {
            "sn": "05921",
            "brief": "在…上面"
        },
        "4": {
            "sn": "07023",
            "brief": "墙"
        },
        "5": {
            "sn": "04196",
            "brief": "祭坛"
        },
        "6": {
            "sn": "07604",
            "brief": "剩下"
        },
        "7": {
            "sn": "01818",
            "brief": "血"
        },
        "8": {
            "sn": "04680",
            "brief": "流尽"
        },
        "9": {
            "sn": "00413",
            "brief": "向、往"
        },
        "10": {
            "sn": "03247",
            "brief": "根基"
        },
        "11": {
            "sn": "04196",
            "brief": "祭坛"
        },
        "12": {
            "sn": "02403",
            "brief": "罪、赎罪祭、除罪、罪罚"
        },
        "13": {
            "sn": "01931",
            "brief": "她"
        }
    },
    "10": {
        "literal": "他的手(意思是力量)若不够(献)两只斑鸠或是两只雏鸽，就要因所犯的罪带自己的供物，就是细面伊法十分之一为赎罪祭；不可加上油，也不可加上乳香，因为它是赎罪祭。",
        "0": {
            "sn": "00518",
            "brief": "如果"
        },
        "1": {
            "sn": "03808",
            "brief": "不"
        },
        "2": {
            "sn": "05381",
            "brief": "Hif‘il 追上、得到、及于、抓住"
        },
        "3": {
            "sn": "03027",
            "brief": "手、边、力量、权势"
        },
        "4": {
            "sn": "08147",
            "brief": "数目的「二」"
        },
        "5": {
            "sn": "08449",
            "brief": "鸽子、斑鸠"
        },
        "6": {
            "sn": "00176",
            "brief": "或"
        },
        "7": {
            "sn": "08147",
            "brief": "数目的「二」"
        },
        "8": {
            "sn": "01121",
            "brief": "儿子、孙子、后裔、成员"
        },
        "9": {
            "sn": "03123",
            "brief": "鸽子"
        },
        "10": {
            "sn": "00935",
            "brief": "来、进入、临到、发生"
        },
        "11": {
            "sn": "00853",
            "brief": "不必翻译"
        },
        "12": {
            "sn": "07133",
            "brief": "供物、奉献"
        },
        "13": {
            "sn": "00834",
            "brief": "不必翻译"
        },
        "14": {
            "sn": "02398",
            "brief": "Qal 犯罪；Pi‘el 献赎罪祭、得洁净；Hif‘il 导致犯罪；Hitpa‘el 迷失、洁净自己"
        },
        "15": {
            "sn": "06224",
            "brief": "序数的「第十」"
        },
        "16": {
            "sn": "00374",
            "brief": "伊法，度量衡单位，约等于四十公升。"
        },
        "17": {
            "sn": "05560",
            "brief": "上好的面粉"
        },
        "18": {
            "sn": "02403",
            "brief": "罪、赎罪祭、除罪、罪罚"
        },
        "19": {
            "sn": "03808",
            "brief": "不"
        },
        "20": {
            "sn": "07760",
            "brief": "使、置、放"
        },
        "21": {
            "sn": "05921",
            "brief": "在…上面"
        },
        "22": {
            "sn": "08081",
            "brief": "膏油"
        },
        "23": {
            "sn": "03808",
            "brief": "不"
        },
        "24": {
            "sn": "05414",
            "brief": "使、给"
        },
        "25": {
            "sn": "05921",
            "brief": "在…上面"
        },
        "26": {
            "sn": "03828",
            "brief": "乳香"
        },
        "27": {
            "sn": "03588",
            "brief": "因为、不必翻译"
        },
        "28": {
            "sn": "02403",
            "brief": "罪、赎罪祭、除罪、罪罚"
        },
        "29": {
            "sn": "01931",
            "brief": "他"
        }
    },
    "12": {
        "literal": "…祭司要为他赎了，(…处填入下行)至于他在这几件事中所犯的罪，他必蒙赦免。它都归与祭司，和素祭一样。」",
        "0": {
            "sn": "03722",
            "brief": "赦免、洁净、遮盖"
        },
        "1": {
            "sn": "05921",
            "brief": "在…上面"
        },
        "2": {
            "sn": "03548",
            "brief": "祭司"
        },
        "3": {
            "sn": "05921",
            "brief": "在…上面"
        },
        "4": {
            "sn": "02403",
            "brief": "罪、赎罪祭、除罪、罪罚"
        },
        "5": {
            "sn": "00834",
            "brief": "不必翻译"
        },
        "6": {
            "sn": "02398",
            "brief": "Qal 犯罪；Pi‘el 献赎罪祭、得洁净；Hif‘il 导致犯罪；Hitpa‘el 迷失、洁净自己"
        },
        "7": {
            "sn": "00259",
            "brief": "数目的「一」"
        },
        "8": {
            "sn": "00428",
            "brief": "这些"
        },
        "9": {
            "sn": "05545",
            "brief": "赦免"
        },
        "10": {
            "sn": "09001",
            "brief": "给、往、向、到、归属于"
        },
        "11": {
            "sn": "01961",
            "brief": "成为、是、临到"
        },
        "12": {
            "sn": "03548",
            "brief": "祭司"
        },
        "13": {
            "sn": "04503",
            "brief": "供物、礼物、祭物、素祭"
        },
        "14": {
            "sn": "09014",
            "brief": "关闭的意思"
        }
    }
}