{
    "0": {
        "literal": "到了第八天，摩西召来亚伦和他儿子们，和以色列的众长老。",
        "0": {
            "sn": "01961",
            "brief": "是、成为、临到"
        },
        "1": {
            "sn": "03117",
            "brief": "日子、时候"
        },
        "2": {
            "sn": "08066",
            "brief": "序数的「第八」"
        },
        "3": {
            "sn": "07121",
            "brief": "喊叫、召集、称呼、求告、朗读"
        },
        "4": {
            "sn": "04872",
            "brief": "摩西"
        },
        "5": {
            "sn": "00175",
            "brief": "亚伦"
        },
        "6": {
            "sn": "01121",
            "brief": "儿子、孙子、后裔、成员"
        },
        "7": {
            "sn": "02205",
            "brief": "年老的"
        },
        "8": {
            "sn": "03478",
            "brief": "以色列"
        }
    },
    "10": {
        "literal": "又用火将肉和皮烧在营外。",
        "0": {
            "sn": "00853",
            "brief": "不必翻译"
        },
        "1": {
            "sn": "01320",
            "brief": "肉、身体"
        },
        "2": {
            "sn": "00853",
            "brief": "不必翻译"
        },
        "3": {
            "sn": "05785",
            "brief": "皮"
        },
        "4": {
            "sn": "08313",
            "brief": "燃烧、火烧"
        },
        "5": {
            "sn": "00784",
            "brief": "火"
        },
        "6": {
            "sn": "02351",
            "brief": "街上、外头"
        },
        "7": {
            "sn": "04264",
            "brief": "扎营、军队"
        }
    },
    "1": {
        "12": {
            "sn": "07126",
            "brief": "临近、靠近、带近、呈献"
        },
        "literal": "对亚伦说：「你当取牛群中的一只公牛犊作赎罪祭，一只公绵羊作燔祭，都要没有残疾的，献在雅威面前。",
        "0": {
            "sn": "00559",
            "brief": "说"
        },
        "1": {
            "sn": "00413",
            "brief": "向、往"
        },
        "2": {
            "sn": "00175",
            "brief": "亚伦"
        },
        "3": {
            "sn": "03947",
            "brief": "取、娶、拿"
        },
        "4": {
            "sn": "09001",
            "brief": "给、往、向、到、归属于"
        },
        "5": {
            "sn": "05695",
            "brief": "牛犊"
        },
        "6": {
            "sn": "01121",
            "brief": "儿子、孙子、后裔、成员"
        },
        "7": {
            "sn": "01241",
            "brief": "牛"
        },
        "8": {
            "sn": "02403",
            "brief": "罪、赎罪祭、除罪、罪罚"
        },
        "9": {
            "sn": "00352",
            "brief": "公绵羊、高大的树、门框、柱子、强壮的人"
        },
        "10": {
            "sn": "05930",
            "brief": "燔祭、阶梯"
        },
        "11": {
            "sn": "08549",
            "brief": "完全的、完整的"
        },
        "13": {
            "sn": "03942",
            "brief": "在…前面"
        },
        "14": {
            "sn": "03068",
            "brief": "上帝的名字「雅威」，犹太人尊称为「上主」"
        }
    },
    "2": {
        "literal": "你也要对以色列人说：『你们当取一只公山羊作赎罪祭，一只牛犊和一只绵羊羔，都要一岁、没有残疾的，作燔祭，",
        "0": {
            "sn": "00413",
            "brief": "向、往"
        },
        "3": {
            "sn": "01696",
            "brief": "Pi‘el 讲、说、指挥"
        },
        "1": {
            "sn": "01121",
            "brief": "儿子、孙子、后裔、成员"
        },
        "2": {
            "sn": "03478",
            "brief": "以色列"
        },
        "4": {
            "sn": "00559",
            "brief": "说"
        },
        "5": {
            "sn": "03947",
            "brief": "取、娶、拿"
        },
        "6": {
            "sn": "08163",
            "brief": "公山羊、公羊"
        },
        "7": {
            "sn": "05795",
            "brief": "山羊、母山羊"
        },
        "8": {
            "sn": "02403",
            "brief": "罪、赎罪祭、除罪、罪罚"
        },
        "9": {
            "sn": "05695",
            "brief": "牛犊"
        },
        "10": {
            "sn": "03532",
            "brief": "绵羊"
        },
        "11": {
            "sn": "01121",
            "brief": "儿子、孙子、后裔、成员"
        },
        "12": {
            "sn": "08141",
            "brief": "年"
        },
        "13": {
            "sn": "08549",
            "brief": "完全的、完整的"
        },
        "14": {
            "sn": "05930",
            "brief": "燔祭、阶梯"
        }
    },
    "11": {
        "literal": "他宰了燔祭牲，亚伦的儿子把血递给他，他就把它洒在坛的周围，",
        "0": {
            "sn": "07819",
            "brief": "宰杀"
        },
        "1": {
            "sn": "00853",
            "brief": "不必翻译"
        },
        "2": {
            "sn": "05930",
            "brief": "燔祭、阶梯"
        },
        "3": {
            "sn": "04672",
            "brief": "寻找、追上、获得、发现"
        },
        "4": {
            "sn": "01121",
            "brief": "儿子、孙子、后裔、成员"
        },
        "5": {
            "sn": "00175",
            "brief": "亚伦"
        },
        "6": {
            "sn": "00413",
            "brief": "对、向、往"
        },
        "7": {
            "sn": "00853",
            "brief": "不必翻译"
        },
        "8": {
            "sn": "01818",
            "brief": "血"
        },
        "9": {
            "sn": "02236",
            "brief": "撒、播种、分散"
        },
        "10": {
            "sn": "05921",
            "brief": "在…上面"
        },
        "11": {
            "sn": "04196",
            "brief": "祭坛"
        },
        "12": {
            "sn": "05439",
            "brief": "四围、环绕"
        }
    },
    "14": {
        "literal": "他把百姓的供物带来。他取了那给百姓作赎罪祭的公山羊，把它宰了，献上它作为赎罪祭，和先前的一样；",
        "0": {
            "sn": "07126",
            "brief": "临近、靠近、带近、呈献"
        },
        "1": {
            "sn": "00853",
            "brief": "不必翻译"
        },
        "2": {
            "sn": "07133",
            "brief": "供物、奉献"
        },
        "3": {
            "sn": "05971",
            "brief": "国民、百姓"
        },
        "4": {
            "sn": "03947",
            "brief": "取、娶、拿"
        },
        "5": {
            "sn": "00853",
            "brief": "不必翻译"
        },
        "6": {
            "sn": "08163",
            "brief": "公山羊、公羊"
        },
        "7": {
            "sn": "02403",
            "brief": "罪、赎罪祭、除罪、罪罚"
        },
        "8": {
            "sn": "00834",
            "brief": "不必翻译"
        },
        "9": {
            "sn": "05971",
            "brief": "国民、百姓"
        },
        "10": {
            "sn": "07819",
            "brief": "宰杀"
        },
        "11": {
            "sn": "02398",
            "brief": "Qal 犯罪；Pi‘el 献赎罪祭、得洁净；Hif‘il 导致犯罪；Hitpa‘el 迷失、洁净自己"
        },
        "12": {
            "sn": "07223",
            "brief": "先前的、首先的"
        }
    },
    "15": {
        "literal": "他也把燔祭牲牵来，照例而献它。",
        "0": {
            "sn": "07126",
            "brief": "临近、靠近、带近、呈献"
        },
        "1": {
            "sn": "00853",
            "brief": "不必翻译"
        },
        "2": {
            "sn": "05930",
            "brief": "燔祭、阶梯"
        },
        "3": {
            "sn": "06213",
            "brief": "做"
        },
        "4": {
            "sn": "04941",
            "brief": "正义、公平、审判、律例、规矩"
        }
    },
    "16": {
        "literal": "他又把素祭带来，从其中取了一满把，烧在坛上；这是在早晨的燔祭以外。",
        "0": {
            "sn": "07126",
            "brief": "临近、靠近、带近、呈献"
        },
        "1": {
            "sn": "00853",
            "brief": "不必翻译"
        },
        "2": {
            "sn": "04503",
            "brief": "供物、礼物、祭物、素祭"
        },
        "3": {
            "sn": "04390",
            "brief": "充满"
        },
        "4": {
            "sn": "03709",
            "brief": "手掌、脚掌、脚底"
        },
        "5": {
            "sn": "04480",
            "brief": "从"
        },
        "6": {
            "sn": "06999",
            "brief": "烧香、薰"
        },
        "7": {
            "sn": "05921",
            "brief": "在…上面"
        },
        "8": {
            "sn": "04196",
            "brief": "祭坛"
        },
        "9": {
            "sn": "00905",
            "brief": "分开、门闩、片段"
        },
        "10": {
            "sn": "05930",
            "brief": "燔祭、阶梯"
        },
        "11": {
            "sn": "01242",
            "brief": "早晨"
        }
    },
    "17": {
        "literal": "他宰了那…公牛和公绵羊。(…处填入下行)给百姓作平安祭的亚伦的儿子们把血递给他，他就把它洒在坛的周围；",
        "6": {
            "sn": "08002",
            "brief": "平安祭"
        },
        "0": {
            "sn": "07819",
            "brief": "宰杀"
        },
        "1": {
            "sn": "00853",
            "brief": "不必翻译"
        },
        "2": {
            "sn": "07794",
            "brief": "公牛"
        },
        "3": {
            "sn": "00853",
            "brief": "不必翻译"
        },
        "4": {
            "sn": "00352",
            "brief": "公绵羊、高大的树、门框、柱子、强壮的人"
        },
        "5": {
            "sn": "02077",
            "brief": "祭、献祭"
        },
        "7": {
            "sn": "00834",
            "brief": "不必翻译"
        },
        "8": {
            "sn": "05971",
            "brief": "国民、百姓"
        },
        "9": {
            "sn": "04672",
            "brief": "寻找、追上、获得、发现"
        },
        "10": {
            "sn": "01121",
            "brief": "儿子、孙子、后裔、成员"
        },
        "11": {
            "sn": "00175",
            "brief": "亚伦"
        },
        "12": {
            "sn": "00853",
            "brief": "不必翻译"
        },
        "13": {
            "sn": "01818",
            "brief": "血"
        },
        "14": {
            "sn": "00413",
            "brief": "对、向、往"
        },
        "15": {
            "sn": "02236",
            "brief": "撒、播种、分散"
        },
        "16": {
            "sn": "05921",
            "brief": "在…上面"
        },
        "17": {
            "sn": "04196",
            "brief": "祭坛"
        },
        "18": {
            "sn": "05439",
            "brief": "四围、环绕"
        }
    },
    "18": {
        "literal": "(又把)公牛和公绵羊的脂油、肥尾巴，并盖(脏)的(脂油)与肾脏，和肝上的网子(都递给他)；",
        "0": {
            "sn": "00853",
            "brief": "不必翻译"
        },
        "1": {
            "sn": "02459",
            "brief": "脂油"
        },
        "2": {
            "sn": "04480",
            "brief": "从"
        },
        "3": {
            "sn": "07794",
            "brief": "公牛"
        },
        "4": {
            "sn": "04480",
            "brief": "从"
        },
        "5": {
            "sn": "00352",
            "brief": "公绵羊、高大的树、门框、柱子、强壮的人"
        },
        "6": {
            "sn": "00451",
            "brief": "尾巴、肥尾巴"
        },
        "7": {
            "sn": "04374",
            "brief": "遮盖物"
        },
        "8": {
            "sn": "03629",
            "brief": "肾脏"
        },
        "9": {
            "sn": "03508",
            "brief": "悬垂物、作献祭用的动物的肝叶的尾端"
        },
        "10": {
            "sn": "03516",
            "brief": "肝"
        }
    },
    "19": {
        "literal": "他们把脂油放在胸上，他就把脂油烧在坛上。",
        "0": {
            "sn": "07760",
            "brief": "使、置、放"
        },
        "1": {
            "sn": "00853",
            "brief": "不必翻译"
        },
        "2": {
            "sn": "02459",
            "brief": "脂油"
        },
        "3": {
            "sn": "05921",
            "brief": "在…上面"
        },
        "4": {
            "sn": "02373",
            "brief": "胸"
        },
        "5": {
            "sn": "06999",
            "brief": "烧香、薰"
        },
        "6": {
            "sn": "02459",
            "brief": "脂油"
        },
        "7": {
            "sn": "04196",
            "brief": "祭坛"
        }
    },
    "21": {
        "literal": "亚伦向百姓举起他的双手，祝福他们。他献了赎罪祭、燔祭、平安祭就下来。",
        "0": {
            "sn": "05375",
            "brief": "高举、举起、背负、承担"
        },
        "1": {
            "sn": "00175",
            "brief": "亚伦"
        },
        "2": {
            "sn": "00853",
            "brief": "不必翻译"
        },
        "3": {
            "sn": "03027",
            "brief": "手、边、力量、权势"
        },
        "4": {
            "sn": "00413",
            "brief": "对、向、往"
        },
        "5": {
            "sn": "05971",
            "brief": "国民、百姓"
        },
        "6": {
            "sn": "01288",
            "brief": "赐福"
        },
        "7": {
            "sn": "03381",
            "brief": "临到、下去"
        },
        "8": {
            "sn": "06213",
            "brief": "做"
        },
        "9": {
            "sn": "02403",
            "brief": "罪、赎罪祭、除罪、罪罚"
        },
        "10": {
            "sn": "05930",
            "brief": "燔祭、阶梯"
        },
        "11": {
            "sn": "08002",
            "brief": "平安祭"
        }
    },
    "22": {
        "literal": "摩西和亚伦进入会幕，他们出来为百姓祝福，雅威的荣光就向众民显现。",
        "0": {
            "sn": "00935",
            "brief": "来、进入、临到、发生"
        },
        "1": {
            "sn": "04872",
            "brief": "摩西"
        },
        "2": {
            "sn": "00175",
            "brief": "亚伦"
        },
        "3": {
            "sn": "00413",
            "brief": "对、向、往"
        },
        "4": {
            "sn": "00168",
            "brief": "帐棚、帐蓬"
        },
        "5": {
            "sn": "04150",
            "brief": "集会、节庆、定点、定时"
        },
        "6": {
            "sn": "03318",
            "brief": "出去"
        },
        "7": {
            "sn": "01288",
            "brief": "赐福"
        },
        "8": {
            "sn": "00853",
            "brief": "不必翻译"
        },
        "9": {
            "sn": "05971",
            "brief": "国民、百姓"
        },
        "10": {
            "sn": "07200",
            "brief": "Qal 看见、看顾、察觉，Nif‘al 显现，Hif‘il 显明"
        },
        "11": {
            "sn": "03519",
            "brief": "荣耀"
        },
        "12": {
            "sn": "03068",
            "brief": "上帝的名字「雅威」，犹太人尊称为「上主」"
        },
        "13": {
            "sn": "00413",
            "brief": "对、向、往"
        },
        "14": {
            "sn": "03605",
            "brief": "全部、整个、各"
        },
        "15": {
            "sn": "05971",
            "brief": "国民、百姓"
        }
    },
    "23": {
        "literal": "有火从雅威面前出来，在坛上烧尽燔祭和脂油；众民一见，就都欢呼，他们的脸俯伏(在地)。",
        "0": {
            "sn": "03318",
            "brief": "出去"
        },
        "1": {
            "sn": "00784",
            "brief": "火"
        },
        "2": {
            "sn": "03942",
            "brief": "在…前面"
        },
        "3": {
            "sn": "03068",
            "brief": "上帝的名字「雅威」，犹太人尊称为「上主」"
        },
        "4": {
            "sn": "00398",
            "brief": "吃、吞吃"
        },
        "5": {
            "sn": "05921",
            "brief": "在…上面"
        },
        "6": {
            "sn": "04196",
            "brief": "祭坛"
        },
        "7": {
            "sn": "00853",
            "brief": "不必翻译"
        },
        "8": {
            "sn": "05930",
            "brief": "燔祭、阶梯"
        },
        "9": {
            "sn": "00853",
            "brief": "不必翻译"
        },
        "10": {
            "sn": "02459",
            "brief": "脂油"
        },
        "11": {
            "sn": "07200",
            "brief": "Qal 看见、看顾、察觉，Nif‘al 显现，Hif‘il 显明"
        },
        "12": {
            "sn": "03605",
            "brief": "全部、整个、各"
        },
        "13": {
            "sn": "05971",
            "brief": "国民、百姓"
        },
        "14": {
            "sn": "07442",
            "brief": "歌唱、呼喊、欢呼"
        },
        "15": {
            "sn": "05307",
            "brief": "跌落、跌倒、使签落在..."
        },
        "16": {
            "sn": "05921",
            "brief": "在…上面"
        },
        "17": {
            "sn": "06440",
            "brief": "脸"
        }
    },
    "5": {
        "literal": "摩西说：「这是雅威命令你们所当行的；雅威的荣光就会向你们显现。」",
        "0": {
            "sn": "00559",
            "brief": "说"
        },
        "1": {
            "sn": "04872",
            "brief": "摩西"
        },
        "2": {
            "sn": "02088",
            "brief": "这个"
        },
        "3": {
            "sn": "01697",
            "brief": "话语、事情"
        },
        "4": {
            "sn": "00834",
            "brief": "不必翻译"
        },
        "5": {
            "sn": "06680",
            "brief": "Pi‘el 命令、吩咐"
        },
        "6": {
            "sn": "03068",
            "brief": "上帝的名字「雅威」，犹太人尊称为「上主」"
        },
        "7": {
            "sn": "06213",
            "brief": "做"
        },
        "8": {
            "sn": "07200",
            "brief": "Qal 看见、看顾、察觉，Nif‘al 显现，Hif‘il 显明"
        },
        "9": {
            "sn": "00413",
            "brief": "向、往"
        },
        "10": {
            "sn": "03519",
            "brief": "荣耀"
        },
        "11": {
            "sn": "03068",
            "brief": "上帝的名字「雅威」，犹太人尊称为「上主」"
        }
    },
    "12": {
        "literal": "又把燔祭递给他，一块一块的、连头他都烧在坛上；",
        "0": {
            "sn": "00853",
            "brief": "不必翻译"
        },
        "1": {
            "sn": "05930",
            "brief": "燔祭、阶梯"
        },
        "2": {
            "sn": "04672",
            "brief": "寻找、追上、获得、发现"
        },
        "3": {
            "sn": "00413",
            "brief": "对、向、往"
        },
        "4": {
            "sn": "05409",
            "brief": "一块、一块肉"
        },
        "5": {
            "sn": "00853",
            "brief": "不必翻译"
        },
        "6": {
            "sn": "07218",
            "brief": "头、起头、山顶、领袖"
        },
        "7": {
            "sn": "06999",
            "brief": "烧香、薰"
        },
        "8": {
            "sn": "05921",
            "brief": "在…上面"
        },
        "9": {
            "sn": "04196",
            "brief": "祭坛"
        }
    },
    "4": {
        "8": {
            "sn": "04150",
            "brief": "集会、节庆、定点、定时"
        },
        "literal": "于是他们把摩西所吩咐的，带到会幕前；全会众都近前来，站在雅威面前。",
        "0": {
            "sn": "03947",
            "brief": "取、娶、拿"
        },
        "1": {
            "sn": "00853",
            "brief": "不必翻译"
        },
        "2": {
            "sn": "00834",
            "brief": "不必翻译"
        },
        "3": {
            "sn": "06680",
            "brief": "Pi‘el 命令、吩咐"
        },
        "4": {
            "sn": "04872",
            "brief": "摩西"
        },
        "5": {
            "sn": "00413",
            "brief": "向、往"
        },
        "6": {
            "sn": "06440",
            "brief": "脸面"
        },
        "7": {
            "sn": "00168",
            "brief": "帐棚、帐蓬"
        },
        "9": {
            "sn": "07126",
            "brief": "临近、靠近、带近、呈献"
        },
        "10": {
            "sn": "03605",
            "brief": "全部、整个、各"
        },
        "11": {
            "sn": "05712",
            "brief": "会众"
        },
        "12": {
            "sn": "05975",
            "brief": "Qal 站立、侍立、停留，Hif‘il 设立、使坚定"
        },
        "13": {
            "sn": "03942",
            "brief": "在…前面"
        },
        "14": {
            "sn": "03068",
            "brief": "上帝的名字「雅威」，犹太人尊称为「上主」"
        }
    },
    "3": {
        "literal": "(又取)一只公牛，一只公绵羊作平安祭，献在雅威面前，(并取)调油的素祭，因为今天雅威要向你们显现。』",
        "0": {
            "sn": "07794",
            "brief": "公牛"
        },
        "1": {
            "sn": "00352",
            "brief": "公绵羊、高大的树、门框、柱子、强壮的人"
        },
        "2": {
            "sn": "08002",
            "brief": "平安祭"
        },
        "3": {
            "sn": "02076",
            "brief": "屠宰、献祭"
        },
        "4": {
            "sn": "03942",
            "brief": "在…前面"
        },
        "5": {
            "sn": "03068",
            "brief": "上帝的名字「雅威」，犹太人尊称为「上主」"
        },
        "6": {
            "sn": "04503",
            "brief": "供物、礼物、祭物、素祭"
        },
        "7": {
            "sn": "01101",
            "brief": "搀和、混杂、混合"
        },
        "8": {
            "sn": "08081",
            "brief": "肥美、油"
        },
        "9": {
            "sn": "03588",
            "brief": "因为、如果"
        },
        "10": {
            "sn": "03117",
            "brief": "日子、时候"
        },
        "11": {
            "sn": "03068",
            "brief": "上帝的名字「雅威」，犹太人尊称为「上主」"
        },
        "12": {
            "sn": "07200",
            "brief": "Qal 看见、看顾、察觉，Nif‘al 显现，Hif‘il 显明"
        },
        "13": {
            "sn": "00413",
            "brief": "向、往"
        }
    },
    "6": {
        "literal": "摩西对亚伦说：「你就近坛前，献你的赎罪祭和燔祭，为自己与百姓赎罪，又献上百姓的供物，为他们赎罪，都照雅威所命令的。」",
        "0": {
            "sn": "00559",
            "brief": "说"
        },
        "1": {
            "sn": "04872",
            "brief": "摩西"
        },
        "2": {
            "sn": "00413",
            "brief": "向、往"
        },
        "3": {
            "sn": "00175",
            "brief": "亚伦"
        },
        "4": {
            "sn": "07126",
            "brief": "临近、靠近、带近、呈献"
        },
        "5": {
            "sn": "00413",
            "brief": "向、往"
        },
        "6": {
            "sn": "04196",
            "brief": "祭坛"
        },
        "7": {
            "sn": "06213",
            "brief": "做"
        },
        "8": {
            "sn": "00853",
            "brief": "不必翻译"
        },
        "9": {
            "sn": "02403",
            "brief": "罪、赎罪祭、除罪、罪罚"
        },
        "10": {
            "sn": "00853",
            "brief": "不必翻译"
        },
        "11": {
            "sn": "05930",
            "brief": "燔祭、阶梯"
        },
        "12": {
            "sn": "03722",
            "brief": "赦免、洁净、遮盖"
        },
        "13": {
            "sn": "01157",
            "brief": "为了、背后、穿过、围绕"
        },
        "14": {
            "sn": "01157",
            "brief": "为了、背后、穿过、围绕"
        },
        "15": {
            "sn": "05971",
            "brief": "国民、百姓"
        },
        "16": {
            "sn": "06213",
            "brief": "做"
        },
        "17": {
            "sn": "00853",
            "brief": "不必翻译"
        },
        "18": {
            "sn": "07133",
            "brief": "供物、奉献"
        },
        "19": {
            "sn": "05971",
            "brief": "国民、百姓"
        },
        "20": {
            "sn": "03722",
            "brief": "赦免、洁净、遮盖"
        },
        "21": {
            "sn": "01157",
            "brief": "为了、背后、穿过、围绕"
        },
        "22": {
            "sn": "00834",
            "brief": "不必翻译"
        },
        "23": {
            "sn": "06680",
            "brief": "Pi‘el 命令、吩咐"
        },
        "24": {
            "sn": "03068",
            "brief": "上帝的名字「雅威」，犹太人尊称为「上主」"
        }
    },
    "7": {
        "literal": "于是，亚伦就近坛前，宰了为自己作赎罪祭的公牛犊。",
        "0": {
            "sn": "07126",
            "brief": "临近、靠近、带近、呈献"
        },
        "1": {
            "sn": "00175",
            "brief": "亚伦"
        },
        "2": {
            "sn": "00413",
            "brief": "向、往"
        },
        "3": {
            "sn": "04196",
            "brief": "祭坛"
        },
        "4": {
            "sn": "07819",
            "brief": "宰杀"
        },
        "5": {
            "sn": "00853",
            "brief": "不必翻译"
        },
        "6": {
            "sn": "05695",
            "brief": "牛犊"
        },
        "7": {
            "sn": "02403",
            "brief": "罪、赎罪祭、除罪、罪罚"
        },
        "8": {
            "sn": "00834",
            "brief": "不必翻译"
        },
        "9": {
            "sn": "09001",
            "brief": "给、往、向、到、归属于"
        }
    },
    "9": {
        "literal": "惟有…脂油和肾脏，并肝上取的网子，(…处填入下行)赎罪祭的都要照雅威所吩咐摩西的烧在坛上；",
        "0": {
            "sn": "00853",
            "brief": "不必翻译"
        },
        "1": {
            "sn": "02459",
            "brief": "脂油"
        },
        "2": {
            "sn": "00853",
            "brief": "不必翻译"
        },
        "3": {
            "sn": "03629",
            "brief": "肾脏"
        },
        "4": {
            "sn": "00853",
            "brief": "不必翻译"
        },
        "5": {
            "sn": "03508",
            "brief": "悬垂物、作献祭用的动物的肝叶的尾端"
        },
        "6": {
            "sn": "04480",
            "brief": "从"
        },
        "7": {
            "sn": "03516",
            "brief": "肝"
        },
        "8": {
            "sn": "04480",
            "brief": "从"
        },
        "9": {
            "sn": "02403",
            "brief": "罪、赎罪祭、除罪、罪罚"
        },
        "10": {
            "sn": "06999",
            "brief": "烧香、薰"
        },
        "11": {
            "sn": "04196",
            "brief": "祭坛"
        },
        "12": {
            "sn": "00834",
            "brief": "不必翻译"
        },
        "13": {
            "sn": "06680",
            "brief": "Pi‘el 命令、吩咐"
        },
        "14": {
            "sn": "03068",
            "brief": "上帝的名字「雅威」，犹太人尊称为「上主」"
        },
        "15": {
            "sn": "00853",
            "brief": "不必翻译"
        },
        "16": {
            "sn": "04872",
            "brief": "摩西"
        }
    },
    "8": {
        "literal": "亚伦的儿子把血带到他那里，他就把他的指头蘸在血中，抹在坛的(四)角上，又把血倒在坛的底座。",
        "0": {
            "sn": "07126",
            "brief": "临近、靠近、带近、呈献"
        },
        "1": {
            "sn": "01121",
            "brief": "儿子、孙子、后裔、成员"
        },
        "2": {
            "sn": "00175",
            "brief": "亚伦"
        },
        "3": {
            "sn": "00853",
            "brief": "不必翻译"
        },
        "4": {
            "sn": "01818",
            "brief": "血"
        },
        "5": {
            "sn": "00413",
            "brief": "向、往"
        },
        "6": {
            "sn": "02881",
            "brief": "蘸，浸入，陷入"
        },
        "7": {
            "sn": "00676",
            "brief": "指头"
        },
        "8": {
            "sn": "01818",
            "brief": "血"
        },
        "9": {
            "sn": "05414",
            "brief": "交给、递出"
        },
        "10": {
            "sn": "05921",
            "brief": "在…上面"
        },
        "11": {
            "sn": "07161",
            "brief": "角"
        },
        "12": {
            "sn": "04196",
            "brief": "祭坛"
        },
        "13": {
            "sn": "00853",
            "brief": "不必翻译"
        },
        "14": {
            "sn": "01818",
            "brief": "血"
        },
        "15": {
            "sn": "03332",
            "brief": "倒、浇灌"
        },
        "16": {
            "sn": "00413",
            "brief": "向、往"
        },
        "17": {
            "sn": "03247",
            "brief": "根基"
        },
        "18": {
            "sn": "04196",
            "brief": "祭坛"
        }
    },
    "13": {
        "literal": "又洗了脏腑和腿，烧在坛上的燔祭上。",
        "0": {
            "sn": "07364",
            "brief": "洗、沐浴"
        },
        "1": {
            "sn": "00853",
            "brief": "不必翻译"
        },
        "2": {
            "sn": "07130",
            "brief": "中间、内脏"
        },
        "3": {
            "sn": "00853",
            "brief": "不必翻译"
        },
        "4": {
            "sn": "03767",
            "brief": "腿"
        },
        "5": {
            "sn": "06999",
            "brief": "烧香、薰"
        },
        "6": {
            "sn": "05921",
            "brief": "在…上面"
        },
        "7": {
            "sn": "05930",
            "brief": "燔祭、阶梯"
        },
        "8": {
            "sn": "04196",
            "brief": "祭坛"
        }
    },
    "20": {
        "literal": "亚伦把胸和右腿摇一摇在雅威面前当作摇祭，都是照摩西所命令的。",
        "0": {
            "sn": "00853",
            "brief": "不必翻译"
        },
        "1": {
            "sn": "02373",
            "brief": "胸"
        },
        "2": {
            "sn": "00853",
            "brief": "不必翻译"
        },
        "3": {
            "sn": "07785",
            "brief": "腿、小腿、大腿"
        },
        "4": {
            "sn": "03225",
            "brief": "右手、右边、南方"
        },
        "5": {
            "sn": "05130",
            "brief": "抡起、摇动、挥舞"
        },
        "6": {
            "sn": "00175",
            "brief": "亚伦"
        },
        "7": {
            "sn": "08573",
            "brief": "抡手、挥舞、摇动"
        },
        "8": {
            "sn": "06440",
            "brief": "脸面"
        },
        "9": {
            "sn": "03068",
            "brief": "上帝的名字「雅威」，犹太人尊称为「上主」"
        },
        "10": {
            "sn": "00834",
            "brief": "不必翻译"
        },
        "11": {
            "sn": "06680",
            "brief": "Pi‘el 命令、吩咐"
        },
        "12": {
            "sn": "04872",
            "brief": "摩西"
        }
    }
}