{
    "6": {
        "12": {
            "sn": "08033",
            "brief": "那里"
        },
        "13": {
            "sn": "01992",
            "brief": "他们、它们"
        },
        "15": {
            "sn": "01980",
            "brief": "去、行走"
        },
        "14": {
            "sn": "07725",
            "brief": "Qal 回复、回转、重复，Po‘lel 带回、复兴、更新，Hif‘il 回报、报告、带回"
        },
        "0": {
            "sn": "03605",
            "brief": "全部、整个、各"
        },
        "2": {
            "sn": "01980",
            "brief": "去、行走"
        },
        "3": {
            "sn": "00413",
            "brief": "向、往"
        },
        "4": {
            "sn": "03220",
            "brief": "海、西方"
        },
        "5": {
            "sn": "03220",
            "brief": "海、西方"
        },
        "6": {
            "sn": "00369",
            "brief": "没有、不存在"
        },
        "7": {
            "sn": "04392",
            "brief": "充满"
        },
        "8": {
            "sn": "00413",
            "brief": "向、往"
        },
        "11": {
            "sn": "01980",
            "brief": "去、行走"
        },
        "9": {
            "sn": "04725",
            "brief": "地方"
        },
        "literal": "所有的江河都往海里流，海却不满；江河从何处流，它们仍归回何处。",
        "1": {
            "sn": "05158",
            "brief": "山谷、溪谷、河谷、河床"
        },
        "10": {
            "sn": "05158",
            "brief": "山谷、溪谷、河谷、河床"
        }
    },
    "15": {
        "4": {
            "sn": "00559",
            "brief": "说"
        },
        "6": {
            "sn": "02009",
            "brief": "看哪"
        },
        "10": {
            "sn": "05921",
            "brief": "在…上面"
        },
        "0": {
            "sn": "01696",
            "brief": "Pi‘el 讲、说、指挥"
        },
        "7": {
            "sn": "01431",
            "brief": "养育、使变大"
        },
        "8": {
            "sn": "03254",
            "brief": "再一次、增添"
        },
        "18": {
            "sn": "07200",
            "brief": "Qal 看见、看顾、察觉，Nif‘al 显现，Hif‘il 显明"
        },
        "5": {
            "sn": "00589",
            "brief": "我"
        },
        "9": {
            "sn": "02451",
            "brief": "智慧"
        },
        "11": {
            "sn": "03605",
            "brief": "全部、整个、各"
        },
        "12": {
            "sn": "00834",
            "brief": "不必翻译"
        },
        "13": {
            "sn": "01961",
            "brief": "是、成为、临到"
        },
        "14": {
            "sn": "03942",
            "brief": "在…前面"
        },
        "15": {
            "sn": "05921",
            "brief": "在…上面"
        },
        "16": {
            "sn": "03389",
            "brief": "耶路撒冷"
        },
        "17": {
            "sn": "03820",
            "brief": "心"
        },
        "19": {
            "sn": "07235",
            "brief": "多、变多"
        },
        "20": {
            "sn": "02451",
            "brief": "智慧"
        },
        "21": {
            "sn": "01847",
            "brief": "知识"
        },
        "literal": "我心里议论说：「看哪，我大大增添智慧，胜过在我以前统治耶路撒冷的任何人，而且我心中多经历智慧和知识的事。」",
        "1": {
            "sn": "00589",
            "brief": "我"
        },
        "2": {
            "sn": "05973",
            "brief": "跟"
        },
        "3": {
            "sn": "03820",
            "brief": "心"
        }
    },
    "12": {
        "20": {
            "sn": "09002",
            "brief": "在、用、藉着、与、敌对"
        },
        "literal": "我用智慧专心寻求、考察天下所发生的一切事，上帝叫世人所劳碌于其中是何等沉重的工作。",
        "0": {
            "sn": "05414",
            "brief": "给"
        },
        "1": {
            "sn": "00853",
            "brief": "不必翻译"
        },
        "2": {
            "sn": "03820",
            "brief": "心"
        },
        "3": {
            "sn": "01875",
            "brief": "寻求、寻找"
        },
        "4": {
            "sn": "08446",
            "brief": "寻找、探查"
        },
        "5": {
            "sn": "02451",
            "brief": "智慧"
        },
        "6": {
            "sn": "05921",
            "brief": "在…上面"
        },
        "7": {
            "sn": "03605",
            "brief": "全部、整个、各"
        },
        "8": {
            "sn": "00834",
            "brief": "不必翻译"
        },
        "9": {
            "sn": "06213",
            "brief": "做"
        },
        "10": {
            "sn": "08478",
            "brief": "1. 名词：位置、地方；2. 介系词：在…之下；3. 介系词：代替、因为"
        },
        "11": {
            "sn": "08064",
            "brief": "天"
        },
        "12": {
            "sn": "01931",
            "brief": "他"
        },
        "13": {
            "sn": "06045",
            "brief": "职业、工作"
        },
        "14": {
            "sn": "07451",
            "brief": "灾难、邪恶"
        },
        "15": {
            "sn": "05414",
            "brief": "给"
        },
        "16": {
            "sn": "00430",
            "brief": "上帝、神、神明"
        },
        "17": {
            "sn": "01121",
            "brief": "儿子、孙子、后裔、成员"
        },
        "18": {
            "sn": "00120",
            "brief": "人"
        },
        "19": {
            "sn": "06031",
            "brief": "I. 回答，II. 忙，III. 使受苦、使低微，IV. 唱歌 (I, IV 的 SN 为 6030. II, III 的 SN 为 6031)"
        }
    },
    "17": {
        "0": {
            "sn": "03588",
            "brief": "因为、不必翻译"
        },
        "2": {
            "sn": "02451",
            "brief": "智慧"
        },
        "3": {
            "sn": "07230",
            "brief": "多"
        },
        "4": {
            "sn": "03708",
            "brief": "烦恼、悲伤"
        },
        "5": {
            "sn": "03254",
            "brief": "再一次、增添"
        },
        "literal": "因为多有智慧，就多有愁烦；增加知识，就增加忧伤。",
        "7": {
            "sn": "03254",
            "brief": "再一次、增添"
        },
        "6": {
            "sn": "01847",
            "brief": "知识"
        },
        "8": {
            "sn": "04341",
            "brief": "痛苦、忧伤"
        },
        "1": {
            "sn": "07230",
            "brief": "多"
        }
    },
    "4": {
        "0": {
            "sn": "02224",
            "brief": "发出、出现、升起"
        },
        "2": {
            "sn": "00935",
            "brief": "来、进入、临到、发生"
        },
        "3": {
            "sn": "08121",
            "brief": "太阳"
        },
        "4": {
            "sn": "00413",
            "brief": "向、往"
        },
        "literal": "日头出来，日头落下，它急归它所出之地。",
        "1": {
            "sn": "08121",
            "brief": "太阳"
        },
        "5": {
            "sn": "04725",
            "brief": "地方"
        },
        "6": {
            "sn": "07602",
            "brief": "践踏、蹂躏、切望、呼吸急促"
        },
        "7": {
            "sn": "02224",
            "brief": "发出、出现、升起"
        },
        "8": {
            "sn": "01931",
            "brief": "他"
        },
        "9": {
            "sn": "08033",
            "brief": "那里"
        }
    },
    "3": {
        "6": {
            "sn": "05975",
            "brief": "Qal 站立、侍立、停留，Hif‘il 设立、使坚定"
        },
        "literal": "一代过去，一代又来，地却永远长存。",
        "0": {
            "sn": "01755",
            "brief": "年代、世代、后代、居所"
        },
        "1": {
            "sn": "01980",
            "brief": "去、行走"
        },
        "2": {
            "sn": "01755",
            "brief": "年代、世代、后代、居所"
        },
        "3": {
            "sn": "00935",
            "brief": "来、进入、临到、发生"
        },
        "4": {
            "sn": "00776",
            "brief": "地、邦国、疆界"
        },
        "5": {
            "sn": "05769",
            "brief": "古老、永远、长久"
        }
    },
    "0": {
        "4": {
            "sn": "04428",
            "brief": "君王、国王"
        },
        "literal": "在耶路撒冷作王、大卫的儿子、传道者的话语。",
        "0": {
            "sn": "01697",
            "brief": "话语、事情"
        },
        "1": {
            "sn": "06953",
            "brief": "传道者"
        },
        "2": {
            "sn": "01121",
            "brief": "儿子、孙子、后裔、成员"
        },
        "3": {
            "sn": "01732",
            "brief": "大卫"
        },
        "5": {
            "sn": "03389",
            "brief": "耶路撒冷"
        }
    },
    "13": {
        "0": {
            "sn": "07200",
            "brief": "Qal 看见、看顾、察觉，Nif‘al 显现，Hif‘il 显明"
        },
        "literal": "我见日光之下所发生的一切事，都是虚空，都是捕风。",
        "1": {
            "sn": "00853",
            "brief": "不必翻译"
        },
        "2": {
            "sn": "03605",
            "brief": "全部、整个、各"
        },
        "3": {
            "sn": "04639",
            "brief": "作为"
        },
        "4": {
            "sn": "06213",
            "brief": "做"
        },
        "5": {
            "sn": "08478",
            "brief": "1. 名词：位置、地方；2. 介系词：在…之下；3. 介系词：代替、因为"
        },
        "6": {
            "sn": "08121",
            "brief": "太阳"
        },
        "7": {
            "sn": "02009",
            "brief": "看哪"
        },
        "8": {
            "sn": "03605",
            "brief": "全部、整个、各"
        },
        "9": {
            "sn": "01892",
            "brief": "蒸气、气息"
        },
        "10": {
            "sn": "07469",
            "brief": "渴望"
        },
        "11": {
            "sn": "07307",
            "brief": "风、心、灵、气息"
        }
    },
    "7": {
        "10": {
            "sn": "07200",
            "brief": "Qal 看见、看顾、察觉，Nif‘al 显现，Hif‘il 显明"
        },
        "3": {
            "sn": "03808",
            "brief": "不"
        },
        "literal": "万事令人厌烦，人不能说尽。眼看，看不饱；耳听，听不足。",
        "0": {
            "sn": "03605",
            "brief": "全部、整个、各"
        },
        "1": {
            "sn": "01697",
            "brief": "话语、事情"
        },
        "2": {
            "sn": "03023",
            "brief": "令人厌烦的"
        },
        "4": {
            "sn": "03201",
            "brief": "能够"
        },
        "5": {
            "sn": "00376",
            "brief": "各人、人、男人、丈夫"
        },
        "8": {
            "sn": "07646",
            "brief": "满足、饱足"
        },
        "9": {
            "sn": "05869",
            "brief": "眼目、眼睛"
        },
        "7": {
            "sn": "03808",
            "brief": "不"
        },
        "14": {
            "sn": "08085",
            "brief": "Qal 听、听从，Hif‘il 说明、使…听"
        },
        "12": {
            "sn": "04390",
            "brief": "充满"
        },
        "13": {
            "sn": "00241",
            "brief": "耳朵"
        },
        "11": {
            "sn": "03808",
            "brief": "不"
        },
        "6": {
            "sn": "01696",
            "brief": "Pi‘el 讲、说、指挥"
        }
    },
    "8": {
        "0": {
            "sn": "04100",
            "brief": "什么、怎么"
        },
        "literal": "已有的事后必再有；已行的事后必再行。日光之下并无任何新事。",
        "1": {
            "sn": "01961",
            "brief": "是、成为、临到"
        },
        "2": {
            "sn": "01931",
            "brief": "他"
        },
        "3": {
            "sn": "01961",
            "brief": "是、成为、临到"
        },
        "4": {
            "sn": "04100",
            "brief": "什么、怎么"
        },
        "5": {
            "sn": "06213",
            "brief": "做"
        },
        "6": {
            "sn": "01931",
            "brief": "他"
        },
        "7": {
            "sn": "06213",
            "brief": "做"
        },
        "8": {
            "sn": "00369",
            "brief": "没有、不存在"
        },
        "9": {
            "sn": "03605",
            "brief": "全部、整个、各"
        },
        "10": {
            "sn": "02319",
            "brief": "新的"
        },
        "11": {
            "sn": "08478",
            "brief": "1. 名词：位置、地方；2. 介系词：在…之下；3. 介系词：代替、因为"
        },
        "12": {
            "sn": "08121",
            "brief": "太阳"
        }
    },
    "9": {
        "literal": "有一件事人说：「看，这是新的！」它在我们以前的世代(其实)早已有了。",
        "3": {
            "sn": "07200",
            "brief": "Qal 看见、看顾、察觉，Nif‘al 显现，Hif‘il 显明"
        },
        "0": {
            "sn": "03426",
            "brief": "存在、有、是"
        },
        "1": {
            "sn": "01697",
            "brief": "话语、事情"
        },
        "2": {
            "sn": "00559",
            "brief": "说"
        },
        "4": {
            "sn": "02088",
            "brief": "这个"
        },
        "5": {
            "sn": "02319",
            "brief": "新的"
        },
        "6": {
            "sn": "01931",
            "brief": "他"
        },
        "7": {
            "sn": "03528",
            "brief": "已经"
        },
        "8": {
            "sn": "01961",
            "brief": "是、成为、临到"
        },
        "9": {
            "sn": "05769",
            "brief": "古代、永远、长久"
        },
        "10": {
            "sn": "00834",
            "brief": "不必翻译"
        },
        "11": {
            "sn": "01961",
            "brief": "是、成为、临到"
        },
        "12": {
            "sn": "03942",
            "brief": "在…前面"
        }
    },
    "5": {
        "literal": "…往南刮，又转向北，(…处填入下行)风旋转又旋转地刮，风返回自己绕行的路线上。",
        "0": {
            "sn": "01980",
            "brief": "去、行走"
        },
        "1": {
            "sn": "00413",
            "brief": "向、往"
        },
        "2": {
            "sn": "01864",
            "brief": "南方"
        },
        "3": {
            "sn": "05437",
            "brief": "环绕、游行、转"
        },
        "4": {
            "sn": "00413",
            "brief": "向、往"
        },
        "5": {
            "sn": "06828",
            "brief": "北方"
        },
        "6": {
            "sn": "05437",
            "brief": "环绕、游行、转"
        },
        "7": {
            "sn": "05437",
            "brief": "环绕、游行、转"
        },
        "8": {
            "sn": "01980",
            "brief": "去、行走"
        },
        "9": {
            "sn": "07307",
            "brief": "风、心、灵、气息"
        },
        "10": {
            "sn": "05921",
            "brief": "在…上面"
        },
        "12": {
            "sn": "07725",
            "brief": "Qal 回复、回转、重复，Po‘lel 带回、复兴、更新，Hif‘il 回报、报告、带回"
        },
        "11": {
            "sn": "05439",
            "brief": "四围、环绕"
        },
        "13": {
            "sn": "07307",
            "brief": "风、心、灵、气息"
        }
    },
    "1": {
        "literal": "传道者说：虚空中的虚空，虚空中的虚空，凡事都是虚空。",
        "0": {
            "sn": "01892",
            "brief": "蒸气、气息、空虚"
        },
        "1": {
            "sn": "01892",
            "brief": "蒸气、气息、空虚"
        },
        "2": {
            "sn": "00559",
            "brief": "说"
        },
        "3": {
            "sn": "06953",
            "brief": "传道者"
        },
        "4": {
            "sn": "01892",
            "brief": "蒸气、气息、空虚"
        },
        "5": {
            "sn": "01892",
            "brief": "蒸气、气息、空虚"
        },
        "6": {
            "sn": "03605",
            "brief": "全部、整个、各"
        },
        "7": {
            "sn": "01892",
            "brief": "蒸气、气息"
        }
    },
    "10": {
        "6": {
            "sn": "03808",
            "brief": "不"
        },
        "literal": "先前的事无人记念；将来的事，…也不记念，(…处填入下行)后来的人",
        "0": {
            "sn": "00369",
            "brief": "没有、不存在"
        },
        "1": {
            "sn": "02146",
            "brief": "纪念 (memorial, reminder)"
        },
        "2": {
            "sn": "07223",
            "brief": "首先的、先前的"
        },
        "3": {
            "sn": "01571",
            "brief": "甚至、也"
        },
        "4": {
            "sn": "00314",
            "brief": "后面的、末后的"
        },
        "5": {
            "sn": "01961",
            "brief": "是、成为、临到"
        },
        "7": {
            "sn": "01961",
            "brief": "是、成为、临到"
        },
        "8": {
            "sn": "09001",
            "brief": "给、往、向、到、归属于"
        },
        "9": {
            "sn": "02146",
            "brief": "纪念 (memorial, reminder)"
        },
        "10": {
            "sn": "05973",
            "brief": "跟"
        },
        "11": {
            "sn": "01961",
            "brief": "是、成为、临到"
        },
        "12": {
            "sn": "00314",
            "brief": "后面的、末后的"
        },
        "13": {
            "sn": "09015",
            "brief": "开的意思"
        }
    },
    "14": {
        "0": {
            "sn": "05791",
            "brief": "弯曲、屈身"
        },
        "literal": "弯曲的，不能变直；缺少的，不能足数。",
        "2": {
            "sn": "03201",
            "brief": "能够"
        },
        "3": {
            "sn": "08626",
            "brief": "使变直、安置妥当"
        },
        "4": {
            "sn": "02642",
            "brief": "缺乏"
        },
        "6": {
            "sn": "03201",
            "brief": "能够"
        },
        "7": {
            "sn": "04487",
            "brief": "计算、想、分配、指定、预备"
        },
        "1": {
            "sn": "03808",
            "brief": "不"
        },
        "5": {
            "sn": "03808",
            "brief": "不"
        }
    },
    "11": {
        "literal": "我传道者在耶路撒冷作过以色列的王。",
        "0": {
            "sn": "00589",
            "brief": "我"
        },
        "1": {
            "sn": "06953",
            "brief": "传道者"
        },
        "2": {
            "sn": "01961",
            "brief": "是、成为、临到"
        },
        "3": {
            "sn": "04428",
            "brief": "君王、国王"
        },
        "4": {
            "sn": "05921",
            "brief": "在…上面"
        },
        "5": {
            "sn": "03478",
            "brief": "以色列"
        },
        "6": {
            "sn": "03389",
            "brief": "耶路撒冷"
        }
    },
    "16": {
        "2": {
            "sn": "03045",
            "brief": "Qal 知道、认识、辨别、经历，Hif‘il 使知道、宣告"
        },
        "4": {
            "sn": "03045",
            "brief": "Qal 知道、认识、辨别、经历，Hif‘il 使知道、宣告"
        },
        "7": {
            "sn": "03045",
            "brief": "Qal 知道、认识、辨别、经历，Hif‘il 使知道、宣告"
        },
        "literal": "我又专心察明智慧，也察明狂妄，和愚昧，我就知道这也是捕风。",
        "0": {
            "sn": "05414",
            "brief": "给"
        },
        "1": {
            "sn": "03820",
            "brief": "心"
        },
        "3": {
            "sn": "02451",
            "brief": "智慧"
        },
        "5": {
            "sn": "01947",
            "brief": "疯狂、狂妄"
        },
        "6": {
            "sn": "05531",
            "brief": "愚昧"
        },
        "8": {
            "sn": "01571",
            "brief": "甚至、也"
        },
        "9": {
            "sn": "02088",
            "brief": "这个"
        },
        "10": {
            "sn": "01931",
            "brief": "他"
        },
        "11": {
            "sn": "07475",
            "brief": "努力、奋斗"
        },
        "12": {
            "sn": "07307",
            "brief": "风、心、灵、气息"
        }
    },
    "2": {
        "literal": "人…一切劳碌，对他有甚么益处呢？(…处填入下行)在日光之下所劳碌的",
        "0": {
            "sn": "04100",
            "brief": "什么、怎么"
        },
        "1": {
            "sn": "03504",
            "brief": "益处、利润、优点"
        },
        "2": {
            "sn": "00120",
            "brief": "人"
        },
        "3": {
            "sn": "03605",
            "brief": "全部、整个、各"
        },
        "4": {
            "sn": "05999",
            "brief": "患难、危害、劳碌、工作"
        },
        "5": {
            "sn": "05998",
            "brief": "劳碌"
        },
        "6": {
            "sn": "08478",
            "brief": "1. 名词：位置、地方；2. 介系词：在…之下；3. 介系词：代替、因为"
        },
        "7": {
            "sn": "08121",
            "brief": "太阳"
        }
    }
}