{
    "11": {
        "3": {
            "sn": "02094",
            "brief": "劝戒、教导、警告"
        },
        "0": {
            "sn": "03148",
            "brief": "优点、优势"
        },
        "1": {
            "sn": "01992",
            "brief": "他们"
        },
        "literal": "我儿，在这些之上还有一层，你当受劝戒：着书多，没有穷尽；读书多，身体疲倦。",
        "2": {
            "sn": "01121",
            "brief": "儿子、孙子、后裔、成员"
        },
        "4": {
            "sn": "06213",
            "brief": "做"
        },
        "5": {
            "sn": "05612",
            "brief": "书卷"
        },
        "6": {
            "sn": "07235",
            "brief": "多、变多"
        },
        "7": {
            "sn": "00369",
            "brief": "不存在、没有"
        },
        "8": {
            "sn": "07093",
            "brief": "末端、尽头、结尾"
        },
        "9": {
            "sn": "03854",
            "brief": "学习、研究"
        },
        "11": {
            "sn": "03024",
            "brief": "疲倦"
        },
        "12": {
            "sn": "01320",
            "brief": "肉、身体"
        },
        "10": {
            "sn": "07235",
            "brief": "多、变多"
        }
    },
    "0": {
        "12": {
            "sn": "08141",
            "brief": "年"
        },
        "13": {
            "sn": "00834",
            "brief": "不必翻译"
        },
        "14": {
            "sn": "00559",
            "brief": "说"
        },
        "15": {
            "sn": "00369",
            "brief": "不存在、没有"
        },
        "16": {
            "sn": "09001",
            "brief": "给、往、向、到、归属于"
        },
        "17": {
            "sn": "09002",
            "brief": "在、用、藉着、与、敌对"
        },
        "18": {
            "sn": "02656",
            "brief": "喜悦、高兴、事情"
        },
        "10": {
            "sn": "07451",
            "brief": "邪恶、灾祸"
        },
        "literal": "你当…记念造你的主。(…处填入下四行)趁着年轻、一直到衰败的日子尚未来到，…那些年日来临之先，(…处填入下行)就是你所说，我毫无喜乐的",
        "0": {
            "sn": "02142",
            "brief": "提说、纪念、回想"
        },
        "1": {
            "sn": "00853",
            "brief": "不必翻译"
        },
        "2": {
            "sn": "01254",
            "brief": "创造"
        },
        "3": {
            "sn": "03117",
            "brief": "日子、时候"
        },
        "4": {
            "sn": "00979",
            "brief": "青春时期、青少年时期"
        },
        "5": {
            "sn": "05704",
            "brief": "直到、甚至"
        },
        "6": {
            "sn": "00834",
            "brief": "不必翻译"
        },
        "8": {
            "sn": "00935",
            "brief": "来、进入、临到、发生"
        },
        "9": {
            "sn": "03117",
            "brief": "日子、时候"
        },
        "7": {
            "sn": "03808",
            "brief": "不"
        },
        "11": {
            "sn": "05060",
            "brief": "接触、触及"
        }
    },
    "1": {
        "0": {
            "sn": "05704",
            "brief": "直到"
        },
        "literal": "不要等到日头、光明、…变为黑暗，(…处填入下行)月亮、星宿雨后云彩返回，",
        "1": {
            "sn": "00834",
            "brief": "不必翻译"
        },
        "3": {
            "sn": "02821",
            "brief": "变黑"
        },
        "4": {
            "sn": "08121",
            "brief": "太阳"
        },
        "5": {
            "sn": "00216",
            "brief": "光"
        },
        "6": {
            "sn": "03394",
            "brief": "月亮"
        },
        "7": {
            "sn": "03556",
            "brief": "星星"
        },
        "9": {
            "sn": "05645",
            "brief": "黑暗、密云"
        },
        "10": {
            "sn": "00310",
            "brief": "后面、跟着"
        },
        "11": {
            "sn": "01653",
            "brief": "雨"
        },
        "2": {
            "sn": "03808",
            "brief": "不"
        },
        "8": {
            "sn": "07725",
            "brief": "Qal 回复、回转、重复，Po‘lel 带回、复兴、更新，Hif‘il 回报、报告、带回"
        }
    },
    "3": {
        "literal": "街门被关闭，推磨的响声微小，雀鸟一叫，人就起来，唱歌的女子也都减弱。",
        "1": {
            "sn": "01817",
            "brief": "门"
        },
        "2": {
            "sn": "07784",
            "brief": "街上"
        },
        "3": {
            "sn": "08213",
            "brief": "低、卑微"
        },
        "4": {
            "sn": "06963",
            "brief": "声音"
        },
        "5": {
            "sn": "02913",
            "brief": "磨坊"
        },
        "6": {
            "sn": "06965",
            "brief": "起来、设立、坚立"
        },
        "7": {
            "sn": "06963",
            "brief": "声音"
        },
        "8": {
            "sn": "06833",
            "brief": "雀鸟、鸟"
        },
        "9": {
            "sn": "07817",
            "brief": "弯曲、卑微、微弱"
        },
        "10": {
            "sn": "03605",
            "brief": "全部、整个、各"
        },
        "11": {
            "sn": "01323",
            "brief": "女子、女儿"
        },
        "12": {
            "sn": "07892",
            "brief": "唱歌"
        },
        "0": {
            "sn": "05462",
            "brief": "Qal 关闭、堵塞，Pi‘el 关闭、交付，Hif‘il 关闭、交付"
        }
    },
    "9": {
        "literal": "传道者专心寻求可喜悦的言语，是凭正直写的诚实话。",
        "1": {
            "sn": "06953",
            "brief": "传道者"
        },
        "2": {
            "sn": "04672",
            "brief": "寻找、追上、获得、发现"
        },
        "3": {
            "sn": "01697",
            "brief": "话语、言词"
        },
        "4": {
            "sn": "02656",
            "brief": "喜悦、高兴、事情"
        },
        "5": {
            "sn": "03789",
            "brief": "写"
        },
        "6": {
            "sn": "03476",
            "brief": "正直"
        },
        "7": {
            "sn": "01697",
            "brief": "话语、言词"
        },
        "8": {
            "sn": "00571",
            "brief": "真理、诚信、真实、诚实"
        },
        "0": {
            "sn": "01245",
            "brief": "Pi‘el 寻找、渴求、想望、索求"
        }
    },
    "5": {
        "2": {
            "sn": "03808",
            "brief": "不"
        },
        "literal": "银炼尚未折断，金碗破裂，瓶子在泉旁损坏，水轮在井口断裂之前，",
        "4": {
            "sn": "02256",
            "brief": "绳索"
        },
        "5": {
            "sn": "03701",
            "brief": "银子、钱"
        },
        "6": {
            "sn": "07533",
            "brief": "压碎、压制"
        },
        "7": {
            "sn": "01543",
            "brief": "碗、盆"
        },
        "8": {
            "sn": "02091",
            "brief": "金"
        },
        "10": {
            "sn": "03537",
            "brief": "瓶、罐"
        },
        "11": {
            "sn": "05921",
            "brief": "在…上面"
        },
        "12": {
            "sn": "04002",
            "brief": "泉水"
        },
        "13": {
            "sn": "07533",
            "brief": "压碎、压制"
        },
        "14": {
            "sn": "01534",
            "brief": "轮子"
        },
        "15": {
            "sn": "00413",
            "brief": "向、往"
        },
        "16": {
            "sn": "00953",
            "brief": "井"
        },
        "3": {
            "sn": "07576",
            "brief": "Nif‘al 折断、损坏，Pu‘al 锁住"
        },
        "9": {
            "sn": "07665",
            "brief": "Qal 拆毁、折断、打碎，Nif‘al 遭破坏、被折断，Hif‘il 使生产"
        },
        "0": {
            "sn": "05704",
            "brief": "直到"
        },
        "1": {
            "sn": "00834",
            "brief": "不必翻译"
        }
    },
    "6": {
        "7": {
            "sn": "00413",
            "brief": "向、往"
        },
        "literal": "尘土归于地如它之前所是，灵仍归于赐灵的上帝。",
        "1": {
            "sn": "06083",
            "brief": "灰尘"
        },
        "2": {
            "sn": "05921",
            "brief": "在…上面"
        },
        "3": {
            "sn": "00776",
            "brief": "地、邦国、疆界"
        },
        "4": {
            "sn": "01961",
            "brief": "是、成为、临到"
        },
        "5": {
            "sn": "07307",
            "brief": "灵、风、气息"
        },
        "8": {
            "sn": "00430",
            "brief": "神、神明、上帝"
        },
        "9": {
            "sn": "00834",
            "brief": "不必翻译"
        },
        "10": {
            "sn": "05414",
            "brief": "给"
        },
        "0": {
            "sn": "07725",
            "brief": "Qal 回复、回转、重复，Po‘lel 带回、复兴、更新，Hif‘il 回报、报告、带回"
        },
        "6": {
            "sn": "07725",
            "brief": "Qal 回复、回转、重复，Po‘lel 带回、复兴、更新，Hif‘il 回报、报告、带回"
        }
    },
    "2": {
        "4": {
            "sn": "05791",
            "brief": "弯曲、屈身"
        },
        "literal": "…的时候。(…处填入下四行)看守房屋的发颤，有力的人屈身，推磨的因稀少就止息，从窗户往外看的都昏暗",
        "0": {
            "sn": "03117",
            "brief": "日子、时候"
        },
        "1": {
            "sn": "02111",
            "brief": "颤抖、摇动"
        },
        "2": {
            "sn": "08104",
            "brief": "遵守、保护、小心"
        },
        "3": {
            "sn": "01004",
            "brief": "房子、屋、殿"
        },
        "5": {
            "sn": "00376",
            "brief": "各人、人、男人、丈夫"
        },
        "10": {
            "sn": "04591",
            "brief": "变少"
        },
        "6": {
            "sn": "02428",
            "brief": "军队、力量、财富、能力"
        },
        "7": {
            "sn": "00988",
            "brief": "停止、休息"
        },
        "8": {
            "sn": "02912",
            "brief": "碾碎、磨碎、压碎"
        },
        "9": {
            "sn": "03588",
            "brief": "因为、不必翻译"
        },
        "11": {
            "sn": "02821",
            "brief": "变黑"
        },
        "13": {
            "sn": "00699",
            "brief": "窗户、窗格子"
        },
        "12": {
            "sn": "07200",
            "brief": "Qal 看见、看顾、察觉，Nif‘al 显现，Hif‘il 显明"
        }
    },
    "4": {
        "literal": "人也怕高处，路上有惊慌，杏树开花，蚱蜢成为重担，催情果无效；因为人归他永远的家，吊丧的在街上往来。",
        "0": {
            "sn": "01571",
            "brief": "也"
        },
        "1": {
            "sn": "01364",
            "brief": "高的"
        },
        "3": {
            "sn": "02849",
            "brief": "惊慌"
        },
        "4": {
            "sn": "01870",
            "brief": "道路、行为、方向、方法"
        },
        "6": {
            "sn": "08247",
            "brief": "杏树"
        },
        "8": {
            "sn": "02284",
            "brief": "蝗虫、蚱蜢"
        },
        "2": {
            "sn": "03372",
            "brief": "Qal 害怕，Nif‘al 令人畏惧"
        },
        "5": {
            "sn": "05132",
            "brief": "12h'c\"n21 Qal 逃走、飞，12#;c\"n21 Hif‘il 开花"
        },
        "7": {
            "sn": "05445",
            "brief": "背负"
        },
        "9": {
            "sn": "06565",
            "brief": "I. Qal + Hitpo‘lel 破裂，分开；II. Hif‘il 违背、破坏、废弃、无效"
        },
        "10": {
            "sn": "00035",
            "brief": "催情果"
        },
        "11": {
            "sn": "03588",
            "brief": "因为、不必翻译"
        },
        "12": {
            "sn": "01980",
            "brief": "去、行走"
        },
        "13": {
            "sn": "00120",
            "brief": "人"
        },
        "14": {
            "sn": "00413",
            "brief": "向、往"
        },
        "15": {
            "sn": "01004",
            "brief": "家、房屋、殿"
        },
        "16": {
            "sn": "05769",
            "brief": "永远"
        },
        "17": {
            "sn": "05437",
            "brief": "转、环绕"
        },
        "18": {
            "sn": "07784",
            "brief": "街上"
        },
        "19": {
            "sn": "05594",
            "brief": "恸哭、哀悼"
        }
    },
    "8": {
        "literal": "再者，传道者因有智慧，又将知识教训众人；他思量，考查，并列出许多箴言。",
        "0": {
            "sn": "03148",
            "brief": "优点、优势"
        },
        "1": {
            "sn": "01961",
            "brief": "是、成为、临到"
        },
        "2": {
            "sn": "06953",
            "brief": "传道者"
        },
        "3": {
            "sn": "02450",
            "brief": "有智慧的"
        },
        "6": {
            "sn": "01847",
            "brief": "知识"
        },
        "7": {
            "sn": "00853",
            "brief": "不必翻译"
        },
        "8": {
            "sn": "05971",
            "brief": "国家、百姓"
        },
        "12": {
            "sn": "04912",
            "brief": "箴言、比喻"
        },
        "5": {
            "sn": "03925",
            "brief": "学习、教导"
        },
        "9": {
            "sn": "00239",
            "brief": "衡量、思量"
        },
        "10": {
            "sn": "02713",
            "brief": "寻求、考查"
        },
        "11": {
            "sn": "08626",
            "brief": "使变直、安置妥当"
        },
        "13": {
            "sn": "07235",
            "brief": "多、变多"
        },
        "4": {
            "sn": "05750",
            "brief": "再、仍然、持续"
        }
    },
    "10": {
        "literal": "智慧人的言语好像刺棍；这些语录又像钉稳的钉子，都是一个牧者所赐的。",
        "0": {
            "sn": "01697",
            "brief": "话语、言词"
        },
        "1": {
            "sn": "02450",
            "brief": "智慧的"
        },
        "2": {
            "sn": "01861",
            "brief": "(驱赶动物的)刺棒"
        },
        "3": {
            "sn": "04930",
            "brief": "钉子"
        },
        "4": {
            "sn": "05193",
            "brief": "栽植、绑紧、固定"
        },
        "5": {
            "sn": "01167",
            "brief": "物主、主人、丈夫"
        },
        "6": {
            "sn": "00627",
            "brief": "收集、采集"
        },
        "7": {
            "sn": "05414",
            "brief": "给"
        },
        "8": {
            "sn": "07462",
            "brief": "I. 吃草、放牧、喂养；II. 结交、与...作伴"
        },
        "9": {
            "sn": "00259",
            "brief": "数目的「一」"
        }
    },
    "7": {
        "literal": "传道者说：「虚空的虚空，凡事都是虚空。」",
        "0": {
            "sn": "01892",
            "brief": "蒸气、气息"
        },
        "1": {
            "sn": "01892",
            "brief": "蒸气、气息"
        },
        "2": {
            "sn": "00559",
            "brief": "说"
        },
        "3": {
            "sn": "06953",
            "brief": "传道者"
        },
        "4": {
            "sn": "03605",
            "brief": "俱各、各人、全部、整个"
        },
        "5": {
            "sn": "01892",
            "brief": "蒸气、气息"
        }
    },
    "13": {
        "literal": "因为人一切的行为，…上帝都必审问。(…处填入下二行)连一切隐藏的事，无论是善是恶，",
        "0": {
            "sn": "03588",
            "brief": "因为、不必翻译"
        },
        "1": {
            "sn": "00853",
            "brief": "不必翻译"
        },
        "2": {
            "sn": "03605",
            "brief": "全部、整个、各"
        },
        "3": {
            "sn": "04639",
            "brief": "行为、工作"
        },
        "4": {
            "sn": "00430",
            "brief": "神、神明、上帝"
        },
        "6": {
            "sn": "04941",
            "brief": "正义、公平、审判、律例、规矩"
        },
        "7": {
            "sn": "05921",
            "brief": "在…上面"
        },
        "8": {
            "sn": "03605",
            "brief": "全部、整个、各"
        },
        "9": {
            "sn": "05956",
            "brief": "隐藏"
        },
        "10": {
            "sn": "00518",
            "brief": "如果、或是"
        },
        "12": {
            "sn": "00518",
            "brief": "如果、或是"
        },
        "13": {
            "sn": "07451",
            "brief": "邪恶的"
        },
        "11": {
            "sn": "02896",
            "brief": "名词：良善、美好、福乐；形容词：良善的、美好的"
        },
        "5": {
            "sn": "00935",
            "brief": "来、进入、临到、发生"
        }
    },
    "12": {
        "6": {
            "sn": "03372",
            "brief": "Qal 害怕，Nif‘al 令人畏惧"
        },
        "3": {
            "sn": "08085",
            "brief": "Qal 听、听从，Hif‘il 说明、使…听"
        },
        "literal": "这些事都已听见了，总意就是：敬畏上帝，谨守他的诫命，这是人所当尽的本分。",
        "0": {
            "sn": "05490",
            "brief": "末端、终了、结局"
        },
        "1": {
            "sn": "01697",
            "brief": "话语、言词"
        },
        "2": {
            "sn": "03605",
            "brief": "凡、全部、整个、各"
        },
        "4": {
            "sn": "00853",
            "brief": "不必翻译"
        },
        "5": {
            "sn": "00430",
            "brief": "神、神明、上帝"
        },
        "7": {
            "sn": "00853",
            "brief": "不必翻译"
        },
        "8": {
            "sn": "04687",
            "brief": "命令、吩咐"
        },
        "9": {
            "sn": "08104",
            "brief": "保护、小心、遵守"
        },
        "10": {
            "sn": "03588",
            "brief": "因为、不必翻译"
        },
        "11": {
            "sn": "02088",
            "brief": "这个"
        },
        "12": {
            "sn": "03605",
            "brief": "全部、整个、各"
        },
        "13": {
            "sn": "00120",
            "brief": "人"
        }
    }
}