{
    "1": {
        "6": {
            "sn": "03808",
            "brief": "不"
        },
        "9": {
            "sn": "01961",
            "brief": "是、成为、临到"
        },
        "10": {
            "sn": "07451",
            "brief": "邪恶的"
        },
        "11": {
            "sn": "05921",
            "brief": "在…上面"
        },
        "12": {
            "sn": "00776",
            "brief": "地、邦国、疆界"
        },
        "7": {
            "sn": "03045",
            "brief": "Qal 知道、认识、辨别、经历，Hif‘il 使知道、宣告"
        },
        "0": {
            "sn": "05414",
            "brief": "给"
        },
        "literal": "你要分给七个，或甚至八个，因为你不知道将来有甚么灾祸临到地上。",
        "2": {
            "sn": "07651",
            "brief": "数目的「七」"
        },
        "3": {
            "sn": "01571",
            "brief": "也"
        },
        "4": {
            "sn": "08083",
            "brief": "数目的「八」"
        },
        "5": {
            "sn": "03588",
            "brief": "因为、不必翻译"
        },
        "8": {
            "sn": "04100",
            "brief": "什么"
        },
        "1": {
            "sn": "02506",
            "brief": "分、部分"
        }
    },
    "3": {
        "6": {
            "sn": "03808",
            "brief": "不"
        },
        "1": {
            "sn": "07307",
            "brief": "灵、风、气息"
        },
        "3": {
            "sn": "02232",
            "brief": "Qal 栽种、生产，Nif‘al 种下、怀孕"
        },
        "0": {
            "sn": "08104",
            "brief": "观看、遵守、保护、小心"
        },
        "4": {
            "sn": "07200",
            "brief": "Qal 看见、看顾、察觉，Nif‘al 显现，Hif‘il 显明"
        },
        "literal": "看风的，必不撒种；望云的，必不收割。",
        "5": {
            "sn": "05645",
            "brief": "黑暗、密云"
        },
        "7": {
            "sn": "07114",
            "brief": "I 是短的、没耐心的，II 收割，"
        },
        "2": {
            "sn": "03808",
            "brief": "不"
        }
    },
    "7": {
        "literal": "人活多年，就当快乐多年；然而也当想到黑暗的日子，因为这日子必多，一切临到的都是虚空。",
        "0": {
            "sn": "03588",
            "brief": "因为、不必翻译"
        },
        "1": {
            "sn": "00518",
            "brief": "如果"
        },
        "2": {
            "sn": "08141",
            "brief": "年"
        },
        "3": {
            "sn": "07235",
            "brief": "多、变多"
        },
        "5": {
            "sn": "00120",
            "brief": "人"
        },
        "6": {
            "sn": "03605",
            "brief": "全部、整个、各"
        },
        "11": {
            "sn": "02822",
            "brief": "黑暗"
        },
        "4": {
            "sn": "02421",
            "brief": "Qal 活、存活，Pi‘el 生长、复苏、保存生命，Hif‘il 使存活、复活"
        },
        "7": {
            "sn": "08055",
            "brief": "喜乐、高兴"
        },
        "8": {
            "sn": "02142",
            "brief": "提说、纪念、回想"
        },
        "9": {
            "sn": "00853",
            "brief": "不必翻译"
        },
        "10": {
            "sn": "03117",
            "brief": "日子、时候"
        },
        "12": {
            "sn": "03588",
            "brief": "因为、不必翻译"
        },
        "13": {
            "sn": "07235",
            "brief": "多、变多"
        },
        "14": {
            "sn": "01961",
            "brief": "是、成为、临到"
        },
        "15": {
            "sn": "03605",
            "brief": "全部、整个、各"
        },
        "16": {
            "sn": "00935",
            "brief": "来、进入、临到、发生"
        },
        "17": {
            "sn": "01892",
            "brief": "蒸气、气息"
        }
    },
    "0": {
        "literal": "当将你的粮食撒在水面，因为日久必能得着。",
        "1": {
            "sn": "03899",
            "brief": "面包、食物"
        },
        "2": {
            "sn": "05921",
            "brief": "在…上面"
        },
        "3": {
            "sn": "06440",
            "brief": "脸"
        },
        "8": {
            "sn": "04672",
            "brief": "寻找、追上、获得、发现"
        },
        "0": {
            "sn": "07971",
            "brief": "差遣、释放、送走、伸出、伸展"
        },
        "4": {
            "sn": "04325",
            "brief": "水"
        },
        "5": {
            "sn": "03588",
            "brief": "因为、不必翻译"
        },
        "6": {
            "sn": "07230",
            "brief": "多"
        },
        "7": {
            "sn": "03117",
            "brief": "日子、时候"
        }
    },
    "9": {
        "6": {
            "sn": "03588",
            "brief": "因为、不必翻译"
        },
        "literal": "你当从心中除掉愁烦，从肉体除去痛苦；因为幼年之时和黑发时期，都是虚空的。",
        "0": {
            "sn": "05493",
            "brief": "转离、离开"
        },
        "1": {
            "sn": "03708",
            "brief": "烦恼、悲伤"
        },
        "2": {
            "sn": "03820",
            "brief": "心"
        },
        "3": {
            "sn": "05674",
            "brief": "经过、穿越、涨溢、离开、拿走、违犯、废除"
        },
        "4": {
            "sn": "07451",
            "brief": "邪恶、灾难、痛苦、不幸"
        },
        "5": {
            "sn": "01320",
            "brief": "肉、身体"
        },
        "7": {
            "sn": "03208",
            "brief": "幼年时期、青少年时期"
        },
        "8": {
            "sn": "07839",
            "brief": "黑，指头发，象徵年轻"
        },
        "9": {
            "sn": "01892",
            "brief": "蒸气、气息"
        }
    },
    "5": {
        "literal": "早晨要撒你的种，晚上也不要歇你的手，因为你不知道哪一样发旺；或是这个，或是那个，或它们两样都一样好。",
        "0": {
            "sn": "01242",
            "brief": "早上"
        },
        "1": {
            "sn": "02232",
            "brief": "撒种"
        },
        "2": {
            "sn": "00853",
            "brief": "不必翻译"
        },
        "3": {
            "sn": "02233",
            "brief": "后裔、子孙"
        },
        "4": {
            "sn": "06153",
            "brief": "黄昏"
        },
        "5": {
            "sn": "00408",
            "brief": "不"
        },
        "6": {
            "sn": "03240",
            "brief": "休息"
        },
        "10": {
            "sn": "03045",
            "brief": "Qal 知道、认识、辨别、经历，Hif‘il 使知道、宣告"
        },
        "7": {
            "sn": "03027",
            "brief": "手、边、力量、权势"
        },
        "8": {
            "sn": "03588",
            "brief": "因为、不必翻译"
        },
        "9": {
            "sn": "00369",
            "brief": "没有、不存在"
        },
        "11": {
            "sn": "00335",
            "brief": "哪里、哪一个"
        },
        "12": {
            "sn": "02088",
            "brief": "这个"
        },
        "13": {
            "sn": "03787",
            "brief": "成功"
        },
        "14": {
            "sn": "02088",
            "brief": "这个"
        },
        "15": {
            "sn": "00176",
            "brief": "或"
        },
        "16": {
            "sn": "02088",
            "brief": "这个"
        },
        "17": {
            "sn": "00518",
            "brief": "如果、或是"
        },
        "18": {
            "sn": "08147",
            "brief": "数目的「二」"
        },
        "19": {
            "sn": "00259",
            "brief": "数目的「一」"
        },
        "20": {
            "sn": "02896",
            "brief": "名词：良善、美好、福乐；形容词：良善的、美好的"
        }
    },
    "8": {
        "0": {
            "sn": "08055",
            "brief": "喜乐、快乐"
        },
        "1": {
            "sn": "00970",
            "brief": "年轻人"
        },
        "2": {
            "sn": "03208",
            "brief": "幼年时期、青少年时期"
        },
        "4": {
            "sn": "03820",
            "brief": "心、心思"
        },
        "5": {
            "sn": "03117",
            "brief": "日子、时候"
        },
        "6": {
            "sn": "00979",
            "brief": "青春时期、青少年时期"
        },
        "7": {
            "sn": "01980",
            "brief": "去、行走"
        },
        "8": {
            "sn": "01870",
            "brief": "道路、行为、方向、方法"
        },
        "9": {
            "sn": "03820",
            "brief": "心、心思"
        },
        "10": {
            "sn": "04758",
            "brief": "景象、异象、容貌、所见"
        },
        "11": {
            "sn": "05869",
            "brief": "眼目、眼睛"
        },
        "13": {
            "sn": "03588",
            "brief": "因为、不必翻译"
        },
        "14": {
            "sn": "05921",
            "brief": "在…上面"
        },
        "15": {
            "sn": "03605",
            "brief": "全部、整个、各"
        },
        "16": {
            "sn": "00428",
            "brief": "这些"
        },
        "18": {
            "sn": "00430",
            "brief": "神、神明、上帝"
        },
        "19": {
            "sn": "04941",
            "brief": "正义、公平、审判、律例、规矩"
        },
        "3": {
            "sn": "03190",
            "brief": "Qal 是良善的，Hif‘il 做得好、降福"
        },
        "12": {
            "sn": "03045",
            "brief": "Qal 知道、认识、辨别、经历，Hif‘il 使知道、宣告"
        },
        "17": {
            "sn": "00935",
            "brief": "来、进入、临到、发生"
        },
        "literal": "少年人哪，你在幼年时当快乐。在年轻的日子，使你的心欢畅，行你心所愿行的，(看)你眼所爱看的；却要知道，为这一切的事，上帝必带你进入审判(审判你)。"
    },
    "6": {
        "4": {
            "sn": "07200",
            "brief": "Qal 看见、看顾、察觉，Nif‘al 显现，Hif‘il 显明"
        },
        "2": {
            "sn": "02896",
            "brief": "名词：良善、美好、福乐；形容词：良善的、美好的"
        },
        "literal": "光本是佳美的，眼见日光也是可喜悦的。",
        "0": {
            "sn": "04966",
            "brief": "甜、甜的"
        },
        "1": {
            "sn": "00216",
            "brief": "光"
        },
        "3": {
            "sn": "05869",
            "brief": "水泉、泉源、眼睛"
        },
        "5": {
            "sn": "00853",
            "brief": "不必翻译"
        },
        "6": {
            "sn": "08121",
            "brief": "太阳"
        }
    },
    "2": {
        "11": {
            "sn": "00518",
            "brief": "如果"
        },
        "literal": "云若满了雨，就会倾倒在地上。树若向南倒，或向北倒，树倒在何处，就留在何处。",
        "0": {
            "sn": "00518",
            "brief": "如果"
        },
        "1": {
            "sn": "04390",
            "brief": "充满"
        },
        "2": {
            "sn": "05645",
            "brief": "黑暗、密云"
        },
        "3": {
            "sn": "01653",
            "brief": "雨"
        },
        "4": {
            "sn": "05921",
            "brief": "在…上面"
        },
        "5": {
            "sn": "00776",
            "brief": "地、邦国、疆界"
        },
        "7": {
            "sn": "00518",
            "brief": "如果"
        },
        "8": {
            "sn": "05307",
            "brief": "跌落、跌倒、使签落在..."
        },
        "9": {
            "sn": "06086",
            "brief": "树、木头"
        },
        "10": {
            "sn": "01864",
            "brief": "南方"
        },
        "12": {
            "sn": "06828",
            "brief": "北方"
        },
        "13": {
            "sn": "04725",
            "brief": "地方"
        },
        "14": {
            "sn": "05307",
            "brief": "跌落、跌倒、使签落在..."
        },
        "15": {
            "sn": "06086",
            "brief": "树、木头"
        },
        "16": {
            "sn": "08033",
            "brief": "那里"
        },
        "17": {
            "sn": "01933",
            "brief": "作、成为、倒、存在"
        },
        "6": {
            "sn": "07324",
            "brief": "倒空"
        }
    },
    "4": {
        "literal": "正如你不知道气息如何传入怀孕妇人腹中的骨头里；这样，你更不知道上帝…的作为。(…处填入下行)造万物",
        "0": {
            "sn": "00834",
            "brief": "不必翻译"
        },
        "1": {
            "sn": "00369",
            "brief": "没有、不存在"
        },
        "3": {
            "sn": "04100",
            "brief": "什么"
        },
        "4": {
            "sn": "01870",
            "brief": "道路、行为、方向、方法"
        },
        "5": {
            "sn": "07307",
            "brief": "灵、风、气息"
        },
        "6": {
            "sn": "06106",
            "brief": "本体、精髓、骨头"
        },
        "7": {
            "sn": "00990",
            "brief": "肚子、子宫"
        },
        "8": {
            "sn": "04392",
            "brief": "充满"
        },
        "9": {
            "sn": "03602",
            "brief": "这样"
        },
        "12": {
            "sn": "00853",
            "brief": "不必翻译"
        },
        "13": {
            "sn": "04639",
            "brief": "行为、工作"
        },
        "14": {
            "sn": "00430",
            "brief": "神、神明、上帝"
        },
        "15": {
            "sn": "00834",
            "brief": "不必翻译"
        },
        "16": {
            "sn": "06213",
            "brief": "做"
        },
        "17": {
            "sn": "00853",
            "brief": "不必翻译"
        },
        "18": {
            "sn": "03605",
            "brief": "全部、整个、各"
        },
        "10": {
            "sn": "03808",
            "brief": "不"
        },
        "2": {
            "sn": "03045",
            "brief": "Qal 知道、认识、辨别、经历，Hif‘il 使知道、宣告"
        },
        "11": {
            "sn": "03045",
            "brief": "Qal 知道、认识、辨别、经历，Hif‘il 使知道、宣告"
        }
    }
}