{
    "0": {
        "14": {
            "sn": "09001",
            "brief": "给、往、向、到、归属于"
        },
        "20": {
            "sn": "09001",
            "brief": "给、往、向、到、归属于"
        },
        "0": {
            "sn": "07725",
            "brief": "Qal 回复、回转、重复，Po‘lel 带回、复兴、更新，Hif‘il 回报、报告、带回"
        },
        "literal": "我转而察看日光之下所发生的一切欺压。看哪，受欺压的人(流)泪，无人安慰他们；欺压他们的人那一边有权势，无人安慰他们。",
        "1": {
            "sn": "00589",
            "brief": "我"
        },
        "3": {
            "sn": "00853",
            "brief": "不必翻译"
        },
        "4": {
            "sn": "03605",
            "brief": "全部、整个、各"
        },
        "5": {
            "sn": "06217",
            "brief": "压迫、压制"
        },
        "6": {
            "sn": "00834",
            "brief": "不必翻译"
        },
        "7": {
            "sn": "06213",
            "brief": "做"
        },
        "8": {
            "sn": "08478",
            "brief": "1. 名词：位置、地方；2. 介系词：在…之下；3. 介系词：代替、因为"
        },
        "2": {
            "sn": "07200",
            "brief": "Qal 看见、看顾、察觉，Nif‘al 显现，Hif‘il 显明"
        },
        "9": {
            "sn": "08121",
            "brief": "太阳、日落时"
        },
        "10": {
            "sn": "02009",
            "brief": "看哪"
        },
        "11": {
            "sn": "01832",
            "brief": "眼泪"
        },
        "12": {
            "sn": "06231",
            "brief": "压迫、压制"
        },
        "13": {
            "sn": "00369",
            "brief": "不存在、没有"
        },
        "16": {
            "sn": "03027",
            "brief": "手、边、力量、权势"
        },
        "17": {
            "sn": "06231",
            "brief": "欺压、压迫"
        },
        "18": {
            "sn": "03581",
            "brief": "力量、财富"
        },
        "19": {
            "sn": "00369",
            "brief": "不存在、没有"
        },
        "15": {
            "sn": "05162",
            "brief": "Qal、Pi‘el 安慰、怜恤，Nif‘al 怜悯、反悔、遗憾、悲伤"
        },
        "21": {
            "sn": "05162",
            "brief": "Qal、Pi‘el 安慰、怜恤，Nif‘al 怜悯、反悔、遗憾、悲伤"
        }
    },
    "8": {
        "6": {
            "sn": "09001",
            "brief": "给、往、向、到、归属于"
        },
        "0": {
            "sn": "02896",
            "brief": "名词：良善、美好、福乐；形容词：良善的、美好的"
        },
        "literal": "两个人总比一个人好，因为他们二人会因劳碌而得美好的报偿。",
        "1": {
            "sn": "08147",
            "brief": "数目的「二」"
        },
        "2": {
            "sn": "04480",
            "brief": "从、离开"
        },
        "3": {
            "sn": "00259",
            "brief": "数目的「一」"
        },
        "4": {
            "sn": "00834",
            "brief": "不必翻译"
        },
        "5": {
            "sn": "03426",
            "brief": "存在、有、是"
        },
        "7": {
            "sn": "07939",
            "brief": "报酬、薪资"
        },
        "9": {
            "sn": "05999",
            "brief": "劳碌、工作、危害"
        },
        "8": {
            "sn": "02896",
            "brief": "名词：良善、美好、福乐；形容词：良善的、美好的"
        }
    },
    "7": {
        "8": {
            "sn": "09001",
            "brief": "给、往、向、到、归属于"
        },
        "21": {
            "sn": "02637",
            "brief": "缺乏、缺少"
        },
        "4": {
            "sn": "01571",
            "brief": "也"
        },
        "literal": "有人孤单无二，无子无兄，竟劳碌不息，他的眼目也不以钱财为足。(他说：)「我劳劳碌碌，使自己不享福乐，到底是为谁呢？」这也是虚空，它是极沉重的工作。",
        "0": {
            "sn": "03426",
            "brief": "存在、有、是"
        },
        "1": {
            "sn": "00259",
            "brief": "数目的「一」"
        },
        "2": {
            "sn": "00369",
            "brief": "不存在、没有"
        },
        "3": {
            "sn": "08145",
            "brief": "序数的「第二」"
        },
        "5": {
            "sn": "01121",
            "brief": "儿子、孙子、后裔、成员"
        },
        "6": {
            "sn": "00251",
            "brief": "兄弟"
        },
        "7": {
            "sn": "00369",
            "brief": "不存在、没有"
        },
        "24": {
            "sn": "02896",
            "brief": "名词：良善、美好、福乐；形容词：良善的、美好的"
        },
        "9": {
            "sn": "00369",
            "brief": "不存在、没有"
        },
        "10": {
            "sn": "07093",
            "brief": "尾端、结尾"
        },
        "11": {
            "sn": "03605",
            "brief": "全部、整个、任何事物"
        },
        "12": {
            "sn": "05999",
            "brief": "劳碌、工作、危害"
        },
        "13": {
            "sn": "01571",
            "brief": "也"
        },
        "14": {
            "sn": "05869",
            "brief": "眼睛"
        },
        "16": {
            "sn": "07646",
            "brief": "满足、饱足"
        },
        "17": {
            "sn": "06239",
            "brief": "财富、财产、富有"
        },
        "18": {
            "sn": "04310",
            "brief": "谁"
        },
        "19": {
            "sn": "00589",
            "brief": "我"
        },
        "20": {
            "sn": "06001",
            "brief": "I. 名词，劳动者；II. 形容动词，劳碌的"
        },
        "22": {
            "sn": "00853",
            "brief": "不必翻译"
        },
        "23": {
            "sn": "05315",
            "brief": "生命、人"
        },
        "25": {
            "sn": "01571",
            "brief": "也"
        },
        "26": {
            "sn": "02088",
            "brief": "这个"
        },
        "27": {
            "sn": "01892",
            "brief": "、气息、空虚"
        },
        "28": {
            "sn": "06045",
            "brief": "工作、职业"
        },
        "15": {
            "sn": "03808",
            "brief": "不"
        },
        "29": {
            "sn": "07451",
            "brief": "恶的、邪恶的"
        },
        "30": {
            "sn": "01931",
            "brief": "他"
        }
    },
    "12": {
        "10": {
            "sn": "02094",
            "brief": "劝戒、教导、警告"
        },
        "literal": "贫穷却有智慧的少年胜过年老…的愚昧王。(…处填入下行)而不再懂得纳谏",
        "1": {
            "sn": "03206",
            "brief": "孩子、儿女、少年"
        },
        "2": {
            "sn": "04542",
            "brief": "贫穷的"
        },
        "3": {
            "sn": "02450",
            "brief": "有智慧的"
        },
        "4": {
            "sn": "04428",
            "brief": "王、君王"
        },
        "5": {
            "sn": "02205",
            "brief": "年老的"
        },
        "6": {
            "sn": "03684",
            "brief": "愚昧人、愚顽人"
        },
        "7": {
            "sn": "00834",
            "brief": "不必翻译"
        },
        "8": {
            "sn": "03808",
            "brief": "不"
        },
        "9": {
            "sn": "03045",
            "brief": "Qal 知道、认识、辨别、经历，Hif‘il 使知道、宣告"
        },
        "0": {
            "sn": "02896",
            "brief": "名词：良善、美好、福乐；形容词：良善的、美好的"
        },
        "11": {
            "sn": "05750",
            "brief": "再、仍然、持续"
        }
    },
    "13": {
        "0": {
            "sn": "03588",
            "brief": "因为、不必翻译"
        },
        "literal": "这人是从监牢中出来作王，在他的国中生来原是贫穷的。",
        "1": {
            "sn": "01004",
            "brief": "家、房子、殿"
        },
        "2": {
            "sn": "00631",
            "brief": "系、捆绑、绑住"
        },
        "3": {
            "sn": "03318",
            "brief": "出去"
        },
        "4": {
            "sn": "04427",
            "brief": "作王、统治"
        },
        "5": {
            "sn": "03588",
            "brief": "因为、不必翻译"
        },
        "6": {
            "sn": "01571",
            "brief": "也"
        },
        "7": {
            "sn": "04438",
            "brief": "国度"
        },
        "8": {
            "sn": "03205",
            "brief": "生出、出生"
        },
        "9": {
            "sn": "07326",
            "brief": "贫穷、缺乏"
        }
    },
    "14": {
        "1": {
            "sn": "00853",
            "brief": "不必翻译"
        },
        "2": {
            "sn": "03605",
            "brief": "全部、整个、任何事物"
        },
        "3": {
            "sn": "02416",
            "brief": "活物、生命"
        },
        "5": {
            "sn": "08478",
            "brief": "1. 名词：位置、地方；2. 介系词：在…之下；3. 介系词：代替、因为"
        },
        "6": {
            "sn": "08121",
            "brief": "太阳"
        },
        "7": {
            "sn": "05973",
            "brief": "跟"
        },
        "8": {
            "sn": "03206",
            "brief": "孩子、儿女、少年"
        },
        "9": {
            "sn": "08145",
            "brief": "序数的「第二」"
        },
        "10": {
            "sn": "00834",
            "brief": "不必翻译"
        },
        "0": {
            "sn": "07200",
            "brief": "Qal 看见、看顾、察觉，Nif‘al 显现，Hif‘il 显明"
        },
        "4": {
            "sn": "01980",
            "brief": "走、去"
        },
        "literal": "我见日光之下一切行动的活人都随从那少年，就是起来代替他(指老王)的第二位。",
        "12": {
            "sn": "08478",
            "brief": "1. 名词：位置、地方；2. 介系词：在…之下；3. 介系词：代替、因为"
        },
        "11": {
            "sn": "05975",
            "brief": "Qal 站立、侍立、停留，Hif‘il 设立、使坚定"
        }
    },
    "1": {
        "literal": "我就赞叹那已死的死人，胜过那还活着的活人。 ",
        "0": {
            "sn": "07623",
            "brief": "赞美、称赞"
        },
        "1": {
            "sn": "00589",
            "brief": "我"
        },
        "2": {
            "sn": "00853",
            "brief": "不必翻译"
        },
        "3": {
            "sn": "04191",
            "brief": "死"
        },
        "5": {
            "sn": "04191",
            "brief": "死"
        },
        "6": {
            "sn": "04480",
            "brief": "从、出、离"
        },
        "7": {
            "sn": "02416",
            "brief": "活的"
        },
        "8": {
            "sn": "00834",
            "brief": "不必翻译"
        },
        "9": {
            "sn": "01992",
            "brief": "他们"
        },
        "10": {
            "sn": "02416",
            "brief": "活的"
        },
        "11": {
            "sn": "05728",
            "brief": "仍然"
        },
        "4": {
            "sn": "03528",
            "brief": "已经"
        }
    },
    "6": {
        "2": {
            "sn": "07200",
            "brief": "Qal 看见、看顾、察觉，Nif‘al 显现，Hif‘il 显明"
        },
        "literal": "我又察看日光之下(另)有一件虚空的事：",
        "1": {
            "sn": "00589",
            "brief": "我"
        },
        "3": {
            "sn": "01892",
            "brief": "蒸气"
        },
        "4": {
            "sn": "08478",
            "brief": "1. 名词：位置、地方；2. 介系词：在…之下；3. 介系词：代替、因为"
        },
        "5": {
            "sn": "08121",
            "brief": "太阳"
        },
        "0": {
            "sn": "07725",
            "brief": "Qal 回复、回转、重复，Po‘lel 带回、复兴、更新，Hif‘il 回报、报告、带回"
        }
    },
    "9": {
        "12": {
            "sn": "06965",
            "brief": "起来、设立、坚立"
        },
        "4": {
            "sn": "06965",
            "brief": "起来、设立、坚立"
        },
        "literal": "若是跌倒，这一个可以扶起他的同伴；若是孤身跌倒，没有第二个人扶起他来，他就有祸了。",
        "0": {
            "sn": "03588",
            "brief": "因为、不必翻译"
        },
        "1": {
            "sn": "00518",
            "brief": "如果"
        },
        "2": {
            "sn": "05307",
            "brief": "跌落、跌倒、使签落在..."
        },
        "3": {
            "sn": "00259",
            "brief": "数目的「一」"
        },
        "5": {
            "sn": "00853",
            "brief": "不必翻译"
        },
        "6": {
            "sn": "02270",
            "brief": "同伙、同伴、伙伴"
        },
        "7": {
            "sn": "00337",
            "brief": "唉，有祸了"
        },
        "8": {
            "sn": "00259",
            "brief": "数目的「一」"
        },
        "9": {
            "sn": "05307",
            "brief": "跌落、跌倒、使签落在..."
        },
        "10": {
            "sn": "00369",
            "brief": "不存在、没有"
        },
        "11": {
            "sn": "08145",
            "brief": "序数的「第二」"
        }
    },
    "3": {
        "0": {
            "sn": "07200",
            "brief": "Qal 看见、看顾、察觉，Nif‘al 显现，Hif‘il 显明"
        },
        "literal": "我又察看一切的劳碌和各样灵巧的工作，这是因为人彼此嫉妒。这也是虚空，也是捕风。",
        "1": {
            "sn": "00589",
            "brief": "我"
        },
        "2": {
            "sn": "00853",
            "brief": "不必翻译"
        },
        "3": {
            "sn": "03605",
            "brief": "全部、整个、任何事物"
        },
        "4": {
            "sn": "05999",
            "brief": "灾祸、患难、劳碌、工作"
        },
        "5": {
            "sn": "00853",
            "brief": "不必翻译"
        },
        "6": {
            "sn": "03605",
            "brief": "全部、整个、任何事物"
        },
        "7": {
            "sn": "03788",
            "brief": "成功、技巧、利益"
        },
        "8": {
            "sn": "04639",
            "brief": "行为、工作"
        },
        "9": {
            "sn": "03588",
            "brief": "因为、不必翻译"
        },
        "10": {
            "sn": "01931",
            "brief": "他"
        },
        "11": {
            "sn": "07068",
            "brief": "热心、生气的狂热"
        },
        "12": {
            "sn": "00376",
            "brief": "各人、人、男人、丈夫"
        },
        "13": {
            "sn": "07453",
            "brief": "彼此、互相、朋友"
        },
        "14": {
            "sn": "01571",
            "brief": "也"
        },
        "15": {
            "sn": "02088",
            "brief": "这个"
        },
        "16": {
            "sn": "01892",
            "brief": "蒸气、气息、空虚"
        },
        "17": {
            "sn": "07469",
            "brief": "渴望"
        },
        "18": {
            "sn": "07307",
            "brief": "灵、气、风"
        }
    },
    "10": {
        "literal": "再者，二人同睡他们就都暖和，一人独睡怎能暖和呢？",
        "0": {
            "sn": "01571",
            "brief": "也"
        },
        "1": {
            "sn": "00518",
            "brief": "如果"
        },
        "2": {
            "sn": "07901",
            "brief": "躺卧、同寝"
        },
        "3": {
            "sn": "08147",
            "brief": "数目的「二」"
        },
        "4": {
            "sn": "02552",
            "brief": "热"
        },
        "5": {
            "sn": "09001",
            "brief": "给、往、向、到、归属于"
        },
        "6": {
            "sn": "00259",
            "brief": "数目的「一」"
        },
        "7": {
            "sn": "00349",
            "brief": "如何、怎么、怎能"
        },
        "8": {
            "sn": "03179",
            "brief": "变热、怀孕"
        }
    },
    "11": {
        "literal": "若是一人，人可以攻胜他，若有二人便能在他面前站立得住；三股合成的绳子不会立刻被折断。",
        "0": {
            "sn": "00518",
            "brief": "如果"
        },
        "1": {
            "sn": "08630",
            "brief": "克服，胜过"
        },
        "2": {
            "sn": "00259",
            "brief": "数目的「一」"
        },
        "3": {
            "sn": "08147",
            "brief": "数目的「二」"
        },
        "5": {
            "sn": "05048",
            "brief": "对面、在…之前"
        },
        "6": {
            "sn": "02339",
            "brief": "线"
        },
        "9": {
            "sn": "04120",
            "brief": "急忙、迅速、立即"
        },
        "10": {
            "sn": "05423",
            "brief": "拉开、拉断"
        },
        "8": {
            "sn": "03808",
            "brief": "不"
        },
        "7": {
            "sn": "08027",
            "brief": "做第三次、分割成三部分"
        },
        "4": {
            "sn": "05975",
            "brief": "Qal 站立、侍立、停留，Hif‘il 设立、使坚定"
        }
    },
    "15": {
        "literal": "他所治理的众人就是他的百姓，多得无数；在他后来的人尚且不喜悦他。这也是虚空，也是捕风。",
        "0": {
            "sn": "00369",
            "brief": "不存在、没有"
        },
        "1": {
            "sn": "07093",
            "brief": "尾端、结尾"
        },
        "2": {
            "sn": "03605",
            "brief": "全部、整个、任何事物"
        },
        "3": {
            "sn": "05971",
            "brief": "国家、百姓"
        },
        "4": {
            "sn": "03605",
            "brief": "全部、整个、任何事物"
        },
        "5": {
            "sn": "00834",
            "brief": "不必翻译"
        },
        "6": {
            "sn": "01961",
            "brief": "临到、是、成为"
        },
        "7": {
            "sn": "03942",
            "brief": "在…前面"
        },
        "8": {
            "sn": "01571",
            "brief": "也"
        },
        "9": {
            "sn": "00314",
            "brief": "末后的、后面的"
        },
        "11": {
            "sn": "08055",
            "brief": "喜悦、快乐"
        },
        "12": {
            "sn": "09002",
            "brief": "在、用、藉着、与、敌对"
        },
        "13": {
            "sn": "03588",
            "brief": "因为、不必翻译"
        },
        "14": {
            "sn": "01571",
            "brief": "也"
        },
        "15": {
            "sn": "02088",
            "brief": "这个"
        },
        "16": {
            "sn": "01892",
            "brief": "蒸气、气息、空虚"
        },
        "17": {
            "sn": "07475",
            "brief": "努力、奋斗"
        },
        "18": {
            "sn": "07307",
            "brief": "灵、气、风"
        },
        "10": {
            "sn": "03808",
            "brief": "不"
        }
    },
    "2": {
        "5": {
            "sn": "03808",
            "brief": "不"
        },
        "8": {
            "sn": "03808",
            "brief": "不"
        },
        "0": {
            "sn": "02896",
            "brief": "名词：良善、美好、福乐；形容词：良善的、美好的"
        },
        "9": {
            "sn": "07200",
            "brief": "Qal 看见、看顾、察觉，Nif‘al 显现，Hif‘il 显明"
        },
        "literal": "并且…比他们这两等人更强。(…处填入下三行)那尚未出生的，就是未见过…恶事的，(…处填入下行)在日光之下所发生之",
        "1": {
            "sn": "08147",
            "brief": "数目的「二」"
        },
        "2": {
            "sn": "00853",
            "brief": "不必翻译"
        },
        "3": {
            "sn": "00834",
            "brief": "不必翻译"
        },
        "4": {
            "sn": "05728",
            "brief": "仍然"
        },
        "6": {
            "sn": "01961",
            "brief": "是、成为、临到"
        },
        "7": {
            "sn": "00834",
            "brief": "不必翻译"
        },
        "10": {
            "sn": "00853",
            "brief": "不必翻译"
        },
        "11": {
            "sn": "04639",
            "brief": "行为、工作"
        },
        "12": {
            "sn": "07451",
            "brief": "灾难、邪恶"
        },
        "13": {
            "sn": "00834",
            "brief": "不必翻译"
        },
        "14": {
            "sn": "06213",
            "brief": "做"
        },
        "15": {
            "sn": "08478",
            "brief": "1. 名词：位置、地方；2. 介系词：在…之下；3. 介系词：代替、因为"
        },
        "16": {
            "sn": "08121",
            "brief": "太阳"
        }
    },
    "4": {
        "1": {
            "sn": "02263",
            "brief": "拥抱"
        },
        "literal": "愚昧人抱着自己的手，吃自己的肉。",
        "0": {
            "sn": "03684",
            "brief": "愚昧人、愚顽人"
        },
        "2": {
            "sn": "00853",
            "brief": "不必翻译"
        },
        "3": {
            "sn": "03027",
            "brief": "手、边、力量、权势"
        },
        "4": {
            "sn": "00398",
            "brief": "吃、吞吃"
        },
        "5": {
            "sn": "00853",
            "brief": "不必翻译"
        },
        "6": {
            "sn": "01320",
            "brief": "肉、身体"
        }
    },
    "5": {
        "literal": "满了一把，(得享)安静，强如满了两把，劳碌又捕风。",
        "1": {
            "sn": "04393",
            "brief": "很多、充满"
        },
        "2": {
            "sn": "03709",
            "brief": "手掌、脚掌、弯曲的把手"
        },
        "3": {
            "sn": "05183",
            "brief": "休息"
        },
        "4": {
            "sn": "04393",
            "brief": "很多、充满"
        },
        "5": {
            "sn": "02651",
            "brief": "一把、手心"
        },
        "6": {
            "sn": "05999",
            "brief": "劳碌、工作、危害"
        },
        "7": {
            "sn": "07469",
            "brief": "渴望"
        },
        "8": {
            "sn": "07307",
            "brief": "灵、气、风"
        },
        "0": {
            "sn": "02896",
            "brief": "名词：良善、美好、福乐；形容词：良善的、美好的"
        }
    }
}