{
    "21": {
        "0": {
            "sn": "03588",
            "brief": "因为、不必翻译"
        },
        "1": {
            "sn": "01571",
            "brief": "也"
        },
        "2": {
            "sn": "06471",
            "brief": "敲击、脚步、这一次、次数"
        },
        "3": {
            "sn": "07227",
            "brief": "I. 形容词：大量的、许多的、充足的、强盛的，II. 名词：统帅、首领。"
        },
        "5": {
            "sn": "03820",
            "brief": "心"
        },
        "6": {
            "sn": "00834",
            "brief": "不必翻译"
        },
        "7": {
            "sn": "01571",
            "brief": "也"
        },
        "8": {
            "sn": "00859",
            "brief": "你、你"
        },
        "10": {
            "sn": "00312",
            "brief": "别的"
        },
        "4": {
            "sn": "03045",
            "brief": "Qal 知道、认识、辨别、经历，Hif‘il 使知道、宣告"
        },
        "9": {
            "sn": "07043",
            "brief": "Qal 轻，Pi‘el 咒骂、诅咒，Pu‘al 被咒骂、被诅咒，Nif‘al 看为轻、轻视，Hif‘il 减轻、轻视，Pilpel 摇动"
        },
        "literal": "因为你心里知道，自己也曾屡次咒诅别人。"
    },
    "25": {
        "19": {
            "sn": "03920",
            "brief": "攻取、俘虏、捕获、抓住"
        },
        "0": {
            "sn": "04672",
            "brief": "寻找、追上、获得、发现"
        },
        "literal": "我得知有等妇人比死还苦：她本身是陷阱，她的心是网罗，她的手是锁炼。凡蒙上帝喜悦的人必能躲避她；有罪的人却被她缠住了。",
        "1": {
            "sn": "00589",
            "brief": "我"
        },
        "2": {
            "sn": "04751",
            "brief": "痛苦的、苦的"
        },
        "3": {
            "sn": "04194",
            "brief": "死亡"
        },
        "4": {
            "sn": "00853",
            "brief": "不必翻译"
        },
        "5": {
            "sn": "00802",
            "brief": "女人、妻子"
        },
        "6": {
            "sn": "00834",
            "brief": "不必翻译"
        },
        "7": {
            "sn": "01931",
            "brief": "他、她"
        },
        "8": {
            "sn": "04685",
            "brief": "狩猎、器具、网、堡垒"
        },
        "9": {
            "sn": "02764",
            "brief": "I. 全然毁坏、分别出来的东西；II. 网状物"
        },
        "10": {
            "sn": "03820",
            "brief": "心"
        },
        "11": {
            "sn": "00612",
            "brief": "监牢"
        },
        "12": {
            "sn": "03027",
            "brief": "手、边、力量、权势"
        },
        "14": {
            "sn": "03942",
            "brief": "在…前面"
        },
        "15": {
            "sn": "00430",
            "brief": "上帝、神、神明"
        },
        "17": {
            "sn": "04480",
            "brief": "从、离开"
        },
        "20": {
            "sn": "09002",
            "brief": "在、用、藉着、与、敌对"
        },
        "13": {
            "sn": "02896",
            "brief": "名词：良善、美好、福乐；形容词：良善的、美好的"
        },
        "18": {
            "sn": "02398",
            "brief": "Qal 犯罪；Pi‘el 献赎罪祭、得洁净；Hif‘il 导致犯罪；Hitpa‘el 迷失、洁净自己"
        },
        "16": {
            "sn": "04422",
            "brief": "Nif‘al, Hitpa‘el 溜出、逃出、被拯救，Pi‘el, Hif‘il 生下、拯救"
        }
    },
    "1": {
        "2": {
            "sn": "00413",
            "brief": "向、往"
        },
        "12": {
            "sn": "03605",
            "brief": "全部、整个、任何事物"
        },
        "13": {
            "sn": "00120",
            "brief": "人"
        },
        "14": {
            "sn": "02416",
            "brief": "活的"
        },
        "15": {
            "sn": "05414",
            "brief": "安放、给"
        },
        "16": {
            "sn": "00413",
            "brief": "向、往"
        },
        "17": {
            "sn": "03820",
            "brief": "心"
        },
        "literal": "往遭丧的家去，强如往宴乐的家去；因为死是众人的结局，活人也必将这事放在心上。",
        "10": {
            "sn": "01931",
            "brief": "他"
        },
        "9": {
            "sn": "00834",
            "brief": "不必翻译"
        },
        "0": {
            "sn": "02896",
            "brief": "名词：良善、美好、福乐；形容词：良善的、美好的"
        },
        "1": {
            "sn": "01980",
            "brief": "来、去"
        },
        "3": {
            "sn": "01004",
            "brief": "殿、房子、家"
        },
        "4": {
            "sn": "00060",
            "brief": "悲哀"
        },
        "5": {
            "sn": "01980",
            "brief": "来、去"
        },
        "6": {
            "sn": "00413",
            "brief": "向、往"
        },
        "7": {
            "sn": "01004",
            "brief": "殿、房子、家"
        },
        "8": {
            "sn": "04960",
            "brief": "筵席"
        },
        "11": {
            "sn": "05490",
            "brief": "末端、终了、结局"
        }
    },
    "0": {
        "literal": "名誉强如美好的膏油；人死的日子胜过他出生的日子。",
        "1": {
            "sn": "08034",
            "brief": "名字"
        },
        "2": {
            "sn": "08081",
            "brief": "油、脂肪"
        },
        "4": {
            "sn": "03117",
            "brief": "日子、时候"
        },
        "5": {
            "sn": "04194",
            "brief": "死亡"
        },
        "6": {
            "sn": "03117",
            "brief": "日子、时候"
        },
        "7": {
            "sn": "03205",
            "brief": "生出、出生"
        },
        "0": {
            "sn": "02896",
            "brief": "名词：良善、美好、福乐；形容词：良善的、美好的"
        },
        "3": {
            "sn": "02896",
            "brief": "名词：良善、美好、福乐；形容词：良善的、美好的"
        }
    },
    "6": {
        "6": {
            "sn": "03820",
            "brief": "心"
        },
        "4": {
            "sn": "00006",
            "brief": "灭亡、迷失、失落"
        },
        "2": {
            "sn": "01984",
            "brief": "Qal 照亮，Pi‘el 赞美，Pu‘al 被赞美、值得赞美，Hif‘il 发光、照亮、赞美，Hitpa‘el 夸耀、行动形同疯子，Po'el 愚妄、癫狂，Po'al 猖狂，Hitpo‘lel 行为如疯子一般"
        },
        "literal": "勒索使有智慧的人变为愚妄；贿赂能败坏人的心。",
        "0": {
            "sn": "03588",
            "brief": "因为、不必翻译"
        },
        "1": {
            "sn": "06233",
            "brief": "欺压、勒索"
        },
        "3": {
            "sn": "02450",
            "brief": "有智慧的"
        },
        "5": {
            "sn": "00853",
            "brief": "不必翻译"
        },
        "7": {
            "sn": "04979",
            "brief": "礼物"
        }
    },
    "10": {
        "literal": "智慧和产业并好，对见天日的人有益。",
        "0": {
            "sn": "02896",
            "brief": "名词：良善、美好、福乐；形容词：良善的、美好的"
        },
        "5": {
            "sn": "07200",
            "brief": "Qal 看见、看顾、察觉，Nif‘al 显现，Hif‘il 显明"
        },
        "1": {
            "sn": "02451",
            "brief": "智慧"
        },
        "2": {
            "sn": "05973",
            "brief": "跟"
        },
        "3": {
            "sn": "05159",
            "brief": "产业"
        },
        "4": {
            "sn": "03148",
            "brief": "优势、优点、超越"
        },
        "6": {
            "sn": "08121",
            "brief": "太阳"
        }
    },
    "23": {
        "6": {
            "sn": "04672",
            "brief": "寻找、追上、获得、发现"
        },
        "literal": "万事之理离我甚远，而且深而又深，谁能测透呢？",
        "0": {
            "sn": "07350",
            "brief": "远方的"
        },
        "1": {
            "sn": "04100",
            "brief": "什么"
        },
        "2": {
            "sn": "01961",
            "brief": "临到、保持、成为"
        },
        "3": {
            "sn": "06013",
            "brief": "深的"
        },
        "4": {
            "sn": "06013",
            "brief": "深的"
        },
        "5": {
            "sn": "04310",
            "brief": "谁"
        }
    },
    "22": {
        "6": {
            "sn": "01931",
            "brief": "他"
        },
        "7": {
            "sn": "07350",
            "brief": "远方的"
        },
        "8": {
            "sn": "04480",
            "brief": "从、离开"
        },
        "2": {
            "sn": "05254",
            "brief": "试验、试探"
        },
        "literal": "我曾用智慧试验这一切事；我说，要得智慧，它(原文用阴性)却离我远。",
        "0": {
            "sn": "03605",
            "brief": "全部、整个、各"
        },
        "1": {
            "sn": "02090",
            "brief": "这个"
        },
        "3": {
            "sn": "02451",
            "brief": "智慧"
        },
        "4": {
            "sn": "00559",
            "brief": "说"
        },
        "5": {
            "sn": "02449",
            "brief": "有智慧"
        }
    },
    "5": {
        "9": {
            "sn": "02088",
            "brief": "这个"
        },
        "literal": "因为愚昧人的笑声，好像锅下烧荆棘的爆声；这也是虚空。",
        "0": {
            "sn": "03588",
            "brief": "因为、不必翻译"
        },
        "1": {
            "sn": "06963",
            "brief": "声音"
        },
        "2": {
            "sn": "05518",
            "brief": "I. 锅；II. 钩、荆棘"
        },
        "3": {
            "sn": "08478",
            "brief": "1. 名词：位置、地方；2. 介系词：在…之下；3. 介系词：代替、因为"
        },
        "4": {
            "sn": "05518",
            "brief": "I. 锅；II. 钩、荆棘"
        },
        "5": {
            "sn": "03651",
            "brief": "副词：因此、如此、这样；形容词：对、真的、公平、诚实"
        },
        "6": {
            "sn": "07814",
            "brief": "笑、欢笑、嘲笑"
        },
        "7": {
            "sn": "03684",
            "brief": "愚昧人、愚顽人"
        },
        "8": {
            "sn": "01571",
            "brief": "也"
        },
        "10": {
            "sn": "01892",
            "brief": "蒸气、气息、空虚"
        }
    },
    "15": {
        "literal": "不要做义人做得太过分，也不要过于自逞智慧，何必自取败亡呢？",
        "0": {
            "sn": "00408",
            "brief": "不"
        },
        "1": {
            "sn": "01961",
            "brief": "临到、保持、成为"
        },
        "2": {
            "sn": "06662",
            "brief": "公义的"
        },
        "3": {
            "sn": "07235",
            "brief": "多、变多"
        },
        "4": {
            "sn": "00408",
            "brief": "不"
        },
        "6": {
            "sn": "03148",
            "brief": "优势、优点、超越"
        },
        "5": {
            "sn": "02449",
            "brief": "有智慧"
        },
        "7": {
            "sn": "04100",
            "brief": "什么"
        },
        "8": {
            "sn": "08074",
            "brief": "惊骇、荒芜"
        }
    },
    "27": {
        "literal": "我心仍要寻找，却未曾找到。一千中，我找到一个，但众女子中，我找不到。",
        "0": {
            "sn": "00834",
            "brief": "不必翻译"
        },
        "3": {
            "sn": "05315",
            "brief": "生命、人"
        },
        "5": {
            "sn": "04672",
            "brief": "寻找、追上、获得、发现"
        },
        "6": {
            "sn": "00120",
            "brief": "人"
        },
        "7": {
            "sn": "00259",
            "brief": "数目的「一」"
        },
        "8": {
            "sn": "00505",
            "brief": "许多、数目的「一千」"
        },
        "9": {
            "sn": "04672",
            "brief": "寻找、追上、获得、发现"
        },
        "10": {
            "sn": "00802",
            "brief": "女人、妻子"
        },
        "11": {
            "sn": "03605",
            "brief": "全部、整个、各"
        },
        "12": {
            "sn": "00428",
            "brief": "这些"
        },
        "14": {
            "sn": "04672",
            "brief": "寻找、追上、获得、发现"
        },
        "4": {
            "sn": "03808",
            "brief": "不"
        },
        "13": {
            "sn": "03808",
            "brief": "不"
        },
        "2": {
            "sn": "01245",
            "brief": "Pi‘el 寻找、渴求、想望、索求"
        },
        "1": {
            "sn": "05750",
            "brief": "再、仍然、持续"
        }
    },
    "19": {
        "9": {
            "sn": "02398",
            "brief": "Qal 犯罪；Pi‘el 献赎罪祭、得洁净；Hif‘il 导致犯罪；Hitpa‘el 迷失、洁净自己"
        },
        "literal": "因为世上没有…义人。(…处填入下行)行善而不犯罪的",
        "7": {
            "sn": "02896",
            "brief": "名词：良善、美好、福乐；形容词：良善的、美好的"
        },
        "8": {
            "sn": "03808",
            "brief": "不"
        },
        "0": {
            "sn": "03588",
            "brief": "因为、不必翻译"
        },
        "1": {
            "sn": "00120",
            "brief": "人"
        },
        "2": {
            "sn": "00369",
            "brief": "不存在、没有"
        },
        "3": {
            "sn": "06662",
            "brief": "公义的"
        },
        "4": {
            "sn": "00776",
            "brief": "地、邦国、疆界"
        },
        "5": {
            "sn": "00834",
            "brief": "不必翻译"
        },
        "6": {
            "sn": "06213",
            "brief": "做"
        }
    },
    "26": {
        "0": {
            "sn": "07200",
            "brief": "Qal 看见、看顾、察觉，Nif‘al 显现，Hif‘il 显明"
        },
        "literal": "传道者说：「…看哪，我找到这个，(…处填入下行)(我将事)一一比较，为要寻求其理，",
        "1": {
            "sn": "02088",
            "brief": "这个"
        },
        "2": {
            "sn": "04672",
            "brief": "寻找、追上、获得、发现"
        },
        "3": {
            "sn": "00559",
            "brief": "说"
        },
        "4": {
            "sn": "06953",
            "brief": "传道者"
        },
        "5": {
            "sn": "00259",
            "brief": "数目的「一」"
        },
        "6": {
            "sn": "00259",
            "brief": "数目的「一」"
        },
        "7": {
            "sn": "04672",
            "brief": "寻找、追上、获得、发现"
        },
        "8": {
            "sn": "02808",
            "brief": "推论、推理、估计\t"
        }
    },
    "12": {
        "0": {
            "sn": "07200",
            "brief": "Qal 看见、看顾、察觉，Nif‘al 显现，Hif‘il 显明"
        },
        "7": {
            "sn": "08626",
            "brief": "使变直、安置妥当"
        },
        "literal": "你要察看上帝的作为；他使为曲的，谁能变为直呢？",
        "10": {
            "sn": "05791",
            "brief": "弯曲、屈身"
        },
        "1": {
            "sn": "00853",
            "brief": "不必翻译"
        },
        "2": {
            "sn": "04639",
            "brief": "行为、工作"
        },
        "3": {
            "sn": "00430",
            "brief": "上帝、神、神明"
        },
        "4": {
            "sn": "03588",
            "brief": "因为、不必翻译"
        },
        "5": {
            "sn": "04310",
            "brief": "谁"
        },
        "6": {
            "sn": "03201",
            "brief": "能够、有能力"
        },
        "8": {
            "sn": "00853",
            "brief": "不必翻译"
        },
        "9": {
            "sn": "00834",
            "brief": "不必翻译"
        }
    },
    "28": {
        "1": {
            "sn": "07200",
            "brief": "Qal 看见、看顾、察觉，Nif‘al 显现，Hif‘il 显明"
        },
        "literal": "我所找到的只有一件，就是上帝造人原是正直，但他们寻出许多巧计。",
        "0": {
            "sn": "00905",
            "brief": "分开、门闩、片段"
        },
        "2": {
            "sn": "02088",
            "brief": "这个"
        },
        "3": {
            "sn": "04672",
            "brief": "寻找、追上、获得、发现"
        },
        "4": {
            "sn": "00834",
            "brief": "不必翻译"
        },
        "5": {
            "sn": "06213",
            "brief": "做"
        },
        "6": {
            "sn": "00430",
            "brief": "上帝、神、神明"
        },
        "7": {
            "sn": "00853",
            "brief": "不必翻译"
        },
        "8": {
            "sn": "00120",
            "brief": "人"
        },
        "9": {
            "sn": "03477",
            "brief": "正直的"
        },
        "10": {
            "sn": "01992",
            "brief": "他们"
        },
        "12": {
            "sn": "02810",
            "brief": "设计、发明"
        },
        "13": {
            "sn": "07227",
            "brief": "I. 形容词：大量的、许多的、充足的，II. 名词：统帅、首领。"
        },
        "11": {
            "sn": "01245",
            "brief": "Pi‘el 寻找、渴求、想望、索求"
        }
    },
    "9": {
        "7": {
            "sn": "02896",
            "brief": "名词：良善、美好、福乐；形容词：良善的、美好的"
        },
        "2": {
            "sn": "04100",
            "brief": "什么"
        },
        "literal": "不要说：先前的日子强过如今的日子，是甚么缘故呢？你这样问，不是出于智慧。",
        "0": {
            "sn": "00408",
            "brief": "不"
        },
        "1": {
            "sn": "00559",
            "brief": "说"
        },
        "3": {
            "sn": "01961",
            "brief": "临到、保持、成为"
        },
        "4": {
            "sn": "03117",
            "brief": "日子、时候"
        },
        "5": {
            "sn": "07223",
            "brief": "先前的、首先的"
        },
        "6": {
            "sn": "01961",
            "brief": "临到、保持、成为"
        },
        "8": {
            "sn": "00428",
            "brief": "这些"
        },
        "9": {
            "sn": "03588",
            "brief": "因为、不必翻译"
        },
        "11": {
            "sn": "02451",
            "brief": "智慧"
        },
        "12": {
            "sn": "07592",
            "brief": "问"
        },
        "13": {
            "sn": "05921",
            "brief": "在…上面"
        },
        "14": {
            "sn": "02088",
            "brief": "这个"
        },
        "10": {
            "sn": "03808",
            "brief": "不"
        }
    },
    "17": {
        "literal": "你持守这个为美，那个也不要松你的手；因为敬畏上帝的人，必从这两样出来。",
        "1": {
            "sn": "00834",
            "brief": "不必翻译"
        },
        "2": {
            "sn": "00270",
            "brief": "抓牢、握住、紧抓住"
        },
        "3": {
            "sn": "02088",
            "brief": "这个"
        },
        "0": {
            "sn": "02896",
            "brief": "名词：良善、美好、福乐；形容词：良善的、美好的"
        },
        "7": {
            "sn": "03240",
            "brief": "安顿"
        },
        "4": {
            "sn": "01571",
            "brief": "也"
        },
        "5": {
            "sn": "02088",
            "brief": "这个"
        },
        "6": {
            "sn": "00408",
            "brief": "不"
        },
        "8": {
            "sn": "00853",
            "brief": "不必翻译"
        },
        "9": {
            "sn": "03027",
            "brief": "手、边、力量、权势"
        },
        "10": {
            "sn": "03588",
            "brief": "因为、不必翻译"
        },
        "11": {
            "sn": "03373",
            "brief": "敬畏、害怕"
        },
        "12": {
            "sn": "00430",
            "brief": "上帝、神、神明"
        },
        "13": {
            "sn": "03318",
            "brief": "出去"
        },
        "14": {
            "sn": "00853",
            "brief": "不必翻译"
        },
        "15": {
            "sn": "03605",
            "brief": "全部、整个、各"
        }
    },
    "7": {
        "0": {
            "sn": "02896",
            "brief": "名词：良善、美好、福乐；形容词：良善的、美好的"
        },
        "4": {
            "sn": "02896",
            "brief": "名词：良善、美好、福乐；形容词：良善的、美好的"
        },
        "literal": "事情的终局强如事情的起头；存心忍耐的，胜过居心骄傲的。",
        "1": {
            "sn": "00319",
            "brief": "后面、结束"
        },
        "2": {
            "sn": "01697",
            "brief": "话语、事情"
        },
        "3": {
            "sn": "07225",
            "brief": "开始的、最好的、首要"
        },
        "5": {
            "sn": "00750",
            "brief": "忍耐地、慢慢地发怒、长的"
        },
        "6": {
            "sn": "07307",
            "brief": "风、灵、气"
        },
        "7": {
            "sn": "01362",
            "brief": "高的"
        },
        "8": {
            "sn": "07307",
            "brief": "风、灵、气"
        }
    },
    "2": {
        "0": {
            "sn": "02896",
            "brief": "名词：良善、美好、福乐；形容词：良善的、美好的"
        },
        "literal": "忧愁强如喜笑；因为面带愁容，终必使心喜乐。",
        "6": {
            "sn": "03190",
            "brief": "Qal 是良善的，Hif‘il 做得好、降福"
        },
        "1": {
            "sn": "03708",
            "brief": "恼火、烦恼、苦恼、悲痛、悲伤"
        },
        "2": {
            "sn": "07814",
            "brief": "笑、欢笑、嘲笑"
        },
        "3": {
            "sn": "03588",
            "brief": "因为、不必翻译"
        },
        "4": {
            "sn": "07455",
            "brief": "恶、邪恶"
        },
        "5": {
            "sn": "06440",
            "brief": "脸"
        },
        "7": {
            "sn": "03820",
            "brief": "心"
        }
    },
    "20": {
        "0": {
            "sn": "01571",
            "brief": "也"
        },
        "4": {
            "sn": "01696",
            "brief": "Pi‘el 讲、说、指挥"
        },
        "13": {
            "sn": "07043",
            "brief": "Qal 轻，Pi‘el 咒骂、诅咒，Pu‘al 被咒骂、被诅咒，Nif‘al 看为轻、轻视，Hif‘il 减轻、轻视，Pilpel 摇动"
        },
        "literal": "人所说的一切话，你不要放在你的心上，恐怕听见你的仆人诅咒你。",
        "1": {
            "sn": "03605",
            "brief": "全部、整个、各"
        },
        "2": {
            "sn": "01697",
            "brief": "话语、事情"
        },
        "3": {
            "sn": "00834",
            "brief": "不必翻译"
        },
        "5": {
            "sn": "00408",
            "brief": "不"
        },
        "6": {
            "sn": "05414",
            "brief": "给"
        },
        "7": {
            "sn": "03820",
            "brief": "心"
        },
        "8": {
            "sn": "00834",
            "brief": "不必翻译"
        },
        "10": {
            "sn": "08085",
            "brief": "听到、听从"
        },
        "11": {
            "sn": "00853",
            "brief": "不必翻译"
        },
        "12": {
            "sn": "05650",
            "brief": "仆人、奴隶"
        },
        "9": {
            "sn": "03808",
            "brief": "不"
        }
    },
    "8": {
        "1": {
            "sn": "00926",
            "brief": "催促、惊慌"
        },
        "literal": "你不要心里急躁恼怒，因为恼怒存在愚昧人的怀中。",
        "0": {
            "sn": "00408",
            "brief": "不"
        },
        "2": {
            "sn": "07307",
            "brief": "风、灵、气"
        },
        "3": {
            "sn": "03707",
            "brief": "发怒、苦恼"
        },
        "4": {
            "sn": "03588",
            "brief": "因为、不必翻译"
        },
        "5": {
            "sn": "03708",
            "brief": "恼火、烦恼、苦恼、悲痛、悲伤"
        },
        "6": {
            "sn": "02436",
            "brief": "胸怀"
        },
        "7": {
            "sn": "03684",
            "brief": "愚昧人、愚顽人"
        },
        "8": {
            "sn": "05117",
            "brief": "安息、休息"
        }
    },
    "11": {
        "literal": "因为智慧的荫庇，好像银钱的荫庇一样。…这就是知识的益处。(…处填入下行)智慧能使智慧人存活，",
        "0": {
            "sn": "03588",
            "brief": "因为、不必翻译"
        },
        "1": {
            "sn": "06738",
            "brief": "荫、阴凉处"
        },
        "2": {
            "sn": "02451",
            "brief": "智慧"
        },
        "3": {
            "sn": "06738",
            "brief": "荫、阴凉处"
        },
        "4": {
            "sn": "03701",
            "brief": "银子、钱"
        },
        "5": {
            "sn": "03504",
            "brief": "益处、利润、优点"
        },
        "6": {
            "sn": "01847",
            "brief": "知识"
        },
        "7": {
            "sn": "02451",
            "brief": "智慧"
        },
        "9": {
            "sn": "01167",
            "brief": "拥有者、主人、丈夫"
        },
        "8": {
            "sn": "02421",
            "brief": "Qal 活、存活，Pi‘el 生长、复苏、保存生命，Hif‘il 使存活、复活"
        }
    },
    "18": {
        "literal": "智慧使有智慧的人…更有能力。(…处填入下行)比城中十个官长",
        "0": {
            "sn": "02451",
            "brief": "智慧"
        },
        "1": {
            "sn": "05810",
            "brief": "是强壮的"
        },
        "2": {
            "sn": "02450",
            "brief": "有智慧的"
        },
        "3": {
            "sn": "06235",
            "brief": "数目的「十」"
        },
        "4": {
            "sn": "07989",
            "brief": "做…的主人"
        },
        "5": {
            "sn": "00834",
            "brief": "不必翻译"
        },
        "6": {
            "sn": "01961",
            "brief": "临到、保持、成为"
        },
        "7": {
            "sn": "05892",
            "brief": "城邑、城镇"
        }
    },
    "14": {
        "literal": "在虚度之日中我看见这一切：有义人在他的义中灭亡；却有恶人在他的恶中长存。",
        "0": {
            "sn": "00853",
            "brief": "不必翻译"
        },
        "1": {
            "sn": "03605",
            "brief": "全部、整个、各"
        },
        "3": {
            "sn": "03117",
            "brief": "日子、时候"
        },
        "4": {
            "sn": "01892",
            "brief": "蒸气、气息、空虚"
        },
        "5": {
            "sn": "03426",
            "brief": "存在、有、是"
        },
        "6": {
            "sn": "06662",
            "brief": "公义的"
        },
        "7": {
            "sn": "00006",
            "brief": "灭亡、迷失、失落"
        },
        "8": {
            "sn": "06664",
            "brief": "公义"
        },
        "2": {
            "sn": "07200",
            "brief": "Qal 看见、看顾、察觉，Nif‘al 显现，Hif‘il 显明"
        },
        "11": {
            "sn": "00748",
            "brief": "变长"
        },
        "9": {
            "sn": "03426",
            "brief": "存在、有、是"
        },
        "10": {
            "sn": "07563",
            "brief": "恶的"
        },
        "12": {
            "sn": "07451",
            "brief": "灾难、邪恶"
        }
    },
    "3": {
        "literal": "智慧人的心在遭丧之家；愚昧人的心在快乐之家。",
        "0": {
            "sn": "03820",
            "brief": "心"
        },
        "1": {
            "sn": "02450",
            "brief": "有智慧的"
        },
        "2": {
            "sn": "01004",
            "brief": "殿、房子、家"
        },
        "3": {
            "sn": "00060",
            "brief": "悲哀"
        },
        "4": {
            "sn": "03820",
            "brief": "心"
        },
        "5": {
            "sn": "03684",
            "brief": "愚昧人、愚顽人"
        },
        "6": {
            "sn": "01004",
            "brief": "殿、房子、家"
        },
        "7": {
            "sn": "08057",
            "brief": "欢喜、喜乐"
        }
    },
    "4": {
        "literal": "听智慧人的责备，强如听愚昧人的歌唱。",
        "1": {
            "sn": "08085",
            "brief": "听到、听从"
        },
        "2": {
            "sn": "01606",
            "brief": "斥责、责备"
        },
        "3": {
            "sn": "02450",
            "brief": "有智慧的"
        },
        "4": {
            "sn": "00376",
            "brief": "各人、人、男人、丈夫"
        },
        "5": {
            "sn": "08085",
            "brief": "听到、听从"
        },
        "6": {
            "sn": "07892",
            "brief": "唱歌、歌"
        },
        "7": {
            "sn": "03684",
            "brief": "愚昧人、愚顽人"
        },
        "0": {
            "sn": "02896",
            "brief": "名词：良善、美好、福乐；形容词：良善的、美好的"
        }
    },
    "16": {
        "2": {
            "sn": "07235",
            "brief": "多、变多"
        },
        "8": {
            "sn": "03808",
            "brief": "不"
        },
        "literal": "不要行恶过分，也不要为人愚昧，何必不到期而死呢？",
        "0": {
            "sn": "00408",
            "brief": "不"
        },
        "1": {
            "sn": "07561",
            "brief": "行恶、犯罪"
        },
        "3": {
            "sn": "00408",
            "brief": "不"
        },
        "4": {
            "sn": "01961",
            "brief": "临到、保持、成为"
        },
        "5": {
            "sn": "05530",
            "brief": "愚笨、愚昧"
        },
        "6": {
            "sn": "04100",
            "brief": "什么"
        },
        "7": {
            "sn": "04191",
            "brief": "死"
        },
        "9": {
            "sn": "06256",
            "brief": "时候"
        }
    },
    "24": {
        "literal": "我转念，一心要知道，要考察，要寻求智慧和万事的理由；又要知道邪恶的愚昧，愚昧的狂妄。",
        "0": {
            "sn": "05437",
            "brief": "环绕、游行、转"
        },
        "1": {
            "sn": "00589",
            "brief": "我"
        },
        "5": {
            "sn": "01245",
            "brief": "Pi‘el 寻找、渴求、想望、索求"
        },
        "3": {
            "sn": "03045",
            "brief": "Qal 知道、认识、辨别、经历，Hif‘il 使知道、宣告"
        },
        "8": {
            "sn": "03045",
            "brief": "Qal 知道、认识、辨别、经历，Hif‘il 使知道、宣告"
        },
        "2": {
            "sn": "03820",
            "brief": "心"
        },
        "4": {
            "sn": "08446",
            "brief": "寻找、挑选、探查"
        },
        "6": {
            "sn": "02451",
            "brief": "智慧"
        },
        "7": {
            "sn": "02808",
            "brief": "推论、推理、估计"
        },
        "9": {
            "sn": "07562",
            "brief": "错误、邪恶、有罪"
        },
        "10": {
            "sn": "03689",
            "brief": "1. 腰部、腰窝，2. 愚笨，3. 信心、盼望"
        },
        "11": {
            "sn": "05531",
            "brief": "愚昧"
        },
        "12": {
            "sn": "01947",
            "brief": "发疯、狂妄"
        }
    },
    "13": {
        "1": {
            "sn": "02896",
            "brief": "名词：良善、美好、福乐；形容词：良善的、美好的"
        },
        "literal": "在亨通的日子你当喜乐；在患难的日子你当察看；因为上帝使这样和那样并列，为的是叫人查不出身后有甚么事。",
        "0": {
            "sn": "03117",
            "brief": "日子、时候"
        },
        "2": {
            "sn": "01961",
            "brief": "临到、保持、成为"
        },
        "4": {
            "sn": "03117",
            "brief": "日子、时候"
        },
        "5": {
            "sn": "07451",
            "brief": "灾难的、邪恶的"
        },
        "7": {
            "sn": "01571",
            "brief": "也"
        },
        "8": {
            "sn": "00853",
            "brief": "不必翻译"
        },
        "9": {
            "sn": "02088",
            "brief": "这个"
        },
        "10": {
            "sn": "05980",
            "brief": "靠着…旁边、并列"
        },
        "11": {
            "sn": "02088",
            "brief": "这个"
        },
        "12": {
            "sn": "06213",
            "brief": "做"
        },
        "13": {
            "sn": "00430",
            "brief": "上帝、神、神明"
        },
        "14": {
            "sn": "05921",
            "brief": "在…上面"
        },
        "15": {
            "sn": "01701",
            "brief": "原因、理由"
        },
        "17": {
            "sn": "04672",
            "brief": "寻找、追上、获得、发现"
        },
        "18": {
            "sn": "00120",
            "brief": "人"
        },
        "19": {
            "sn": "00310",
            "brief": "后面、跟着"
        },
        "20": {
            "sn": "03972",
            "brief": "任何东西"
        },
        "16": {
            "sn": "03808",
            "brief": "不"
        },
        "6": {
            "sn": "07200",
            "brief": "Qal 看见、看顾、察觉，Nif‘al 显现，Hif‘il 显明"
        },
        "3": {
            "sn": "02896",
            "brief": "名词：良善、美好、福乐；形容词：良善的、美好的"
        }
    }
}