{
    "2": {
        "1": {
            "sn": "07451",
            "brief": "祸患、灾祸、邪恶"
        },
        "3": {
            "sn": "00834",
            "brief": "不必翻译"
        },
        "8": {
            "sn": "04745",
            "brief": "偶遇、机会、命运"
        },
        "10": {
            "sn": "03605",
            "brief": "所有、全部、整个、各"
        },
        "11": {
            "sn": "01571",
            "brief": "也"
        },
        "12": {
            "sn": "03820",
            "brief": "心"
        },
        "13": {
            "sn": "01121",
            "brief": "儿子、孙子、后裔、成员"
        },
        "14": {
            "sn": "00120",
            "brief": "人"
        },
        "15": {
            "sn": "04390",
            "brief": "充满"
        },
        "16": {
            "sn": "07451",
            "brief": "邪恶"
        },
        "17": {
            "sn": "01947",
            "brief": "疯狂、狂妄"
        },
        "18": {
            "sn": "03824",
            "brief": "心"
        },
        "19": {
            "sn": "02416",
            "brief": "生命"
        },
        "20": {
            "sn": "00310",
            "brief": "后面"
        },
        "21": {
            "sn": "00413",
            "brief": "向、往"
        },
        "22": {
            "sn": "04191",
            "brief": "死"
        },
        "literal": "这是在日光之下所发生之事其中的一件祸患：众人所遭遇的都一样，并且世人的心充满了恶；活着的时候他们的心狂妄，后来就归死人那里去了。",
        "0": {
            "sn": "02088",
            "brief": "这个"
        },
        "2": {
            "sn": "03605",
            "brief": "所有、全部、整个、各"
        },
        "4": {
            "sn": "06213",
            "brief": "做"
        },
        "6": {
            "sn": "08121",
            "brief": "太阳"
        },
        "7": {
            "sn": "03588",
            "brief": "因为、不必翻译"
        },
        "9": {
            "sn": "00259",
            "brief": "数目的「一」"
        },
        "5": {
            "sn": "08478",
            "brief": "1. 名词：位置、地方；2. 介系词：在…之下；3. 介系词：代替、因为"
        }
    },
    "3": {
        "0": {
            "sn": "03588",
            "brief": "因为、不必翻译"
        },
        "3": {
            "sn": "02266",
            "brief": "连合"
        },
        "1": {
            "sn": "04310",
            "brief": "谁"
        },
        "2": {
            "sn": "00834",
            "brief": "不必翻译"
        },
        "4": {
            "sn": "00413",
            "brief": "向、往"
        },
        "5": {
            "sn": "03605",
            "brief": "全部、整个、各"
        },
        "6": {
            "sn": "02416",
            "brief": "活的"
        },
        "7": {
            "sn": "03426",
            "brief": "存在、有、是"
        },
        "8": {
            "sn": "00986",
            "brief": "信赖、希望"
        },
        "9": {
            "sn": "03588",
            "brief": "因为、不必翻译"
        },
        "10": {
            "sn": "03611",
            "brief": "狗"
        },
        "11": {
            "sn": "02416",
            "brief": "活的"
        },
        "12": {
            "sn": "01931",
            "brief": "他"
        },
        "14": {
            "sn": "04480",
            "brief": "从、出、离"
        },
        "15": {
            "sn": "00738",
            "brief": "狮子"
        },
        "16": {
            "sn": "04191",
            "brief": "死"
        },
        "13": {
            "sn": "02896",
            "brief": "名词：良善、美好、福乐；形容词：良善的、美好的"
        },
        "literal": "谁与一切活人相连，那人还有指望，因为活着的狗…还好。(…处填入下行)比死了的狮子"
    },
    "4": {
        "10": {
            "sn": "09001",
            "brief": "给、往、向、到、归属于"
        },
        "literal": "活着的人知道他们必死；死了的人毫无所知，也不再得赏赐；他们的记念都被遗忘了。",
        "0": {
            "sn": "03588",
            "brief": "因为、不必翻译"
        },
        "1": {
            "sn": "02416",
            "brief": "活的"
        },
        "3": {
            "sn": "04191",
            "brief": "死"
        },
        "4": {
            "sn": "04191",
            "brief": "死"
        },
        "5": {
            "sn": "00369",
            "brief": "不存在、没有"
        },
        "12": {
            "sn": "03588",
            "brief": "因为、不必翻译"
        },
        "2": {
            "sn": "03045",
            "brief": "Qal 知道、认识、辨别、经历，Hif‘il 使知道、宣告"
        },
        "7": {
            "sn": "03972",
            "brief": "任何东西"
        },
        "8": {
            "sn": "00369",
            "brief": "不存在、没有"
        },
        "11": {
            "sn": "07939",
            "brief": "雇价、报赏"
        },
        "13": {
            "sn": "07911",
            "brief": "忘记"
        },
        "14": {
            "sn": "02143",
            "brief": "纪念、提醒之物"
        },
        "6": {
            "sn": "03045",
            "brief": "Qal 知道、认识、辨别、经历，Hif‘il 使知道、宣告"
        },
        "9": {
            "sn": "05750",
            "brief": "再、仍然、持续"
        }
    },
    "14": {
        "11": {
            "sn": "03808",
            "brief": "不"
        },
        "0": {
            "sn": "04672",
            "brief": "寻找、追上、获得、发现"
        },
        "5": {
            "sn": "04422",
            "brief": "Nif‘al, Hitpa‘el 溜出、逃出、被拯救，Pi‘el, Hif‘il 生下、拯救"
        },
        "literal": "城中有一个贫穷的智慧人，他用他的智慧救了那城，人却不记念那贫穷的人。",
        "1": {
            "sn": "09002",
            "brief": "在、用、藉着、与、敌对"
        },
        "2": {
            "sn": "00376",
            "brief": "各人、人、男人、丈夫"
        },
        "3": {
            "sn": "04542",
            "brief": "贫穷的"
        },
        "4": {
            "sn": "02450",
            "brief": "有智慧的"
        },
        "6": {
            "sn": "01931",
            "brief": "他"
        },
        "7": {
            "sn": "00853",
            "brief": "不必翻译"
        },
        "8": {
            "sn": "05892",
            "brief": "城邑、城镇"
        },
        "9": {
            "sn": "02451",
            "brief": "智慧"
        },
        "10": {
            "sn": "00120",
            "brief": "人"
        },
        "12": {
            "sn": "02142",
            "brief": "提说、纪念、回想"
        },
        "13": {
            "sn": "00853",
            "brief": "不必翻译"
        },
        "14": {
            "sn": "00376",
            "brief": "各人、人、男人、丈夫"
        },
        "15": {
            "sn": "04542",
            "brief": "贫穷的"
        },
        "16": {
            "sn": "01931",
            "brief": "他"
        }
    },
    "10": {
        "8": {
            "sn": "03808",
            "brief": "不"
        },
        "12": {
            "sn": "03808",
            "brief": "不"
        },
        "16": {
            "sn": "03808",
            "brief": "不"
        },
        "20": {
            "sn": "03808",
            "brief": "不"
        },
        "1": {
            "sn": "07200",
            "brief": "Qal 看见、看顾、察觉，Nif‘al 显现，Hif‘il 显明"
        },
        "literal": "我转而察看日光之下，快跑的未必能赢；强壮的未必得胜；智慧的未必得粮食；聪明的未必得财富；有学问的未必得喜悦；因为时运和机会临到众人。",
        "5": {
            "sn": "03808",
            "brief": "不"
        },
        "2": {
            "sn": "08478",
            "brief": "1. 名词：位置、地方；2. 介系词：在…之下；3. 介系词：代替、因为"
        },
        "3": {
            "sn": "08121",
            "brief": "太阳"
        },
        "4": {
            "sn": "03588",
            "brief": "因为、不必翻译"
        },
        "6": {
            "sn": "07031",
            "brief": "快的"
        },
        "7": {
            "sn": "04793",
            "brief": "赛跑"
        },
        "21": {
            "sn": "03045",
            "brief": "Qal 知道、认识、辨别、经历，Hif‘il 使知道、宣告"
        },
        "9": {
            "sn": "01368",
            "brief": "形容词：强壮的、有力的；名词：勇士"
        },
        "10": {
            "sn": "04421",
            "brief": "战争"
        },
        "11": {
            "sn": "01571",
            "brief": "也"
        },
        "0": {
            "sn": "07725",
            "brief": "Qal 回复、回转、重复，Po‘lel 带回、复兴、更新，Hif‘il 回报、报告、带回"
        },
        "13": {
            "sn": "02450",
            "brief": "有智慧的"
        },
        "14": {
            "sn": "03899",
            "brief": "面包、食物"
        },
        "15": {
            "sn": "01571",
            "brief": "也"
        },
        "17": {
            "sn": "00995",
            "brief": "分辨、了解、明白"
        },
        "18": {
            "sn": "06239",
            "brief": "财富、财产、富有"
        },
        "19": {
            "sn": "01571",
            "brief": "也"
        },
        "22": {
            "sn": "02580",
            "brief": "恩典、恩惠"
        },
        "23": {
            "sn": "03588",
            "brief": "因为、不必翻译"
        },
        "24": {
            "sn": "06256",
            "brief": "时候"
        },
        "25": {
            "sn": "06294",
            "brief": "机会"
        },
        "26": {
            "sn": "07136",
            "brief": "遇见、遭遇"
        },
        "27": {
            "sn": "00853",
            "brief": "不必翻译"
        },
        "28": {
            "sn": "03605",
            "brief": "全部、整个、各"
        }
    },
    "12": {
        "1": {
            "sn": "02090",
            "brief": "这个"
        },
        "5": {
            "sn": "08121",
            "brief": "太阳"
        },
        "6": {
            "sn": "01419",
            "brief": "大的、伟大的"
        },
        "7": {
            "sn": "01931",
            "brief": "他、她"
        },
        "2": {
            "sn": "07200",
            "brief": "Qal 看见、看顾、察觉，Nif‘al 显现，Hif‘il 显明"
        },
        "literal": "我见日光之下有这一项智慧，据我看乃是伟大，",
        "0": {
            "sn": "01571",
            "brief": "也"
        },
        "3": {
            "sn": "02451",
            "brief": "智慧"
        },
        "4": {
            "sn": "08478",
            "brief": "1. 名词：位置、地方；2. 介系词：在…之下；3. 介系词：代替、因为"
        },
        "8": {
            "sn": "00413",
            "brief": "向、往"
        }
    },
    "17": {
        "5": {
            "sn": "00259",
            "brief": "数目的「一」"
        },
        "8": {
            "sn": "07235",
            "brief": "多、变多"
        },
        "7": {
            "sn": "02896",
            "brief": "名词：良善、美好、福乐；形容词：良善的、美好的"
        },
        "6": {
            "sn": "00006",
            "brief": "灭亡、破坏"
        },
        "literal": "智慧胜过打仗的兵器；但一个罪人能败坏许多善事。",
        "1": {
            "sn": "02451",
            "brief": "智慧"
        },
        "2": {
            "sn": "03627",
            "brief": "器具"
        },
        "3": {
            "sn": "07128",
            "brief": "打仗"
        },
        "4": {
            "sn": "02398",
            "brief": "Qal 犯罪；Pi‘el 献赎罪祭、得洁净；Hif‘il 导致犯罪；Hitpa‘el 迷失、洁净自己"
        },
        "0": {
            "sn": "02896",
            "brief": "名词：良善、美好、福乐；形容词：良善的、美好的"
        }
    },
    "9": {
        "2": {
            "sn": "04672",
            "brief": "寻找、追上、获得、发现"
        },
        "literal": "凡你手所当做的事要尽力去做；因为…没有工作，没有筹算，没有知识，也没有智慧。(…处填入下行)在你所必去的阴间，",
        "0": {
            "sn": "03605",
            "brief": "全部、整个、各"
        },
        "1": {
            "sn": "00834",
            "brief": "不必翻译"
        },
        "3": {
            "sn": "03027",
            "brief": "手、边、力量、权势"
        },
        "4": {
            "sn": "06213",
            "brief": "做"
        },
        "5": {
            "sn": "03581",
            "brief": "力量"
        },
        "6": {
            "sn": "06213",
            "brief": "做"
        },
        "7": {
            "sn": "03588",
            "brief": "因为、不必翻译"
        },
        "8": {
            "sn": "00369",
            "brief": "不存在、没有"
        },
        "9": {
            "sn": "04639",
            "brief": "行为、工作"
        },
        "10": {
            "sn": "02808",
            "brief": "推论、推理、估计"
        },
        "11": {
            "sn": "01847",
            "brief": "知识"
        },
        "12": {
            "sn": "02451",
            "brief": "智慧"
        },
        "13": {
            "sn": "07585",
            "brief": "阴间"
        },
        "14": {
            "sn": "00834",
            "brief": "不必翻译"
        },
        "15": {
            "sn": "00859",
            "brief": "你"
        },
        "16": {
            "sn": "01980",
            "brief": "去、走"
        },
        "17": {
            "sn": "08033",
            "brief": "那里"
        },
        "18": {
            "sn": "09014",
            "brief": "关闭的意思"
        }
    },
    "0": {
        "22": {
            "sn": "03045",
            "brief": "Qal 知道、认识、辨别、经历，Hif‘il 使知道、宣告"
        },
        "literal": "我将这一切事放在我的心上，详细考究这一切，就知道义人和智慧人，并他们的作为都在上帝手中；或是爱，或是恨，都在他们面前，人不能知道。",
        "0": {
            "sn": "03588",
            "brief": "因为、不必翻译"
        },
        "1": {
            "sn": "00853",
            "brief": "不必翻译"
        },
        "2": {
            "sn": "03605",
            "brief": "全部、整个、各"
        },
        "3": {
            "sn": "02088",
            "brief": "这个"
        },
        "4": {
            "sn": "05414",
            "brief": "给"
        },
        "5": {
            "sn": "00413",
            "brief": "往、向、对"
        },
        "6": {
            "sn": "03820",
            "brief": "心"
        },
        "7": {
            "sn": "00952",
            "brief": "阐明、解释、证明"
        },
        "8": {
            "sn": "00853",
            "brief": "不必翻译"
        },
        "9": {
            "sn": "03605",
            "brief": "全部、整个、各"
        },
        "10": {
            "sn": "02088",
            "brief": "这个"
        },
        "11": {
            "sn": "00834",
            "brief": "不必翻译"
        },
        "12": {
            "sn": "06662",
            "brief": "公义的"
        },
        "13": {
            "sn": "02450",
            "brief": "智慧的"
        },
        "14": {
            "sn": "05652",
            "brief": "工作"
        },
        "15": {
            "sn": "03027",
            "brief": "手、边、力量、权势"
        },
        "16": {
            "sn": "00430",
            "brief": "神、神明、上帝"
        },
        "17": {
            "sn": "01571",
            "brief": "也"
        },
        "18": {
            "sn": "00160",
            "brief": "爱"
        },
        "19": {
            "sn": "01571",
            "brief": "也"
        },
        "20": {
            "sn": "08135",
            "brief": "恨"
        },
        "21": {
            "sn": "00369",
            "brief": "不存在、没有"
        },
        "23": {
            "sn": "00120",
            "brief": "人"
        },
        "24": {
            "sn": "03605",
            "brief": "俱各、各人、全部、整个"
        },
        "25": {
            "sn": "03942",
            "brief": "在…面前"
        }
    },
    "15": {
        "0": {
            "sn": "00559",
            "brief": "说"
        },
        "1": {
            "sn": "00589",
            "brief": "我"
        },
        "3": {
            "sn": "02451",
            "brief": "智慧"
        },
        "4": {
            "sn": "01369",
            "brief": "力量"
        },
        "5": {
            "sn": "02451",
            "brief": "智慧"
        },
        "6": {
            "sn": "04542",
            "brief": "贫穷的"
        },
        "7": {
            "sn": "00959",
            "brief": "轻视"
        },
        "8": {
            "sn": "01697",
            "brief": "话语、事情"
        },
        "9": {
            "sn": "00369",
            "brief": "不存在、没有"
        },
        "10": {
            "sn": "08085",
            "brief": "Qal 听、听从，Hif‘il 说明、使…听"
        },
        "2": {
            "sn": "02896",
            "brief": "名词：良善、美好、福乐；形容词：良善的、美好的"
        },
        "literal": "我就说，智慧胜过勇力；然而那贫穷人的智慧被人轻视，他的话也没有被人听从。"
    },
    "1": {
        "15": {
            "sn": "02398",
            "brief": "Qal 犯罪；Pi‘el 献赎罪祭、得洁净；Hif‘il 导致犯罪；Hitpa‘el 迷失、洁净自己"
        },
        "literal": "凡临到众人的际遇都一样：义人和恶人，好人，洁净的人和不洁净的人，献祭的与不献祭的，都一样。好人如何，罪人也如何；起誓的如何，怕起誓的也如何。",
        "0": {
            "sn": "03605",
            "brief": "凡、全部、整个、各"
        },
        "1": {
            "sn": "00834",
            "brief": "不必翻译"
        },
        "2": {
            "sn": "03605",
            "brief": "凡、全部、整个、各"
        },
        "3": {
            "sn": "04745",
            "brief": "偶遇、机会、命运"
        },
        "7": {
            "sn": "02896",
            "brief": "名词：良善、美好、福乐；形容词：良善的、美好的"
        },
        "4": {
            "sn": "00259",
            "brief": "数目的「一」"
        },
        "5": {
            "sn": "06662",
            "brief": "公义的"
        },
        "6": {
            "sn": "07563",
            "brief": "坏的"
        },
        "8": {
            "sn": "02889",
            "brief": "纯正的、洁净的"
        },
        "9": {
            "sn": "02931",
            "brief": "不洁净的"
        },
        "10": {
            "sn": "02076",
            "brief": "屠宰、献祭"
        },
        "11": {
            "sn": "00834",
            "brief": "不必翻译"
        },
        "12": {
            "sn": "00369",
            "brief": "没有、不存在"
        },
        "13": {
            "sn": "02076",
            "brief": "屠宰、献祭"
        },
        "17": {
            "sn": "00834",
            "brief": "不必翻译"
        },
        "18": {
            "sn": "07621",
            "brief": "发誓"
        },
        "19": {
            "sn": "03372",
            "brief": "Qal 害怕，Nif‘al 令人畏惧"
        },
        "16": {
            "sn": "07650",
            "brief": "Qal Nif‘al 发誓，Hif‘il 使起誓、嘱咐"
        },
        "14": {
            "sn": "02896",
            "brief": "名词：良善、美好、福乐；形容词：良善的、美好的"
        }
    },
    "8": {
        "0": {
            "sn": "07200",
            "brief": "Qal 看见、看顾、察觉，Nif‘al 显现，Hif‘il 显明"
        },
        "1": {
            "sn": "02416",
            "brief": "活物、生命"
        },
        "2": {
            "sn": "05973",
            "brief": "跟"
        },
        "3": {
            "sn": "00802",
            "brief": "女人、妻子"
        },
        "4": {
            "sn": "00834",
            "brief": "不必翻译"
        },
        "5": {
            "sn": "00157",
            "brief": "爱"
        },
        "6": {
            "sn": "03605",
            "brief": "全部、整个、各"
        },
        "7": {
            "sn": "03117",
            "brief": "日子、时候"
        },
        "8": {
            "sn": "02416",
            "brief": "活物、生命"
        },
        "9": {
            "sn": "01892",
            "brief": "蒸气、气息、空虚"
        },
        "10": {
            "sn": "00834",
            "brief": "不必翻译"
        },
        "11": {
            "sn": "05414",
            "brief": "给"
        },
        "12": {
            "sn": "09001",
            "brief": "给、往、向、到、归属于"
        },
        "13": {
            "sn": "08478",
            "brief": "1. 名词：位置、地方；2. 介系词：在…之下；3. 介系词：代替、因为"
        },
        "14": {
            "sn": "08121",
            "brief": "太阳"
        },
        "15": {
            "sn": "03605",
            "brief": "全部、整个、各"
        },
        "16": {
            "sn": "03117",
            "brief": "日子、时候"
        },
        "17": {
            "sn": "01892",
            "brief": "蒸气、气息、空虚"
        },
        "18": {
            "sn": "03588",
            "brief": "因为、不必翻译"
        },
        "19": {
            "sn": "01931",
            "brief": "他"
        },
        "21": {
            "sn": "02416",
            "brief": "活物、生命"
        },
        "22": {
            "sn": "05999",
            "brief": "劳碌"
        },
        "23": {
            "sn": "00834",
            "brief": "不必翻译"
        },
        "24": {
            "sn": "00859",
            "brief": "你"
        },
        "25": {
            "sn": "06001",
            "brief": "I. 名词，劳动者；II. 动词或形容词，劳碌的"
        },
        "26": {
            "sn": "08478",
            "brief": "1. 名词：位置、地方；2. 介系词：在…之下；3. 介系词：代替、因为"
        },
        "27": {
            "sn": "08121",
            "brief": "太阳"
        },
        "20": {
            "sn": "02506",
            "brief": "分、部分"
        },
        "literal": "…当与你所爱的妻快活度日。(…处填入下三行)在你一生虚空的年日，就是他赐给你在日光之下虚空的年日，因为那是你生前…的事上所得的分。(…处填入下行)在日光之下劳碌"
    },
    "13": {
        "literal": "就是有一小城，其中的人数稀少，有大君王来攻击，修筑营垒，将城围困。",
        "0": {
            "sn": "05892",
            "brief": "城邑、城镇"
        },
        "1": {
            "sn": "06996",
            "brief": "小的"
        },
        "2": {
            "sn": "00376",
            "brief": "各人、人、男人、丈夫"
        },
        "3": {
            "sn": "09002",
            "brief": "在、用、藉着、与、敌对"
        },
        "4": {
            "sn": "04592",
            "brief": "稀少、一点点、很少"
        },
        "5": {
            "sn": "00935",
            "brief": "来、进入、临到、发生"
        },
        "6": {
            "sn": "00413",
            "brief": "向、往"
        },
        "7": {
            "sn": "04428",
            "brief": "君王、国王"
        },
        "8": {
            "sn": "01419",
            "brief": "大的、伟大的"
        },
        "9": {
            "sn": "05437",
            "brief": "环绕、游行、转"
        },
        "10": {
            "sn": "00853",
            "brief": "不必翻译"
        },
        "11": {
            "sn": "01129",
            "brief": "建造"
        },
        "12": {
            "sn": "05921",
            "brief": "在…上面"
        },
        "13": {
            "sn": "04685",
            "brief": "网、狩猎、器具、堡垒"
        },
        "14": {
            "sn": "01419",
            "brief": "大的、伟大的"
        }
    },
    "5": {
        "0": {
            "sn": "01571",
            "brief": "也"
        },
        "literal": "他们的爱，他们的恨，他们的嫉妒，早就消灭了。…他们永不再有分了。(…处填入下行)在日光之下所发生的一切事，",
        "1": {
            "sn": "00160",
            "brief": "爱"
        },
        "2": {
            "sn": "01571",
            "brief": "也"
        },
        "3": {
            "sn": "08135",
            "brief": "恨"
        },
        "4": {
            "sn": "01571",
            "brief": "也"
        },
        "5": {
            "sn": "07068",
            "brief": "嫉妒"
        },
        "6": {
            "sn": "03528",
            "brief": "已经"
        },
        "7": {
            "sn": "00006",
            "brief": "灭亡"
        },
        "9": {
            "sn": "00369",
            "brief": "不存在、没有"
        },
        "10": {
            "sn": "09001",
            "brief": "给、往、向、到、归属于"
        },
        "12": {
            "sn": "05769",
            "brief": "永远"
        },
        "13": {
            "sn": "03605",
            "brief": "全部、整个、各"
        },
        "14": {
            "sn": "00834",
            "brief": "不必翻译"
        },
        "15": {
            "sn": "06213",
            "brief": "做"
        },
        "16": {
            "sn": "08478",
            "brief": "1. 名词：位置、地方；2. 介系词：在…之下；3. 介系词：代替、因为"
        },
        "17": {
            "sn": "08121",
            "brief": "太阳"
        },
        "8": {
            "sn": "02506",
            "brief": "分、部分"
        },
        "11": {
            "sn": "05750",
            "brief": "再、仍然、持续"
        }
    },
    "16": {
        "literal": "在安静之中听智慧人的言语，胜过听统治者在愚昧人中的喊声。",
        "0": {
            "sn": "01697",
            "brief": "话语、言词"
        },
        "1": {
            "sn": "02450",
            "brief": "智慧的"
        },
        "2": {
            "sn": "05183",
            "brief": "安静"
        },
        "4": {
            "sn": "02201",
            "brief": "喊叫"
        },
        "5": {
            "sn": "04910",
            "brief": "支配、统治"
        },
        "6": {
            "sn": "03684",
            "brief": "愚昧人、愚顽人"
        },
        "3": {
            "sn": "08085",
            "brief": "Qal 听、听从，Hif‘il 说明、使…听"
        }
    },
    "7": {
        "8": {
            "sn": "00408",
            "brief": "不"
        },
        "literal": "你的衣服当时常洁白，你头上也不可缺少膏油。",
        "0": {
            "sn": "03605",
            "brief": "全部、整个、各"
        },
        "1": {
            "sn": "06256",
            "brief": "时候"
        },
        "2": {
            "sn": "01961",
            "brief": "是、成为、临到"
        },
        "3": {
            "sn": "00899",
            "brief": "衣服、外衣"
        },
        "4": {
            "sn": "03836",
            "brief": "白色的"
        },
        "5": {
            "sn": "08081",
            "brief": "膏油"
        },
        "6": {
            "sn": "05921",
            "brief": "在…上面"
        },
        "7": {
            "sn": "07218",
            "brief": "头、起头、山顶、领袖"
        },
        "9": {
            "sn": "02637",
            "brief": "缺乏、缺少"
        }
    },
    "11": {
        "literal": "原来人也不知道自己的定期，像被恶网圈住的鱼，被网罗捉住的鸟，…世人陷在其中也是如此。(…处填入下行)祸患忽然临到的时候，",
        "0": {
            "sn": "03588",
            "brief": "因为、不必翻译"
        },
        "1": {
            "sn": "01571",
            "brief": "也"
        },
        "4": {
            "sn": "00120",
            "brief": "人"
        },
        "5": {
            "sn": "00853",
            "brief": "不必翻译"
        },
        "6": {
            "sn": "06256",
            "brief": "定期、时候"
        },
        "7": {
            "sn": "01709",
            "brief": "鱼"
        },
        "8": {
            "sn": "00270",
            "brief": "圈住、抓住、抓紧"
        },
        "9": {
            "sn": "04685",
            "brief": "网、狩猎、器具、堡垒"
        },
        "10": {
            "sn": "07451",
            "brief": "邪恶的"
        },
        "11": {
            "sn": "06833",
            "brief": "鸟、飞禽"
        },
        "12": {
            "sn": "00270",
            "brief": "抓住、抓紧"
        },
        "13": {
            "sn": "06341",
            "brief": "网罗、鸟网、陷阱"
        },
        "14": {
            "sn": "00000",
            "brief": "像"
        },
        "15": {
            "sn": "03369",
            "brief": "陷入、诱捕"
        },
        "16": {
            "sn": "01121",
            "brief": "儿子、孙子、后裔、成员"
        },
        "17": {
            "sn": "00120",
            "brief": "人"
        },
        "18": {
            "sn": "06256",
            "brief": "时候"
        },
        "19": {
            "sn": "07451",
            "brief": "邪恶的"
        },
        "20": {
            "sn": "05307",
            "brief": "跌落、跌倒、使签落在..."
        },
        "21": {
            "sn": "05921",
            "brief": "在…上面"
        },
        "22": {
            "sn": "06597",
            "brief": "忽然、突然地"
        },
        "3": {
            "sn": "03045",
            "brief": "Qal 知道、认识、辨别、经历，Hif‘il 使知道、宣告"
        },
        "2": {
            "sn": "03808",
            "brief": "不"
        }
    },
    "6": {
        "5": {
            "sn": "03820",
            "brief": "心"
        },
        "6": {
            "sn": "02896",
            "brief": "名词：良善、美好、福乐；形容词：良善的、美好的"
        },
        "literal": "你只管去欢欢喜喜吃你的饭，心中快乐喝你的酒，因为上帝已经悦纳你的作为。",
        "0": {
            "sn": "01980",
            "brief": "往来、行走、去"
        },
        "1": {
            "sn": "00398",
            "brief": "吃、吞吃"
        },
        "2": {
            "sn": "08057",
            "brief": "喜乐"
        },
        "3": {
            "sn": "03899",
            "brief": "面包、食物"
        },
        "4": {
            "sn": "08354",
            "brief": "喝"
        },
        "7": {
            "sn": "03196",
            "brief": "酒"
        },
        "8": {
            "sn": "03588",
            "brief": "因为、不必翻译"
        },
        "9": {
            "sn": "03528",
            "brief": "已经"
        },
        "10": {
            "sn": "07521",
            "brief": "喜悦"
        },
        "11": {
            "sn": "00430",
            "brief": "神、神明、上帝"
        },
        "12": {
            "sn": "00853",
            "brief": "不必翻译"
        },
        "13": {
            "sn": "04639",
            "brief": "行为、工作"
        }
    }
}